[slopos-compositor] backend: SessionDrm (explicit)
[2m2026-08-01T10:22:37.986913Z[0m [32m INFO[0m [2mslopos_compositor::session_drm[0m[2m:[0m session_mode=session_drm (DRM/KMS seat path)
[slopos-compositor] starting DRM/KMS session path (session_mode=session_drm (DRM/KMS seat path))
[slopos-compositor] display policy: hdr_requested=false hdr_supported=false vrr_adaptive=false refresh=60hz color_space=srgb
[slopos-compositor] libseat seat=seat0
[2m2026-08-01T10:22:37.991191Z[0m [32m INFO[0m [1minput_seat[0m[1m{[0m[3mname[0m[2m=[0m"seat0"[1m}[0m[2m:[0m[1madd_keyboard[0m[1m{[0m[3mxkb_config[0m[2m=[0mXkbConfig { rules: "", model: "", layout: "", variant: "", options: None } [3mrepeat_delay[0m[2m=[0m200 [3mrepeat_rate[0m[2m=[0m25[1m}[0m[2m:[0m[1minput_keyboard[0m[2m:[0m [2msmithay::input::keyboard[0m[2m:[0m Initializing a xkbcommon handler with keymap query
[2m2026-08-01T10:22:37.999492Z[0m [32m INFO[0m [1minput_seat[0m[1m{[0m[3mname[0m[2m=[0m"seat0"[1m}[0m[2m:[0m[1madd_keyboard[0m[1m{[0m[3mxkb_config[0m[2m=[0mXkbConfig { rules: "", model: "", layout: "", variant: "", options: None } [3mrepeat_delay[0m[2m=[0m200 [3mrepeat_rate[0m[2m=[0m25[1m}[0m[2m:[0m[1minput_keyboard[0m[2m:[0m [2msmithay::input::keyboard[0m[2m:[0m Loaded Keymap [3mname[0m[2m=[0m"English (US)"
[slopos-compositor] opening DRM node /dev/dri/card0
[2m2026-08-01T10:22:38.002271Z[0m [33m WARN[0m [2msmithay::backend::drm::device::fd[0m[2m:[0m Unable to become drm master, assuming unprivileged mode
[2m2026-08-01T10:22:38.002285Z[0m [32m INFO[0m [2msmithay::backend::drm::device[0m[2m:[0m DrmDevice initializing
[2m2026-08-01T10:22:38.139377Z[0m [32m INFO[0m [2msmithay::backend::egl::display[0m[2m:[0m Successfully selected EGL platform: PLATFORM_GBM_KHR
[2m2026-08-01T10:22:38.140558Z[0m [32m INFO[0m [2msmithay::backend::egl::display[0m[2m:[0m EGL Initialized
[2m2026-08-01T10:22:38.140576Z[0m [32m INFO[0m [2msmithay::backend::egl::display[0m[2m:[0m EGL Version: (1, 5)
[2m2026-08-01T10:22:38.140608Z[0m [32m INFO[0m [2msmithay::backend::egl::display[0m[2m:[0m Supported EGL display extensions: ["EGL_ANDROID_blob_cache", "EGL_ANDROID_native_fence_sync", "EGL_EXT_buffer_age", "EGL_EXT_config_select_group", "EGL_EXT_image_dma_buf_import", "EGL_EXT_image_dma_buf_import_modifiers", "EGL_EXT_surface_compression", "EGL_KHR_cl_event2", "EGL_KHR_config_attribs", "EGL_KHR_context_flush_control", "EGL_KHR_create_context", "EGL_KHR_create_context_no_error", "EGL_KHR_fence_sync", "EGL_KHR_get_all_proc_addresses", "EGL_KHR_gl_colorspace", "EGL_KHR_gl_renderbuffer_image", "EGL_KHR_gl_texture_2D_image", "EGL_KHR_gl_texture_3D_image", "EGL_KHR_gl_texture_cubemap_image", "EGL_KHR_image", "EGL_KHR_image_base", "EGL_KHR_image_pixmap", "EGL_KHR_no_config_context", "EGL_KHR_reusable_sync", "EGL_KHR_surfaceless_context", "EGL_EXT_pixel_format_float", "EGL_KHR_wait_sync", "EGL_MESA_configless_context", "EGL_MESA_gl_interop", "EGL_MESA_image_dma_buf_export", "EGL_MESA_query_driver", "EGL_MESA_x11_native_visual_id", ""]
[2m2026-08-01T10:22:38.142382Z[0m [32m INFO[0m [1megl[0m[1m{[0m[3mnative[0m[2m=[0m"/dev/dri/card0" [3mplatform[0m[2m=[0m"PLATFORM_GBM_KHR" [3mversion[0m[2m=[0m(1, 5)[1m}[0m[2m:[0m[1megl_context[0m[1m{[0m[3mptr[0m[2m=[0m210810468323552[1m}[0m[2m:[0m [2msmithay::backend::egl::context[0m[2m:[0m EGL context created [3mpriority[0m[2m=[0mNone
[2m2026-08-01T10:22:38.143513Z[0m [32m INFO[0m [1megl[0m[1m{[0m[3mnative[0m[2m=[0m"/dev/dri/card0" [3mplatform[0m[2m=[0m"PLATFORM_GBM_KHR" [3mversion[0m[2m=[0m(1, 5)[1m}[0m[2m:[0m[1megl_context[0m[1m{[0m[3mptr[0m[2m=[0m210810468323552[1m}[0m[2m:[0m[1mrenderer_gles2[0m[2m:[0m [2msmithay::backend::renderer::gles[0m[2m:[0m Initializing OpenGL ES Renderer
[2m2026-08-01T10:22:38.143536Z[0m [32m INFO[0m [1megl[0m[1m{[0m[3mnative[0m[2m=[0m"/dev/dri/card0" [3mplatform[0m[2m=[0m"PLATFORM_GBM_KHR" [3mversion[0m[2m=[0m(1, 5)[1m}[0m[2m:[0m[1megl_context[0m[1m{[0m[3mptr[0m[2m=[0m210810468323552[1m}[0m[2m:[0m[1mrenderer_gles2[0m[2m:[0m [2msmithay::backend::renderer::gles[0m[2m:[0m GL Version: "OpenGL ES 2.0 Mesa 26.0.3-1ubuntu1"
[2m2026-08-01T10:22:38.143563Z[0m [32m INFO[0m [1megl[0m[1m{[0m[3mnative[0m[2m=[0m"/dev/dri/card0" [3mplatform[0m[2m=[0m"PLATFORM_GBM_KHR" [3mversion[0m[2m=[0m(1, 5)[1m}[0m[2m:[0m[1megl_context[0m[1m{[0m[3mptr[0m[2m=[0m210810468323552[1m}[0m[2m:[0m[1mrenderer_gles2[0m[2m:[0m [2msmithay::backend::renderer::gles[0m[2m:[0m GL Vendor: "Mesa"
[2m2026-08-01T10:22:38.143576Z[0m [32m INFO[0m [1megl[0m[1m{[0m[3mnative[0m[2m=[0m"/dev/dri/card0" [3mplatform[0m[2m=[0m"PLATFORM_GBM_KHR" [3mversion[0m[2m=[0m(1, 5)[1m}[0m[2m:[0m[1megl_context[0m[1m{[0m[3mptr[0m[2m=[0m210810468323552[1m}[0m[2m:[0m[1mrenderer_gles2[0m[2m:[0m [2msmithay::backend::renderer::gles[0m[2m:[0m GL Renderer: "virgl (ANGLE (Apple, ANGLE Metal Renderer: Apple M2 Pro, Ve...)"
[2m2026-08-01T10:22:38.143589Z[0m [32m INFO[0m [1megl[0m[1m{[0m[3mnative[0m[2m=[0m"/dev/dri/card0" [3mplatform[0m[2m=[0m"PLATFORM_GBM_KHR" [3mversion[0m[2m=[0m(1, 5)[1m}[0m[2m:[0m[1megl_context[0m[1m{[0m[3mptr[0m[2m=[0m210810468323552[1m}[0m[2m:[0m[1mrenderer_gles2[0m[2m:[0m [2msmithay::backend::renderer::gles[0m[2m:[0m Supported GL Extensions: ["GL_EXT_blend_minmax", "GL_EXT_multi_draw_arrays", "GL_EXT_texture_filter_anisotropic", "GL_EXT_texture_compression_s3tc", "GL_EXT_texture_compression_dxt1", "GL_EXT_texture_format_BGRA8888", "GL_OES_compressed_ETC1_RGB8_texture", "GL_OES_depth24", "GL_OES_element_index_uint", "GL_OES_fbo_render_mipmap", "GL_OES_mapbuffer", "GL_OES_rgb8_rgba8", "GL_OES_standard_derivatives", "GL_OES_stencil8", "GL_OES_texture_3D", "GL_OES_texture_float", "GL_OES_texture_float_linear", "GL_OES_texture_half_float", "GL_OES_texture_half_float_linear", "GL_OES_texture_npot", "GL_OES_vertex_half_float", "GL_EXT_draw_instanced", "GL_OES_EGL_image", "GL_OES_depth_texture", "GL_OES_packed_depth_stencil", "GL_EXT_texture_type_2_10_10_10_REV", "GL_OES_get_program_binary", "GL_APPLE_texture_max_level", "GL_EXT_discard_framebuffer", "GL_EXT_read_format_bgra", "GL_EXT_texture_storage", "GL_NV_pack_subimage", "GL_EXT_frag_depth", "GL_NV_fbo_color_attachments", "GL_OES_EGL_image_external", "GL_OES_EGL_sync", "GL_OES_vertex_array_object", "GL_ANGLE_pack_reverse_row_order", "GL_ANGLE_texture_compression_dxt3", "GL_ANGLE_texture_compression_dxt5", "GL_EXT_occlusion_query_boolean", "GL_EXT_sRGB", "GL_EXT_texture_rg", "GL_EXT_unpack_subimage", "GL_NV_draw_buffers", "GL_NV_read_buffer", "GL_NV_read_depth", "GL_NV_read_depth_stencil", "GL_NV_read_stencil", "GL_APPLE_sync", "GL_EXT_draw_buffers", "GL_EXT_instanced_arrays", "GL_EXT_map_buffer_range", "GL_EXT_shadow_samplers", "GL_KHR_debug", "GL_KHR_texture_compression_astc_ldr", "GL_NV_pixel_buffer_object", "GL_OES_depth_texture_cube_map", "GL_OES_required_internalformat", "GL_OES_surfaceless_context", "GL_EXT_debug_label", "GL_EXT_separate_shader_objects", "GL_EXT_compressed_ETC1_RGB8_sub_texture", "GL_EXT_draw_elements_base_vertex", "GL_EXT_polygon_offset_clamp", "GL_EXT_texture_border_clamp", "GL_KHR_context_flush_control", "GL_OES_draw_elements_base_vertex", "GL_OES_texture_border_clamp", "GL_EXT_blend_func_extended", "GL_KHR_no_error", "GL_KHR_texture_compression_astc_sliced_3d", "GL_EXT_texture_compression_s3tc_srgb", "GL_EXT_clip_control", "GL_EXT_color_buffer_half_float", "GL_KHR_parallel_shader_compile", "GL_EXT_depth_clamp", "GL_MESA_sampler_objects", "GL_MESA_bgra", ""]
[slopos-compositor] DRM modeset plan: connector=Virtual-1 1280x800@75000mhz crtcs=1 connectors=1
[slopos-compositor] output_scale=1/1 (1.00x) (DRM wl_output buffer scale=1 effective=output_scale=1/1 (1.00x) logical canvas=1280x800)
[slopos-compositor] connector HDR: hdr_metadata=false bt2020_colorspace=false max_bpc=n/a => hdr10_capable=false
[2m2026-08-01T10:22:38.160024Z[0m [32m INFO[0m [2mslopos_compositor::session_drm[0m[2m:[0m connector HDR capability probed from DRM properties [3mhdr_metadata[0m[2m=[0mfalse [3mbt2020[0m[2m=[0mfalse [3mmax_bpc[0m[2m=[0mNone [3mhdr10_capable[0m[2m=[0mfalse
[slopos-compositor] connector VRR: capable=false controllable=true enabled=false
[2m2026-08-01T10:22:38.160323Z[0m [32m INFO[0m [1mdrm_atomic[0m[2m:[0m[1mcreate_surface[0m[1m{[0m[3mcrtc[0m[2m=[0mcrtc::Handle(38) [3mmode[0m[2m=[0mMode { name: "1280x800", clock: 107300, size: (1280, 800), hsync: (1600, 1638, 1728), vsync: (804, 808, 828), hskew: 0, vscan: 0, vrefresh: 75, mode_type: ModeTypeFlags(PREFERRED | DRIVER) } [3mconnectors[0m[2m=[0m[connector::Handle(39)][1m}[0m[2m:[0m[1mdrm_atomic[0m[1m{[0m[3mcrtc[0m[2m=[0mcrtc::Handle(38)[1m}[0m[2m:[0m [2msmithay::backend::drm::surface::atomic[0m[2m:[0m Initializing drm surface (crtc::Handle(38):plane::Handle(34)) with mode Mode { name: "1280x800", clock: 107300, size: (1280, 800), hsync: (1600, 1638, 1728), vsync: (804, 808, 828), hskew: 0, vscan: 0, vrefresh: 75, mode_type: ModeTypeFlags(PREFERRED | DRIVER) } and connectors [connector::Handle(39)]
[slopos-compositor] DRM scanout surface created (crtc+connector modeset)
[2m2026-08-01T10:22:38.160447Z[0m [32m INFO[0m [2mslopos_compositor::session_drm[0m[2m:[0m DrmSurface ready for pageflip presentation [3mstage[0m[2m=[0m"create_drm_surface"
[2m2026-08-01T10:22:38.160478Z[0m [32m INFO[0m [1mnew[0m[1m{[0m[3mname[0m[2m=[0m"Virtual-1" [3mphysical[0m[2m=[0mPhysicalProperties { size: Size<smithay::utils::geometry::Raw> { w: 0, h: 0 }, subpixel: Unknown, make: "SLOPOS-I", model: "DRM" }[1m}[0m[2m:[0m [2msmithay::output[0m[2m:[0m Creating new Output [3mname[0m[2m=[0m"Virtual-1"
[slopos-compositor] DRM GL compositor ready (1280x800) — client surfaces will be composited
[2m2026-08-01T10:22:38.163197Z[0m [32m INFO[0m [2mslopos_compositor::session_drm[0m[2m:[0m DrmCompositor initialized; GL composition active [3mstage[0m[2m=[0m"pageflip_or_present"
[2m2026-08-01T10:22:38.163357Z[0m [32m INFO[0m [2msmithay::wayland::socket[0m[2m:[0m Created new socket [3mname[0m[2m=[0mSome("wayland-1")
[slopos-compositor] WAYLAND_DISPLAY=wayland-1 (DRM session)
WAYLAND_DISPLAY=wayland-1
[2m2026-08-01T10:22:38.164264Z[0m [32m INFO[0m [1mnew[0m[1m{[0m[3mname[0m[2m=[0m"Virtual-1" [3mphysical[0m[2m=[0mPhysicalProperties { size: Size<smithay::utils::geometry::Raw> { w: 0, h: 0 }, subpixel: Unknown, make: "SLOPOS-I", model: "DRM Output" }[1m}[0m[2m:[0m [2msmithay::output[0m[2m:[0m Creating new Output [3mname[0m[2m=[0m"Virtual-1"
[2m2026-08-01T10:22:38.164323Z[0m [32m INFO[0m [2msmithay::wayland::output[0m[2m:[0m Creating new wl_output [3moutput[0m[2m=[0m"Virtual-1"
[slopos-session] compositor pid=238250 backend=drm client_socket=wayland-1
[slopos-session] shell pid=238252
[2m2026-08-01T10:22:38.185399Z[0m [32m INFO[0m [2mslopos_shell[0m[2m:[0m Starting SLOPOS-I...
[2m2026-08-01T10:22:38.191215Z[0m [32m INFO[0m [2mslopos_kit::accessibility[0m[2m:[0m AT-SPI2 a11y bus unavailable; exporting on session bus [3mapp[0m[2m=[0m"SLOPOS-I" [3merror[0m[2m=[0morg.freedesktop.DBus.Error.ServiceUnknown: The name org.a11y.Bus was not provided by any .service files
[2m2026-08-01T10:22:38.192699Z[0m [33m WARN[0m [2mslopos_kit::accessibility[0m[2m:[0m AT-SPI2 objects exported but registry Embed failed (registry may be absent) [3mapp[0m[2m=[0m"SLOPOS-I" [3mbus[0m[2m=[0m:1.51 [3mbus_kind[0m[2m=[0m"session" [3mchildren[0m[2m=[0m5 [3merror[0m[2m=[0morg.freedesktop.DBus.Error.ServiceUnknown: The name org.a11y.atspi.Registry was not provided by any .service files
[2m2026-08-01T10:22:38.192757Z[0m [32m INFO[0m [2mslopos_kit::accessibility[0m[2m:[0m AT-SPI2 Accessible tree exported (Action on actionable roles; still Orca-incomplete) [3mapp[0m[2m=[0m"SLOPOS-I" [3mbus[0m[2m=[0m:1.51 [3mbus_kind[0m[2m=[0m"session" [3mroot[0m[2m=[0m"/org/a11y/atspi/accessible/root" [3mchildren[0m[2m=[0m5 [3membedded[0m[2m=[0mfalse
[2m2026-08-01T10:22:38.192826Z[0m [32m INFO[0m [2mslopos_shell[0m[2m:[0m AT-SPI2 accessibility registration active (shell chrome tree; event emit best-effort)
[2m2026-08-01T10:22:38.210911Z[0m [32m INFO[0m [2mslopos_shell[0m[2m:[0m shell menu locale applied [3mlocale[0m[2m=[0men-US
[2m2026-08-01T10:22:38.211214Z[0m [32m INFO[0m [2mslopos_shell[0m[2m:[0m display arrange plan applied (EmitLayoutEnv) [3mmode[0m[2m=[0mextend_right [3mscale[0m[2m=[0m100 [3menv[0m[2m=[0m[("SLOPOS_OUTPUTS_LAYOUT", "eDP-1:1920x1080@0,0:s100")]
[2m2026-08-01T10:22:38.214610Z[0m [32m INFO[0m [2mslopos_shell::fdo_notifications[0m[2m:[0m FreeDesktop Notifications daemon registered on session bus [3mbus[0m[2m=[0m"org.freedesktop.Notifications" [3mpath[0m[2m=[0m"/org/freedesktop/Notifications"
[2m2026-08-01T10:22:38.214653Z[0m [33m WARN[0m [2mslopos_shell::portal_dbus[0m[2m:[0m SLOPOS-I portal registration skipped [3merror[0m[2m=[0minvalid value: character `-`, expected an alphanumeric character, `_` or `/`
[2m2026-08-01T10:22:38.214680Z[0m [32m INFO[0m [2mslopos_shell[0m[2m:[0m SLOPOS-I initialized successfully
[2m2026-08-01T10:22:38.214689Z[0m [32m INFO[0m [2mslopos_shell[0m[2m:[0m Theme: platinum
[2m2026-08-01T10:22:38.214694Z[0m [32m INFO[0m [2mslopos_shell[0m[2m:[0m Applications found: 5
[2m2026-08-01T10:22:38.214698Z[0m [32m INFO[0m [2mslopos_shell[0m[2m:[0m Workspaces: 8
[2m2026-08-01T10:22:38.491993Z[0m [32m INFO[0m [2msmithay::backend::libinput[0m[2m:[0m Initializing a libinput backend
[2m2026-08-01T10:22:38.492166Z[0m [32m INFO[0m [2mslopos_compositor::session_drm[0m[2m:[0m DRM session entering protocol + seat event loop [3mstage[0m[2m=[0m"protocol_loop"
[slopos-compositor] DRM session loop running (Wayland + seat + udev + libinput + layer-shell + foreign-toplevel; scanout_armed=false)
[2m2026-08-01T10:22:38.494812Z[0m [32m INFO[0m [2msmithay::backend::drm::surface::atomic[0m[2m:[0m Adding connector: Virtual
[2m2026-08-01T10:22:38.494855Z[0m [32m INFO[0m [2msmithay::backend::drm::surface::atomic[0m[2m:[0m Setting new mode: "1280x800"
[2m2026-08-01T10:22:38.494964Z[0m [33m WARN[0m [2msmithay::backend::drm::surface::atomic[0m[2m:[0m Failed to destroy old mode property blob: No such file or directory (os error 2)
[slopos-compositor/drm] client connected
[slopos-compositor/drm] client disconnected
[2m2026-08-01T10:22:38.547654Z[0m [32m INFO[0m [2mslopos_shell::foreign_toplevel_client[0m[2m:[0m foreign-toplevel-list synced from compositor [3mtoplevels[0m[2m=[0m0
[2m2026-08-01T10:22:38.547687Z[0m [32m INFO[0m [2mslopos_shell[0m[2m:[0m shell synced foreign-toplevel-list [3mtoplevels[0m[2m=[0m0
[2m2026-08-01T10:22:38.548889Z[0m [32m INFO[0m [2mslopos_shell[0m[2m:[0m Launched multi-client app com.slopos.finder as pid 238263 (compositor-managed surface)
[slopos-compositor/drm] client connected
[slopos-compositor/drm] layer-shell surface namespace=slopos-i-desktop layer=Background
[slopos-compositor/drm] layer-shell surface namespace=slopos-i-menu layer=Top
[slopos-compositor/drm] layer-shell surface namespace=slopos-i-dock layer=Bottom
[slopos-compositor/drm] layer-shell surface namespace=slopos-i-menu-popup layer=Overlay
[2m2026-08-01T10:22:38.571712Z[0m [32m INFO[0m [2mslopos_sdk[0m[2m:[0m Application 'Finder' started
[slopos-compositor/drm] client connected
[slopos-compositor/drm] toplevel mapped at (64,64) size=640x480 title=Untitled app_id=slopos-i.app shell=false
[slopos-compositor/drm] workspace active=0/8 windows=1 visible=1 dist=[0:1,1:0,2:0,3:0,4:0,5:0,6:0,7:0] window_id=zY5nbbU50Srh9ZXcUb5nw0wzUzK0PJq1 present=["zY5nbbU50Srh9ZXcUb5nw0wzUzK0PJq1"]
[2m2026-08-01T10:22:38.590472Z[0m [31mERROR[0m [2msctk_adwaita::config[0m[2m:[0m XDG Settings Portal did not return response in time: timeout: 100ms, key: color-scheme
[2m2026-08-01T10:22:38.719375Z[0m [33m WARN[0m [2mwgpu_hal::vulkan::instance[0m[2m:[0m InstanceFlags::VALIDATION requested, but unable to find layer: VK_LAYER_KHRONOS_validation
[2m2026-08-01T10:22:38.719415Z[0m [33m WARN[0m [2mwgpu_hal::vulkan::instance[0m[2m:[0m InstanceFlags::VALIDATION requested, but unable to find layer: VK_LAYER_KHRONOS_validation
[2m2026-08-01T10:22:38.719478Z[0m [32m INFO[0m [2mwgpu_hal::vulkan::instance[0m[2m:[0m GENERAL [Loader Message (0x0)]
	No valid vk_loader_settings.json file found, no loader settings will be active
[2m2026-08-01T10:22:38.719494Z[0m [32m INFO[0m [2mwgpu_hal::vulkan::instance[0m[2m:[0m GENERAL [Loader Message (0x0)]
	No valid vk_loader_settings.json file found, no loader settings will be active
[2m2026-08-01T10:22:38.719503Z[0m [32m INFO[0m [2mwgpu_hal::vulkan::instance[0m[2m:[0m 	objects: (type: INSTANCE, hndl: 0xab14e8823660, name: ?)
[2m2026-08-01T10:22:38.719524Z[0m [32m INFO[0m [2mwgpu_hal::vulkan::instance[0m[2m:[0m GENERAL [Loader Message (0x0)]
	Searching for implicit layer manifest files
[2m2026-08-01T10:22:38.719526Z[0m [32m INFO[0m [2mwgpu_hal::vulkan::instance[0m[2m:[0m 	objects: (type: INSTANCE, hndl: 0xb6d702693680, name: ?)
[2m2026-08-01T10:22:38.719534Z[0m [32m INFO[0m [2mwgpu_hal::vulkan::instance[0m[2m:[0m 	objects: (type: INSTANCE, hndl: 0xab14e8823660, name: ?)
[2m2026-08-01T10:22:38.719539Z[0m [32m INFO[0m [2mwgpu_hal::vulkan::instance[0m[2m:[0m GENERAL [Loader Message (0x0)]
	Searching for implicit layer manifest files
[2m2026-08-01T10:22:38.719541Z[0m [32m INFO[0m [2mwgpu_hal::vulkan::instance[0m[2m:[0m GENERAL [Loader Message (0x0)]
	   In following locations:
[2m2026-08-01T10:22:38.719547Z[0m [32m INFO[0m [2mwgpu_hal::vulkan::instance[0m[2m:[0m 	objects: (type: INSTANCE, hndl: 0xb6d702693680, name: ?)
[2m2026-08-01T10:22:38.719547Z[0m [32m INFO[0m [2mwgpu_hal::vulkan::instance[0m[2m:[0m 	objects: (type: INSTANCE, hndl: 0xab14e8823660, name: ?)
[2m2026-08-01T10:22:38.719553Z[0m [32m INFO[0m [2mwgpu_hal::vulkan::instance[0m[2m:[0m GENERAL [Loader Message (0x0)]
	   In following locations:
[2m2026-08-01T10:22:38.719553Z[0m [32m INFO[0m [2mwgpu_hal::vulkan::instance[0m[2m:[0m GENERAL [Loader Message (0x0)]
	      /home/ubuntu/.config/vulkan/implicit_layer.d
[2m2026-08-01T10:22:38.719559Z[0m [32m INFO[0m [2mwgpu_hal::vulkan::instance[0m[2m:[0m 	objects: (type: INSTANCE, hndl: 0xb6d702693680, name: ?)
[2m2026-08-01T10:22:38.719559Z[0m [32m INFO[0m [2mwgpu_hal::vulkan::instance[0m[2m:[0m 	objects: (type: INSTANCE, hndl: 0xab14e8823660, name: ?)
[2m2026-08-01T10:22:38.719565Z[0m [32m INFO[0m [2mwgpu_hal::vulkan::instance[0m[2m:[0m GENERAL [Loader Message (0x0)]
	      /home/ubuntu/.config/vulkan/implicit_layer.d
[2m2026-08-01T10:22:38.719566Z[0m [32m INFO[0m [2mwgpu_hal::vulkan::instance[0m[2m:[0m GENERAL [Loader Message (0x0)]
	      /etc/xdg/vulkan/implicit_layer.d
[2m2026-08-01T10:22:38.719571Z[0m [32m INFO[0m [2mwgpu_hal::vulkan::instance[0m[2m:[0m 	objects: (type: INSTANCE, hndl: 0xb6d702693680, name: ?)
[2m2026-08-01T10:22:38.719572Z[0m [32m INFO[0m [2mwgpu_hal::vulkan::instance[0m[2m:[0m 	objects: (type: INSTANCE, hndl: 0xab14e8823660, name: ?)
[2m2026-08-01T10:22:38.719577Z[0m [32m INFO[0m [2mwgpu_hal::vulkan::instance[0m[2m:[0m GENERAL [Loader Message (0x0)]
	      /etc/xdg/vulkan/implicit_layer.d
[2m2026-08-01T10:22:38.719578Z[0m [32m INFO[0m [2mwgpu_hal::vulkan::instance[0m[2m:[0m GENERAL [Loader Message (0x0)]
	      /etc/vulkan/implicit_layer.d
[2m2026-08-01T10:22:38.719583Z[0m [32m INFO[0m [2mwgpu_hal::vulkan::instance[0m[2m:[0m 	objects: (type: INSTANCE, hndl: 0xb6d702693680, name: ?)
[2m2026-08-01T10:22:38.719584Z[0m [32m INFO[0m [2mwgpu_hal::vulkan::instance[0m[2m:[0m 	objects: (type: INSTANCE, hndl: 0xab14e8823660, name: ?)
[2m2026-08-01T10:22:38.719589Z[0m [32m INFO[0m [2mwgpu_hal::vulkan::instance[0m[2m:[0m GENERAL [Loader Message (0x0)]
	      /etc/vulkan/implicit_layer.d
[2m2026-08-01T10:22:38.719589Z[0m [32m INFO[0m [2mwgpu_hal::vulkan::instance[0m[2m:[0m GENERAL [Loader Message (0x0)]
	      /home/ubuntu/.local/share/vulkan/implicit_layer.d
[2m2026-08-01T10:22:38.719595Z[0m [32m INFO[0m [2mwgpu_hal::vulkan::instance[0m[2m:[0m 	objects: (type: INSTANCE, hndl: 0xb6d702693680, name: ?)
[2m2026-08-01T10:22:38.719609Z[0m [32m INFO[0m [2mwgpu_hal::vulkan::instance[0m[2m:[0m 	objects: (type: INSTANCE, hndl: 0xab14e8823660, name: ?)
[2m2026-08-01T10:22:38.719609Z[0m [32m INFO[0m [2mwgpu_hal::vulkan::instance[0m[2m:[0m GENERAL [Loader Message (0x0)]
	      /home/ubuntu/.local/share/vulkan/implicit_layer.d
[2m2026-08-01T10:22:38.719620Z[0m [32m INFO[0m [2mwgpu_hal::vulkan::instance[0m[2m:[0m GENERAL [Loader Message (0x0)]
	      /usr/local/share/vulkan/implicit_layer.d
[2m2026-08-01T10:22:38.719621Z[0m [32m INFO[0m [2mwgpu_hal::vulkan::instance[0m[2m:[0m 	objects: (type: INSTANCE, hndl: 0xb6d702693680, name: ?)
[2m2026-08-01T10:22:38.719628Z[0m [32m INFO[0m [2mwgpu_hal::vulkan::instance[0m[2m:[0m 	objects: (type: INSTANCE, hndl: 0xab14e8823660, name: ?)
[2m2026-08-01T10:22:38.719629Z[0m [32m INFO[0m [2mwgpu_hal::vulkan::instance[0m[2m:[0m GENERAL [Loader Message (0x0)]
	      /usr/local/share/vulkan/implicit_layer.d
[2m2026-08-01T10:22:38.719634Z[0m [32m INFO[0m [2mwgpu_hal::vulkan::instance[0m[2m:[0m GENERAL [Loader Message (0x0)]
	      /usr/share/vulkan/implicit_layer.d
[2m2026-08-01T10:22:38.719635Z[0m [32m INFO[0m [2mwgpu_hal::vulkan::instance[0m[2m:[0m 	objects: (type: INSTANCE, hndl: 0xb6d702693680, name: ?)
[2m2026-08-01T10:22:38.719640Z[0m [32m INFO[0m [2mwgpu_hal::vulkan::instance[0m[2m:[0m 	objects: (type: INSTANCE, hndl: 0xab14e8823660, name: ?)
[2m2026-08-01T10:22:38.719641Z[0m [32m INFO[0m [2mwgpu_hal::vulkan::instance[0m[2m:[0m GENERAL [Loader Message (0x0)]
	      /usr/share/vulkan/implicit_layer.d
[2m2026-08-01T10:22:38.719647Z[0m [32m INFO[0m [2mwgpu_hal::vulkan::instance[0m[2m:[0m 	objects: (type: INSTANCE, hndl: 0xb6d702693680, name: ?)
[2m2026-08-01T10:22:38.719660Z[0m [32m INFO[0m [2mwgpu_hal::vulkan::instance[0m[2m:[0m GENERAL [Loader Message (0x0)]
	   Found the following files:
[2m2026-08-01T10:22:38.719667Z[0m [32m INFO[0m [2mwgpu_hal::vulkan::instance[0m[2m:[0m 	objects: (type: INSTANCE, hndl: 0xab14e8823660, name: ?)
[2m2026-08-01T10:22:38.719666Z[0m [32m INFO[0m [2mwgpu_hal::vulkan::instance[0m[2m:[0m GENERAL [Loader Message (0x0)]
	   Found the following files:
[2m2026-08-01T10:22:38.719673Z[0m [32m INFO[0m [2mwgpu_hal::vulkan::instance[0m[2m:[0m GENERAL [Loader Message (0x0)]
	      /usr/share/vulkan/implicit_layer.d/VkLayer_MESA_anti_lag.json
[2m2026-08-01T10:22:38.719674Z[0m [32m INFO[0m [2mwgpu_hal::vulkan::instance[0m[2m:[0m 	objects: (type: INSTANCE, hndl: 0xb6d702693680, name: ?)
[2m2026-08-01T10:22:38.719679Z[0m [32m INFO[0m [2mwgpu_hal::vulkan::instance[0m[2m:[0m 	objects: (type: INSTANCE, hndl: 0xab14e8823660, name: ?)
[2m2026-08-01T10:22:38.719680Z[0m [32m INFO[0m [2mwgpu_hal::vulkan::instance[0m[2m:[0m GENERAL [Loader Message (0x0)]
	      /usr/share/vulkan/implicit_layer.d/VkLayer_MESA_anti_lag.json
[2m2026-08-01T10:22:38.719685Z[0m [32m INFO[0m [2mwgpu_hal::vulkan::instance[0m[2m:[0m GENERAL [Loader Message (0x0)]
	      /usr/share/vulkan/implicit_layer.d/VkLayer_MESA_device_select.json
[2m2026-08-01T10:22:38.719686Z[0m [32m INFO[0m [2mwgpu_hal::vulkan::instance[0m[2m:[0m 	objects: (type: INSTANCE, hndl: 0xb6d702693680, name: ?)
[2m2026-08-01T10:22:38.719691Z[0m [32m INFO[0m [2mwgpu_hal::vulkan::instance[0m[2m:[0m 	objects: (type: INSTANCE, hndl: 0xab14e8823660, name: ?)
[2m2026-08-01T10:22:38.719692Z[0m [32m INFO[0m [2mwgpu_hal::vulkan::instance[0m[2m:[0m GENERAL [Loader Message (0x0)]
	      /usr/share/vulkan/implicit_layer.d/VkLayer_MESA_device_select.json
[2m2026-08-01T10:22:38.719699Z[0m [32m INFO[0m [2mwgpu_hal::vulkan::instance[0m[2m:[0m 	objects: (type: INSTANCE, hndl: 0xb6d702693680, name: ?)
[2m2026-08-01T10:22:38.719703Z[0m [32m INFO[0m [2mwgpu_hal::vulkan::instance[0m[2m:[0m GENERAL [Loader Message (0x0)]
	Found manifest file /usr/share/vulkan/implicit_layer.d/VkLayer_MESA_anti_lag.json (file version 1.2.1)
[2m2026-08-01T10:22:38.719711Z[0m [32m INFO[0m [2mwgpu_hal::vulkan::instance[0m[2m:[0m 	objects: (type: INSTANCE, hndl: 0xab14e8823660, name: ?)
[2m2026-08-01T10:22:38.719715Z[0m [32m INFO[0m [2mwgpu_hal::vulkan::instance[0m[2m:[0m GENERAL [Loader Message (0x0)]
	Found manifest file /usr/share/vulkan/implicit_layer.d/VkLayer_MESA_anti_lag.json (file version 1.2.1)
[2m2026-08-01T10:22:38.719724Z[0m [32m INFO[0m [2mwgpu_hal::vulkan::instance[0m[2m:[0m 	objects: (type: INSTANCE, hndl: 0xb6d702693680, name: ?)
[2m2026-08-01T10:22:38.719726Z[0m [32m INFO[0m [2mwgpu_hal::vulkan::instance[0m[2m:[0m GENERAL [Loader Message (0x0)]
	Found manifest file /usr/share/vulkan/implicit_layer.d/VkLayer_MESA_device_select.json (file version 1.0.0)
[2m2026-08-01T10:22:38.719734Z[0m [32m INFO[0m [2mwgpu_hal::vulkan::instance[0m[2m:[0m 	objects: (type: INSTANCE, hndl: 0xab14e8823660, name: ?)
[2m2026-08-01T10:22:38.719738Z[0m [32m INFO[0m [2mwgpu_hal::vulkan::instance[0m[2m:[0m GENERAL [Loader Message (0x0)]
	Found manifest file /usr/share/vulkan/implicit_layer.d/VkLayer_MESA_device_select.json (file version 1.0.0)
[2m2026-08-01T10:22:38.719746Z[0m [32m INFO[0m [2mwgpu_hal::vulkan::instance[0m[2m:[0m GENERAL [Loader Message (0x0)]
	Searching for explicit layer manifest files
[2m2026-08-01T10:22:38.719747Z[0m [32m INFO[0m [2mwgpu_hal::vulkan::instance[0m[2m:[0m 	objects: (type: INSTANCE, hndl: 0xb6d702693680, name: ?)
[2m2026-08-01T10:22:38.719752Z[0m [32m INFO[0m [2mwgpu_hal::vulkan::instance[0m[2m:[0m 	objects: (type: INSTANCE, hndl: 0xab14e8823660, name: ?)
[2m2026-08-01T10:22:38.719758Z[0m [32m INFO[0m [2mwgpu_hal::vulkan::instance[0m[2m:[0m GENERAL [Loader Message (0x0)]
	   In following locations:
[2m2026-08-01T10:22:38.719759Z[0m [32m INFO[0m [2mwgpu_hal::vulkan::instance[0m[2m:[0m GENERAL [Loader Message (0x0)]
	Searching for explicit layer manifest files
[2m2026-08-01T10:22:38.719764Z[0m [32m INFO[0m [2mwgpu_hal::vulkan::instance[0m[2m:[0m 	objects: (type: INSTANCE, hndl: 0xab14e8823660, name: ?)
[2m2026-08-01T10:22:38.719765Z[0m [32m INFO[0m [2mwgpu_hal::vulkan::instance[0m[2m:[0m 	objects: (type: INSTANCE, hndl: 0xb6d702693680, name: ?)
[2m2026-08-01T10:22:38.719770Z[0m [32m INFO[0m [2mwgpu_hal::vulkan::instance[0m[2m:[0m GENERAL [Loader Message (0x0)]
	      /home/ubuntu/.config/vulkan/explicit_layer.d
[2m2026-08-01T10:22:38.719771Z[0m [32m INFO[0m [2mwgpu_hal::vulkan::instance[0m[2m:[0m GENERAL [Loader Message (0x0)]
	   In following locations:
[2m2026-08-01T10:22:38.719776Z[0m [32m INFO[0m [2mwgpu_hal::vulkan::instance[0m[2m:[0m 	objects: (type: INSTANCE, hndl: 0xab14e8823660, name: ?)
[2m2026-08-01T10:22:38.719777Z[0m [32m INFO[0m [2mwgpu_hal::vulkan::instance[0m[2m:[0m 	objects: (type: INSTANCE, hndl: 0xb6d702693680, name: ?)
[2m2026-08-01T10:22:38.719781Z[0m [32m INFO[0m [2mwgpu_hal::vulkan::instance[0m[2m:[0m GENERAL [Loader Message (0x0)]
	      /etc/xdg/vulkan/explicit_layer.d
[2m2026-08-01T10:22:38.719783Z[0m [32m INFO[0m [2mwgpu_hal::vulkan::instance[0m[2m:[0m GENERAL [Loader Message (0x0)]
	      /home/ubuntu/.config/vulkan/explicit_layer.d
[2m2026-08-01T10:22:38.719787Z[0m [32m INFO[0m [2mwgpu_hal::vulkan::instance[0m[2m:[0m 	objects: (type: INSTANCE, hndl: 0xab14e8823660, name: ?)
[2m2026-08-01T10:22:38.719789Z[0m [32m INFO[0m [2mwgpu_hal::vulkan::instance[0m[2m:[0m 	objects: (type: INSTANCE, hndl: 0xb6d702693680, name: ?)
[2m2026-08-01T10:22:38.719793Z[0m [32m INFO[0m [2mwgpu_hal::vulkan::instance[0m[2m:[0m GENERAL [Loader Message (0x0)]
	      /etc/vulkan/explicit_layer.d
[2m2026-08-01T10:22:38.719795Z[0m [32m INFO[0m [2mwgpu_hal::vulkan::instance[0m[2m:[0m GENERAL [Loader Message (0x0)]
	      /etc/xdg/vulkan/explicit_layer.d
[2m2026-08-01T10:22:38.719803Z[0m [32m INFO[0m [2mwgpu_hal::vulkan::instance[0m[2m:[0m 	objects: (type: INSTANCE, hndl: 0xb6d702693680, name: ?)
[2m2026-08-01T10:22:38.719809Z[0m [32m INFO[0m [2mwgpu_hal::vulkan::instance[0m[2m:[0m GENERAL [Loader Message (0x0)]
	      /etc/vulkan/explicit_layer.d
[2m2026-08-01T10:22:38.719815Z[0m [32m INFO[0m [2mwgpu_hal::vulkan::instance[0m[2m:[0m 	objects: (type: INSTANCE, hndl: 0xb6d702693680, name: ?)
[2m2026-08-01T10:22:38.719820Z[0m [32m INFO[0m [2mwgpu_hal::vulkan::instance[0m[2m:[0m GENERAL [Loader Message (0x0)]
	      /home/ubuntu/.local/share/vulkan/explicit_layer.d
[2m2026-08-01T10:22:38.719799Z[0m [32m INFO[0m [2mwgpu_hal::vulkan::instance[0m[2m:[0m 	objects: (type: INSTANCE, hndl: 0xab14e8823660, name: ?)
[2m2026-08-01T10:22:38.719826Z[0m [32m INFO[0m [2mwgpu_hal::vulkan::instance[0m[2m:[0m 	objects: (type: INSTANCE, hndl: 0xb6d702693680, name: ?)
[2m2026-08-01T10:22:38.719835Z[0m [32m INFO[0m [2mwgpu_hal::vulkan::instance[0m[2m:[0m GENERAL [Loader Message (0x0)]
	      /usr/local/share/vulkan/explicit_layer.d
[2m2026-08-01T10:22:38.719842Z[0m [32m INFO[0m [2mwgpu_hal::vulkan::instance[0m[2m:[0m 	objects: (type: INSTANCE, hndl: 0xb6d702693680, name: ?)
[2m2026-08-01T10:22:38.719847Z[0m [32m INFO[0m [2mwgpu_hal::vulkan::instance[0m[2m:[0m GENERAL [Loader Message (0x0)]
	      /usr/share/vulkan/explicit_layer.d
[2m2026-08-01T10:22:38.719853Z[0m [32m INFO[0m [2mwgpu_hal::vulkan::instance[0m[2m:[0m 	objects: (type: INSTANCE, hndl: 0xb6d702693680, name: ?)
[2m2026-08-01T10:22:38.719849Z[0m [32m INFO[0m [2mwgpu_hal::vulkan::instance[0m[2m:[0m GENERAL [Loader Message (0x0)]
	      /home/ubuntu/.local/share/vulkan/explicit_layer.d
[2m2026-08-01T10:22:38.719864Z[0m [32m INFO[0m [2mwgpu_hal::vulkan::instance[0m[2m:[0m 	objects: (type: INSTANCE, hndl: 0xab14e8823660, name: ?)
[2m2026-08-01T10:22:38.719870Z[0m [32m INFO[0m [2mwgpu_hal::vulkan::instance[0m[2m:[0m GENERAL [Loader Message (0x0)]
	   Found the following files:
[2m2026-08-01T10:22:38.719871Z[0m [32m INFO[0m [2mwgpu_hal::vulkan::instance[0m[2m:[0m GENERAL [Loader Message (0x0)]
	      /usr/local/share/vulkan/explicit_layer.d
[2m2026-08-01T10:22:38.719877Z[0m [32m INFO[0m [2mwgpu_hal::vulkan::instance[0m[2m:[0m 	objects: (type: INSTANCE, hndl: 0xb6d702693680, name: ?)
[2m2026-08-01T10:22:38.719878Z[0m [32m INFO[0m [2mwgpu_hal::vulkan::instance[0m[2m:[0m 	objects: (type: INSTANCE, hndl: 0xab14e8823660, name: ?)
[2m2026-08-01T10:22:38.719883Z[0m [32m INFO[0m [2mwgpu_hal::vulkan::instance[0m[2m:[0m GENERAL [Loader Message (0x0)]
	      /usr/share/vulkan/explicit_layer.d/VkLayer_MESA_screenshot.json
[2m2026-08-01T10:22:38.719884Z[0m [32m INFO[0m [2mwgpu_hal::vulkan::instance[0m[2m:[0m GENERAL [Loader Message (0x0)]
	      /usr/share/vulkan/explicit_layer.d
[2m2026-08-01T10:22:38.719890Z[0m [32m INFO[0m [2mwgpu_hal::vulkan::instance[0m[2m:[0m 	objects: (type: INSTANCE, hndl: 0xb6d702693680, name: ?)
[2m2026-08-01T10:22:38.719891Z[0m [32m INFO[0m [2mwgpu_hal::vulkan::instance[0m[2m:[0m 	objects: (type: INSTANCE, hndl: 0xab14e8823660, name: ?)
[2m2026-08-01T10:22:38.719896Z[0m [32m INFO[0m [2mwgpu_hal::vulkan::instance[0m[2m:[0m GENERAL [Loader Message (0x0)]
	      /usr/share/vulkan/explicit_layer.d/VkLayer_MESA_overlay.json
[2m2026-08-01T10:22:38.719903Z[0m [32m INFO[0m [2mwgpu_hal::vulkan::instance[0m[2m:[0m 	objects: (type: INSTANCE, hndl: 0xb6d702693680, name: ?)
[2m2026-08-01T10:22:38.719909Z[0m [32m INFO[0m [2mwgpu_hal::vulkan::instance[0m[2m:[0m GENERAL [Loader Message (0x0)]
	      /usr/share/vulkan/explicit_layer.d/VkLayer_INTEL_nullhw.json
[2m2026-08-01T10:22:38.719914Z[0m [32m INFO[0m [2mwgpu_hal::vulkan::instance[0m[2m:[0m GENERAL [Loader Message (0x0)]
	   Found the following files:
[2m2026-08-01T10:22:38.719915Z[0m [32m INFO[0m [2mwgpu_hal::vulkan::instance[0m[2m:[0m 	objects: (type: INSTANCE, hndl: 0xb6d702693680, name: ?)
[2m2026-08-01T10:22:38.719921Z[0m [32m INFO[0m [2mwgpu_hal::vulkan::instance[0m[2m:[0m 	objects: (type: INSTANCE, hndl: 0xab14e8823660, name: ?)
[2m2026-08-01T10:22:38.719928Z[0m [32m INFO[0m [2mwgpu_hal::vulkan::instance[0m[2m:[0m GENERAL [Loader Message (0x0)]
	      /usr/share/vulkan/explicit_layer.d/VkLayer_MESA_screenshot.json
[2m2026-08-01T10:22:38.719927Z[0m [32m INFO[0m [2mwgpu_hal::vulkan::instance[0m[2m:[0m GENERAL [Loader Message (0x0)]
	Found manifest file /usr/share/vulkan/explicit_layer.d/VkLayer_MESA_screenshot.json (file version 1.0.0)
[2m2026-08-01T10:22:38.719934Z[0m [32m INFO[0m [2mwgpu_hal::vulkan::instance[0m[2m:[0m 	objects: (type: INSTANCE, hndl: 0xab14e8823660, name: ?)
[2m2026-08-01T10:22:38.719935Z[0m [32m INFO[0m [2mwgpu_hal::vulkan::instance[0m[2m:[0m 	objects: (type: INSTANCE, hndl: 0xb6d702693680, name: ?)
[2m2026-08-01T10:22:38.719940Z[0m [32m INFO[0m [2mwgpu_hal::vulkan::instance[0m[2m:[0m GENERAL [Loader Message (0x0)]
	      /usr/share/vulkan/explicit_layer.d/VkLayer_MESA_overlay.json
[2m2026-08-01T10:22:38.719947Z[0m [32m INFO[0m [2mwgpu_hal::vulkan::instance[0m[2m:[0m 	objects: (type: INSTANCE, hndl: 0xab14e8823660, name: ?)
[2m2026-08-01T10:22:38.719946Z[0m [32m INFO[0m [2mwgpu_hal::vulkan::instance[0m[2m:[0m GENERAL [Loader Message (0x0)]
	Found manifest file /usr/share/vulkan/explicit_layer.d/VkLayer_MESA_overlay.json (file version 1.0.0)
[2m2026-08-01T10:22:38.719953Z[0m [32m INFO[0m [2mwgpu_hal::vulkan::instance[0m[2m:[0m GENERAL [Loader Message (0x0)]
	      /usr/share/vulkan/explicit_layer.d/VkLayer_INTEL_nullhw.json
[2m2026-08-01T10:22:38.719954Z[0m [32m INFO[0m [2mwgpu_hal::vulkan::instance[0m[2m:[0m 	objects: (type: INSTANCE, hndl: 0xb6d702693680, name: ?)
[2m2026-08-01T10:22:38.719960Z[0m [32m INFO[0m [2mwgpu_hal::vulkan::instance[0m[2m:[0m 	objects: (type: INSTANCE, hndl: 0xab14e8823660, name: ?)
[2m2026-08-01T10:22:38.719964Z[0m [32m INFO[0m [2mwgpu_hal::vulkan::instance[0m[2m:[0m GENERAL [Loader Message (0x0)]
	Found manifest file /usr/share/vulkan/explicit_layer.d/VkLayer_INTEL_nullhw.json (file version 1.0.0)
[2m2026-08-01T10:22:38.719972Z[0m [32m INFO[0m [2mwgpu_hal::vulkan::instance[0m[2m:[0m 	objects: (type: INSTANCE, hndl: 0xb6d702693680, name: ?)
[2m2026-08-01T10:22:38.719972Z[0m [32m INFO[0m [2mwgpu_hal::vulkan::instance[0m[2m:[0m GENERAL [Loader Message (0x0)]
	Found manifest file /usr/share/vulkan/explicit_layer.d/VkLayer_MESA_screenshot.json (file version 1.0.0)
[2m2026-08-01T10:22:38.719980Z[0m [32m INFO[0m [2mwgpu_hal::vulkan::instance[0m[2m:[0m 	objects: (type: INSTANCE, hndl: 0xab14e8823660, name: ?)
[2m2026-08-01T10:22:38.719981Z[0m [32m INFO[0m [2mwgpu_hal::vulkan::instance[0m[2m:[0m GENERAL [Loader Message (0x0)]
	Searching for driver manifest files
[2m2026-08-01T10:22:38.719988Z[0m [32m INFO[0m [2mwgpu_hal::vulkan::instance[0m[2m:[0m 	objects: (type: INSTANCE, hndl: 0xb6d702693680, name: ?)
[2m2026-08-01T10:22:38.719992Z[0m [32m INFO[0m [2mwgpu_hal::vulkan::instance[0m[2m:[0m GENERAL [Loader Message (0x0)]
	Found manifest file /usr/share/vulkan/explicit_layer.d/VkLayer_MESA_overlay.json (file version 1.0.0)
[2m2026-08-01T10:22:38.719994Z[0m [32m INFO[0m [2mwgpu_hal::vulkan::instance[0m[2m:[0m GENERAL [Loader Message (0x0)]
	   In following locations:
[2m2026-08-01T10:22:38.720000Z[0m [32m INFO[0m [2mwgpu_hal::vulkan::instance[0m[2m:[0m 	objects: (type: INSTANCE, hndl: 0xab14e8823660, name: ?)
[2m2026-08-01T10:22:38.720001Z[0m [32m INFO[0m [2mwgpu_hal::vulkan::instance[0m[2m:[0m 	objects: (type: INSTANCE, hndl: 0xb6d702693680, name: ?)
[2m2026-08-01T10:22:38.720007Z[0m [32m INFO[0m [2mwgpu_hal::vulkan::instance[0m[2m:[0m GENERAL [Loader Message (0x0)]
	      /home/ubuntu/.config/vulkan/icd.d
[2m2026-08-01T10:22:38.720013Z[0m [32m INFO[0m [2mwgpu_hal::vulkan::instance[0m[2m:[0m 	objects: (type: INSTANCE, hndl: 0xb6d702693680, name: ?)
[2m2026-08-01T10:22:38.720012Z[0m [32m INFO[0m [2mwgpu_hal::vulkan::instance[0m[2m:[0m GENERAL [Loader Message (0x0)]
	Found manifest file /usr/share/vulkan/explicit_layer.d/VkLayer_INTEL_nullhw.json (file version 1.0.0)
[2m2026-08-01T10:22:38.720019Z[0m [32m INFO[0m [2mwgpu_hal::vulkan::instance[0m[2m:[0m GENERAL [Loader Message (0x0)]
	      /etc/xdg/vulkan/icd.d
[2m2026-08-01T10:22:38.720025Z[0m [32m INFO[0m [2mwgpu_hal::vulkan::instance[0m[2m:[0m 	objects: (type: INSTANCE, hndl: 0xab14e8823660, name: ?)
[2m2026-08-01T10:22:38.720025Z[0m [32m INFO[0m [2mwgpu_hal::vulkan::instance[0m[2m:[0m 	objects: (type: INSTANCE, hndl: 0xb6d702693680, name: ?)
[2m2026-08-01T10:22:38.720032Z[0m [32m INFO[0m [2mwgpu_hal::vulkan::instance[0m[2m:[0m GENERAL [Loader Message (0x0)]
	      /etc/vulkan/icd.d
[2m2026-08-01T10:22:38.720037Z[0m [32m INFO[0m [2mwgpu_hal::vulkan::instance[0m[2m:[0m GENERAL [Loader Message (0x0)]
	Searching for driver manifest files
[2m2026-08-01T10:22:38.720038Z[0m [32m INFO[0m [2mwgpu_hal::vulkan::instance[0m[2m:[0m 	objects: (type: INSTANCE, hndl: 0xb6d702693680, name: ?)
[2m2026-08-01T10:22:38.720044Z[0m [32m INFO[0m [2mwgpu_hal::vulkan::instance[0m[2m:[0m 	objects: (type: INSTANCE, hndl: 0xab14e8823660, name: ?)
[2m2026-08-01T10:22:38.720044Z[0m [32m INFO[0m [2mwgpu_hal::vulkan::instance[0m[2m:[0m GENERAL [Loader Message (0x0)]
	      /home/ubuntu/.local/share/vulkan/icd.d
[2m2026-08-01T10:22:38.720050Z[0m [32m INFO[0m [2mwgpu_hal::vulkan::instance[0m[2m:[0m GENERAL [Loader Message (0x0)]
	   In following locations:
[2m2026-08-01T10:22:38.720051Z[0m [32m INFO[0m [2mwgpu_hal::vulkan::instance[0m[2m:[0m 	objects: (type: INSTANCE, hndl: 0xb6d702693680, name: ?)
[2m2026-08-01T10:22:38.720057Z[0m [32m INFO[0m [2mwgpu_hal::vulkan::instance[0m[2m:[0m 	objects: (type: INSTANCE, hndl: 0xab14e8823660, name: ?)
[2m2026-08-01T10:22:38.720058Z[0m [32m INFO[0m [2mwgpu_hal::vulkan::instance[0m[2m:[0m GENERAL [Loader Message (0x0)]
	      /usr/local/share/vulkan/icd.d
[2m2026-08-01T10:22:38.720064Z[0m [32m INFO[0m [2mwgpu_hal::vulkan::instance[0m[2m:[0m 	objects: (type: INSTANCE, hndl: 0xb6d702693680, name: ?)
[2m2026-08-01T10:22:38.720063Z[0m [32m INFO[0m [2mwgpu_hal::vulkan::instance[0m[2m:[0m GENERAL [Loader Message (0x0)]
	      /home/ubuntu/.config/vulkan/icd.d
[2m2026-08-01T10:22:38.720070Z[0m [32m INFO[0m [2mwgpu_hal::vulkan::instance[0m[2m:[0m GENERAL [Loader Message (0x0)]
	      /usr/share/vulkan/icd.d
[2m2026-08-01T10:22:38.720071Z[0m [32m INFO[0m [2mwgpu_hal::vulkan::instance[0m[2m:[0m 	objects: (type: INSTANCE, hndl: 0xab14e8823660, name: ?)
[2m2026-08-01T10:22:38.720077Z[0m [32m INFO[0m [2mwgpu_hal::vulkan::instance[0m[2m:[0m 	objects: (type: INSTANCE, hndl: 0xb6d702693680, name: ?)
[2m2026-08-01T10:22:38.720077Z[0m [32m INFO[0m [2mwgpu_hal::vulkan::instance[0m[2m:[0m GENERAL [Loader Message (0x0)]
	      /etc/xdg/vulkan/icd.d
[2m2026-08-01T10:22:38.720084Z[0m [32m INFO[0m [2mwgpu_hal::vulkan::instance[0m[2m:[0m 	objects: (type: INSTANCE, hndl: 0xab14e8823660, name: ?)
[2m2026-08-01T10:22:38.720090Z[0m [32m INFO[0m [2mwgpu_hal::vulkan::instance[0m[2m:[0m GENERAL [Loader Message (0x0)]
	      /etc/vulkan/icd.d
[2m2026-08-01T10:22:38.720096Z[0m [32m INFO[0m [2mwgpu_hal::vulkan::instance[0m[2m:[0m 	objects: (type: INSTANCE, hndl: 0xab14e8823660, name: ?)
[2m2026-08-01T10:22:38.720102Z[0m [32m INFO[0m [2mwgpu_hal::vulkan::instance[0m[2m:[0m GENERAL [Loader Message (0x0)]
	   Found the following files:
[2m2026-08-01T10:22:38.720102Z[0m [32m INFO[0m [2mwgpu_hal::vulkan::instance[0m[2m:[0m GENERAL [Loader Message (0x0)]
	      /home/ubuntu/.local/share/vulkan/icd.d
[2m2026-08-01T10:22:38.720109Z[0m [32m INFO[0m [2mwgpu_hal::vulkan::instance[0m[2m:[0m 	objects: (type: INSTANCE, hndl: 0xb6d702693680, name: ?)
[2m2026-08-01T10:22:38.720109Z[0m [32m INFO[0m [2mwgpu_hal::vulkan::instance[0m[2m:[0m 	objects: (type: INSTANCE, hndl: 0xab14e8823660, name: ?)
[2m2026-08-01T10:22:38.720115Z[0m [32m INFO[0m [2mwgpu_hal::vulkan::instance[0m[2m:[0m GENERAL [Loader Message (0x0)]
	      /usr/share/vulkan/icd.d/nouveau_icd.json
[2m2026-08-01T10:22:38.720127Z[0m [32m INFO[0m [2mwgpu_hal::vulkan::instance[0m[2m:[0m 	objects: (type: INSTANCE, hndl: 0xb6d702693680, name: ?)
[2m2026-08-01T10:22:38.720127Z[0m [32m INFO[0m [2mwgpu_hal::vulkan::instance[0m[2m:[0m GENERAL [Loader Message (0x0)]
	      /usr/local/share/vulkan/icd.d
[2m2026-08-01T10:22:38.720133Z[0m [32m INFO[0m [2mwgpu_hal::vulkan::instance[0m[2m:[0m GENERAL [Loader Message (0x0)]
	      /usr/share/vulkan/icd.d/broadcom_icd.json
[2m2026-08-01T10:22:38.720135Z[0m [32m INFO[0m [2mwgpu_hal::vulkan::instance[0m[2m:[0m 	objects: (type: INSTANCE, hndl: 0xab14e8823660, name: ?)
[2m2026-08-01T10:22:38.720140Z[0m [32m INFO[0m [2mwgpu_hal::vulkan::instance[0m[2m:[0m 	objects: (type: INSTANCE, hndl: 0xb6d702693680, name: ?)
[2m2026-08-01T10:22:38.720141Z[0m [32m INFO[0m [2mwgpu_hal::vulkan::instance[0m[2m:[0m GENERAL [Loader Message (0x0)]
	      /usr/share/vulkan/icd.d
[2m2026-08-01T10:22:38.720146Z[0m [32m INFO[0m [2mwgpu_hal::vulkan::instance[0m[2m:[0m GENERAL [Loader Message (0x0)]
	      /usr/share/vulkan/icd.d/panfrost_icd.json
[2m2026-08-01T10:22:38.720147Z[0m [32m INFO[0m [2mwgpu_hal::vulkan::instance[0m[2m:[0m 	objects: (type: INSTANCE, hndl: 0xab14e8823660, name: ?)
[2m2026-08-01T10:22:38.720152Z[0m [32m INFO[0m [2mwgpu_hal::vulkan::instance[0m[2m:[0m 	objects: (type: INSTANCE, hndl: 0xb6d702693680, name: ?)
[2m2026-08-01T10:22:38.720158Z[0m [32m INFO[0m [2mwgpu_hal::vulkan::instance[0m[2m:[0m GENERAL [Loader Message (0x0)]
	      /usr/share/vulkan/icd.d/freedreno_icd.json
[2m2026-08-01T10:22:38.720164Z[0m [32m INFO[0m [2mwgpu_hal::vulkan::instance[0m[2m:[0m 	objects: (type: INSTANCE, hndl: 0xb6d702693680, name: ?)
[2m2026-08-01T10:22:38.720170Z[0m [32m INFO[0m [2mwgpu_hal::vulkan::instance[0m[2m:[0m GENERAL [Loader Message (0x0)]
	      /usr/share/vulkan/icd.d/gfxstream_vk_icd.json
[2m2026-08-01T10:22:38.720174Z[0m [32m INFO[0m [2mwgpu_hal::vulkan::instance[0m[2m:[0m GENERAL [Loader Message (0x0)]
	   Found the following files:
[2m2026-08-01T10:22:38.720176Z[0m [32m INFO[0m [2mwgpu_hal::vulkan::instance[0m[2m:[0m 	objects: (type: INSTANCE, hndl: 0xb6d702693680, name: ?)
[2m2026-08-01T10:22:38.720181Z[0m [32m INFO[0m [2mwgpu_hal::vulkan::instance[0m[2m:[0m 	objects: (type: INSTANCE, hndl: 0xab14e8823660, name: ?)
[2m2026-08-01T10:22:38.720182Z[0m [32m INFO[0m [2mwgpu_hal::vulkan::instance[0m[2m:[0m GENERAL [Loader Message (0x0)]
	      /usr/share/vulkan/icd.d/virtio_icd.json
[2m2026-08-01T10:22:38.720187Z[0m [32m INFO[0m [2mwgpu_hal::vulkan::instance[0m[2m:[0m GENERAL [Loader Message (0x0)]
	      /usr/share/vulkan/icd.d/nouveau_icd.json
[2m2026-08-01T10:22:38.720189Z[0m [32m INFO[0m [2mwgpu_hal::vulkan::instance[0m[2m:[0m 	objects: (type: INSTANCE, hndl: 0xb6d702693680, name: ?)
[2m2026-08-01T10:22:38.720194Z[0m [32m INFO[0m [2mwgpu_hal::vulkan::instance[0m[2m:[0m 	objects: (type: INSTANCE, hndl: 0xab14e8823660, name: ?)
[2m2026-08-01T10:22:38.720195Z[0m [32m INFO[0m [2mwgpu_hal::vulkan::instance[0m[2m:[0m GENERAL [Loader Message (0x0)]
	      /usr/share/vulkan/icd.d/asahi_icd.json
[2m2026-08-01T10:22:38.720200Z[0m [32m INFO[0m [2mwgpu_hal::vulkan::instance[0m[2m:[0m GENERAL [Loader Message (0x0)]
	      /usr/share/vulkan/icd.d/broadcom_icd.json
[2m2026-08-01T10:22:38.720201Z[0m [32m INFO[0m [2mwgpu_hal::vulkan::instance[0m[2m:[0m 	objects: (type: INSTANCE, hndl: 0xb6d702693680, name: ?)
[2m2026-08-01T10:22:38.720207Z[0m [32m INFO[0m [2mwgpu_hal::vulkan::instance[0m[2m:[0m 	objects: (type: INSTANCE, hndl: 0xab14e8823660, name: ?)
[2m2026-08-01T10:22:38.720208Z[0m [32m INFO[0m [2mwgpu_hal::vulkan::instance[0m[2m:[0m GENERAL [Loader Message (0x0)]
	      /usr/share/vulkan/icd.d/lvp_icd.json
[2m2026-08-01T10:22:38.720213Z[0m [32m INFO[0m [2mwgpu_hal::vulkan::instance[0m[2m:[0m GENERAL [Loader Message (0x0)]
	      /usr/share/vulkan/icd.d/panfrost_icd.json
[2m2026-08-01T10:22:38.720215Z[0m [32m INFO[0m [2mwgpu_hal::vulkan::instance[0m[2m:[0m 	objects: (type: INSTANCE, hndl: 0xb6d702693680, name: ?)
[2m2026-08-01T10:22:38.720279Z[0m [32m INFO[0m [2mwgpu_hal::vulkan::instance[0m[2m:[0m GENERAL [Loader Message (0x0)]
	      /usr/share/vulkan/icd.d/intel_icd.json
[2m2026-08-01T10:22:38.720294Z[0m [32m INFO[0m [2mwgpu_hal::vulkan::instance[0m[2m:[0m 	objects: (type: INSTANCE, hndl: 0xb6d702693680, name: ?)
[2m2026-08-01T10:22:38.720300Z[0m [32m INFO[0m [2mwgpu_hal::vulkan::instance[0m[2m:[0m GENERAL [Loader Message (0x0)]
	      /usr/share/vulkan/icd.d/powervr_mesa_icd.json
[2m2026-08-01T10:22:38.720223Z[0m [32m INFO[0m [2mwgpu_hal::vulkan::instance[0m[2m:[0m 	objects: (type: INSTANCE, hndl: 0xab14e8823660, name: ?)
[2m2026-08-01T10:22:38.720306Z[0m [32m INFO[0m [2mwgpu_hal::vulkan::instance[0m[2m:[0m 	objects: (type: INSTANCE, hndl: 0xb6d702693680, name: ?)
[2m2026-08-01T10:22:38.720311Z[0m [32m INFO[0m [2mwgpu_hal::vulkan::instance[0m[2m:[0m GENERAL [Loader Message (0x0)]
	      /usr/share/vulkan/icd.d/freedreno_icd.json
[2m2026-08-01T10:22:38.720312Z[0m [32m INFO[0m [2mwgpu_hal::vulkan::instance[0m[2m:[0m GENERAL [Loader Message (0x0)]
	      /usr/share/vulkan/icd.d/radeon_icd.json
[2m2026-08-01T10:22:38.720318Z[0m [32m INFO[0m [2mwgpu_hal::vulkan::instance[0m[2m:[0m 	objects: (type: INSTANCE, hndl: 0xb6d702693680, name: ?)
[2m2026-08-01T10:22:38.720319Z[0m [32m INFO[0m [2mwgpu_hal::vulkan::instance[0m[2m:[0m 	objects: (type: INSTANCE, hndl: 0xab14e8823660, name: ?)
[2m2026-08-01T10:22:38.720325Z[0m [32m INFO[0m [2mwgpu_hal::vulkan::instance[0m[2m:[0m GENERAL [Loader Message (0x0)]
	      /usr/share/vulkan/icd.d/gfxstream_vk_icd.json
[2m2026-08-01T10:22:38.720329Z[0m [32m INFO[0m [2mwgpu_hal::vulkan::instance[0m[2m:[0m GENERAL [Loader Message (0x0)]
	Found ICD manifest file /usr/share/vulkan/icd.d/nouveau_icd.json, version 1.0.1
[2m2026-08-01T10:22:38.720332Z[0m [32m INFO[0m [2mwgpu_hal::vulkan::instance[0m[2m:[0m 	objects: (type: INSTANCE, hndl: 0xab14e8823660, name: ?)
[2m2026-08-01T10:22:38.720336Z[0m [32m INFO[0m [2mwgpu_hal::vulkan::instance[0m[2m:[0m 	objects: (type: INSTANCE, hndl: 0xb6d702693680, name: ?)
[2m2026-08-01T10:22:38.720338Z[0m [32m INFO[0m [2mwgpu_hal::vulkan::instance[0m[2m:[0m GENERAL [Loader Message (0x0)]
	      /usr/share/vulkan/icd.d/virtio_icd.json
[2m2026-08-01T10:22:38.720344Z[0m [32m INFO[0m [2mwgpu_hal::vulkan::instance[0m[2m:[0m 	objects: (type: INSTANCE, hndl: 0xab14e8823660, name: ?)
[2m2026-08-01T10:22:38.720350Z[0m [32m INFO[0m [2mwgpu_hal::vulkan::instance[0m[2m:[0m GENERAL [Loader Message (0x0)]
	      /usr/share/vulkan/icd.d/asahi_icd.json
[2m2026-08-01T10:22:38.720357Z[0m [32m INFO[0m [2mwgpu_hal::vulkan::instance[0m[2m:[0m 	objects: (type: INSTANCE, hndl: 0xab14e8823660, name: ?)
[2m2026-08-01T10:22:38.720362Z[0m [32m INFO[0m [2mwgpu_hal::vulkan::instance[0m[2m:[0m GENERAL [Loader Message (0x0)]
	      /usr/share/vulkan/icd.d/lvp_icd.json
[2m2026-08-01T10:22:38.720369Z[0m [32m INFO[0m [2mwgpu_hal::vulkan::instance[0m[2m:[0m 	objects: (type: INSTANCE, hndl: 0xab14e8823660, name: ?)
[2m2026-08-01T10:22:38.720371Z[0m [32m INFO[0m [2mwgpu_hal::vulkan::instance[0m[2m:[0m GENERAL [Loader Message (0x0)]
	Found ICD manifest file /usr/share/vulkan/icd.d/broadcom_icd.json, version 1.0.1
[2m2026-08-01T10:22:38.720375Z[0m [32m INFO[0m [2mwgpu_hal::vulkan::instance[0m[2m:[0m GENERAL [Loader Message (0x0)]
	      /usr/share/vulkan/icd.d/intel_icd.json
[2m2026-08-01T10:22:38.720379Z[0m [32m INFO[0m [2mwgpu_hal::vulkan::instance[0m[2m:[0m 	objects: (type: INSTANCE, hndl: 0xb6d702693680, name: ?)
[2m2026-08-01T10:22:38.720381Z[0m [32m INFO[0m [2mwgpu_hal::vulkan::instance[0m[2m:[0m 	objects: (type: INSTANCE, hndl: 0xab14e8823660, name: ?)
[2m2026-08-01T10:22:38.720390Z[0m [32m INFO[0m [2mwgpu_hal::vulkan::instance[0m[2m:[0m GENERAL [Loader Message (0x0)]
	      /usr/share/vulkan/icd.d/powervr_mesa_icd.json
[2m2026-08-01T10:22:38.720394Z[0m [32m INFO[0m [2mwgpu_hal::vulkan::instance[0m[2m:[0m GENERAL [Loader Message (0x0)]
	Found ICD manifest file /usr/share/vulkan/icd.d/panfrost_icd.json, version 1.0.1
[2m2026-08-01T10:22:38.720397Z[0m [32m INFO[0m [2mwgpu_hal::vulkan::instance[0m[2m:[0m 	objects: (type: INSTANCE, hndl: 0xab14e8823660, name: ?)
[2m2026-08-01T10:22:38.720401Z[0m [32m INFO[0m [2mwgpu_hal::vulkan::instance[0m[2m:[0m 	objects: (type: INSTANCE, hndl: 0xb6d702693680, name: ?)
[2m2026-08-01T10:22:38.720403Z[0m [32m INFO[0m [2mwgpu_hal::vulkan::instance[0m[2m:[0m GENERAL [Loader Message (0x0)]
	      /usr/share/vulkan/icd.d/radeon_icd.json
[2m2026-08-01T10:22:38.720410Z[0m [32m INFO[0m [2mwgpu_hal::vulkan::instance[0m[2m:[0m 	objects: (type: INSTANCE, hndl: 0xab14e8823660, name: ?)
[2m2026-08-01T10:22:38.720415Z[0m [32m INFO[0m [2mwgpu_hal::vulkan::instance[0m[2m:[0m GENERAL [Loader Message (0x0)]
	Found ICD manifest file /usr/share/vulkan/icd.d/freedreno_icd.json, version 1.0.1
[2m2026-08-01T10:22:38.720422Z[0m [32m INFO[0m [2mwgpu_hal::vulkan::instance[0m[2m:[0m 	objects: (type: INSTANCE, hndl: 0xb6d702693680, name: ?)
[2m2026-08-01T10:22:38.720421Z[0m [32m INFO[0m [2mwgpu_hal::vulkan::instance[0m[2m:[0m GENERAL [Loader Message (0x0)]
	Found ICD manifest file /usr/share/vulkan/icd.d/nouveau_icd.json, version 1.0.1
[2m2026-08-01T10:22:38.720429Z[0m [32m INFO[0m [2mwgpu_hal::vulkan::instance[0m[2m:[0m 	objects: (type: INSTANCE, hndl: 0xab14e8823660, name: ?)
[2m2026-08-01T10:22:38.720436Z[0m [32m INFO[0m [2mwgpu_hal::vulkan::instance[0m[2m:[0m GENERAL [Loader Message (0x0)]
	Found ICD manifest file /usr/share/vulkan/icd.d/gfxstream_vk_icd.json, version 1.0.1
[2m2026-08-01T10:22:38.720443Z[0m [32m INFO[0m [2mwgpu_hal::vulkan::instance[0m[2m:[0m 	objects: (type: INSTANCE, hndl: 0xb6d702693680, name: ?)
[2m2026-08-01T10:22:38.720462Z[0m [32m INFO[0m [2mwgpu_hal::vulkan::instance[0m[2m:[0m GENERAL [Loader Message (0x0)]
	Found ICD manifest file /usr/share/vulkan/icd.d/broadcom_icd.json, version 1.0.1
[2m2026-08-01T10:22:38.720463Z[0m [32m INFO[0m [2mwgpu_hal::vulkan::instance[0m[2m:[0m GENERAL [Loader Message (0x0)]
	Found ICD manifest file /usr/share/vulkan/icd.d/virtio_icd.json, version 1.0.1
[2m2026-08-01T10:22:38.720470Z[0m [32m INFO[0m [2mwgpu_hal::vulkan::instance[0m[2m:[0m 	objects: (type: INSTANCE, hndl: 0xab14e8823660, name: ?)
[2m2026-08-01T10:22:38.720472Z[0m [32m INFO[0m [2mwgpu_hal::vulkan::instance[0m[2m:[0m 	objects: (type: INSTANCE, hndl: 0xb6d702693680, name: ?)
[2m2026-08-01T10:22:38.720485Z[0m [32m INFO[0m [2mwgpu_hal::vulkan::instance[0m[2m:[0m GENERAL [Loader Message (0x0)]
	Found ICD manifest file /usr/share/vulkan/icd.d/panfrost_icd.json, version 1.0.1
[2m2026-08-01T10:22:38.720486Z[0m [32m INFO[0m [2mwgpu_hal::vulkan::instance[0m[2m:[0m GENERAL [Loader Message (0x0)]
	Found ICD manifest file /usr/share/vulkan/icd.d/asahi_icd.json, version 1.0.1
[2m2026-08-01T10:22:38.720493Z[0m [32m INFO[0m [2mwgpu_hal::vulkan::instance[0m[2m:[0m 	objects: (type: INSTANCE, hndl: 0xab14e8823660, name: ?)
[2m2026-08-01T10:22:38.720494Z[0m [32m INFO[0m [2mwgpu_hal::vulkan::instance[0m[2m:[0m 	objects: (type: INSTANCE, hndl: 0xb6d702693680, name: ?)
[2m2026-08-01T10:22:38.720506Z[0m [32m INFO[0m [2mwgpu_hal::vulkan::instance[0m[2m:[0m GENERAL [Loader Message (0x0)]
	Found ICD manifest file /usr/share/vulkan/icd.d/freedreno_icd.json, version 1.0.1
[2m2026-08-01T10:22:38.720513Z[0m [32m INFO[0m [2mwgpu_hal::vulkan::instance[0m[2m:[0m 	objects: (type: INSTANCE, hndl: 0xab14e8823660, name: ?)
[2m2026-08-01T10:22:38.720518Z[0m [32m INFO[0m [2mwgpu_hal::vulkan::instance[0m[2m:[0m GENERAL [Loader Message (0x0)]
	Found ICD manifest file /usr/share/vulkan/icd.d/lvp_icd.json, version 1.0.1
[2m2026-08-01T10:22:38.720525Z[0m [32m INFO[0m [2mwgpu_hal::vulkan::instance[0m[2m:[0m GENERAL [Loader Message (0x0)]
	Found ICD manifest file /usr/share/vulkan/icd.d/gfxstream_vk_icd.json, version 1.0.1
[2m2026-08-01T10:22:38.720527Z[0m [32m INFO[0m [2mwgpu_hal::vulkan::instance[0m[2m:[0m 	objects: (type: INSTANCE, hndl: 0xb6d702693680, name: ?)
[2m2026-08-01T10:22:38.720532Z[0m [32m INFO[0m [2mwgpu_hal::vulkan::instance[0m[2m:[0m 	objects: (type: INSTANCE, hndl: 0xab14e8823660, name: ?)
[2m2026-08-01T10:22:38.720543Z[0m [32m INFO[0m [2mwgpu_hal::vulkan::instance[0m[2m:[0m GENERAL [Loader Message (0x0)]
	Found ICD manifest file /usr/share/vulkan/icd.d/intel_icd.json, version 1.0.1
[2m2026-08-01T10:22:38.720545Z[0m [32m INFO[0m [2mwgpu_hal::vulkan::instance[0m[2m:[0m GENERAL [Loader Message (0x0)]
	Found ICD manifest file /usr/share/vulkan/icd.d/virtio_icd.json, version 1.0.1
[2m2026-08-01T10:22:38.720550Z[0m [32m INFO[0m [2mwgpu_hal::vulkan::instance[0m[2m:[0m 	objects: (type: INSTANCE, hndl: 0xb6d702693680, name: ?)
[2m2026-08-01T10:22:38.720552Z[0m [32m INFO[0m [2mwgpu_hal::vulkan::instance[0m[2m:[0m 	objects: (type: INSTANCE, hndl: 0xab14e8823660, name: ?)
[2m2026-08-01T10:22:38.720564Z[0m [32m INFO[0m [2mwgpu_hal::vulkan::instance[0m[2m:[0m GENERAL [Loader Message (0x0)]
	Found ICD manifest file /usr/share/vulkan/icd.d/powervr_mesa_icd.json, version 1.0.1
[2m2026-08-01T10:22:38.720565Z[0m [32m INFO[0m [2mwgpu_hal::vulkan::instance[0m[2m:[0m GENERAL [Loader Message (0x0)]
	Found ICD manifest file /usr/share/vulkan/icd.d/asahi_icd.json, version 1.0.1
[2m2026-08-01T10:22:38.720571Z[0m [32m INFO[0m [2mwgpu_hal::vulkan::instance[0m[2m:[0m 	objects: (type: INSTANCE, hndl: 0xb6d702693680, name: ?)
[2m2026-08-01T10:22:38.720572Z[0m [32m INFO[0m [2mwgpu_hal::vulkan::instance[0m[2m:[0m 	objects: (type: INSTANCE, hndl: 0xab14e8823660, name: ?)
[2m2026-08-01T10:22:38.720585Z[0m [32m INFO[0m [2mwgpu_hal::vulkan::instance[0m[2m:[0m GENERAL [Loader Message (0x0)]
	Found ICD manifest file /usr/share/vulkan/icd.d/radeon_icd.json, version 1.0.1
[2m2026-08-01T10:22:38.720586Z[0m [32m INFO[0m [2mwgpu_hal::vulkan::instance[0m[2m:[0m GENERAL [Loader Message (0x0)]
	Found ICD manifest file /usr/share/vulkan/icd.d/lvp_icd.json, version 1.0.1
[2m2026-08-01T10:22:38.720592Z[0m [32m INFO[0m [2mwgpu_hal::vulkan::instance[0m[2m:[0m 	objects: (type: INSTANCE, hndl: 0xb6d702693680, name: ?)
[2m2026-08-01T10:22:38.720593Z[0m [32m INFO[0m [2mwgpu_hal::vulkan::instance[0m[2m:[0m 	objects: (type: INSTANCE, hndl: 0xab14e8823660, name: ?)
[2m2026-08-01T10:22:38.720624Z[0m [32m INFO[0m [2mwgpu_hal::vulkan::instance[0m[2m:[0m GENERAL [Loader Message (0x0)]
	Found ICD manifest file /usr/share/vulkan/icd.d/intel_icd.json, version 1.0.1
[2m2026-08-01T10:22:38.720642Z[0m [32m INFO[0m [2mwgpu_hal::vulkan::instance[0m[2m:[0m 	objects: (type: INSTANCE, hndl: 0xab14e8823660, name: ?)
[2m2026-08-01T10:22:38.720677Z[0m [32m INFO[0m [2mwgpu_hal::vulkan::instance[0m[2m:[0m GENERAL [Loader Message (0x0)]
	Found ICD manifest file /usr/share/vulkan/icd.d/powervr_mesa_icd.json, version 1.0.1
[2m2026-08-01T10:22:38.720687Z[0m [32m INFO[0m [2mwgpu_hal::vulkan::instance[0m[2m:[0m 	objects: (type: INSTANCE, hndl: 0xab14e8823660, name: ?)
[2m2026-08-01T10:22:38.720712Z[0m [32m INFO[0m [2mwgpu_hal::vulkan::instance[0m[2m:[0m GENERAL [Loader Message (0x0)]
	Found ICD manifest file /usr/share/vulkan/icd.d/radeon_icd.json, version 1.0.1
[2m2026-08-01T10:22:38.720727Z[0m [32m INFO[0m [2mwgpu_hal::vulkan::instance[0m[2m:[0m 	objects: (type: INSTANCE, hndl: 0xab14e8823660, name: ?)
[2m2026-08-01T10:22:38.722369Z[0m [32m INFO[0m [2mwgpu_hal::vulkan::instance[0m[2m:[0m GENERAL [Loader Message (0x0)]
	Insert instance layer "VK_LAYER_MESA_device_select" (/usr/lib/aarch64-linux-gnu/libVkLayer_MESA_device_select.so)
[2m2026-08-01T10:22:38.722384Z[0m [32m INFO[0m [2mwgpu_hal::vulkan::instance[0m[2m:[0m GENERAL [Loader Message (0x0)]
	Insert instance layer "VK_LAYER_MESA_device_select" (/usr/lib/aarch64-linux-gnu/libVkLayer_MESA_device_select.so)
[2m2026-08-01T10:22:38.722397Z[0m [32m INFO[0m [2mwgpu_hal::vulkan::instance[0m[2m:[0m 	objects: (type: INSTANCE, hndl: 0xb6d702693680, name: ?)
[2m2026-08-01T10:22:38.722404Z[0m [32m INFO[0m [2mwgpu_hal::vulkan::instance[0m[2m:[0m 	objects: (type: INSTANCE, hndl: 0xab14e8823660, name: ?)
[2m2026-08-01T10:22:38.722410Z[0m [32m INFO[0m [2mwgpu_hal::vulkan::instance[0m[2m:[0m GENERAL [Loader Message (0x0)]
	vkCreateInstance layer callstack setup to:
[2m2026-08-01T10:22:38.722414Z[0m [32m INFO[0m [2mwgpu_hal::vulkan::instance[0m[2m:[0m GENERAL [Loader Message (0x0)]
	vkCreateInstance layer callstack setup to:
[2m2026-08-01T10:22:38.722418Z[0m [32m INFO[0m [2mwgpu_hal::vulkan::instance[0m[2m:[0m 	objects: (type: INSTANCE, hndl: 0xb6d702693680, name: ?)
[2m2026-08-01T10:22:38.722421Z[0m [32m INFO[0m [2mwgpu_hal::vulkan::instance[0m[2m:[0m 	objects: (type: INSTANCE, hndl: 0xab14e8823660, name: ?)
[2m2026-08-01T10:22:38.722424Z[0m [32m INFO[0m [2mwgpu_hal::vulkan::instance[0m[2m:[0m GENERAL [Loader Message (0x0)]
	   <Application>
[2m2026-08-01T10:22:38.722427Z[0m [32m INFO[0m [2mwgpu_hal::vulkan::instance[0m[2m:[0m GENERAL [Loader Message (0x0)]
	   <Application>
[2m2026-08-01T10:22:38.722430Z[0m [32m INFO[0m [2mwgpu_hal::vulkan::instance[0m[2m:[0m 	objects: (type: INSTANCE, hndl: 0xb6d702693680, name: ?)
[2m2026-08-01T10:22:38.722433Z[0m [32m INFO[0m [2mwgpu_hal::vulkan::instance[0m[2m:[0m 	objects: (type: INSTANCE, hndl: 0xab14e8823660, name: ?)
[2m2026-08-01T10:22:38.722436Z[0m [32m INFO[0m [2mwgpu_hal::vulkan::instance[0m[2m:[0m GENERAL [Loader Message (0x0)]
	     ||
[2m2026-08-01T10:22:38.722438Z[0m [32m INFO[0m [2mwgpu_hal::vulkan::instance[0m[2m:[0m GENERAL [Loader Message (0x0)]
	     ||
[2m2026-08-01T10:22:38.722441Z[0m [32m INFO[0m [2mwgpu_hal::vulkan::instance[0m[2m:[0m 	objects: (type: INSTANCE, hndl: 0xb6d702693680, name: ?)
[2m2026-08-01T10:22:38.722444Z[0m [32m INFO[0m [2mwgpu_hal::vulkan::instance[0m[2m:[0m 	objects: (type: INSTANCE, hndl: 0xab14e8823660, name: ?)
[2m2026-08-01T10:22:38.722453Z[0m [32m INFO[0m [2mwgpu_hal::vulkan::instance[0m[2m:[0m GENERAL [Loader Message (0x0)]
	   <Loader>
[2m2026-08-01T10:22:38.722455Z[0m [32m INFO[0m [2mwgpu_hal::vulkan::instance[0m[2m:[0m GENERAL [Loader Message (0x0)]
	   <Loader>
[2m2026-08-01T10:22:38.722461Z[0m [32m INFO[0m [2mwgpu_hal::vulkan::instance[0m[2m:[0m 	objects: (type: INSTANCE, hndl: 0xb6d702693680, name: ?)
[2m2026-08-01T10:22:38.722462Z[0m [32m INFO[0m [2mwgpu_hal::vulkan::instance[0m[2m:[0m 	objects: (type: INSTANCE, hndl: 0xab14e8823660, name: ?)
[2m2026-08-01T10:22:38.722467Z[0m [32m INFO[0m [2mwgpu_hal::vulkan::instance[0m[2m:[0m GENERAL [Loader Message (0x0)]
	     ||
[2m2026-08-01T10:22:38.722468Z[0m [32m INFO[0m [2mwgpu_hal::vulkan::instance[0m[2m:[0m GENERAL [Loader Message (0x0)]
	     ||
[2m2026-08-01T10:22:38.722478Z[0m [32m INFO[0m [2mwgpu_hal::vulkan::instance[0m[2m:[0m 	objects: (type: INSTANCE, hndl: 0xb6d702693680, name: ?)
[2m2026-08-01T10:22:38.722479Z[0m [32m INFO[0m [2mwgpu_hal::vulkan::instance[0m[2m:[0m 	objects: (type: INSTANCE, hndl: 0xab14e8823660, name: ?)
[2m2026-08-01T10:22:38.722485Z[0m [32m INFO[0m [2mwgpu_hal::vulkan::instance[0m[2m:[0m GENERAL [Loader Message (0x0)]
	   VK_LAYER_MESA_device_select
[2m2026-08-01T10:22:38.722485Z[0m [32m INFO[0m [2mwgpu_hal::vulkan::instance[0m[2m:[0m GENERAL [Loader Message (0x0)]
	   VK_LAYER_MESA_device_select
[2m2026-08-01T10:22:38.722497Z[0m [32m INFO[0m [2mwgpu_hal::vulkan::instance[0m[2m:[0m 	objects: (type: INSTANCE, hndl: 0xb6d702693680, name: ?)
[2m2026-08-01T10:22:38.722498Z[0m [32m INFO[0m [2mwgpu_hal::vulkan::instance[0m[2m:[0m 	objects: (type: INSTANCE, hndl: 0xab14e8823660, name: ?)
[2m2026-08-01T10:22:38.722505Z[0m [32m INFO[0m [2mwgpu_hal::vulkan::instance[0m[2m:[0m GENERAL [Loader Message (0x0)]
	           Type: Implicit
[2m2026-08-01T10:22:38.722514Z[0m [32m INFO[0m [2mwgpu_hal::vulkan::instance[0m[2m:[0m 	objects: (type: INSTANCE, hndl: 0xb6d702693680, name: ?)
[2m2026-08-01T10:22:38.722515Z[0m [32m INFO[0m [2mwgpu_hal::vulkan::instance[0m[2m:[0m GENERAL [Loader Message (0x0)]
	           Type: Implicit
[2m2026-08-01T10:22:38.722520Z[0m [32m INFO[0m [2mwgpu_hal::vulkan::instance[0m[2m:[0m GENERAL [Loader Message (0x0)]
	           Enabled By: Implicit Layer
[2m2026-08-01T10:22:38.722521Z[0m [32m INFO[0m [2mwgpu_hal::vulkan::instance[0m[2m:[0m 	objects: (type: INSTANCE, hndl: 0xab14e8823660, name: ?)
[2m2026-08-01T10:22:38.722530Z[0m [32m INFO[0m [2mwgpu_hal::vulkan::instance[0m[2m:[0m 	objects: (type: INSTANCE, hndl: 0xb6d702693680, name: ?)
[2m2026-08-01T10:22:38.722531Z[0m [32m INFO[0m [2mwgpu_hal::vulkan::instance[0m[2m:[0m GENERAL [Loader Message (0x0)]
	           Enabled By: Implicit Layer
[2m2026-08-01T10:22:38.722538Z[0m [32m INFO[0m [2mwgpu_hal::vulkan::instance[0m[2m:[0m GENERAL [Loader Message (0x0)]
	               Disable Env Var:  NODEVICE_SELECT
[2m2026-08-01T10:22:38.722540Z[0m [32m INFO[0m [2mwgpu_hal::vulkan::instance[0m[2m:[0m 	objects: (type: INSTANCE, hndl: 0xab14e8823660, name: ?)
[2m2026-08-01T10:22:38.722547Z[0m [32m INFO[0m [2mwgpu_hal::vulkan::instance[0m[2m:[0m 	objects: (type: INSTANCE, hndl: 0xb6d702693680, name: ?)
[2m2026-08-01T10:22:38.722548Z[0m [32m INFO[0m [2mwgpu_hal::vulkan::instance[0m[2m:[0m GENERAL [Loader Message (0x0)]
	               Disable Env Var:  NODEVICE_SELECT
[2m2026-08-01T10:22:38.722554Z[0m [32m INFO[0m [2mwgpu_hal::vulkan::instance[0m[2m:[0m 	objects: (type: INSTANCE, hndl: 0xab14e8823660, name: ?)
[2m2026-08-01T10:22:38.722553Z[0m [32m INFO[0m [2mwgpu_hal::vulkan::instance[0m[2m:[0m GENERAL [Loader Message (0x0)]
	           Manifest: /usr/share/vulkan/implicit_layer.d/VkLayer_MESA_device_select.json
[2m2026-08-01T10:22:38.722560Z[0m [32m INFO[0m [2mwgpu_hal::vulkan::instance[0m[2m:[0m 	objects: (type: INSTANCE, hndl: 0xb6d702693680, name: ?)
[2m2026-08-01T10:22:38.722560Z[0m [32m INFO[0m [2mwgpu_hal::vulkan::instance[0m[2m:[0m GENERAL [Loader Message (0x0)]
	           Manifest: /usr/share/vulkan/implicit_layer.d/VkLayer_MESA_device_select.json
[2m2026-08-01T10:22:38.722566Z[0m [32m INFO[0m [2mwgpu_hal::vulkan::instance[0m[2m:[0m GENERAL [Loader Message (0x0)]
	           Library:  /usr/lib/aarch64-linux-gnu/libVkLayer_MESA_device_select.so
[2m2026-08-01T10:22:38.722568Z[0m [32m INFO[0m [2mwgpu_hal::vulkan::instance[0m[2m:[0m 	objects: (type: INSTANCE, hndl: 0xab14e8823660, name: ?)
[2m2026-08-01T10:22:38.722573Z[0m [32m INFO[0m [2mwgpu_hal::vulkan::instance[0m[2m:[0m 	objects: (type: INSTANCE, hndl: 0xb6d702693680, name: ?)
[2m2026-08-01T10:22:38.722574Z[0m [32m INFO[0m [2mwgpu_hal::vulkan::instance[0m[2m:[0m GENERAL [Loader Message (0x0)]
	           Library:  /usr/lib/aarch64-linux-gnu/libVkLayer_MESA_device_select.so
[2m2026-08-01T10:22:38.722578Z[0m [32m INFO[0m [2mwgpu_hal::vulkan::instance[0m[2m:[0m GENERAL [Loader Message (0x0)]
	     ||
[2m2026-08-01T10:22:38.722580Z[0m [32m INFO[0m [2mwgpu_hal::vulkan::instance[0m[2m:[0m 	objects: (type: INSTANCE, hndl: 0xab14e8823660, name: ?)
[2m2026-08-01T10:22:38.722584Z[0m [32m INFO[0m [2mwgpu_hal::vulkan::instance[0m[2m:[0m 	objects: (type: INSTANCE, hndl: 0xb6d702693680, name: ?)
[2m2026-08-01T10:22:38.722586Z[0m [32m INFO[0m [2mwgpu_hal::vulkan::instance[0m[2m:[0m GENERAL [Loader Message (0x0)]
	     ||
[2m2026-08-01T10:22:38.722590Z[0m [32m INFO[0m [2mwgpu_hal::vulkan::instance[0m[2m:[0m GENERAL [Loader Message (0x0)]
	   <Drivers>
[2m2026-08-01T10:22:38.722592Z[0m [32m INFO[0m [2mwgpu_hal::vulkan::instance[0m[2m:[0m 	objects: (type: INSTANCE, hndl: 0xab14e8823660, name: ?)
[2m2026-08-01T10:22:38.722595Z[0m [32m INFO[0m [2mwgpu_hal::vulkan::instance[0m[2m:[0m 	objects: (type: INSTANCE, hndl: 0xb6d702693680, name: ?)
[2m2026-08-01T10:22:38.722597Z[0m [32m INFO[0m [2mwgpu_hal::vulkan::instance[0m[2m:[0m GENERAL [Loader Message (0x0)]
	   <Drivers>
[2m2026-08-01T10:22:38.722605Z[0m [32m INFO[0m [2mwgpu_hal::vulkan::instance[0m[2m:[0m 	objects: (type: INSTANCE, hndl: 0xab14e8823660, name: ?)
[2m2026-08-01T10:22:38.731995Z[0m [32m INFO[0m [2mwgpu_hal::vulkan::instance[0m[2m:[0m Enabling debug utils
[2m2026-08-01T10:22:38.732016Z[0m [32m INFO[0m [2mwgpu_hal::vulkan::instance[0m[2m:[0m Enabling debug utils
[slopos-compositor/drm] client connected
[slopos-compositor/drm] client connected
[slopos-compositor/drm] client disconnected
[slopos-compositor/drm] client disconnected
[2m2026-08-01T10:22:38.736915Z[0m [32m INFO[0m [2mwgpu_hal::gles::egl[0m[2m:[0m Using Wayland platform
[2m2026-08-01T10:22:38.736916Z[0m [32m INFO[0m [2mwgpu_hal::gles::egl[0m[2m:[0m Using Wayland platform
[slopos-compositor/drm] client connected
[slopos-compositor/drm] client connected
libEGL warning: failed to get driver name for fd -1

libEGL warning: failed to get driver name for fd -1

libEGL warning: MESA-LOADER: failed to retrieve device information

libEGL warning: failed to get driver name for fd -1

[2m2026-08-01T10:22:38.738968Z[0m [31mERROR[0m [2mwgpu_hal::gles::egl[0m[2m:[0m EGL 'eglInitialize' code 0x3003: DRI2: failed to get driver name
libEGL warning: MESA-LOADER: failed to retrieve device information

libEGL warning: failed to get driver name for fd -1

[2m2026-08-01T10:22:38.739008Z[0m [31mERROR[0m [2mwgpu_hal::gles::egl[0m[2m:[0m EGL 'eglInitialize' code 0x3003: DRI2: failed to get driver name
[slopos-compositor/drm] client disconnected
[slopos-compositor/drm] client disconnected
[slopos-compositor/drm] client connected
[slopos-compositor/drm] client connected
[slopos-compositor/drm] client connected
[slopos-compositor/drm] client connected
[slopos-compositor/drm] client disconnected
[slopos-compositor/drm] client disconnected
MESA: error: ZINK: failed to choose pdev
MESA: error: ZINK: failed to choose pdev
libEGL warning: egl: failed to create dri2 screen
libEGL warning: egl: failed to create dri2 screen
[slopos-compositor/drm] client disconnected
[slopos-compositor/drm] client disconnected
[slopos-compositor/drm] client connected
[slopos-compositor/drm] client connected
[2m2026-08-01T10:22:38.798970Z[0m [33m WARN[0m [2mwgpu_hal::gles::egl[0m[2m:[0m Re-initializing Gles context due to Wayland window
[2m2026-08-01T10:22:38.799016Z[0m [33m WARN[0m [2mwgpu_hal::gles::egl[0m[2m:[0m Re-initializing Gles context due to Wayland window
libEGL warning: failed to get driver name for fd -1

libEGL warning: failed to get driver name for fd -1

libEGL warning: MESA-LOADER: failed to retrieve device information

libEGL warning: failed to get driver name for fd -1

[2m2026-08-01T10:22:38.801464Z[0m [31mERROR[0m [2mwgpu_hal::gles::egl[0m[2m:[0m EGL 'eglInitialize' code 0x3003: DRI2: failed to get driver name
libEGL warning: MESA-LOADER: failed to retrieve device information

libEGL warning: failed to get driver name for fd -1

[2m2026-08-01T10:22:38.801520Z[0m [31mERROR[0m [2mwgpu_hal::gles::egl[0m[2m:[0m EGL 'eglInitialize' code 0x3003: DRI2: failed to get driver name
[slopos-compositor/drm] client connected
[slopos-compositor/drm] client connected
[slopos-compositor/drm] client disconnected
MESA: error: ZINK: failed to choose pdev
[slopos-compositor/drm] client disconnected
MESA: error: ZINK: failed to choose pdev
libEGL warning: egl: failed to create dri2 screen
libEGL warning: egl: failed to create dri2 screen
[slopos-compositor/drm] client disconnected
[slopos-compositor/drm] client disconnected
[2m2026-08-01T10:22:38.904744Z[0m [32m INFO[0m [2mwgpu_hal::vulkan::instance[0m[2m:[0m GENERAL [Loader Message (0x0)]
	linux_read_sorted_physical_devices:
[2m2026-08-01T10:22:38.904812Z[0m [32m INFO[0m [2mwgpu_hal::vulkan::instance[0m[2m:[0m 	objects: (type: INSTANCE, hndl: 0xab14e8823660, name: ?)
[2m2026-08-01T10:22:38.904840Z[0m [32m INFO[0m [2mwgpu_hal::vulkan::instance[0m[2m:[0m GENERAL [Loader Message (0x0)]
	     Original order:
[2m2026-08-01T10:22:38.904856Z[0m [32m INFO[0m [2mwgpu_hal::vulkan::instance[0m[2m:[0m 	objects: (type: INSTANCE, hndl: 0xab14e8823660, name: ?)
[2m2026-08-01T10:22:38.904883Z[0m [32m INFO[0m [2mwgpu_hal::vulkan::instance[0m[2m:[0m GENERAL [Loader Message (0x0)]
	           [0] llvmpipe (LLVM 21.1.8, 128 bits)
[2m2026-08-01T10:22:38.904897Z[0m [32m INFO[0m [2mwgpu_hal::vulkan::instance[0m[2m:[0m 	objects: (type: INSTANCE, hndl: 0xab14e8823660, name: ?)
[2m2026-08-01T10:22:38.904905Z[0m [32m INFO[0m [2mwgpu_hal::vulkan::instance[0m[2m:[0m GENERAL [Loader Message (0x0)]
	     Sorted order:
[2m2026-08-01T10:22:38.904911Z[0m [32m INFO[0m [2mwgpu_hal::vulkan::instance[0m[2m:[0m 	objects: (type: INSTANCE, hndl: 0xab14e8823660, name: ?)
[2m2026-08-01T10:22:38.904917Z[0m [32m INFO[0m [2mwgpu_hal::vulkan::instance[0m[2m:[0m GENERAL [Loader Message (0x0)]
	           [0] llvmpipe (LLVM 21.1.8, 128 bits)  
[2m2026-08-01T10:22:38.904925Z[0m [32m INFO[0m [2mwgpu_hal::vulkan::instance[0m[2m:[0m 	objects: (type: INSTANCE, hndl: 0xab14e8823660, name: ?)
[2m2026-08-01T10:22:38.904942Z[0m [32m INFO[0m [2mwgpu_hal::vulkan::instance[0m[2m:[0m GENERAL [Loader Message (0x0)]
	linux_read_sorted_physical_devices:
[2m2026-08-01T10:22:38.904949Z[0m [32m INFO[0m [2mwgpu_hal::vulkan::instance[0m[2m:[0m 	objects: (type: INSTANCE, hndl: 0xab14e8823660, name: ?)
[2m2026-08-01T10:22:38.904963Z[0m [32m INFO[0m [2mwgpu_hal::vulkan::instance[0m[2m:[0m GENERAL [Loader Message (0x0)]
	     Original order:
[2m2026-08-01T10:22:38.904978Z[0m [32m INFO[0m [2mwgpu_hal::vulkan::instance[0m[2m:[0m 	objects: (type: INSTANCE, hndl: 0xab14e8823660, name: ?)
[2m2026-08-01T10:22:38.904997Z[0m [32m INFO[0m [2mwgpu_hal::vulkan::instance[0m[2m:[0m GENERAL [Loader Message (0x0)]
	           [0] llvmpipe (LLVM 21.1.8, 128 bits)
[2m2026-08-01T10:22:38.905010Z[0m [32m INFO[0m [2mwgpu_hal::vulkan::instance[0m[2m:[0m 	objects: (type: INSTANCE, hndl: 0xab14e8823660, name: ?)
[2m2026-08-01T10:22:38.905023Z[0m [32m INFO[0m [2mwgpu_hal::vulkan::instance[0m[2m:[0m GENERAL [Loader Message (0x0)]
	     Sorted order:
[2m2026-08-01T10:22:38.905036Z[0m [32m INFO[0m [2mwgpu_hal::vulkan::instance[0m[2m:[0m 	objects: (type: INSTANCE, hndl: 0xab14e8823660, name: ?)
[2m2026-08-01T10:22:38.905049Z[0m [32m INFO[0m [2mwgpu_hal::vulkan::instance[0m[2m:[0m GENERAL [Loader Message (0x0)]
	           [0] llvmpipe (LLVM 21.1.8, 128 bits)  
[2m2026-08-01T10:22:38.905065Z[0m [32m INFO[0m [2mwgpu_hal::vulkan::instance[0m[2m:[0m 	objects: (type: INSTANCE, hndl: 0xab14e8823660, name: ?)
[slopos-compositor/drm] client connected
[2m2026-08-01T10:22:38.905739Z[0m [32m INFO[0m [2mwgpu_hal::vulkan::instance[0m[2m:[0m GENERAL [Loader Message (0x0)]
	linux_read_sorted_physical_devices:
[2m2026-08-01T10:22:38.905805Z[0m [32m INFO[0m [2mwgpu_hal::vulkan::instance[0m[2m:[0m 	objects: (type: INSTANCE, hndl: 0xb6d702693680, name: ?)
[2m2026-08-01T10:22:38.905824Z[0m [32m INFO[0m [2mwgpu_hal::vulkan::instance[0m[2m:[0m GENERAL [Loader Message (0x0)]
	     Original order:
[2m2026-08-01T10:22:38.905841Z[0m [32m INFO[0m [2mwgpu_hal::vulkan::instance[0m[2m:[0m 	objects: (type: INSTANCE, hndl: 0xb6d702693680, name: ?)
[2m2026-08-01T10:22:38.905862Z[0m [32m INFO[0m [2mwgpu_hal::vulkan::instance[0m[2m:[0m GENERAL [Loader Message (0x0)]
	           [0] llvmpipe (LLVM 21.1.8, 128 bits)
[2m2026-08-01T10:22:38.905880Z[0m [32m INFO[0m [2mwgpu_hal::vulkan::instance[0m[2m:[0m 	objects: (type: INSTANCE, hndl: 0xb6d702693680, name: ?)
[2m2026-08-01T10:22:38.905894Z[0m [32m INFO[0m [2mwgpu_hal::vulkan::instance[0m[2m:[0m GENERAL [Loader Message (0x0)]
	     Sorted order:
[2m2026-08-01T10:22:38.905910Z[0m [32m INFO[0m [2mwgpu_hal::vulkan::instance[0m[2m:[0m 	objects: (type: INSTANCE, hndl: 0xb6d702693680, name: ?)
[2m2026-08-01T10:22:38.905938Z[0m [32m INFO[0m [2mwgpu_hal::vulkan::instance[0m[2m:[0m GENERAL [Loader Message (0x0)]
	           [0] llvmpipe (LLVM 21.1.8, 128 bits)  
[2m2026-08-01T10:22:38.905956Z[0m [32m INFO[0m [2mwgpu_hal::vulkan::instance[0m[2m:[0m 	objects: (type: INSTANCE, hndl: 0xb6d702693680, name: ?)
[2m2026-08-01T10:22:38.905980Z[0m [32m INFO[0m [2mwgpu_hal::vulkan::instance[0m[2m:[0m GENERAL [Loader Message (0x0)]
	linux_read_sorted_physical_devices:
[2m2026-08-01T10:22:38.905996Z[0m [32m INFO[0m [2mwgpu_hal::vulkan::instance[0m[2m:[0m 	objects: (type: INSTANCE, hndl: 0xb6d702693680, name: ?)
[2m2026-08-01T10:22:38.906011Z[0m [32m INFO[0m [2mwgpu_hal::vulkan::instance[0m[2m:[0m GENERAL [Loader Message (0x0)]
	     Original order:
[2m2026-08-01T10:22:38.906027Z[0m [32m INFO[0m [2mwgpu_hal::vulkan::instance[0m[2m:[0m 	objects: (type: INSTANCE, hndl: 0xb6d702693680, name: ?)
[2m2026-08-01T10:22:38.906046Z[0m [32m INFO[0m [2mwgpu_hal::vulkan::instance[0m[2m:[0m GENERAL [Loader Message (0x0)]
	           [0] llvmpipe (LLVM 21.1.8, 128 bits)
[2m2026-08-01T10:22:38.906062Z[0m [32m INFO[0m [2mwgpu_hal::vulkan::instance[0m[2m:[0m 	objects: (type: INSTANCE, hndl: 0xb6d702693680, name: ?)
[2m2026-08-01T10:22:38.906078Z[0m [32m INFO[0m [2mwgpu_hal::vulkan::instance[0m[2m:[0m GENERAL [Loader Message (0x0)]
	     Sorted order:
[2m2026-08-01T10:22:38.906094Z[0m [32m INFO[0m [2mwgpu_hal::vulkan::instance[0m[2m:[0m 	objects: (type: INSTANCE, hndl: 0xb6d702693680, name: ?)
[2m2026-08-01T10:22:38.906108Z[0m [32m INFO[0m [2mwgpu_hal::vulkan::instance[0m[2m:[0m GENERAL [Loader Message (0x0)]
	           [0] llvmpipe (LLVM 21.1.8, 128 bits)  
[2m2026-08-01T10:22:38.906123Z[0m [32m INFO[0m [2mwgpu_hal::vulkan::instance[0m[2m:[0m 	objects: (type: INSTANCE, hndl: 0xb6d702693680, name: ?)
[2m2026-08-01T10:22:38.906216Z[0m [32m INFO[0m [2mwgpu_hal::vulkan::instance[0m[2m:[0m GENERAL [Loader Message (0x0)]
	linux_read_sorted_physical_devices:
[2m2026-08-01T10:22:38.906368Z[0m [32m INFO[0m [2mwgpu_hal::vulkan::instance[0m[2m:[0m 	objects: (type: INSTANCE, hndl: 0xab14e8823660, name: ?)
[2m2026-08-01T10:22:38.906386Z[0m [32m INFO[0m [2mwgpu_hal::vulkan::instance[0m[2m:[0m GENERAL [Loader Message (0x0)]
	     Original order:
[2m2026-08-01T10:22:38.906398Z[0m [32m INFO[0m [2mwgpu_hal::vulkan::instance[0m[2m:[0m 	objects: (type: INSTANCE, hndl: 0xab14e8823660, name: ?)
[2m2026-08-01T10:22:38.906417Z[0m [32m INFO[0m [2mwgpu_hal::vulkan::instance[0m[2m:[0m GENERAL [Loader Message (0x0)]
	           [0] llvmpipe (LLVM 21.1.8, 128 bits)
[2m2026-08-01T10:22:38.906429Z[0m [32m INFO[0m [2mwgpu_hal::vulkan::instance[0m[2m:[0m 	objects: (type: INSTANCE, hndl: 0xab14e8823660, name: ?)
[2m2026-08-01T10:22:38.906436Z[0m [32m INFO[0m [2mwgpu_hal::vulkan::instance[0m[2m:[0m GENERAL [Loader Message (0x0)]
	     Sorted order:
[2m2026-08-01T10:22:38.906442Z[0m [32m INFO[0m [2mwgpu_hal::vulkan::instance[0m[2m:[0m 	objects: (type: INSTANCE, hndl: 0xab14e8823660, name: ?)
[2m2026-08-01T10:22:38.906448Z[0m [32m INFO[0m [2mwgpu_hal::vulkan::instance[0m[2m:[0m GENERAL [Loader Message (0x0)]
	           [0] llvmpipe (LLVM 21.1.8, 128 bits)  
[2m2026-08-01T10:22:38.906460Z[0m [32m INFO[0m [2mwgpu_hal::vulkan::instance[0m[2m:[0m 	objects: (type: INSTANCE, hndl: 0xab14e8823660, name: ?)
[slopos-compositor/drm] client disconnected
[2m2026-08-01T10:22:38.906470Z[0m [32m INFO[0m [2mwgpu_hal::vulkan::instance[0m[2m:[0m GENERAL [Loader Message (0x0)]
	linux_read_sorted_physical_devices:
[2m2026-08-01T10:22:38.906476Z[0m [32m INFO[0m [2mwgpu_hal::vulkan::instance[0m[2m:[0m 	objects: (type: INSTANCE, hndl: 0xab14e8823660, name: ?)
[2m2026-08-01T10:22:38.906482Z[0m [32m INFO[0m [2mwgpu_hal::vulkan::instance[0m[2m:[0m GENERAL [Loader Message (0x0)]
	     Original order:
[2m2026-08-01T10:22:38.906488Z[0m [32m INFO[0m [2mwgpu_hal::vulkan::instance[0m[2m:[0m 	objects: (type: INSTANCE, hndl: 0xab14e8823660, name: ?)
[2m2026-08-01T10:22:38.906499Z[0m [32m INFO[0m [2mwgpu_hal::vulkan::instance[0m[2m:[0m GENERAL [Loader Message (0x0)]
	           [0] llvmpipe (LLVM 21.1.8, 128 bits)
[2m2026-08-01T10:22:38.906506Z[0m [32m INFO[0m [2mwgpu_hal::vulkan::instance[0m[2m:[0m 	objects: (type: INSTANCE, hndl: 0xab14e8823660, name: ?)
[slopos-compositor/drm] client connected
[2m2026-08-01T10:22:38.906511Z[0m [32m INFO[0m [2mwgpu_hal::vulkan::instance[0m[2m:[0m GENERAL [Loader Message (0x0)]
	     Sorted order:
[2m2026-08-01T10:22:38.906519Z[0m [32m INFO[0m [2mwgpu_hal::vulkan::instance[0m[2m:[0m 	objects: (type: INSTANCE, hndl: 0xab14e8823660, name: ?)
[2m2026-08-01T10:22:38.906529Z[0m [32m INFO[0m [2mwgpu_hal::vulkan::instance[0m[2m:[0m GENERAL [Loader Message (0x0)]
	           [0] llvmpipe (LLVM 21.1.8, 128 bits)  
[2m2026-08-01T10:22:38.906542Z[0m [32m INFO[0m [2mwgpu_hal::vulkan::instance[0m[2m:[0m 	objects: (type: INSTANCE, hndl: 0xab14e8823660, name: ?)
[slopos-compositor/drm] client connected
[2m2026-08-01T10:22:38.906848Z[0m [32m INFO[0m [2mwgpu_hal::vulkan::instance[0m[2m:[0m GENERAL [Loader Message (0x0)]
	linux_read_sorted_physical_devices:
[2m2026-08-01T10:22:38.906861Z[0m [32m INFO[0m [2mwgpu_hal::vulkan::instance[0m[2m:[0m 	objects: (type: INSTANCE, hndl: 0xb6d702693680, name: ?)
[2m2026-08-01T10:22:38.906869Z[0m [32m INFO[0m [2mwgpu_hal::vulkan::instance[0m[2m:[0m GENERAL [Loader Message (0x0)]
	     Original order:
[2m2026-08-01T10:22:38.906875Z[0m [32m INFO[0m [2mwgpu_hal::vulkan::instance[0m[2m:[0m 	objects: (type: INSTANCE, hndl: 0xb6d702693680, name: ?)
[2m2026-08-01T10:22:38.906885Z[0m [32m INFO[0m [2mwgpu_hal::vulkan::instance[0m[2m:[0m GENERAL [Loader Message (0x0)]
	           [0] llvmpipe (LLVM 21.1.8, 128 bits)
[2m2026-08-01T10:22:38.906891Z[0m [32m INFO[0m [2mwgpu_hal::vulkan::instance[0m[2m:[0m 	objects: (type: INSTANCE, hndl: 0xb6d702693680, name: ?)
[2m2026-08-01T10:22:38.906899Z[0m [32m INFO[0m [2mwgpu_hal::vulkan::instance[0m[2m:[0m GENERAL [Loader Message (0x0)]
	     Sorted order:
[2m2026-08-01T10:22:38.906908Z[0m [32m INFO[0m [2mwgpu_hal::vulkan::instance[0m[2m:[0m 	objects: (type: INSTANCE, hndl: 0xb6d702693680, name: ?)
[2m2026-08-01T10:22:38.906919Z[0m [32m INFO[0m [2mwgpu_hal::vulkan::instance[0m[2m:[0m GENERAL [Loader Message (0x0)]
	           [0] llvmpipe (LLVM 21.1.8, 128 bits)  
[2m2026-08-01T10:22:38.906930Z[0m [32m INFO[0m [2mwgpu_hal::vulkan::instance[0m[2m:[0m 	objects: (type: INSTANCE, hndl: 0xb6d702693680, name: ?)
[2m2026-08-01T10:22:38.906940Z[0m [32m INFO[0m [2mwgpu_hal::vulkan::instance[0m[2m:[0m GENERAL [Loader Message (0x0)]
	linux_read_sorted_physical_devices:
[2m2026-08-01T10:22:38.906946Z[0m [32m INFO[0m [2mwgpu_hal::vulkan::instance[0m[2m:[0m 	objects: (type: INSTANCE, hndl: 0xb6d702693680, name: ?)
[slopos-compositor/drm] client disconnected
[2m2026-08-01T10:22:38.906956Z[0m [32m INFO[0m [2mwgpu_hal::vulkan::instance[0m[2m:[0m GENERAL [Loader Message (0x0)]
	     Original order:
[2m2026-08-01T10:22:38.906965Z[0m [32m INFO[0m [2mwgpu_hal::vulkan::instance[0m[2m:[0m 	objects: (type: INSTANCE, hndl: 0xb6d702693680, name: ?)
[2m2026-08-01T10:22:38.906975Z[0m [32m INFO[0m [2mwgpu_hal::vulkan::instance[0m[2m:[0m GENERAL [Loader Message (0x0)]
	           [0] llvmpipe (LLVM 21.1.8, 128 bits)
[2m2026-08-01T10:22:38.906987Z[0m [32m INFO[0m [2mwgpu_hal::vulkan::instance[0m[2m:[0m 	objects: (type: INSTANCE, hndl: 0xb6d702693680, name: ?)
[2m2026-08-01T10:22:38.906995Z[0m [32m INFO[0m [2mwgpu_hal::vulkan::instance[0m[2m:[0m GENERAL [Loader Message (0x0)]
	     Sorted order:
[2m2026-08-01T10:22:38.907004Z[0m [32m INFO[0m [2mwgpu_hal::vulkan::instance[0m[2m:[0m 	objects: (type: INSTANCE, hndl: 0xb6d702693680, name: ?)
[2m2026-08-01T10:22:38.907017Z[0m [32m INFO[0m [2mwgpu_hal::vulkan::instance[0m[2m:[0m GENERAL [Loader Message (0x0)]
	           [0] llvmpipe (LLVM 21.1.8, 128 bits)  
[2m2026-08-01T10:22:38.907030Z[0m [32m INFO[0m [2mwgpu_hal::vulkan::instance[0m[2m:[0m 	objects: (type: INSTANCE, hndl: 0xb6d702693680, name: ?)
[2m2026-08-01T10:22:38.907524Z[0m [32m INFO[0m [2mwgpu_hal::vulkan::instance[0m[2m:[0m GENERAL [Loader Message (0x0)]
	Removing driver /usr/lib/aarch64-linux-gnu/libvulkan_radeon.so due to not having any physical devices
[2m2026-08-01T10:22:38.907543Z[0m [32m INFO[0m [2mwgpu_hal::vulkan::instance[0m[2m:[0m 	objects: (type: INSTANCE, hndl: 0xab14e8823660, name: ?)
[slopos-compositor/drm] client disconnected
[slopos-compositor/drm] client connected
[2m2026-08-01T10:22:38.907703Z[0m [32m INFO[0m [2mwgpu_hal::vulkan::instance[0m[2m:[0m GENERAL [Loader Message (0x0)]
	Removing driver /usr/lib/aarch64-linux-gnu/libvulkan_powervr_mesa.so due to not having any physical devices
[2m2026-08-01T10:22:38.907714Z[0m [32m INFO[0m [2mwgpu_hal::vulkan::instance[0m[2m:[0m 	objects: (type: INSTANCE, hndl: 0xab14e8823660, name: ?)
[2m2026-08-01T10:22:38.907824Z[0m [32m INFO[0m [2mwgpu_hal::vulkan::instance[0m[2m:[0m GENERAL [Loader Message (0x0)]
	Removing driver /usr/lib/aarch64-linux-gnu/libvulkan_intel.so due to not having any physical devices
[2m2026-08-01T10:22:38.907836Z[0m [32m INFO[0m [2mwgpu_hal::vulkan::instance[0m[2m:[0m 	objects: (type: INSTANCE, hndl: 0xab14e8823660, name: ?)
[2m2026-08-01T10:22:38.907946Z[0m [32m INFO[0m [2mwgpu_hal::vulkan::instance[0m[2m:[0m GENERAL [Loader Message (0x0)]
	Removing driver /usr/lib/aarch64-linux-gnu/libvulkan_asahi.so due to not having any physical devices
[2m2026-08-01T10:22:38.907958Z[0m [32m INFO[0m [2mwgpu_hal::vulkan::instance[0m[2m:[0m 	objects: (type: INSTANCE, hndl: 0xab14e8823660, name: ?)
[2m2026-08-01T10:22:38.908050Z[0m [32m INFO[0m [2mwgpu_hal::vulkan::instance[0m[2m:[0m GENERAL [Loader Message (0x0)]
	Removing driver /usr/lib/aarch64-linux-gnu/libvulkan_virtio.so due to not having any physical devices
[2m2026-08-01T10:22:38.908059Z[0m [32m INFO[0m [2mwgpu_hal::vulkan::instance[0m[2m:[0m 	objects: (type: INSTANCE, hndl: 0xab14e8823660, name: ?)
[2m2026-08-01T10:22:38.908101Z[0m [32m INFO[0m [2mwgpu_hal::vulkan::instance[0m[2m:[0m GENERAL [Loader Message (0x0)]
	Removing driver /usr/lib/aarch64-linux-gnu/libvulkan_gfxstream.so due to not having any physical devices
[2m2026-08-01T10:22:38.908111Z[0m [32m INFO[0m [2mwgpu_hal::vulkan::instance[0m[2m:[0m 	objects: (type: INSTANCE, hndl: 0xab14e8823660, name: ?)
[2m2026-08-01T10:22:38.908353Z[0m [32m INFO[0m [2mwgpu_hal::vulkan::instance[0m[2m:[0m GENERAL [Loader Message (0x0)]
	Removing driver /usr/lib/aarch64-linux-gnu/libvulkan_radeon.so due to not having any physical devices
[2m2026-08-01T10:22:38.908374Z[0m [32m INFO[0m [2mwgpu_hal::vulkan::instance[0m[2m:[0m 	objects: (type: INSTANCE, hndl: 0xb6d702693680, name: ?)
[2m2026-08-01T10:22:38.908418Z[0m [32m INFO[0m [2mwgpu_hal::vulkan::instance[0m[2m:[0m GENERAL [Loader Message (0x0)]
	Removing driver /usr/lib/aarch64-linux-gnu/libvulkan_freedreno.so due to not having any physical devices
[2m2026-08-01T10:22:38.908429Z[0m [32m INFO[0m [2mwgpu_hal::vulkan::instance[0m[2m:[0m 	objects: (type: INSTANCE, hndl: 0xab14e8823660, name: ?)
[2m2026-08-01T10:22:38.908499Z[0m [32m INFO[0m [2mwgpu_hal::vulkan::instance[0m[2m:[0m GENERAL [Loader Message (0x0)]
	Removing driver /usr/lib/aarch64-linux-gnu/libvulkan_panfrost.so due to not having any physical devices
[2m2026-08-01T10:22:38.908503Z[0m [32m INFO[0m [2mwgpu_hal::vulkan::instance[0m[2m:[0m GENERAL [Loader Message (0x0)]
	Removing driver /usr/lib/aarch64-linux-gnu/libvulkan_powervr_mesa.so due to not having any physical devices
[2m2026-08-01T10:22:38.908508Z[0m [32m INFO[0m [2mwgpu_hal::vulkan::instance[0m[2m:[0m 	objects: (type: INSTANCE, hndl: 0xab14e8823660, name: ?)
[2m2026-08-01T10:22:38.908514Z[0m [32m INFO[0m [2mwgpu_hal::vulkan::instance[0m[2m:[0m 	objects: (type: INSTANCE, hndl: 0xb6d702693680, name: ?)
[slopos-compositor/drm] client disconnected
[2m2026-08-01T10:22:38.908592Z[0m [32m INFO[0m [2mwgpu_hal::vulkan::instance[0m[2m:[0m GENERAL [Loader Message (0x0)]
	Removing driver /usr/lib/aarch64-linux-gnu/libvulkan_intel.so due to not having any physical devices
[2m2026-08-01T10:22:38.908601Z[0m [32m INFO[0m [2mwgpu_hal::vulkan::instance[0m[2m:[0m 	objects: (type: INSTANCE, hndl: 0xb6d702693680, name: ?)
[2m2026-08-01T10:22:38.908640Z[0m [32m INFO[0m [2mwgpu_hal::vulkan::instance[0m[2m:[0m GENERAL [Loader Message (0x0)]
	Removing driver /usr/lib/aarch64-linux-gnu/libvulkan_broadcom.so due to not having any physical devices
[2m2026-08-01T10:22:38.908650Z[0m [32m INFO[0m [2mwgpu_hal::vulkan::instance[0m[2m:[0m 	objects: (type: INSTANCE, hndl: 0xab14e8823660, name: ?)
[2m2026-08-01T10:22:38.908804Z[0m [32m INFO[0m [2mwgpu_hal::vulkan::instance[0m[2m:[0m GENERAL [Loader Message (0x0)]
	Removing driver /usr/lib/aarch64-linux-gnu/libvulkan_asahi.so due to not having any physical devices
[2m2026-08-01T10:22:38.908815Z[0m [32m INFO[0m [2mwgpu_hal::vulkan::instance[0m[2m:[0m 	objects: (type: INSTANCE, hndl: 0xb6d702693680, name: ?)
[2m2026-08-01T10:22:38.908829Z[0m [32m INFO[0m [2mwgpu_hal::vulkan::instance[0m[2m:[0m GENERAL [Loader Message (0x0)]
	Removing driver /usr/lib/aarch64-linux-gnu/libvulkan_nouveau.so due to not having any physical devices
[2m2026-08-01T10:22:38.908863Z[0m [32m INFO[0m [2mwgpu_hal::vulkan::instance[0m[2m:[0m 	objects: (type: INSTANCE, hndl: 0xab14e8823660, name: ?)
[2m2026-08-01T10:22:38.908885Z[0m [32m INFO[0m [2mwgpu_hal::vulkan::instance[0m[2m:[0m GENERAL [Loader Message (0x0)]
	Removing driver /usr/lib/aarch64-linux-gnu/libvulkan_virtio.so due to not having any physical devices
[2m2026-08-01T10:22:38.908895Z[0m [32m INFO[0m [2mwgpu_hal::vulkan::instance[0m[2m:[0m 	objects: (type: INSTANCE, hndl: 0xb6d702693680, name: ?)
[2m2026-08-01T10:22:38.908951Z[0m [32m INFO[0m [2mwgpu_hal::vulkan::instance[0m[2m:[0m GENERAL [Loader Message (0x0)]
	Removing driver /usr/lib/aarch64-linux-gnu/libvulkan_gfxstream.so due to not having any physical devices
[2m2026-08-01T10:22:38.908962Z[0m [32m INFO[0m [2mwgpu_hal::vulkan::instance[0m[2m:[0m 	objects: (type: INSTANCE, hndl: 0xb6d702693680, name: ?)
[2m2026-08-01T10:22:38.909013Z[0m [32m INFO[0m [2mwgpu_hal::vulkan::instance[0m[2m:[0m GENERAL [Loader Message (0x0)]
	Removing driver /usr/lib/aarch64-linux-gnu/libvulkan_freedreno.so due to not having any physical devices
[2m2026-08-01T10:22:38.909023Z[0m [32m INFO[0m [2mwgpu_hal::vulkan::instance[0m[2m:[0m 	objects: (type: INSTANCE, hndl: 0xb6d702693680, name: ?)
[2m2026-08-01T10:22:38.909089Z[0m [32m INFO[0m [2mwgpu_hal::vulkan::instance[0m[2m:[0m GENERAL [Loader Message (0x0)]
	Removing driver /usr/lib/aarch64-linux-gnu/libvulkan_panfrost.so due to not having any physical devices
[2m2026-08-01T10:22:38.909098Z[0m [32m INFO[0m [2mwgpu_hal::vulkan::instance[0m[2m:[0m 	objects: (type: INSTANCE, hndl: 0xb6d702693680, name: ?)
[2m2026-08-01T10:22:38.909164Z[0m [32m INFO[0m [2mwgpu_hal::vulkan::instance[0m[2m:[0m GENERAL [Loader Message (0x0)]
	Removing driver /usr/lib/aarch64-linux-gnu/libvulkan_broadcom.so due to not having any physical devices
[2m2026-08-01T10:22:38.909172Z[0m [32m INFO[0m [2mwgpu_hal::vulkan::instance[0m[2m:[0m 	objects: (type: INSTANCE, hndl: 0xb6d702693680, name: ?)
[2m2026-08-01T10:22:38.909549Z[0m [32m INFO[0m [2mwgpu_hal::vulkan::instance[0m[2m:[0m GENERAL [Loader Message (0x0)]
	Removing driver /usr/lib/aarch64-linux-gnu/libvulkan_nouveau.so due to not having any physical devices
[2m2026-08-01T10:22:38.909577Z[0m [32m INFO[0m [2mwgpu_hal::vulkan::instance[0m[2m:[0m 	objects: (type: INSTANCE, hndl: 0xb6d702693680, name: ?)
[2m2026-08-01T10:22:38.914767Z[0m [32m INFO[0m [2mwgpu_core::instance[0m[2m:[0m Adapter Vulkan AdapterInfo { name: "llvmpipe (LLVM 21.1.8, 128 bits)", vendor: 65541, device: 0, device_type: Cpu, driver: "llvmpipe", driver_info: "Mesa 26.0.3-1ubuntu1 (LLVM 21.1.8)", backend: Vulkan }
[2m2026-08-01T10:22:38.914911Z[0m [32m INFO[0m [2mwgpu_core::instance[0m[2m:[0m Adapter Vulkan AdapterInfo { name: "llvmpipe (LLVM 21.1.8, 128 bits)", vendor: 65541, device: 0, device_type: Cpu, driver: "llvmpipe", driver_info: "Mesa 26.0.3-1ubuntu1 (LLVM 21.1.8)", backend: Vulkan }
[2m2026-08-01T10:22:38.915189Z[0m [32m INFO[0m [2mwgpu_hal::vulkan::instance[0m[2m:[0m GENERAL [Loader Message (0x0)]
	Failed to find vkGetDeviceProcAddr in layer "/usr/lib/aarch64-linux-gnu/libVkLayer_MESA_device_select.so"
[2m2026-08-01T10:22:38.915204Z[0m [32m INFO[0m [2mwgpu_hal::vulkan::instance[0m[2m:[0m 	objects: (type: INSTANCE, hndl: 0xab14e8823660, name: ?)
[2m2026-08-01T10:22:38.915215Z[0m [32m INFO[0m [2mwgpu_hal::vulkan::instance[0m[2m:[0m GENERAL [Loader Message (0x0)]
	vkCreateDevice layer callstack setup to:
[2m2026-08-01T10:22:38.915223Z[0m [32m INFO[0m [2mwgpu_hal::vulkan::instance[0m[2m:[0m 	objects: (type: INSTANCE, hndl: 0xab14e8823660, name: ?)
[2m2026-08-01T10:22:38.915313Z[0m [32m INFO[0m [2mwgpu_hal::vulkan::instance[0m[2m:[0m GENERAL [Loader Message (0x0)]
	   <Application>
[2m2026-08-01T10:22:38.915324Z[0m [32m INFO[0m [2mwgpu_hal::vulkan::instance[0m[2m:[0m 	objects: (type: INSTANCE, hndl: 0xab14e8823660, name: ?)
[2m2026-08-01T10:22:38.915330Z[0m [32m INFO[0m [2mwgpu_hal::vulkan::instance[0m[2m:[0m GENERAL [Loader Message (0x0)]
	     ||
[2m2026-08-01T10:22:38.915336Z[0m [32m INFO[0m [2mwgpu_hal::vulkan::instance[0m[2m:[0m 	objects: (type: INSTANCE, hndl: 0xab14e8823660, name: ?)
[2m2026-08-01T10:22:38.915342Z[0m [32m INFO[0m [2mwgpu_hal::vulkan::instance[0m[2m:[0m GENERAL [Loader Message (0x0)]
	   <Loader>
[2m2026-08-01T10:22:38.915347Z[0m [32m INFO[0m [2mwgpu_hal::vulkan::instance[0m[2m:[0m 	objects: (type: INSTANCE, hndl: 0xab14e8823660, name: ?)
[2m2026-08-01T10:22:38.915353Z[0m [32m INFO[0m [2mwgpu_hal::vulkan::instance[0m[2m:[0m GENERAL [Loader Message (0x0)]
	     ||
[2m2026-08-01T10:22:38.915359Z[0m [32m INFO[0m [2mwgpu_hal::vulkan::instance[0m[2m:[0m 	objects: (type: INSTANCE, hndl: 0xab14e8823660, name: ?)
[2m2026-08-01T10:22:38.915364Z[0m [32m INFO[0m [2mwgpu_hal::vulkan::instance[0m[2m:[0m GENERAL [Loader Message (0x0)]
	   <Device>
[2m2026-08-01T10:22:38.915370Z[0m [32m INFO[0m [2mwgpu_hal::vulkan::instance[0m[2m:[0m 	objects: (type: INSTANCE, hndl: 0xab14e8823660, name: ?)
[2m2026-08-01T10:22:38.915375Z[0m [32m INFO[0m [2mwgpu_hal::vulkan::instance[0m[2m:[0m GENERAL [Loader Message (0x0)]
	Failed to find vkGetDeviceProcAddr in layer "/usr/lib/aarch64-linux-gnu/libVkLayer_MESA_device_select.so"
[2m2026-08-01T10:22:38.915392Z[0m [32m INFO[0m [2mwgpu_hal::vulkan::instance[0m[2m:[0m 	objects: (type: INSTANCE, hndl: 0xb6d702693680, name: ?)
[2m2026-08-01T10:22:38.915400Z[0m [32m INFO[0m [2mwgpu_hal::vulkan::instance[0m[2m:[0m GENERAL [Loader Message (0x0)]
	vkCreateDevice layer callstack setup to:
[2m2026-08-01T10:22:38.915407Z[0m [32m INFO[0m [2mwgpu_hal::vulkan::instance[0m[2m:[0m 	objects: (type: INSTANCE, hndl: 0xb6d702693680, name: ?)
[2m2026-08-01T10:22:38.915413Z[0m [32m INFO[0m [2mwgpu_hal::vulkan::instance[0m[2m:[0m GENERAL [Loader Message (0x0)]
	   <Application>
[2m2026-08-01T10:22:38.915418Z[0m [32m INFO[0m [2mwgpu_hal::vulkan::instance[0m[2m:[0m 	objects: (type: INSTANCE, hndl: 0xb6d702693680, name: ?)
[2m2026-08-01T10:22:38.915424Z[0m [32m INFO[0m [2mwgpu_hal::vulkan::instance[0m[2m:[0m GENERAL [Loader Message (0x0)]
	     ||
[2m2026-08-01T10:22:38.915430Z[0m [32m INFO[0m [2mwgpu_hal::vulkan::instance[0m[2m:[0m 	objects: (type: INSTANCE, hndl: 0xb6d702693680, name: ?)
[2m2026-08-01T10:22:38.915432Z[0m [32m INFO[0m [2mwgpu_hal::vulkan::instance[0m[2m:[0m GENERAL [Loader Message (0x0)]
	       Using "llvmpipe (LLVM 21.1.8, 128 bits)" with driver: "/usr/lib/aarch64-linux-gnu/libvulkan_lvp.so"
[2m2026-08-01T10:22:38.915436Z[0m [32m INFO[0m [2mwgpu_hal::vulkan::instance[0m[2m:[0m GENERAL [Loader Message (0x0)]
	   <Loader>
[2m2026-08-01T10:22:38.915443Z[0m [32m INFO[0m [2mwgpu_hal::vulkan::instance[0m[2m:[0m 	objects: (type: INSTANCE, hndl: 0xb6d702693680, name: ?)
[2m2026-08-01T10:22:38.915443Z[0m [32m INFO[0m [2mwgpu_hal::vulkan::instance[0m[2m:[0m 	objects: (type: INSTANCE, hndl: 0xab14e8823660, name: ?)
[2m2026-08-01T10:22:38.915449Z[0m [32m INFO[0m [2mwgpu_hal::vulkan::instance[0m[2m:[0m GENERAL [Loader Message (0x0)]
	     ||
[2m2026-08-01T10:22:38.915455Z[0m [32m INFO[0m [2mwgpu_hal::vulkan::instance[0m[2m:[0m 	objects: (type: INSTANCE, hndl: 0xb6d702693680, name: ?)
[2m2026-08-01T10:22:38.915460Z[0m [32m INFO[0m [2mwgpu_hal::vulkan::instance[0m[2m:[0m GENERAL [Loader Message (0x0)]
	   <Device>
[2m2026-08-01T10:22:38.915466Z[0m [32m INFO[0m [2mwgpu_hal::vulkan::instance[0m[2m:[0m 	objects: (type: INSTANCE, hndl: 0xb6d702693680, name: ?)
[2m2026-08-01T10:22:38.915565Z[0m [32m INFO[0m [2mwgpu_hal::vulkan::instance[0m[2m:[0m GENERAL [Loader Message (0x0)]
	       Using "llvmpipe (LLVM 21.1.8, 128 bits)" with driver: "/usr/lib/aarch64-linux-gnu/libvulkan_lvp.so"
[2m2026-08-01T10:22:38.915578Z[0m [32m INFO[0m [2mwgpu_hal::vulkan::instance[0m[2m:[0m 	objects: (type: INSTANCE, hndl: 0xb6d702693680, name: ?)
[2m2026-08-01T10:22:38.938326Z[0m [32m INFO[0m [2mwgpu_core::device::resource[0m[2m:[0m Device::maintain: waiting for submission index 0
[2m2026-08-01T10:22:38.938970Z[0m [32m INFO[0m [2mwgpu_core::device::resource[0m[2m:[0m Device::maintain: waiting for submission index 0
[2m2026-08-01T10:22:38.942652Z[0m [32m INFO[0m [2mwgpu_core::device::resource[0m[2m:[0m Device::maintain: waiting for submission index 0
[2m2026-08-01T10:22:38.947980Z[0m [33m WARN[0m [2mwgpu_hal::vulkan::instance[0m[2m:[0m InstanceFlags::VALIDATION requested, but unable to find layer: VK_LAYER_KHRONOS_validation
[2m2026-08-01T10:22:38.948021Z[0m [32m INFO[0m [2mwgpu_hal::vulkan::instance[0m[2m:[0m GENERAL [Loader Message (0x0)]
	No valid vk_loader_settings.json file found, no loader settings will be active
[2m2026-08-01T10:22:38.948037Z[0m [32m INFO[0m [2mwgpu_hal::vulkan::instance[0m[2m:[0m 	objects: (type: INSTANCE, hndl: 0xb6d703e93680, name: ?)
[2m2026-08-01T10:22:38.948045Z[0m [32m INFO[0m [2mwgpu_hal::vulkan::instance[0m[2m:[0m GENERAL [Loader Message (0x0)]
	Searching for implicit layer manifest files
[2m2026-08-01T10:22:38.948052Z[0m [32m INFO[0m [2mwgpu_hal::vulkan::instance[0m[2m:[0m 	objects: (type: INSTANCE, hndl: 0xb6d703e93680, name: ?)
[2m2026-08-01T10:22:38.948059Z[0m [32m INFO[0m [2mwgpu_hal::vulkan::instance[0m[2m:[0m GENERAL [Loader Message (0x0)]
	   In following locations:
[2m2026-08-01T10:22:38.948065Z[0m [32m INFO[0m [2mwgpu_hal::vulkan::instance[0m[2m:[0m 	objects: (type: INSTANCE, hndl: 0xb6d703e93680, name: ?)
[2m2026-08-01T10:22:38.948070Z[0m [32m INFO[0m [2mwgpu_hal::vulkan::instance[0m[2m:[0m GENERAL [Loader Message (0x0)]
	      /home/ubuntu/.config/vulkan/implicit_layer.d
[2m2026-08-01T10:22:38.948077Z[0m [32m INFO[0m [2mwgpu_hal::vulkan::instance[0m[2m:[0m 	objects: (type: INSTANCE, hndl: 0xb6d703e93680, name: ?)
[2m2026-08-01T10:22:38.948083Z[0m [32m INFO[0m [2mwgpu_hal::vulkan::instance[0m[2m:[0m GENERAL [Loader Message (0x0)]
	      /etc/xdg/vulkan/implicit_layer.d
[2m2026-08-01T10:22:38.948089Z[0m [32m INFO[0m [2mwgpu_hal::vulkan::instance[0m[2m:[0m 	objects: (type: INSTANCE, hndl: 0xb6d703e93680, name: ?)
[2m2026-08-01T10:22:38.948094Z[0m [32m INFO[0m [2mwgpu_hal::vulkan::instance[0m[2m:[0m GENERAL [Loader Message (0x0)]
	      /etc/vulkan/implicit_layer.d
[2m2026-08-01T10:22:38.948101Z[0m [32m INFO[0m [2mwgpu_hal::vulkan::instance[0m[2m:[0m 	objects: (type: INSTANCE, hndl: 0xb6d703e93680, name: ?)
[2m2026-08-01T10:22:38.948106Z[0m [32m INFO[0m [2mwgpu_hal::vulkan::instance[0m[2m:[0m GENERAL [Loader Message (0x0)]
	      /home/ubuntu/.local/share/vulkan/implicit_layer.d
[2m2026-08-01T10:22:38.948120Z[0m [32m INFO[0m [2mwgpu_hal::vulkan::instance[0m[2m:[0m 	objects: (type: INSTANCE, hndl: 0xb6d703e93680, name: ?)
[2m2026-08-01T10:22:38.948126Z[0m [32m INFO[0m [2mwgpu_hal::vulkan::instance[0m[2m:[0m GENERAL [Loader Message (0x0)]
	      /usr/local/share/vulkan/implicit_layer.d
[2m2026-08-01T10:22:38.948133Z[0m [32m INFO[0m [2mwgpu_hal::vulkan::instance[0m[2m:[0m 	objects: (type: INSTANCE, hndl: 0xb6d703e93680, name: ?)
[2m2026-08-01T10:22:38.948139Z[0m [32m INFO[0m [2mwgpu_hal::vulkan::instance[0m[2m:[0m GENERAL [Loader Message (0x0)]
	      /usr/share/vulkan/implicit_layer.d
[2m2026-08-01T10:22:38.948145Z[0m [32m INFO[0m [2mwgpu_hal::vulkan::instance[0m[2m:[0m 	objects: (type: INSTANCE, hndl: 0xb6d703e93680, name: ?)
[2m2026-08-01T10:22:38.948161Z[0m [32m INFO[0m [2mwgpu_hal::vulkan::instance[0m[2m:[0m GENERAL [Loader Message (0x0)]
	   Found the following files:
[2m2026-08-01T10:22:38.948168Z[0m [32m INFO[0m [2mwgpu_hal::vulkan::instance[0m[2m:[0m 	objects: (type: INSTANCE, hndl: 0xb6d703e93680, name: ?)
[2m2026-08-01T10:22:38.948174Z[0m [32m INFO[0m [2mwgpu_hal::vulkan::instance[0m[2m:[0m GENERAL [Loader Message (0x0)]
	      /usr/share/vulkan/implicit_layer.d/VkLayer_MESA_anti_lag.json
[2m2026-08-01T10:22:38.948181Z[0m [32m INFO[0m [2mwgpu_hal::vulkan::instance[0m[2m:[0m 	objects: (type: INSTANCE, hndl: 0xb6d703e93680, name: ?)
[2m2026-08-01T10:22:38.948186Z[0m [32m INFO[0m [2mwgpu_hal::vulkan::instance[0m[2m:[0m GENERAL [Loader Message (0x0)]
	      /usr/share/vulkan/implicit_layer.d/VkLayer_MESA_device_select.json
[2m2026-08-01T10:22:38.948193Z[0m [32m INFO[0m [2mwgpu_hal::vulkan::instance[0m[2m:[0m 	objects: (type: INSTANCE, hndl: 0xb6d703e93680, name: ?)
[2m2026-08-01T10:22:38.948204Z[0m [32m INFO[0m [2mwgpu_hal::vulkan::instance[0m[2m:[0m GENERAL [Loader Message (0x0)]
	Found manifest file /usr/share/vulkan/implicit_layer.d/VkLayer_MESA_anti_lag.json (file version 1.2.1)
[2m2026-08-01T10:22:38.948212Z[0m [32m INFO[0m [2mwgpu_hal::vulkan::instance[0m[2m:[0m 	objects: (type: INSTANCE, hndl: 0xb6d703e93680, name: ?)
[2m2026-08-01T10:22:38.948256Z[0m [32m INFO[0m [2mwgpu_hal::vulkan::instance[0m[2m:[0m GENERAL [Loader Message (0x0)]
	Found manifest file /usr/share/vulkan/implicit_layer.d/VkLayer_MESA_device_select.json (file version 1.0.0)
[2m2026-08-01T10:22:38.948271Z[0m [32m INFO[0m [2mwgpu_hal::vulkan::instance[0m[2m:[0m 	objects: (type: INSTANCE, hndl: 0xb6d703e93680, name: ?)
[2m2026-08-01T10:22:38.948283Z[0m [32m INFO[0m [2mwgpu_hal::vulkan::instance[0m[2m:[0m GENERAL [Loader Message (0x0)]
	Searching for explicit layer manifest files
[2m2026-08-01T10:22:38.948290Z[0m [32m INFO[0m [2mwgpu_hal::vulkan::instance[0m[2m:[0m 	objects: (type: INSTANCE, hndl: 0xb6d703e93680, name: ?)
[2m2026-08-01T10:22:38.948295Z[0m [32m INFO[0m [2mwgpu_hal::vulkan::instance[0m[2m:[0m GENERAL [Loader Message (0x0)]
	   In following locations:
[2m2026-08-01T10:22:38.948301Z[0m [32m INFO[0m [2mwgpu_hal::vulkan::instance[0m[2m:[0m 	objects: (type: INSTANCE, hndl: 0xb6d703e93680, name: ?)
[2m2026-08-01T10:22:38.948307Z[0m [32m INFO[0m [2mwgpu_hal::vulkan::instance[0m[2m:[0m GENERAL [Loader Message (0x0)]
	      /home/ubuntu/.config/vulkan/explicit_layer.d
[2m2026-08-01T10:22:38.948313Z[0m [32m INFO[0m [2mwgpu_hal::vulkan::instance[0m[2m:[0m 	objects: (type: INSTANCE, hndl: 0xb6d703e93680, name: ?)
[2m2026-08-01T10:22:38.948319Z[0m [32m INFO[0m [2mwgpu_hal::vulkan::instance[0m[2m:[0m GENERAL [Loader Message (0x0)]
	      /etc/xdg/vulkan/explicit_layer.d
[2m2026-08-01T10:22:38.948325Z[0m [32m INFO[0m [2mwgpu_hal::vulkan::instance[0m[2m:[0m 	objects: (type: INSTANCE, hndl: 0xb6d703e93680, name: ?)
[2m2026-08-01T10:22:38.948330Z[0m [32m INFO[0m [2mwgpu_hal::vulkan::instance[0m[2m:[0m GENERAL [Loader Message (0x0)]
	      /etc/vulkan/explicit_layer.d
[2m2026-08-01T10:22:38.948344Z[0m [32m INFO[0m [2mwgpu_hal::vulkan::instance[0m[2m:[0m 	objects: (type: INSTANCE, hndl: 0xb6d703e93680, name: ?)
[2m2026-08-01T10:22:38.948350Z[0m [32m INFO[0m [2mwgpu_hal::vulkan::instance[0m[2m:[0m GENERAL [Loader Message (0x0)]
	      /home/ubuntu/.local/share/vulkan/explicit_layer.d
[2m2026-08-01T10:22:38.948357Z[0m [32m INFO[0m [2mwgpu_hal::vulkan::instance[0m[2m:[0m 	objects: (type: INSTANCE, hndl: 0xb6d703e93680, name: ?)
[2m2026-08-01T10:22:38.948362Z[0m [32m INFO[0m [2mwgpu_hal::vulkan::instance[0m[2m:[0m GENERAL [Loader Message (0x0)]
	      /usr/local/share/vulkan/explicit_layer.d
[2m2026-08-01T10:22:38.948368Z[0m [32m INFO[0m [2mwgpu_hal::vulkan::instance[0m[2m:[0m 	objects: (type: INSTANCE, hndl: 0xb6d703e93680, name: ?)
[2m2026-08-01T10:22:38.948374Z[0m [32m INFO[0m [2mwgpu_hal::vulkan::instance[0m[2m:[0m GENERAL [Loader Message (0x0)]
	      /usr/share/vulkan/explicit_layer.d
[2m2026-08-01T10:22:38.948380Z[0m [32m INFO[0m [2mwgpu_hal::vulkan::instance[0m[2m:[0m 	objects: (type: INSTANCE, hndl: 0xb6d703e93680, name: ?)
[2m2026-08-01T10:22:38.948396Z[0m [32m INFO[0m [2mwgpu_hal::vulkan::instance[0m[2m:[0m GENERAL [Loader Message (0x0)]
	   Found the following files:
[2m2026-08-01T10:22:38.948403Z[0m [32m INFO[0m [2mwgpu_hal::vulkan::instance[0m[2m:[0m 	objects: (type: INSTANCE, hndl: 0xb6d703e93680, name: ?)
[2m2026-08-01T10:22:38.948408Z[0m [32m INFO[0m [2mwgpu_hal::vulkan::instance[0m[2m:[0m GENERAL [Loader Message (0x0)]
	      /usr/share/vulkan/explicit_layer.d/VkLayer_MESA_screenshot.json
[2m2026-08-01T10:22:38.948415Z[0m [32m INFO[0m [2mwgpu_hal::vulkan::instance[0m[2m:[0m 	objects: (type: INSTANCE, hndl: 0xb6d703e93680, name: ?)
[2m2026-08-01T10:22:38.948421Z[0m [32m INFO[0m [2mwgpu_hal::vulkan::instance[0m[2m:[0m GENERAL [Loader Message (0x0)]
	      /usr/share/vulkan/explicit_layer.d/VkLayer_MESA_overlay.json
[2m2026-08-01T10:22:38.948427Z[0m [32m INFO[0m [2mwgpu_hal::vulkan::instance[0m[2m:[0m 	objects: (type: INSTANCE, hndl: 0xb6d703e93680, name: ?)
[2m2026-08-01T10:22:38.948433Z[0m [32m INFO[0m [2mwgpu_hal::vulkan::instance[0m[2m:[0m GENERAL [Loader Message (0x0)]
	      /usr/share/vulkan/explicit_layer.d/VkLayer_INTEL_nullhw.json
[2m2026-08-01T10:22:38.948439Z[0m [32m INFO[0m [2mwgpu_hal::vulkan::instance[0m[2m:[0m 	objects: (type: INSTANCE, hndl: 0xb6d703e93680, name: ?)
[2m2026-08-01T10:22:38.948448Z[0m [32m INFO[0m [2mwgpu_hal::vulkan::instance[0m[2m:[0m GENERAL [Loader Message (0x0)]
	Found manifest file /usr/share/vulkan/explicit_layer.d/VkLayer_MESA_screenshot.json (file version 1.0.0)
[2m2026-08-01T10:22:38.948455Z[0m [32m INFO[0m [2mwgpu_hal::vulkan::instance[0m[2m:[0m 	objects: (type: INSTANCE, hndl: 0xb6d703e93680, name: ?)
[2m2026-08-01T10:22:38.948465Z[0m [32m INFO[0m [2mwgpu_hal::vulkan::instance[0m[2m:[0m GENERAL [Loader Message (0x0)]
	Found manifest file /usr/share/vulkan/explicit_layer.d/VkLayer_MESA_overlay.json (file version 1.0.0)
[2m2026-08-01T10:22:38.948473Z[0m [32m INFO[0m [2mwgpu_hal::vulkan::instance[0m[2m:[0m 	objects: (type: INSTANCE, hndl: 0xb6d703e93680, name: ?)
[2m2026-08-01T10:22:38.948482Z[0m [32m INFO[0m [2mwgpu_hal::vulkan::instance[0m[2m:[0m GENERAL [Loader Message (0x0)]
	Found manifest file /usr/share/vulkan/explicit_layer.d/VkLayer_INTEL_nullhw.json (file version 1.0.0)
[2m2026-08-01T10:22:38.948489Z[0m [32m INFO[0m [2mwgpu_hal::vulkan::instance[0m[2m:[0m 	objects: (type: INSTANCE, hndl: 0xb6d703e93680, name: ?)
[2m2026-08-01T10:22:38.948498Z[0m [32m INFO[0m [2mwgpu_hal::vulkan::instance[0m[2m:[0m GENERAL [Loader Message (0x0)]
	Searching for driver manifest files
[2m2026-08-01T10:22:38.948504Z[0m [32m INFO[0m [2mwgpu_hal::vulkan::instance[0m[2m:[0m 	objects: (type: INSTANCE, hndl: 0xb6d703e93680, name: ?)
[2m2026-08-01T10:22:38.948510Z[0m [32m INFO[0m [2mwgpu_hal::vulkan::instance[0m[2m:[0m GENERAL [Loader Message (0x0)]
	   In following locations:
[2m2026-08-01T10:22:38.948517Z[0m [32m INFO[0m [2mwgpu_hal::vulkan::instance[0m[2m:[0m 	objects: (type: INSTANCE, hndl: 0xb6d703e93680, name: ?)
[2m2026-08-01T10:22:38.948523Z[0m [32m INFO[0m [2mwgpu_hal::vulkan::instance[0m[2m:[0m GENERAL [Loader Message (0x0)]
	      /home/ubuntu/.config/vulkan/icd.d
[2m2026-08-01T10:22:38.948529Z[0m [32m INFO[0m [2mwgpu_hal::vulkan::instance[0m[2m:[0m 	objects: (type: INSTANCE, hndl: 0xb6d703e93680, name: ?)
[2m2026-08-01T10:22:38.948534Z[0m [32m INFO[0m [2mwgpu_hal::vulkan::instance[0m[2m:[0m GENERAL [Loader Message (0x0)]
	      /etc/xdg/vulkan/icd.d
[2m2026-08-01T10:22:38.948540Z[0m [32m INFO[0m [2mwgpu_hal::vulkan::instance[0m[2m:[0m 	objects: (type: INSTANCE, hndl: 0xb6d703e93680, name: ?)
[2m2026-08-01T10:22:38.948546Z[0m [32m INFO[0m [2mwgpu_hal::vulkan::instance[0m[2m:[0m GENERAL [Loader Message (0x0)]
	      /etc/vulkan/icd.d
[2m2026-08-01T10:22:38.948551Z[0m [32m INFO[0m [2mwgpu_hal::vulkan::instance[0m[2m:[0m 	objects: (type: INSTANCE, hndl: 0xb6d703e93680, name: ?)
[2m2026-08-01T10:22:38.948557Z[0m [32m INFO[0m [2mwgpu_hal::vulkan::instance[0m[2m:[0m GENERAL [Loader Message (0x0)]
	      /home/ubuntu/.local/share/vulkan/icd.d
[2m2026-08-01T10:22:38.948563Z[0m [32m INFO[0m [2mwgpu_hal::vulkan::instance[0m[2m:[0m 	objects: (type: INSTANCE, hndl: 0xb6d703e93680, name: ?)
[2m2026-08-01T10:22:38.948569Z[0m [32m INFO[0m [2mwgpu_hal::vulkan::instance[0m[2m:[0m GENERAL [Loader Message (0x0)]
	      /usr/local/share/vulkan/icd.d
[2m2026-08-01T10:22:38.948575Z[0m [32m INFO[0m [2mwgpu_hal::vulkan::instance[0m[2m:[0m 	objects: (type: INSTANCE, hndl: 0xb6d703e93680, name: ?)
[2m2026-08-01T10:22:38.948580Z[0m [32m INFO[0m [2mwgpu_hal::vulkan::instance[0m[2m:[0m GENERAL [Loader Message (0x0)]
	      /usr/share/vulkan/icd.d
[2m2026-08-01T10:22:38.948586Z[0m [32m INFO[0m [2mwgpu_hal::vulkan::instance[0m[2m:[0m 	objects: (type: INSTANCE, hndl: 0xb6d703e93680, name: ?)
[2m2026-08-01T10:22:38.948608Z[0m [32m INFO[0m [2mwgpu_hal::vulkan::instance[0m[2m:[0m GENERAL [Loader Message (0x0)]
	   Found the following files:
[2m2026-08-01T10:22:38.948614Z[0m [32m INFO[0m [2mwgpu_hal::vulkan::instance[0m[2m:[0m 	objects: (type: INSTANCE, hndl: 0xb6d703e93680, name: ?)
[2m2026-08-01T10:22:38.948620Z[0m [32m INFO[0m [2mwgpu_hal::vulkan::instance[0m[2m:[0m GENERAL [Loader Message (0x0)]
	      /usr/share/vulkan/icd.d/nouveau_icd.json
[2m2026-08-01T10:22:38.948626Z[0m [32m INFO[0m [2mwgpu_hal::vulkan::instance[0m[2m:[0m 	objects: (type: INSTANCE, hndl: 0xb6d703e93680, name: ?)
[2m2026-08-01T10:22:38.948632Z[0m [32m INFO[0m [2mwgpu_hal::vulkan::instance[0m[2m:[0m GENERAL [Loader Message (0x0)]
	      /usr/share/vulkan/icd.d/broadcom_icd.json
[2m2026-08-01T10:22:38.948638Z[0m [32m INFO[0m [2mwgpu_hal::vulkan::instance[0m[2m:[0m 	objects: (type: INSTANCE, hndl: 0xb6d703e93680, name: ?)
[2m2026-08-01T10:22:38.948643Z[0m [32m INFO[0m [2mwgpu_hal::vulkan::instance[0m[2m:[0m GENERAL [Loader Message (0x0)]
	      /usr/share/vulkan/icd.d/panfrost_icd.json
[2m2026-08-01T10:22:38.948649Z[0m [32m INFO[0m [2mwgpu_hal::vulkan::instance[0m[2m:[0m 	objects: (type: INSTANCE, hndl: 0xb6d703e93680, name: ?)
[2m2026-08-01T10:22:38.948655Z[0m [32m INFO[0m [2mwgpu_hal::vulkan::instance[0m[2m:[0m GENERAL [Loader Message (0x0)]
	      /usr/share/vulkan/icd.d/freedreno_icd.json
[2m2026-08-01T10:22:38.948661Z[0m [32m INFO[0m [2mwgpu_hal::vulkan::instance[0m[2m:[0m 	objects: (type: INSTANCE, hndl: 0xb6d703e93680, name: ?)
[2m2026-08-01T10:22:38.948666Z[0m [32m INFO[0m [2mwgpu_hal::vulkan::instance[0m[2m:[0m GENERAL [Loader Message (0x0)]
	      /usr/share/vulkan/icd.d/gfxstream_vk_icd.json
[2m2026-08-01T10:22:38.948672Z[0m [32m INFO[0m [2mwgpu_hal::vulkan::instance[0m[2m:[0m 	objects: (type: INSTANCE, hndl: 0xb6d703e93680, name: ?)
[2m2026-08-01T10:22:38.948678Z[0m [32m INFO[0m [2mwgpu_hal::vulkan::instance[0m[2m:[0m GENERAL [Loader Message (0x0)]
	      /usr/share/vulkan/icd.d/virtio_icd.json
[2m2026-08-01T10:22:38.948685Z[0m [32m INFO[0m [2mwgpu_hal::vulkan::instance[0m[2m:[0m 	objects: (type: INSTANCE, hndl: 0xb6d703e93680, name: ?)
[2m2026-08-01T10:22:38.948691Z[0m [32m INFO[0m [2mwgpu_hal::vulkan::instance[0m[2m:[0m GENERAL [Loader Message (0x0)]
	      /usr/share/vulkan/icd.d/asahi_icd.json
[2m2026-08-01T10:22:38.948697Z[0m [32m INFO[0m [2mwgpu_hal::vulkan::instance[0m[2m:[0m 	objects: (type: INSTANCE, hndl: 0xb6d703e93680, name: ?)
[2m2026-08-01T10:22:38.948702Z[0m [32m INFO[0m [2mwgpu_hal::vulkan::instance[0m[2m:[0m GENERAL [Loader Message (0x0)]
	      /usr/share/vulkan/icd.d/lvp_icd.json
[2m2026-08-01T10:22:38.948708Z[0m [32m INFO[0m [2mwgpu_hal::vulkan::instance[0m[2m:[0m 	objects: (type: INSTANCE, hndl: 0xb6d703e93680, name: ?)
[2m2026-08-01T10:22:38.948714Z[0m [32m INFO[0m [2mwgpu_hal::vulkan::instance[0m[2m:[0m GENERAL [Loader Message (0x0)]
	      /usr/share/vulkan/icd.d/intel_icd.json
[2m2026-08-01T10:22:38.948720Z[0m [32m INFO[0m [2mwgpu_hal::vulkan::instance[0m[2m:[0m 	objects: (type: INSTANCE, hndl: 0xb6d703e93680, name: ?)
[2m2026-08-01T10:22:38.948726Z[0m [32m INFO[0m [2mwgpu_hal::vulkan::instance[0m[2m:[0m GENERAL [Loader Message (0x0)]
	      /usr/share/vulkan/icd.d/powervr_mesa_icd.json
[2m2026-08-01T10:22:38.948732Z[0m [32m INFO[0m [2mwgpu_hal::vulkan::instance[0m[2m:[0m 	objects: (type: INSTANCE, hndl: 0xb6d703e93680, name: ?)
[2m2026-08-01T10:22:38.948737Z[0m [32m INFO[0m [2mwgpu_hal::vulkan::instance[0m[2m:[0m GENERAL [Loader Message (0x0)]
	      /usr/share/vulkan/icd.d/radeon_icd.json
[2m2026-08-01T10:22:38.948743Z[0m [32m INFO[0m [2mwgpu_hal::vulkan::instance[0m[2m:[0m 	objects: (type: INSTANCE, hndl: 0xb6d703e93680, name: ?)
[2m2026-08-01T10:22:38.948753Z[0m [32m INFO[0m [2mwgpu_hal::vulkan::instance[0m[2m:[0m GENERAL [Loader Message (0x0)]
	Found ICD manifest file /usr/share/vulkan/icd.d/nouveau_icd.json, version 1.0.1
[2m2026-08-01T10:22:38.948760Z[0m [32m INFO[0m [2mwgpu_hal::vulkan::instance[0m[2m:[0m 	objects: (type: INSTANCE, hndl: 0xb6d703e93680, name: ?)
[2m2026-08-01T10:22:38.948787Z[0m [32m INFO[0m [2mwgpu_hal::vulkan::instance[0m[2m:[0m GENERAL [Loader Message (0x0)]
	Found ICD manifest file /usr/share/vulkan/icd.d/broadcom_icd.json, version 1.0.1
[2m2026-08-01T10:22:38.948794Z[0m [32m INFO[0m [2mwgpu_hal::vulkan::instance[0m[2m:[0m 	objects: (type: INSTANCE, hndl: 0xb6d703e93680, name: ?)
[2m2026-08-01T10:22:38.948808Z[0m [32m INFO[0m [2mwgpu_hal::vulkan::instance[0m[2m:[0m GENERAL [Loader Message (0x0)]
	Found ICD manifest file /usr/share/vulkan/icd.d/panfrost_icd.json, version 1.0.1
[2m2026-08-01T10:22:38.948815Z[0m [32m INFO[0m [2mwgpu_hal::vulkan::instance[0m[2m:[0m 	objects: (type: INSTANCE, hndl: 0xb6d703e93680, name: ?)
[2m2026-08-01T10:22:38.948828Z[0m [32m INFO[0m [2mwgpu_hal::vulkan::instance[0m[2m:[0m GENERAL [Loader Message (0x0)]
	Found ICD manifest file /usr/share/vulkan/icd.d/freedreno_icd.json, version 1.0.1
[2m2026-08-01T10:22:38.948835Z[0m [32m INFO[0m [2mwgpu_hal::vulkan::instance[0m[2m:[0m 	objects: (type: INSTANCE, hndl: 0xb6d703e93680, name: ?)
[2m2026-08-01T10:22:38.948848Z[0m [32m INFO[0m [2mwgpu_hal::vulkan::instance[0m[2m:[0m GENERAL [Loader Message (0x0)]
	Found ICD manifest file /usr/share/vulkan/icd.d/gfxstream_vk_icd.json, version 1.0.1
[2m2026-08-01T10:22:38.948855Z[0m [32m INFO[0m [2mwgpu_hal::vulkan::instance[0m[2m:[0m 	objects: (type: INSTANCE, hndl: 0xb6d703e93680, name: ?)
[2m2026-08-01T10:22:38.948868Z[0m [32m INFO[0m [2mwgpu_hal::vulkan::instance[0m[2m:[0m GENERAL [Loader Message (0x0)]
	Found ICD manifest file /usr/share/vulkan/icd.d/virtio_icd.json, version 1.0.1
[2m2026-08-01T10:22:38.948875Z[0m [32m INFO[0m [2mwgpu_hal::vulkan::instance[0m[2m:[0m 	objects: (type: INSTANCE, hndl: 0xb6d703e93680, name: ?)
[2m2026-08-01T10:22:38.948889Z[0m [32m INFO[0m [2mwgpu_hal::vulkan::instance[0m[2m:[0m GENERAL [Loader Message (0x0)]
	Found ICD manifest file /usr/share/vulkan/icd.d/asahi_icd.json, version 1.0.1
[2m2026-08-01T10:22:38.948896Z[0m [32m INFO[0m [2mwgpu_hal::vulkan::instance[0m[2m:[0m 	objects: (type: INSTANCE, hndl: 0xb6d703e93680, name: ?)
[2m2026-08-01T10:22:38.948910Z[0m [32m INFO[0m [2mwgpu_hal::vulkan::instance[0m[2m:[0m GENERAL [Loader Message (0x0)]
	Found ICD manifest file /usr/share/vulkan/icd.d/lvp_icd.json, version 1.0.1
[2m2026-08-01T10:22:38.948917Z[0m [32m INFO[0m [2mwgpu_hal::vulkan::instance[0m[2m:[0m 	objects: (type: INSTANCE, hndl: 0xb6d703e93680, name: ?)
[2m2026-08-01T10:22:38.948930Z[0m [32m INFO[0m [2mwgpu_hal::vulkan::instance[0m[2m:[0m GENERAL [Loader Message (0x0)]
	Found ICD manifest file /usr/share/vulkan/icd.d/intel_icd.json, version 1.0.1
[2m2026-08-01T10:22:38.948937Z[0m [32m INFO[0m [2mwgpu_hal::vulkan::instance[0m[2m:[0m 	objects: (type: INSTANCE, hndl: 0xb6d703e93680, name: ?)
[2m2026-08-01T10:22:38.948949Z[0m [32m INFO[0m [2mwgpu_hal::vulkan::instance[0m[2m:[0m GENERAL [Loader Message (0x0)]
	Found ICD manifest file /usr/share/vulkan/icd.d/powervr_mesa_icd.json, version 1.0.1
[2m2026-08-01T10:22:38.948957Z[0m [32m INFO[0m [2mwgpu_hal::vulkan::instance[0m[2m:[0m 	objects: (type: INSTANCE, hndl: 0xb6d703e93680, name: ?)
[2m2026-08-01T10:22:38.948969Z[0m [32m INFO[0m [2mwgpu_hal::vulkan::instance[0m[2m:[0m GENERAL [Loader Message (0x0)]
	Found ICD manifest file /usr/share/vulkan/icd.d/radeon_icd.json, version 1.0.1
[2m2026-08-01T10:22:38.948976Z[0m [32m INFO[0m [2mwgpu_hal::vulkan::instance[0m[2m:[0m 	objects: (type: INSTANCE, hndl: 0xb6d703e93680, name: ?)
[2m2026-08-01T10:22:38.949131Z[0m [32m INFO[0m [2mwgpu_hal::vulkan::instance[0m[2m:[0m GENERAL [Loader Message (0x0)]
	Insert instance layer "VK_LAYER_MESA_device_select" (/usr/lib/aarch64-linux-gnu/libVkLayer_MESA_device_select.so)
[2m2026-08-01T10:22:38.949140Z[0m [32m INFO[0m [2mwgpu_hal::vulkan::instance[0m[2m:[0m 	objects: (type: INSTANCE, hndl: 0xb6d703e93680, name: ?)
[2m2026-08-01T10:22:38.949147Z[0m [32m INFO[0m [2mwgpu_hal::vulkan::instance[0m[2m:[0m GENERAL [Loader Message (0x0)]
	vkCreateInstance layer callstack setup to:
[2m2026-08-01T10:22:38.949153Z[0m [32m INFO[0m [2mwgpu_hal::vulkan::instance[0m[2m:[0m 	objects: (type: INSTANCE, hndl: 0xb6d703e93680, name: ?)
[2m2026-08-01T10:22:38.949158Z[0m [32m INFO[0m [2mwgpu_hal::vulkan::instance[0m[2m:[0m GENERAL [Loader Message (0x0)]
	   <Application>
[2m2026-08-01T10:22:38.949164Z[0m [32m INFO[0m [2mwgpu_hal::vulkan::instance[0m[2m:[0m 	objects: (type: INSTANCE, hndl: 0xb6d703e93680, name: ?)
[2m2026-08-01T10:22:38.949170Z[0m [32m INFO[0m [2mwgpu_hal::vulkan::instance[0m[2m:[0m GENERAL [Loader Message (0x0)]
	     ||
[2m2026-08-01T10:22:38.949175Z[0m [32m INFO[0m [2mwgpu_hal::vulkan::instance[0m[2m:[0m 	objects: (type: INSTANCE, hndl: 0xb6d703e93680, name: ?)
[2m2026-08-01T10:22:38.949181Z[0m [32m INFO[0m [2mwgpu_hal::vulkan::instance[0m[2m:[0m GENERAL [Loader Message (0x0)]
	   <Loader>
[2m2026-08-01T10:22:38.949186Z[0m [32m INFO[0m [2mwgpu_hal::vulkan::instance[0m[2m:[0m 	objects: (type: INSTANCE, hndl: 0xb6d703e93680, name: ?)
[2m2026-08-01T10:22:38.949192Z[0m [32m INFO[0m [2mwgpu_hal::vulkan::instance[0m[2m:[0m GENERAL [Loader Message (0x0)]
	     ||
[2m2026-08-01T10:22:38.949197Z[0m [32m INFO[0m [2mwgpu_hal::vulkan::instance[0m[2m:[0m 	objects: (type: INSTANCE, hndl: 0xb6d703e93680, name: ?)
[2m2026-08-01T10:22:38.949203Z[0m [32m INFO[0m [2mwgpu_hal::vulkan::instance[0m[2m:[0m GENERAL [Loader Message (0x0)]
	   VK_LAYER_MESA_device_select
[2m2026-08-01T10:22:38.949208Z[0m [32m INFO[0m [2mwgpu_hal::vulkan::instance[0m[2m:[0m 	objects: (type: INSTANCE, hndl: 0xb6d703e93680, name: ?)
[2m2026-08-01T10:22:38.949214Z[0m [32m INFO[0m [2mwgpu_hal::vulkan::instance[0m[2m:[0m GENERAL [Loader Message (0x0)]
	           Type: Implicit
[2m2026-08-01T10:22:38.949322Z[0m [32m INFO[0m [2mwgpu_hal::vulkan::instance[0m[2m:[0m 	objects: (type: INSTANCE, hndl: 0xb6d703e93680, name: ?)
[2m2026-08-01T10:22:38.949335Z[0m [32m INFO[0m [2mwgpu_hal::vulkan::instance[0m[2m:[0m GENERAL [Loader Message (0x0)]
	           Enabled By: Implicit Layer
[2m2026-08-01T10:22:38.949343Z[0m [32m INFO[0m [2mwgpu_hal::vulkan::instance[0m[2m:[0m 	objects: (type: INSTANCE, hndl: 0xb6d703e93680, name: ?)
[2m2026-08-01T10:22:38.949353Z[0m [32m INFO[0m [2mwgpu_hal::vulkan::instance[0m[2m:[0m GENERAL [Loader Message (0x0)]
	               Disable Env Var:  NODEVICE_SELECT
[2m2026-08-01T10:22:38.949361Z[0m [32m INFO[0m [2mwgpu_hal::vulkan::instance[0m[2m:[0m 	objects: (type: INSTANCE, hndl: 0xb6d703e93680, name: ?)
[2m2026-08-01T10:22:38.949405Z[0m [32m INFO[0m [2mwgpu_hal::vulkan::instance[0m[2m:[0m GENERAL [Loader Message (0x0)]
	           Manifest: /usr/share/vulkan/implicit_layer.d/VkLayer_MESA_device_select.json
[2m2026-08-01T10:22:38.949420Z[0m [32m INFO[0m [2mwgpu_hal::vulkan::instance[0m[2m:[0m 	objects: (type: INSTANCE, hndl: 0xb6d703e93680, name: ?)
[2m2026-08-01T10:22:38.949426Z[0m [32m INFO[0m [2mwgpu_hal::vulkan::instance[0m[2m:[0m GENERAL [Loader Message (0x0)]
	           Library:  /usr/lib/aarch64-linux-gnu/libVkLayer_MESA_device_select.so
[2m2026-08-01T10:22:38.949434Z[0m [32m INFO[0m [2mwgpu_hal::vulkan::instance[0m[2m:[0m 	objects: (type: INSTANCE, hndl: 0xb6d703e93680, name: ?)
[2m2026-08-01T10:22:38.949440Z[0m [32m INFO[0m [2mwgpu_hal::vulkan::instance[0m[2m:[0m GENERAL [Loader Message (0x0)]
	     ||
[2m2026-08-01T10:22:38.949446Z[0m [32m INFO[0m [2mwgpu_hal::vulkan::instance[0m[2m:[0m 	objects: (type: INSTANCE, hndl: 0xb6d703e93680, name: ?)
[2m2026-08-01T10:22:38.949451Z[0m [32m INFO[0m [2mwgpu_hal::vulkan::instance[0m[2m:[0m GENERAL [Loader Message (0x0)]
	   <Drivers>
[2m2026-08-01T10:22:38.949457Z[0m [32m INFO[0m [2mwgpu_hal::vulkan::instance[0m[2m:[0m 	objects: (type: INSTANCE, hndl: 0xb6d703e93680, name: ?)
[2m2026-08-01T10:22:38.955377Z[0m [32m INFO[0m [2mwgpu_hal::vulkan::instance[0m[2m:[0m Enabling debug utils
[2m2026-08-01T10:22:38.955599Z[0m [32m INFO[0m [2mwgpu_hal::gles::egl[0m[2m:[0m Using Wayland platform
[slopos-compositor/drm] client connected
[slopos-compositor/drm] client disconnected
[slopos-compositor/drm] client connected
libEGL warning: failed to get driver name for fd -1

libEGL warning: MESA-LOADER: failed to retrieve device information

libEGL warning: failed to get driver name for fd -1

[2m2026-08-01T10:22:38.957441Z[0m [31mERROR[0m [2mwgpu_hal::gles::egl[0m[2m:[0m EGL 'eglInitialize' code 0x3003: DRI2: failed to get driver name
[slopos-compositor/drm] client disconnected
[slopos-compositor/drm] client connected
[slopos-compositor/drm] client connected
[slopos-compositor/drm] client disconnected
MESA: error: ZINK: failed to choose pdev
libEGL warning: egl: failed to create dri2 screen
[slopos-compositor/drm] client disconnected
[slopos-compositor/drm] client connected
[2m2026-08-01T10:22:38.998359Z[0m [33m WARN[0m [2mwgpu_hal::gles::egl[0m[2m:[0m Re-initializing Gles context due to Wayland window
[slopos-compositor/drm] client disconnected
[2m2026-08-01T10:22:39.053085Z[0m [32m INFO[0m [2mwgpu_hal::vulkan::instance[0m[2m:[0m GENERAL [Loader Message (0x0)]
	linux_read_sorted_physical_devices:
[2m2026-08-01T10:22:39.053122Z[0m [32m INFO[0m [2mwgpu_hal::vulkan::instance[0m[2m:[0m 	objects: (type: INSTANCE, hndl: 0xb6d703e93680, name: ?)
[2m2026-08-01T10:22:39.053131Z[0m [32m INFO[0m [2mwgpu_hal::vulkan::instance[0m[2m:[0m GENERAL [Loader Message (0x0)]
	     Original order:
[2m2026-08-01T10:22:39.053137Z[0m [32m INFO[0m [2mwgpu_hal::vulkan::instance[0m[2m:[0m 	objects: (type: INSTANCE, hndl: 0xb6d703e93680, name: ?)
[2m2026-08-01T10:22:39.053151Z[0m [32m INFO[0m [2mwgpu_hal::vulkan::instance[0m[2m:[0m GENERAL [Loader Message (0x0)]
	           [0] llvmpipe (LLVM 21.1.8, 128 bits)
[2m2026-08-01T10:22:39.053165Z[0m [32m INFO[0m [2mwgpu_hal::vulkan::instance[0m[2m:[0m 	objects: (type: INSTANCE, hndl: 0xb6d703e93680, name: ?)
[2m2026-08-01T10:22:39.053172Z[0m [32m INFO[0m [2mwgpu_hal::vulkan::instance[0m[2m:[0m GENERAL [Loader Message (0x0)]
	     Sorted order:
[2m2026-08-01T10:22:39.053178Z[0m [32m INFO[0m [2mwgpu_hal::vulkan::instance[0m[2m:[0m 	objects: (type: INSTANCE, hndl: 0xb6d703e93680, name: ?)
[2m2026-08-01T10:22:39.053184Z[0m [32m INFO[0m [2mwgpu_hal::vulkan::instance[0m[2m:[0m GENERAL [Loader Message (0x0)]
	           [0] llvmpipe (LLVM 21.1.8, 128 bits)  
[2m2026-08-01T10:22:39.053190Z[0m [32m INFO[0m [2mwgpu_hal::vulkan::instance[0m[2m:[0m 	objects: (type: INSTANCE, hndl: 0xb6d703e93680, name: ?)
[2m2026-08-01T10:22:39.053206Z[0m [32m INFO[0m [2mwgpu_hal::vulkan::instance[0m[2m:[0m GENERAL [Loader Message (0x0)]
	linux_read_sorted_physical_devices:
[2m2026-08-01T10:22:39.053212Z[0m [32m INFO[0m [2mwgpu_hal::vulkan::instance[0m[2m:[0m 	objects: (type: INSTANCE, hndl: 0xb6d703e93680, name: ?)
[2m2026-08-01T10:22:39.053218Z[0m [32m INFO[0m [2mwgpu_hal::vulkan::instance[0m[2m:[0m GENERAL [Loader Message (0x0)]
	     Original order:
[2m2026-08-01T10:22:39.053224Z[0m [32m INFO[0m [2mwgpu_hal::vulkan::instance[0m[2m:[0m 	objects: (type: INSTANCE, hndl: 0xb6d703e93680, name: ?)
[2m2026-08-01T10:22:39.053450Z[0m [32m INFO[0m [2mwgpu_hal::vulkan::instance[0m[2m:[0m GENERAL [Loader Message (0x0)]
	           [0] llvmpipe (LLVM 21.1.8, 128 bits)
[2m2026-08-01T10:22:39.053461Z[0m [32m INFO[0m [2mwgpu_hal::vulkan::instance[0m[2m:[0m 	objects: (type: INSTANCE, hndl: 0xb6d703e93680, name: ?)
[2m2026-08-01T10:22:39.053467Z[0m [32m INFO[0m [2mwgpu_hal::vulkan::instance[0m[2m:[0m GENERAL [Loader Message (0x0)]
	     Sorted order:
[2m2026-08-01T10:22:39.053473Z[0m [32m INFO[0m [2mwgpu_hal::vulkan::instance[0m[2m:[0m 	objects: (type: INSTANCE, hndl: 0xb6d703e93680, name: ?)
[2m2026-08-01T10:22:39.053479Z[0m [32m INFO[0m [2mwgpu_hal::vulkan::instance[0m[2m:[0m GENERAL [Loader Message (0x0)]
	           [0] llvmpipe (LLVM 21.1.8, 128 bits)  
[2m2026-08-01T10:22:39.053486Z[0m [32m INFO[0m [2mwgpu_hal::vulkan::instance[0m[2m:[0m 	objects: (type: INSTANCE, hndl: 0xb6d703e93680, name: ?)
[slopos-compositor/drm] client connected
[2m2026-08-01T10:22:39.054195Z[0m [32m INFO[0m [2mwgpu_hal::vulkan::instance[0m[2m:[0m GENERAL [Loader Message (0x0)]
	linux_read_sorted_physical_devices:
[2m2026-08-01T10:22:39.054210Z[0m [32m INFO[0m [2mwgpu_hal::vulkan::instance[0m[2m:[0m 	objects: (type: INSTANCE, hndl: 0xb6d703e93680, name: ?)
[slopos-compositor/drm] client disconnected
[2m2026-08-01T10:22:39.054216Z[0m [32m INFO[0m [2mwgpu_hal::vulkan::instance[0m[2m:[0m GENERAL [Loader Message (0x0)]
	     Original order:
[2m2026-08-01T10:22:39.054449Z[0m [32m INFO[0m [2mwgpu_hal::vulkan::instance[0m[2m:[0m 	objects: (type: INSTANCE, hndl: 0xb6d703e93680, name: ?)
[2m2026-08-01T10:22:39.054465Z[0m [32m INFO[0m [2mwgpu_hal::vulkan::instance[0m[2m:[0m GENERAL [Loader Message (0x0)]
	           [0] llvmpipe (LLVM 21.1.8, 128 bits)
[2m2026-08-01T10:22:39.054472Z[0m [32m INFO[0m [2mwgpu_hal::vulkan::instance[0m[2m:[0m 	objects: (type: INSTANCE, hndl: 0xb6d703e93680, name: ?)
[2m2026-08-01T10:22:39.054478Z[0m [32m INFO[0m [2mwgpu_hal::vulkan::instance[0m[2m:[0m GENERAL [Loader Message (0x0)]
	     Sorted order:
[2m2026-08-01T10:22:39.054484Z[0m [32m INFO[0m [2mwgpu_hal::vulkan::instance[0m[2m:[0m 	objects: (type: INSTANCE, hndl: 0xb6d703e93680, name: ?)
[2m2026-08-01T10:22:39.054489Z[0m [32m INFO[0m [2mwgpu_hal::vulkan::instance[0m[2m:[0m GENERAL [Loader Message (0x0)]
	           [0] llvmpipe (LLVM 21.1.8, 128 bits)  
[2m2026-08-01T10:22:39.054495Z[0m [32m INFO[0m [2mwgpu_hal::vulkan::instance[0m[2m:[0m 	objects: (type: INSTANCE, hndl: 0xb6d703e93680, name: ?)
[2m2026-08-01T10:22:39.054505Z[0m [32m INFO[0m [2mwgpu_hal::vulkan::instance[0m[2m:[0m GENERAL [Loader Message (0x0)]
	linux_read_sorted_physical_devices:
[2m2026-08-01T10:22:39.054515Z[0m [32m INFO[0m [2mwgpu_hal::vulkan::instance[0m[2m:[0m 	objects: (type: INSTANCE, hndl: 0xb6d703e93680, name: ?)
[2m2026-08-01T10:22:39.054521Z[0m [32m INFO[0m [2mwgpu_hal::vulkan::instance[0m[2m:[0m GENERAL [Loader Message (0x0)]
	     Original order:
[2m2026-08-01T10:22:39.054527Z[0m [32m INFO[0m [2mwgpu_hal::vulkan::instance[0m[2m:[0m 	objects: (type: INSTANCE, hndl: 0xb6d703e93680, name: ?)
[2m2026-08-01T10:22:39.054535Z[0m [32m INFO[0m [2mwgpu_hal::vulkan::instance[0m[2m:[0m GENERAL [Loader Message (0x0)]
	           [0] llvmpipe (LLVM 21.1.8, 128 bits)
[2m2026-08-01T10:22:39.054542Z[0m [32m INFO[0m [2mwgpu_hal::vulkan::instance[0m[2m:[0m 	objects: (type: INSTANCE, hndl: 0xb6d703e93680, name: ?)
[2m2026-08-01T10:22:39.054547Z[0m [32m INFO[0m [2mwgpu_hal::vulkan::instance[0m[2m:[0m GENERAL [Loader Message (0x0)]
	     Sorted order:
[2m2026-08-01T10:22:39.054553Z[0m [32m INFO[0m [2mwgpu_hal::vulkan::instance[0m[2m:[0m 	objects: (type: INSTANCE, hndl: 0xb6d703e93680, name: ?)
[2m2026-08-01T10:22:39.054559Z[0m [32m INFO[0m [2mwgpu_hal::vulkan::instance[0m[2m:[0m GENERAL [Loader Message (0x0)]
	           [0] llvmpipe (LLVM 21.1.8, 128 bits)  
[2m2026-08-01T10:22:39.054565Z[0m [32m INFO[0m [2mwgpu_hal::vulkan::instance[0m[2m:[0m 	objects: (type: INSTANCE, hndl: 0xb6d703e93680, name: ?)
[slopos-compositor/drm] client connected
[2m2026-08-01T10:22:39.054978Z[0m [32m INFO[0m [2mwgpu_hal::vulkan::instance[0m[2m:[0m GENERAL [Loader Message (0x0)]
	Removing driver /usr/lib/aarch64-linux-gnu/libvulkan_radeon.so due to not having any physical devices
[2m2026-08-01T10:22:39.054989Z[0m [32m INFO[0m [2mwgpu_hal::vulkan::instance[0m[2m:[0m 	objects: (type: INSTANCE, hndl: 0xb6d703e93680, name: ?)
[slopos-compositor/drm] client disconnected
[2m2026-08-01T10:22:39.055157Z[0m [32m INFO[0m [2mwgpu_hal::vulkan::instance[0m[2m:[0m GENERAL [Loader Message (0x0)]
	Removing driver /usr/lib/aarch64-linux-gnu/libvulkan_powervr_mesa.so due to not having any physical devices
[2m2026-08-01T10:22:39.055168Z[0m [32m INFO[0m [2mwgpu_hal::vulkan::instance[0m[2m:[0m 	objects: (type: INSTANCE, hndl: 0xb6d703e93680, name: ?)
[2m2026-08-01T10:22:39.055666Z[0m [32m INFO[0m [2mwgpu_hal::vulkan::instance[0m[2m:[0m GENERAL [Loader Message (0x0)]
	Removing driver /usr/lib/aarch64-linux-gnu/libvulkan_intel.so due to not having any physical devices
[2m2026-08-01T10:22:39.055679Z[0m [32m INFO[0m [2mwgpu_hal::vulkan::instance[0m[2m:[0m 	objects: (type: INSTANCE, hndl: 0xb6d703e93680, name: ?)
[2m2026-08-01T10:22:39.055782Z[0m [32m INFO[0m [2mwgpu_hal::vulkan::instance[0m[2m:[0m GENERAL [Loader Message (0x0)]
	Removing driver /usr/lib/aarch64-linux-gnu/libvulkan_asahi.so due to not having any physical devices
[2m2026-08-01T10:22:39.055792Z[0m [32m INFO[0m [2mwgpu_hal::vulkan::instance[0m[2m:[0m 	objects: (type: INSTANCE, hndl: 0xb6d703e93680, name: ?)
[2m2026-08-01T10:22:39.055875Z[0m [32m INFO[0m [2mwgpu_hal::vulkan::instance[0m[2m:[0m GENERAL [Loader Message (0x0)]
	Removing driver /usr/lib/aarch64-linux-gnu/libvulkan_virtio.so due to not having any physical devices
[2m2026-08-01T10:22:39.055884Z[0m [32m INFO[0m [2mwgpu_hal::vulkan::instance[0m[2m:[0m 	objects: (type: INSTANCE, hndl: 0xb6d703e93680, name: ?)
[2m2026-08-01T10:22:39.055932Z[0m [32m INFO[0m [2mwgpu_hal::vulkan::instance[0m[2m:[0m GENERAL [Loader Message (0x0)]
	Removing driver /usr/lib/aarch64-linux-gnu/libvulkan_gfxstream.so due to not having any physical devices
[2m2026-08-01T10:22:39.055940Z[0m [32m INFO[0m [2mwgpu_hal::vulkan::instance[0m[2m:[0m 	objects: (type: INSTANCE, hndl: 0xb6d703e93680, name: ?)
[2m2026-08-01T10:22:39.056003Z[0m [32m INFO[0m [2mwgpu_hal::vulkan::instance[0m[2m:[0m GENERAL [Loader Message (0x0)]
	Removing driver /usr/lib/aarch64-linux-gnu/libvulkan_freedreno.so due to not having any physical devices
[2m2026-08-01T10:22:39.056016Z[0m [32m INFO[0m [2mwgpu_hal::vulkan::instance[0m[2m:[0m 	objects: (type: INSTANCE, hndl: 0xb6d703e93680, name: ?)
[2m2026-08-01T10:22:39.056092Z[0m [32m INFO[0m [2mwgpu_hal::vulkan::instance[0m[2m:[0m GENERAL [Loader Message (0x0)]
	Removing driver /usr/lib/aarch64-linux-gnu/libvulkan_panfrost.so due to not having any physical devices
[2m2026-08-01T10:22:39.056100Z[0m [32m INFO[0m [2mwgpu_hal::vulkan::instance[0m[2m:[0m 	objects: (type: INSTANCE, hndl: 0xb6d703e93680, name: ?)
[2m2026-08-01T10:22:39.056198Z[0m [32m INFO[0m [2mwgpu_hal::vulkan::instance[0m[2m:[0m GENERAL [Loader Message (0x0)]
	Removing driver /usr/lib/aarch64-linux-gnu/libvulkan_broadcom.so due to not having any physical devices
[2m2026-08-01T10:22:39.056206Z[0m [32m INFO[0m [2mwgpu_hal::vulkan::instance[0m[2m:[0m 	objects: (type: INSTANCE, hndl: 0xb6d703e93680, name: ?)
[2m2026-08-01T10:22:39.056578Z[0m [32m INFO[0m [2mwgpu_hal::vulkan::instance[0m[2m:[0m GENERAL [Loader Message (0x0)]
	Removing driver /usr/lib/aarch64-linux-gnu/libvulkan_nouveau.so due to not having any physical devices
[2m2026-08-01T10:22:39.056615Z[0m [32m INFO[0m [2mwgpu_hal::vulkan::instance[0m[2m:[0m 	objects: (type: INSTANCE, hndl: 0xb6d703e93680, name: ?)
[2m2026-08-01T10:22:39.060766Z[0m [32m INFO[0m [2mwgpu_core::instance[0m[2m:[0m Adapter Vulkan AdapterInfo { name: "llvmpipe (LLVM 21.1.8, 128 bits)", vendor: 65541, device: 0, device_type: Cpu, driver: "llvmpipe", driver_info: "Mesa 26.0.3-1ubuntu1 (LLVM 21.1.8)", backend: Vulkan }
[2m2026-08-01T10:22:39.060946Z[0m [32m INFO[0m [2mwgpu_hal::vulkan::instance[0m[2m:[0m GENERAL [Loader Message (0x0)]
	Failed to find vkGetDeviceProcAddr in layer "/usr/lib/aarch64-linux-gnu/libVkLayer_MESA_device_select.so"
[2m2026-08-01T10:22:39.060980Z[0m [32m INFO[0m [2mwgpu_hal::vulkan::instance[0m[2m:[0m 	objects: (type: INSTANCE, hndl: 0xb6d703e93680, name: ?)
[2m2026-08-01T10:22:39.060997Z[0m [32m INFO[0m [2mwgpu_hal::vulkan::instance[0m[2m:[0m GENERAL [Loader Message (0x0)]
	vkCreateDevice layer callstack setup to:
[2m2026-08-01T10:22:39.061006Z[0m [32m INFO[0m [2mwgpu_hal::vulkan::instance[0m[2m:[0m 	objects: (type: INSTANCE, hndl: 0xb6d703e93680, name: ?)
[2m2026-08-01T10:22:39.061013Z[0m [32m INFO[0m [2mwgpu_hal::vulkan::instance[0m[2m:[0m GENERAL [Loader Message (0x0)]
	   <Application>
[2m2026-08-01T10:22:39.061019Z[0m [32m INFO[0m [2mwgpu_hal::vulkan::instance[0m[2m:[0m 	objects: (type: INSTANCE, hndl: 0xb6d703e93680, name: ?)
[2m2026-08-01T10:22:39.061026Z[0m [32m INFO[0m [2mwgpu_hal::vulkan::instance[0m[2m:[0m GENERAL [Loader Message (0x0)]
	     ||
[2m2026-08-01T10:22:39.061036Z[0m [32m INFO[0m [2mwgpu_hal::vulkan::instance[0m[2m:[0m 	objects: (type: INSTANCE, hndl: 0xb6d703e93680, name: ?)
[2m2026-08-01T10:22:39.061042Z[0m [32m INFO[0m [2mwgpu_hal::vulkan::instance[0m[2m:[0m GENERAL [Loader Message (0x0)]
	   <Loader>
[2m2026-08-01T10:22:39.061048Z[0m [32m INFO[0m [2mwgpu_hal::vulkan::instance[0m[2m:[0m 	objects: (type: INSTANCE, hndl: 0xb6d703e93680, name: ?)
[2m2026-08-01T10:22:39.061054Z[0m [32m INFO[0m [2mwgpu_hal::vulkan::instance[0m[2m:[0m GENERAL [Loader Message (0x0)]
	     ||
[2m2026-08-01T10:22:39.061060Z[0m [32m INFO[0m [2mwgpu_hal::vulkan::instance[0m[2m:[0m 	objects: (type: INSTANCE, hndl: 0xb6d703e93680, name: ?)
[2m2026-08-01T10:22:39.061065Z[0m [32m INFO[0m [2mwgpu_hal::vulkan::instance[0m[2m:[0m GENERAL [Loader Message (0x0)]
	   <Device>
[2m2026-08-01T10:22:39.061073Z[0m [32m INFO[0m [2mwgpu_hal::vulkan::instance[0m[2m:[0m 	objects: (type: INSTANCE, hndl: 0xb6d703e93680, name: ?)
[2m2026-08-01T10:22:39.061152Z[0m [32m INFO[0m [2mwgpu_hal::vulkan::instance[0m[2m:[0m GENERAL [Loader Message (0x0)]
	       Using "llvmpipe (LLVM 21.1.8, 128 bits)" with driver: "/usr/lib/aarch64-linux-gnu/libvulkan_lvp.so"
[2m2026-08-01T10:22:39.061162Z[0m [32m INFO[0m [2mwgpu_hal::vulkan::instance[0m[2m:[0m 	objects: (type: INSTANCE, hndl: 0xb6d703e93680, name: ?)
[2m2026-08-01T10:22:39.080503Z[0m [32m INFO[0m [2mwgpu_core::device::resource[0m[2m:[0m Device::maintain: waiting for submission index 0
[2m2026-08-01T10:22:39.087054Z[0m [33m WARN[0m [2mwgpu_hal::vulkan::instance[0m[2m:[0m InstanceFlags::VALIDATION requested, but unable to find layer: VK_LAYER_KHRONOS_validation
[2m2026-08-01T10:22:39.087095Z[0m [32m INFO[0m [2mwgpu_hal::vulkan::instance[0m[2m:[0m GENERAL [Loader Message (0x0)]
	No valid vk_loader_settings.json file found, no loader settings will be active
[2m2026-08-01T10:22:39.087111Z[0m [32m INFO[0m [2mwgpu_hal::vulkan::instance[0m[2m:[0m 	objects: (type: INSTANCE, hndl: 0xb6d707957f60, name: ?)
[2m2026-08-01T10:22:39.087120Z[0m [32m INFO[0m [2mwgpu_hal::vulkan::instance[0m[2m:[0m GENERAL [Loader Message (0x0)]
	Searching for implicit layer manifest files
[2m2026-08-01T10:22:39.087127Z[0m [32m INFO[0m [2mwgpu_hal::vulkan::instance[0m[2m:[0m 	objects: (type: INSTANCE, hndl: 0xb6d707957f60, name: ?)
[2m2026-08-01T10:22:39.087133Z[0m [32m INFO[0m [2mwgpu_hal::vulkan::instance[0m[2m:[0m GENERAL [Loader Message (0x0)]
	   In following locations:
[2m2026-08-01T10:22:39.087139Z[0m [32m INFO[0m [2mwgpu_hal::vulkan::instance[0m[2m:[0m 	objects: (type: INSTANCE, hndl: 0xb6d707957f60, name: ?)
[2m2026-08-01T10:22:39.087145Z[0m [32m INFO[0m [2mwgpu_hal::vulkan::instance[0m[2m:[0m GENERAL [Loader Message (0x0)]
	      /home/ubuntu/.config/vulkan/implicit_layer.d
[2m2026-08-01T10:22:39.087151Z[0m [32m INFO[0m [2mwgpu_hal::vulkan::instance[0m[2m:[0m 	objects: (type: INSTANCE, hndl: 0xb6d707957f60, name: ?)
[2m2026-08-01T10:22:39.087157Z[0m [32m INFO[0m [2mwgpu_hal::vulkan::instance[0m[2m:[0m GENERAL [Loader Message (0x0)]
	      /etc/xdg/vulkan/implicit_layer.d
[2m2026-08-01T10:22:39.087163Z[0m [32m INFO[0m [2mwgpu_hal::vulkan::instance[0m[2m:[0m 	objects: (type: INSTANCE, hndl: 0xb6d707957f60, name: ?)
[2m2026-08-01T10:22:39.087168Z[0m [32m INFO[0m [2mwgpu_hal::vulkan::instance[0m[2m:[0m GENERAL [Loader Message (0x0)]
	      /etc/vulkan/implicit_layer.d
[2m2026-08-01T10:22:39.087174Z[0m [32m INFO[0m [2mwgpu_hal::vulkan::instance[0m[2m:[0m 	objects: (type: INSTANCE, hndl: 0xb6d707957f60, name: ?)
[2m2026-08-01T10:22:39.087186Z[0m [32m INFO[0m [2mwgpu_hal::vulkan::instance[0m[2m:[0m GENERAL [Loader Message (0x0)]
	      /home/ubuntu/.local/share/vulkan/implicit_layer.d
[2m2026-08-01T10:22:39.087195Z[0m [32m INFO[0m [2mwgpu_hal::vulkan::instance[0m[2m:[0m 	objects: (type: INSTANCE, hndl: 0xb6d707957f60, name: ?)
[2m2026-08-01T10:22:39.087201Z[0m [32m INFO[0m [2mwgpu_hal::vulkan::instance[0m[2m:[0m GENERAL [Loader Message (0x0)]
	      /usr/local/share/vulkan/implicit_layer.d
[2m2026-08-01T10:22:39.087207Z[0m [32m INFO[0m [2mwgpu_hal::vulkan::instance[0m[2m:[0m 	objects: (type: INSTANCE, hndl: 0xb6d707957f60, name: ?)
[2m2026-08-01T10:22:39.087213Z[0m [32m INFO[0m [2mwgpu_hal::vulkan::instance[0m[2m:[0m GENERAL [Loader Message (0x0)]
	      /usr/share/vulkan/implicit_layer.d
[2m2026-08-01T10:22:39.087219Z[0m [32m INFO[0m [2mwgpu_hal::vulkan::instance[0m[2m:[0m 	objects: (type: INSTANCE, hndl: 0xb6d707957f60, name: ?)
[2m2026-08-01T10:22:39.087277Z[0m [32m INFO[0m [2mwgpu_hal::vulkan::instance[0m[2m:[0m GENERAL [Loader Message (0x0)]
	   Found the following files:
[2m2026-08-01T10:22:39.087288Z[0m [32m INFO[0m [2mwgpu_hal::vulkan::instance[0m[2m:[0m 	objects: (type: INSTANCE, hndl: 0xb6d707957f60, name: ?)
[2m2026-08-01T10:22:39.087294Z[0m [32m INFO[0m [2mwgpu_hal::vulkan::instance[0m[2m:[0m GENERAL [Loader Message (0x0)]
	      /usr/share/vulkan/implicit_layer.d/VkLayer_MESA_anti_lag.json
[2m2026-08-01T10:22:39.087301Z[0m [32m INFO[0m [2mwgpu_hal::vulkan::instance[0m[2m:[0m 	objects: (type: INSTANCE, hndl: 0xb6d707957f60, name: ?)
[2m2026-08-01T10:22:39.087306Z[0m [32m INFO[0m [2mwgpu_hal::vulkan::instance[0m[2m:[0m GENERAL [Loader Message (0x0)]
	      /usr/share/vulkan/implicit_layer.d/VkLayer_MESA_device_select.json
[2m2026-08-01T10:22:39.087320Z[0m [32m INFO[0m [2mwgpu_hal::vulkan::instance[0m[2m:[0m 	objects: (type: INSTANCE, hndl: 0xb6d707957f60, name: ?)
[2m2026-08-01T10:22:39.087332Z[0m [32m INFO[0m [2mwgpu_hal::vulkan::instance[0m[2m:[0m GENERAL [Loader Message (0x0)]
	Found manifest file /usr/share/vulkan/implicit_layer.d/VkLayer_MESA_anti_lag.json (file version 1.2.1)
[2m2026-08-01T10:22:39.087371Z[0m [32m INFO[0m [2mwgpu_hal::vulkan::instance[0m[2m:[0m 	objects: (type: INSTANCE, hndl: 0xb6d707957f60, name: ?)
[2m2026-08-01T10:22:39.087416Z[0m [32m INFO[0m [2mwgpu_hal::vulkan::instance[0m[2m:[0m GENERAL [Loader Message (0x0)]
	Found manifest file /usr/share/vulkan/implicit_layer.d/VkLayer_MESA_device_select.json (file version 1.0.0)
[2m2026-08-01T10:22:39.087434Z[0m [32m INFO[0m [2mwgpu_hal::vulkan::instance[0m[2m:[0m 	objects: (type: INSTANCE, hndl: 0xb6d707957f60, name: ?)
[2m2026-08-01T10:22:39.087458Z[0m [32m INFO[0m [2mwgpu_hal::vulkan::instance[0m[2m:[0m GENERAL [Loader Message (0x0)]
	Searching for explicit layer manifest files
[2m2026-08-01T10:22:39.087469Z[0m [32m INFO[0m [2mwgpu_hal::vulkan::instance[0m[2m:[0m 	objects: (type: INSTANCE, hndl: 0xb6d707957f60, name: ?)
[2m2026-08-01T10:22:39.087477Z[0m [32m INFO[0m [2mwgpu_hal::vulkan::instance[0m[2m:[0m GENERAL [Loader Message (0x0)]
	   In following locations:
[2m2026-08-01T10:22:39.087488Z[0m [32m INFO[0m [2mwgpu_hal::vulkan::instance[0m[2m:[0m 	objects: (type: INSTANCE, hndl: 0xb6d707957f60, name: ?)
[2m2026-08-01T10:22:39.087494Z[0m [32m INFO[0m [2mwgpu_hal::vulkan::instance[0m[2m:[0m GENERAL [Loader Message (0x0)]
	      /home/ubuntu/.config/vulkan/explicit_layer.d
[2m2026-08-01T10:22:39.087501Z[0m [32m INFO[0m [2mwgpu_hal::vulkan::instance[0m[2m:[0m 	objects: (type: INSTANCE, hndl: 0xb6d707957f60, name: ?)
[2m2026-08-01T10:22:39.087506Z[0m [32m INFO[0m [2mwgpu_hal::vulkan::instance[0m[2m:[0m GENERAL [Loader Message (0x0)]
	      /etc/xdg/vulkan/explicit_layer.d
[2m2026-08-01T10:22:39.087512Z[0m [32m INFO[0m [2mwgpu_hal::vulkan::instance[0m[2m:[0m 	objects: (type: INSTANCE, hndl: 0xb6d707957f60, name: ?)
[2m2026-08-01T10:22:39.087518Z[0m [32m INFO[0m [2mwgpu_hal::vulkan::instance[0m[2m:[0m GENERAL [Loader Message (0x0)]
	      /etc/vulkan/explicit_layer.d
[2m2026-08-01T10:22:39.087524Z[0m [32m INFO[0m [2mwgpu_hal::vulkan::instance[0m[2m:[0m 	objects: (type: INSTANCE, hndl: 0xb6d707957f60, name: ?)
[2m2026-08-01T10:22:39.087530Z[0m [32m INFO[0m [2mwgpu_hal::vulkan::instance[0m[2m:[0m GENERAL [Loader Message (0x0)]
	      /home/ubuntu/.local/share/vulkan/explicit_layer.d
[2m2026-08-01T10:22:39.087536Z[0m [32m INFO[0m [2mwgpu_hal::vulkan::instance[0m[2m:[0m 	objects: (type: INSTANCE, hndl: 0xb6d707957f60, name: ?)
[2m2026-08-01T10:22:39.087541Z[0m [32m INFO[0m [2mwgpu_hal::vulkan::instance[0m[2m:[0m GENERAL [Loader Message (0x0)]
	      /usr/local/share/vulkan/explicit_layer.d
[2m2026-08-01T10:22:39.087548Z[0m [32m INFO[0m [2mwgpu_hal::vulkan::instance[0m[2m:[0m 	objects: (type: INSTANCE, hndl: 0xb6d707957f60, name: ?)
[2m2026-08-01T10:22:39.087553Z[0m [32m INFO[0m [2mwgpu_hal::vulkan::instance[0m[2m:[0m GENERAL [Loader Message (0x0)]
	      /usr/share/vulkan/explicit_layer.d
[2m2026-08-01T10:22:39.087563Z[0m [32m INFO[0m [2mwgpu_hal::vulkan::instance[0m[2m:[0m 	objects: (type: INSTANCE, hndl: 0xb6d707957f60, name: ?)
[2m2026-08-01T10:22:39.087590Z[0m [32m INFO[0m [2mwgpu_hal::vulkan::instance[0m[2m:[0m GENERAL [Loader Message (0x0)]
	   Found the following files:
[2m2026-08-01T10:22:39.087597Z[0m [32m INFO[0m [2mwgpu_hal::vulkan::instance[0m[2m:[0m 	objects: (type: INSTANCE, hndl: 0xb6d707957f60, name: ?)
[2m2026-08-01T10:22:39.087603Z[0m [32m INFO[0m [2mwgpu_hal::vulkan::instance[0m[2m:[0m GENERAL [Loader Message (0x0)]
	      /usr/share/vulkan/explicit_layer.d/VkLayer_MESA_screenshot.json
[2m2026-08-01T10:22:39.087614Z[0m [32m INFO[0m [2mwgpu_hal::vulkan::instance[0m[2m:[0m 	objects: (type: INSTANCE, hndl: 0xb6d707957f60, name: ?)
[2m2026-08-01T10:22:39.087620Z[0m [32m INFO[0m [2mwgpu_hal::vulkan::instance[0m[2m:[0m GENERAL [Loader Message (0x0)]
	      /usr/share/vulkan/explicit_layer.d/VkLayer_MESA_overlay.json
[2m2026-08-01T10:22:39.087627Z[0m [32m INFO[0m [2mwgpu_hal::vulkan::instance[0m[2m:[0m 	objects: (type: INSTANCE, hndl: 0xb6d707957f60, name: ?)
[2m2026-08-01T10:22:39.087632Z[0m [32m INFO[0m [2mwgpu_hal::vulkan::instance[0m[2m:[0m GENERAL [Loader Message (0x0)]
	      /usr/share/vulkan/explicit_layer.d/VkLayer_INTEL_nullhw.json
[2m2026-08-01T10:22:39.087639Z[0m [32m INFO[0m [2mwgpu_hal::vulkan::instance[0m[2m:[0m 	objects: (type: INSTANCE, hndl: 0xb6d707957f60, name: ?)
[2m2026-08-01T10:22:39.087649Z[0m [32m INFO[0m [2mwgpu_hal::vulkan::instance[0m[2m:[0m GENERAL [Loader Message (0x0)]
	Found manifest file /usr/share/vulkan/explicit_layer.d/VkLayer_MESA_screenshot.json (file version 1.0.0)
[2m2026-08-01T10:22:39.087657Z[0m [32m INFO[0m [2mwgpu_hal::vulkan::instance[0m[2m:[0m 	objects: (type: INSTANCE, hndl: 0xb6d707957f60, name: ?)
[2m2026-08-01T10:22:39.087667Z[0m [32m INFO[0m [2mwgpu_hal::vulkan::instance[0m[2m:[0m GENERAL [Loader Message (0x0)]
	Found manifest file /usr/share/vulkan/explicit_layer.d/VkLayer_MESA_overlay.json (file version 1.0.0)
[2m2026-08-01T10:22:39.087674Z[0m [32m INFO[0m [2mwgpu_hal::vulkan::instance[0m[2m:[0m 	objects: (type: INSTANCE, hndl: 0xb6d707957f60, name: ?)
[2m2026-08-01T10:22:39.087685Z[0m [32m INFO[0m [2mwgpu_hal::vulkan::instance[0m[2m:[0m GENERAL [Loader Message (0x0)]
	Found manifest file /usr/share/vulkan/explicit_layer.d/VkLayer_INTEL_nullhw.json (file version 1.0.0)
[2m2026-08-01T10:22:39.087692Z[0m [32m INFO[0m [2mwgpu_hal::vulkan::instance[0m[2m:[0m 	objects: (type: INSTANCE, hndl: 0xb6d707957f60, name: ?)
[2m2026-08-01T10:22:39.087702Z[0m [32m INFO[0m [2mwgpu_hal::vulkan::instance[0m[2m:[0m GENERAL [Loader Message (0x0)]
	Searching for driver manifest files
[2m2026-08-01T10:22:39.087709Z[0m [32m INFO[0m [2mwgpu_hal::vulkan::instance[0m[2m:[0m 	objects: (type: INSTANCE, hndl: 0xb6d707957f60, name: ?)
[2m2026-08-01T10:22:39.087715Z[0m [32m INFO[0m [2mwgpu_hal::vulkan::instance[0m[2m:[0m GENERAL [Loader Message (0x0)]
	   In following locations:
[2m2026-08-01T10:22:39.087724Z[0m [32m INFO[0m [2mwgpu_hal::vulkan::instance[0m[2m:[0m 	objects: (type: INSTANCE, hndl: 0xb6d707957f60, name: ?)
[2m2026-08-01T10:22:39.087733Z[0m [32m INFO[0m [2mwgpu_hal::vulkan::instance[0m[2m:[0m GENERAL [Loader Message (0x0)]
	      /home/ubuntu/.config/vulkan/icd.d
[2m2026-08-01T10:22:39.087743Z[0m [32m INFO[0m [2mwgpu_hal::vulkan::instance[0m[2m:[0m 	objects: (type: INSTANCE, hndl: 0xb6d707957f60, name: ?)
[2m2026-08-01T10:22:39.087749Z[0m [32m INFO[0m [2mwgpu_hal::vulkan::instance[0m[2m:[0m GENERAL [Loader Message (0x0)]
	      /etc/xdg/vulkan/icd.d
[2m2026-08-01T10:22:39.087755Z[0m [32m INFO[0m [2mwgpu_hal::vulkan::instance[0m[2m:[0m 	objects: (type: INSTANCE, hndl: 0xb6d707957f60, name: ?)
[2m2026-08-01T10:22:39.087760Z[0m [32m INFO[0m [2mwgpu_hal::vulkan::instance[0m[2m:[0m GENERAL [Loader Message (0x0)]
	      /etc/vulkan/icd.d
[2m2026-08-01T10:22:39.087766Z[0m [32m INFO[0m [2mwgpu_hal::vulkan::instance[0m[2m:[0m 	objects: (type: INSTANCE, hndl: 0xb6d707957f60, name: ?)
[2m2026-08-01T10:22:39.087771Z[0m [32m INFO[0m [2mwgpu_hal::vulkan::instance[0m[2m:[0m GENERAL [Loader Message (0x0)]
	      /home/ubuntu/.local/share/vulkan/icd.d
[2m2026-08-01T10:22:39.087777Z[0m [32m INFO[0m [2mwgpu_hal::vulkan::instance[0m[2m:[0m 	objects: (type: INSTANCE, hndl: 0xb6d707957f60, name: ?)
[2m2026-08-01T10:22:39.087786Z[0m [32m INFO[0m [2mwgpu_hal::vulkan::instance[0m[2m:[0m GENERAL [Loader Message (0x0)]
	      /usr/local/share/vulkan/icd.d
[2m2026-08-01T10:22:39.087796Z[0m [32m INFO[0m [2mwgpu_hal::vulkan::instance[0m[2m:[0m 	objects: (type: INSTANCE, hndl: 0xb6d707957f60, name: ?)
[2m2026-08-01T10:22:39.087807Z[0m [32m INFO[0m [2mwgpu_hal::vulkan::instance[0m[2m:[0m GENERAL [Loader Message (0x0)]
	      /usr/share/vulkan/icd.d
[2m2026-08-01T10:22:39.087813Z[0m [32m INFO[0m [2mwgpu_hal::vulkan::instance[0m[2m:[0m 	objects: (type: INSTANCE, hndl: 0xb6d707957f60, name: ?)
[2m2026-08-01T10:22:39.087842Z[0m [32m INFO[0m [2mwgpu_hal::vulkan::instance[0m[2m:[0m GENERAL [Loader Message (0x0)]
	   Found the following files:
[2m2026-08-01T10:22:39.087850Z[0m [32m INFO[0m [2mwgpu_hal::vulkan::instance[0m[2m:[0m 	objects: (type: INSTANCE, hndl: 0xb6d707957f60, name: ?)
[2m2026-08-01T10:22:39.087858Z[0m [32m INFO[0m [2mwgpu_hal::vulkan::instance[0m[2m:[0m GENERAL [Loader Message (0x0)]
	      /usr/share/vulkan/icd.d/nouveau_icd.json
[2m2026-08-01T10:22:39.087864Z[0m [32m INFO[0m [2mwgpu_hal::vulkan::instance[0m[2m:[0m 	objects: (type: INSTANCE, hndl: 0xb6d707957f60, name: ?)
[2m2026-08-01T10:22:39.087869Z[0m [32m INFO[0m [2mwgpu_hal::vulkan::instance[0m[2m:[0m GENERAL [Loader Message (0x0)]
	      /usr/share/vulkan/icd.d/broadcom_icd.json
[2m2026-08-01T10:22:39.087875Z[0m [32m INFO[0m [2mwgpu_hal::vulkan::instance[0m[2m:[0m 	objects: (type: INSTANCE, hndl: 0xb6d707957f60, name: ?)
[2m2026-08-01T10:22:39.087884Z[0m [32m INFO[0m [2mwgpu_hal::vulkan::instance[0m[2m:[0m GENERAL [Loader Message (0x0)]
	      /usr/share/vulkan/icd.d/panfrost_icd.json
[2m2026-08-01T10:22:39.087891Z[0m [32m INFO[0m [2mwgpu_hal::vulkan::instance[0m[2m:[0m 	objects: (type: INSTANCE, hndl: 0xb6d707957f60, name: ?)
[2m2026-08-01T10:22:39.087897Z[0m [32m INFO[0m [2mwgpu_hal::vulkan::instance[0m[2m:[0m GENERAL [Loader Message (0x0)]
	      /usr/share/vulkan/icd.d/freedreno_icd.json
[2m2026-08-01T10:22:39.087903Z[0m [32m INFO[0m [2mwgpu_hal::vulkan::instance[0m[2m:[0m 	objects: (type: INSTANCE, hndl: 0xb6d707957f60, name: ?)
[2m2026-08-01T10:22:39.087912Z[0m [32m INFO[0m [2mwgpu_hal::vulkan::instance[0m[2m:[0m GENERAL [Loader Message (0x0)]
	      /usr/share/vulkan/icd.d/gfxstream_vk_icd.json
[2m2026-08-01T10:22:39.087919Z[0m [32m INFO[0m [2mwgpu_hal::vulkan::instance[0m[2m:[0m 	objects: (type: INSTANCE, hndl: 0xb6d707957f60, name: ?)
[2m2026-08-01T10:22:39.087924Z[0m [32m INFO[0m [2mwgpu_hal::vulkan::instance[0m[2m:[0m GENERAL [Loader Message (0x0)]
	      /usr/share/vulkan/icd.d/virtio_icd.json
[2m2026-08-01T10:22:39.087930Z[0m [32m INFO[0m [2mwgpu_hal::vulkan::instance[0m[2m:[0m 	objects: (type: INSTANCE, hndl: 0xb6d707957f60, name: ?)
[2m2026-08-01T10:22:39.087935Z[0m [32m INFO[0m [2mwgpu_hal::vulkan::instance[0m[2m:[0m GENERAL [Loader Message (0x0)]
	      /usr/share/vulkan/icd.d/asahi_icd.json
[2m2026-08-01T10:22:39.087941Z[0m [32m INFO[0m [2mwgpu_hal::vulkan::instance[0m[2m:[0m 	objects: (type: INSTANCE, hndl: 0xb6d707957f60, name: ?)
[2m2026-08-01T10:22:39.087947Z[0m [32m INFO[0m [2mwgpu_hal::vulkan::instance[0m[2m:[0m GENERAL [Loader Message (0x0)]
	      /usr/share/vulkan/icd.d/lvp_icd.json
[2m2026-08-01T10:22:39.087953Z[0m [32m INFO[0m [2mwgpu_hal::vulkan::instance[0m[2m:[0m 	objects: (type: INSTANCE, hndl: 0xb6d707957f60, name: ?)
[2m2026-08-01T10:22:39.087962Z[0m [32m INFO[0m [2mwgpu_hal::vulkan::instance[0m[2m:[0m GENERAL [Loader Message (0x0)]
	      /usr/share/vulkan/icd.d/intel_icd.json
[2m2026-08-01T10:22:39.087969Z[0m [32m INFO[0m [2mwgpu_hal::vulkan::instance[0m[2m:[0m 	objects: (type: INSTANCE, hndl: 0xb6d707957f60, name: ?)
[2m2026-08-01T10:22:39.087978Z[0m [32m INFO[0m [2mwgpu_hal::vulkan::instance[0m[2m:[0m GENERAL [Loader Message (0x0)]
	      /usr/share/vulkan/icd.d/powervr_mesa_icd.json
[2m2026-08-01T10:22:39.087984Z[0m [32m INFO[0m [2mwgpu_hal::vulkan::instance[0m[2m:[0m 	objects: (type: INSTANCE, hndl: 0xb6d707957f60, name: ?)
[2m2026-08-01T10:22:39.087990Z[0m [32m INFO[0m [2mwgpu_hal::vulkan::instance[0m[2m:[0m GENERAL [Loader Message (0x0)]
	      /usr/share/vulkan/icd.d/radeon_icd.json
[2m2026-08-01T10:22:39.087998Z[0m [32m INFO[0m [2mwgpu_hal::vulkan::instance[0m[2m:[0m 	objects: (type: INSTANCE, hndl: 0xb6d707957f60, name: ?)
[2m2026-08-01T10:22:39.088008Z[0m [32m INFO[0m [2mwgpu_hal::vulkan::instance[0m[2m:[0m GENERAL [Loader Message (0x0)]
	Found ICD manifest file /usr/share/vulkan/icd.d/nouveau_icd.json, version 1.0.1
[2m2026-08-01T10:22:39.088015Z[0m [32m INFO[0m [2mwgpu_hal::vulkan::instance[0m[2m:[0m 	objects: (type: INSTANCE, hndl: 0xb6d707957f60, name: ?)
[2m2026-08-01T10:22:39.088046Z[0m [32m INFO[0m [2mwgpu_hal::vulkan::instance[0m[2m:[0m GENERAL [Loader Message (0x0)]
	Found ICD manifest file /usr/share/vulkan/icd.d/broadcom_icd.json, version 1.0.1
[2m2026-08-01T10:22:39.088053Z[0m [32m INFO[0m [2mwgpu_hal::vulkan::instance[0m[2m:[0m 	objects: (type: INSTANCE, hndl: 0xb6d707957f60, name: ?)
[2m2026-08-01T10:22:39.088069Z[0m [32m INFO[0m [2mwgpu_hal::vulkan::instance[0m[2m:[0m GENERAL [Loader Message (0x0)]
	Found ICD manifest file /usr/share/vulkan/icd.d/panfrost_icd.json, version 1.0.1
[2m2026-08-01T10:22:39.088076Z[0m [32m INFO[0m [2mwgpu_hal::vulkan::instance[0m[2m:[0m 	objects: (type: INSTANCE, hndl: 0xb6d707957f60, name: ?)
[2m2026-08-01T10:22:39.088090Z[0m [32m INFO[0m [2mwgpu_hal::vulkan::instance[0m[2m:[0m GENERAL [Loader Message (0x0)]
	Found ICD manifest file /usr/share/vulkan/icd.d/freedreno_icd.json, version 1.0.1
[2m2026-08-01T10:22:39.088096Z[0m [32m INFO[0m [2mwgpu_hal::vulkan::instance[0m[2m:[0m 	objects: (type: INSTANCE, hndl: 0xb6d707957f60, name: ?)
[2m2026-08-01T10:22:39.088110Z[0m [32m INFO[0m [2mwgpu_hal::vulkan::instance[0m[2m:[0m GENERAL [Loader Message (0x0)]
	Found ICD manifest file /usr/share/vulkan/icd.d/gfxstream_vk_icd.json, version 1.0.1
[2m2026-08-01T10:22:39.088117Z[0m [32m INFO[0m [2mwgpu_hal::vulkan::instance[0m[2m:[0m 	objects: (type: INSTANCE, hndl: 0xb6d707957f60, name: ?)
[2m2026-08-01T10:22:39.088130Z[0m [32m INFO[0m [2mwgpu_hal::vulkan::instance[0m[2m:[0m GENERAL [Loader Message (0x0)]
	Found ICD manifest file /usr/share/vulkan/icd.d/virtio_icd.json, version 1.0.1
[2m2026-08-01T10:22:39.088137Z[0m [32m INFO[0m [2mwgpu_hal::vulkan::instance[0m[2m:[0m 	objects: (type: INSTANCE, hndl: 0xb6d707957f60, name: ?)
[2m2026-08-01T10:22:39.088151Z[0m [32m INFO[0m [2mwgpu_hal::vulkan::instance[0m[2m:[0m GENERAL [Loader Message (0x0)]
	Found ICD manifest file /usr/share/vulkan/icd.d/asahi_icd.json, version 1.0.1
[2m2026-08-01T10:22:39.088161Z[0m [32m INFO[0m [2mwgpu_hal::vulkan::instance[0m[2m:[0m 	objects: (type: INSTANCE, hndl: 0xb6d707957f60, name: ?)
[2m2026-08-01T10:22:39.088178Z[0m [32m INFO[0m [2mwgpu_hal::vulkan::instance[0m[2m:[0m GENERAL [Loader Message (0x0)]
	Found ICD manifest file /usr/share/vulkan/icd.d/lvp_icd.json, version 1.0.1
[2m2026-08-01T10:22:39.088185Z[0m [32m INFO[0m [2mwgpu_hal::vulkan::instance[0m[2m:[0m 	objects: (type: INSTANCE, hndl: 0xb6d707957f60, name: ?)
[2m2026-08-01T10:22:39.088199Z[0m [32m INFO[0m [2mwgpu_hal::vulkan::instance[0m[2m:[0m GENERAL [Loader Message (0x0)]
	Found ICD manifest file /usr/share/vulkan/icd.d/intel_icd.json, version 1.0.1
[2m2026-08-01T10:22:39.088206Z[0m [32m INFO[0m [2mwgpu_hal::vulkan::instance[0m[2m:[0m 	objects: (type: INSTANCE, hndl: 0xb6d707957f60, name: ?)
[2m2026-08-01T10:22:39.088220Z[0m [32m INFO[0m [2mwgpu_hal::vulkan::instance[0m[2m:[0m GENERAL [Loader Message (0x0)]
	Found ICD manifest file /usr/share/vulkan/icd.d/powervr_mesa_icd.json, version 1.0.1
[2m2026-08-01T10:22:39.088309Z[0m [32m INFO[0m [2mwgpu_hal::vulkan::instance[0m[2m:[0m 	objects: (type: INSTANCE, hndl: 0xb6d707957f60, name: ?)
[2m2026-08-01T10:22:39.088349Z[0m [32m INFO[0m [2mwgpu_hal::vulkan::instance[0m[2m:[0m GENERAL [Loader Message (0x0)]
	Found ICD manifest file /usr/share/vulkan/icd.d/radeon_icd.json, version 1.0.1
[2m2026-08-01T10:22:39.088370Z[0m [32m INFO[0m [2mwgpu_hal::vulkan::instance[0m[2m:[0m 	objects: (type: INSTANCE, hndl: 0xb6d707957f60, name: ?)
[2m2026-08-01T10:22:39.088579Z[0m [32m INFO[0m [2mwgpu_hal::vulkan::instance[0m[2m:[0m GENERAL [Loader Message (0x0)]
	Insert instance layer "VK_LAYER_MESA_device_select" (/usr/lib/aarch64-linux-gnu/libVkLayer_MESA_device_select.so)
[2m2026-08-01T10:22:39.088589Z[0m [32m INFO[0m [2mwgpu_hal::vulkan::instance[0m[2m:[0m 	objects: (type: INSTANCE, hndl: 0xb6d707957f60, name: ?)
[2m2026-08-01T10:22:39.088599Z[0m [32m INFO[0m [2mwgpu_hal::vulkan::instance[0m[2m:[0m GENERAL [Loader Message (0x0)]
	vkCreateInstance layer callstack setup to:
[2m2026-08-01T10:22:39.088606Z[0m [32m INFO[0m [2mwgpu_hal::vulkan::instance[0m[2m:[0m 	objects: (type: INSTANCE, hndl: 0xb6d707957f60, name: ?)
[2m2026-08-01T10:22:39.088611Z[0m [32m INFO[0m [2mwgpu_hal::vulkan::instance[0m[2m:[0m GENERAL [Loader Message (0x0)]
	   <Application>
[2m2026-08-01T10:22:39.088617Z[0m [32m INFO[0m [2mwgpu_hal::vulkan::instance[0m[2m:[0m 	objects: (type: INSTANCE, hndl: 0xb6d707957f60, name: ?)
[2m2026-08-01T10:22:39.088623Z[0m [32m INFO[0m [2mwgpu_hal::vulkan::instance[0m[2m:[0m GENERAL [Loader Message (0x0)]
	     ||
[2m2026-08-01T10:22:39.088629Z[0m [32m INFO[0m [2mwgpu_hal::vulkan::instance[0m[2m:[0m 	objects: (type: INSTANCE, hndl: 0xb6d707957f60, name: ?)
[2m2026-08-01T10:22:39.088634Z[0m [32m INFO[0m [2mwgpu_hal::vulkan::instance[0m[2m:[0m GENERAL [Loader Message (0x0)]
	   <Loader>
[2m2026-08-01T10:22:39.088640Z[0m [32m INFO[0m [2mwgpu_hal::vulkan::instance[0m[2m:[0m 	objects: (type: INSTANCE, hndl: 0xb6d707957f60, name: ?)
[2m2026-08-01T10:22:39.088645Z[0m [32m INFO[0m [2mwgpu_hal::vulkan::instance[0m[2m:[0m GENERAL [Loader Message (0x0)]
	     ||
[2m2026-08-01T10:22:39.088653Z[0m [32m INFO[0m [2mwgpu_hal::vulkan::instance[0m[2m:[0m 	objects: (type: INSTANCE, hndl: 0xb6d707957f60, name: ?)
[2m2026-08-01T10:22:39.088661Z[0m [32m INFO[0m [2mwgpu_hal::vulkan::instance[0m[2m:[0m GENERAL [Loader Message (0x0)]
	   VK_LAYER_MESA_device_select
[2m2026-08-01T10:22:39.088667Z[0m [32m INFO[0m [2mwgpu_hal::vulkan::instance[0m[2m:[0m 	objects: (type: INSTANCE, hndl: 0xb6d707957f60, name: ?)
[2m2026-08-01T10:22:39.088673Z[0m [32m INFO[0m [2mwgpu_hal::vulkan::instance[0m[2m:[0m GENERAL [Loader Message (0x0)]
	           Type: Implicit
[2m2026-08-01T10:22:39.088678Z[0m [32m INFO[0m [2mwgpu_hal::vulkan::instance[0m[2m:[0m 	objects: (type: INSTANCE, hndl: 0xb6d707957f60, name: ?)
[2m2026-08-01T10:22:39.088684Z[0m [32m INFO[0m [2mwgpu_hal::vulkan::instance[0m[2m:[0m GENERAL [Loader Message (0x0)]
	           Enabled By: Implicit Layer
[2m2026-08-01T10:22:39.088690Z[0m [32m INFO[0m [2mwgpu_hal::vulkan::instance[0m[2m:[0m 	objects: (type: INSTANCE, hndl: 0xb6d707957f60, name: ?)
[2m2026-08-01T10:22:39.088695Z[0m [32m INFO[0m [2mwgpu_hal::vulkan::instance[0m[2m:[0m GENERAL [Loader Message (0x0)]
	               Disable Env Var:  NODEVICE_SELECT
[2m2026-08-01T10:22:39.088702Z[0m [32m INFO[0m [2mwgpu_hal::vulkan::instance[0m[2m:[0m 	objects: (type: INSTANCE, hndl: 0xb6d707957f60, name: ?)
[2m2026-08-01T10:22:39.088707Z[0m [32m INFO[0m [2mwgpu_hal::vulkan::instance[0m[2m:[0m GENERAL [Loader Message (0x0)]
	           Manifest: /usr/share/vulkan/implicit_layer.d/VkLayer_MESA_device_select.json
[2m2026-08-01T10:22:39.088714Z[0m [32m INFO[0m [2mwgpu_hal::vulkan::instance[0m[2m:[0m 	objects: (type: INSTANCE, hndl: 0xb6d707957f60, name: ?)
[2m2026-08-01T10:22:39.088720Z[0m [32m INFO[0m [2mwgpu_hal::vulkan::instance[0m[2m:[0m GENERAL [Loader Message (0x0)]
	           Library:  /usr/lib/aarch64-linux-gnu/libVkLayer_MESA_device_select.so
[2m2026-08-01T10:22:39.088730Z[0m [32m INFO[0m [2mwgpu_hal::vulkan::instance[0m[2m:[0m 	objects: (type: INSTANCE, hndl: 0xb6d707957f60, name: ?)
[2m2026-08-01T10:22:39.088737Z[0m [32m INFO[0m [2mwgpu_hal::vulkan::instance[0m[2m:[0m GENERAL [Loader Message (0x0)]
	     ||
[2m2026-08-01T10:22:39.088751Z[0m [32m INFO[0m [2mwgpu_hal::vulkan::instance[0m[2m:[0m 	objects: (type: INSTANCE, hndl: 0xb6d707957f60, name: ?)
[2m2026-08-01T10:22:39.088761Z[0m [32m INFO[0m [2mwgpu_hal::vulkan::instance[0m[2m:[0m GENERAL [Loader Message (0x0)]
	   <Drivers>
[2m2026-08-01T10:22:39.088767Z[0m [32m INFO[0m [2mwgpu_hal::vulkan::instance[0m[2m:[0m 	objects: (type: INSTANCE, hndl: 0xb6d707957f60, name: ?)
[2m2026-08-01T10:22:39.094773Z[0m [32m INFO[0m [2mwgpu_hal::vulkan::instance[0m[2m:[0m Enabling debug utils
[2m2026-08-01T10:22:39.094978Z[0m [32m INFO[0m [2mwgpu_hal::gles::egl[0m[2m:[0m Using Wayland platform
[slopos-compositor/drm] client connected
[slopos-compositor/drm] client disconnected
[slopos-compositor/drm] client connected
[2m2026-08-01T10:22:39.095415Z[0m [32m INFO[0m [2mwgpu_core::device::resource[0m[2m:[0m Device::maintain: waiting for submission index 0
libEGL warning: failed to get driver name for fd -1

libEGL warning: MESA-LOADER: failed to retrieve device information

libEGL warning: failed to get driver name for fd -1

[2m2026-08-01T10:22:39.096947Z[0m [31mERROR[0m [2mwgpu_hal::gles::egl[0m[2m:[0m EGL 'eglInitialize' code 0x3003: DRI2: failed to get driver name
[slopos-compositor/drm] client disconnected
[slopos-compositor/drm] client connected
[slopos-compositor/drm] client connected
[slopos-compositor/drm] client disconnected
MESA: error: ZINK: failed to choose pdev
libEGL warning: egl: failed to create dri2 screen
[slopos-compositor/drm] client disconnected
[slopos-compositor/drm] client connected
[2m2026-08-01T10:22:39.178982Z[0m [33m WARN[0m [2mwgpu_hal::gles::egl[0m[2m:[0m Re-initializing Gles context due to Wayland window
[slopos-compositor/drm] client disconnected
[2m2026-08-01T10:22:39.210969Z[0m [32m INFO[0m [2mwgpu_hal::vulkan::instance[0m[2m:[0m GENERAL [Loader Message (0x0)]
	linux_read_sorted_physical_devices:
[2m2026-08-01T10:22:39.211004Z[0m [32m INFO[0m [2mwgpu_hal::vulkan::instance[0m[2m:[0m 	objects: (type: INSTANCE, hndl: 0xb6d707957f60, name: ?)
[2m2026-08-01T10:22:39.211013Z[0m [32m INFO[0m [2mwgpu_hal::vulkan::instance[0m[2m:[0m GENERAL [Loader Message (0x0)]
	     Original order:
[2m2026-08-01T10:22:39.211020Z[0m [32m INFO[0m [2mwgpu_hal::vulkan::instance[0m[2m:[0m 	objects: (type: INSTANCE, hndl: 0xb6d707957f60, name: ?)
[2m2026-08-01T10:22:39.211033Z[0m [32m INFO[0m [2mwgpu_hal::vulkan::instance[0m[2m:[0m GENERAL [Loader Message (0x0)]
	           [0] llvmpipe (LLVM 21.1.8, 128 bits)
[2m2026-08-01T10:22:39.211040Z[0m [32m INFO[0m [2mwgpu_hal::vulkan::instance[0m[2m:[0m 	objects: (type: INSTANCE, hndl: 0xb6d707957f60, name: ?)
[2m2026-08-01T10:22:39.211046Z[0m [32m INFO[0m [2mwgpu_hal::vulkan::instance[0m[2m:[0m GENERAL [Loader Message (0x0)]
	     Sorted order:
[2m2026-08-01T10:22:39.211053Z[0m [32m INFO[0m [2mwgpu_hal::vulkan::instance[0m[2m:[0m 	objects: (type: INSTANCE, hndl: 0xb6d707957f60, name: ?)
[2m2026-08-01T10:22:39.211059Z[0m [32m INFO[0m [2mwgpu_hal::vulkan::instance[0m[2m:[0m GENERAL [Loader Message (0x0)]
	           [0] llvmpipe (LLVM 21.1.8, 128 bits)  
[2m2026-08-01T10:22:39.211065Z[0m [32m INFO[0m [2mwgpu_hal::vulkan::instance[0m[2m:[0m 	objects: (type: INSTANCE, hndl: 0xb6d707957f60, name: ?)
[2m2026-08-01T10:22:39.211075Z[0m [32m INFO[0m [2mwgpu_hal::vulkan::instance[0m[2m:[0m GENERAL [Loader Message (0x0)]
	linux_read_sorted_physical_devices:
[2m2026-08-01T10:22:39.211082Z[0m [32m INFO[0m [2mwgpu_hal::vulkan::instance[0m[2m:[0m 	objects: (type: INSTANCE, hndl: 0xb6d707957f60, name: ?)
[2m2026-08-01T10:22:39.211088Z[0m [32m INFO[0m [2mwgpu_hal::vulkan::instance[0m[2m:[0m GENERAL [Loader Message (0x0)]
	     Original order:
[2m2026-08-01T10:22:39.211094Z[0m [32m INFO[0m [2mwgpu_hal::vulkan::instance[0m[2m:[0m 	objects: (type: INSTANCE, hndl: 0xb6d707957f60, name: ?)
[2m2026-08-01T10:22:39.211103Z[0m [32m INFO[0m [2mwgpu_hal::vulkan::instance[0m[2m:[0m GENERAL [Loader Message (0x0)]
	           [0] llvmpipe (LLVM 21.1.8, 128 bits)
[2m2026-08-01T10:22:39.211117Z[0m [32m INFO[0m [2mwgpu_hal::vulkan::instance[0m[2m:[0m 	objects: (type: INSTANCE, hndl: 0xb6d707957f60, name: ?)
[2m2026-08-01T10:22:39.211123Z[0m [32m INFO[0m [2mwgpu_hal::vulkan::instance[0m[2m:[0m GENERAL [Loader Message (0x0)]
	     Sorted order:
[2m2026-08-01T10:22:39.211129Z[0m [32m INFO[0m [2mwgpu_hal::vulkan::instance[0m[2m:[0m 	objects: (type: INSTANCE, hndl: 0xb6d707957f60, name: ?)
[2m2026-08-01T10:22:39.211135Z[0m [32m INFO[0m [2mwgpu_hal::vulkan::instance[0m[2m:[0m GENERAL [Loader Message (0x0)]
	           [0] llvmpipe (LLVM 21.1.8, 128 bits)  
[2m2026-08-01T10:22:39.211142Z[0m [32m INFO[0m [2mwgpu_hal::vulkan::instance[0m[2m:[0m 	objects: (type: INSTANCE, hndl: 0xb6d707957f60, name: ?)
[slopos-compositor/drm] client connected
[2m2026-08-01T10:22:39.211996Z[0m [32m INFO[0m [2mwgpu_hal::vulkan::instance[0m[2m:[0m GENERAL [Loader Message (0x0)]
	linux_read_sorted_physical_devices:
[2m2026-08-01T10:22:39.212019Z[0m [32m INFO[0m [2mwgpu_hal::vulkan::instance[0m[2m:[0m 	objects: (type: INSTANCE, hndl: 0xb6d707957f60, name: ?)
[2m2026-08-01T10:22:39.212027Z[0m [32m INFO[0m [2mwgpu_hal::vulkan::instance[0m[2m:[0m GENERAL [Loader Message (0x0)]
	     Original order:
[2m2026-08-01T10:22:39.212034Z[0m [32m INFO[0m [2mwgpu_hal::vulkan::instance[0m[2m:[0m 	objects: (type: INSTANCE, hndl: 0xb6d707957f60, name: ?)
[slopos-compositor/drm] client disconnected
[2m2026-08-01T10:22:39.212047Z[0m [32m INFO[0m [2mwgpu_hal::vulkan::instance[0m[2m:[0m GENERAL [Loader Message (0x0)]
	           [0] llvmpipe (LLVM 21.1.8, 128 bits)
[2m2026-08-01T10:22:39.212055Z[0m [32m INFO[0m [2mwgpu_hal::vulkan::instance[0m[2m:[0m 	objects: (type: INSTANCE, hndl: 0xb6d707957f60, name: ?)
[2m2026-08-01T10:22:39.212063Z[0m [32m INFO[0m [2mwgpu_hal::vulkan::instance[0m[2m:[0m GENERAL [Loader Message (0x0)]
	     Sorted order:
[2m2026-08-01T10:22:39.212072Z[0m [32m INFO[0m [2mwgpu_hal::vulkan::instance[0m[2m:[0m 	objects: (type: INSTANCE, hndl: 0xb6d707957f60, name: ?)
[2m2026-08-01T10:22:39.212078Z[0m [32m INFO[0m [2mwgpu_hal::vulkan::instance[0m[2m:[0m GENERAL [Loader Message (0x0)]
	           [0] llvmpipe (LLVM 21.1.8, 128 bits)  
[2m2026-08-01T10:22:39.212085Z[0m [32m INFO[0m [2mwgpu_hal::vulkan::instance[0m[2m:[0m 	objects: (type: INSTANCE, hndl: 0xb6d707957f60, name: ?)
[2m2026-08-01T10:22:39.212096Z[0m [32m INFO[0m [2mwgpu_hal::vulkan::instance[0m[2m:[0m GENERAL [Loader Message (0x0)]
	linux_read_sorted_physical_devices:
[2m2026-08-01T10:22:39.212103Z[0m [32m INFO[0m [2mwgpu_hal::vulkan::instance[0m[2m:[0m 	objects: (type: INSTANCE, hndl: 0xb6d707957f60, name: ?)
[2m2026-08-01T10:22:39.212109Z[0m [32m INFO[0m [2mwgpu_hal::vulkan::instance[0m[2m:[0m GENERAL [Loader Message (0x0)]
	     Original order:
[2m2026-08-01T10:22:39.212115Z[0m [32m INFO[0m [2mwgpu_hal::vulkan::instance[0m[2m:[0m 	objects: (type: INSTANCE, hndl: 0xb6d707957f60, name: ?)
[2m2026-08-01T10:22:39.212124Z[0m [32m INFO[0m [2mwgpu_hal::vulkan::instance[0m[2m:[0m GENERAL [Loader Message (0x0)]
	           [0] llvmpipe (LLVM 21.1.8, 128 bits)
[2m2026-08-01T10:22:39.212130Z[0m [32m INFO[0m [2mwgpu_hal::vulkan::instance[0m[2m:[0m 	objects: (type: INSTANCE, hndl: 0xb6d707957f60, name: ?)
[2m2026-08-01T10:22:39.212136Z[0m [32m INFO[0m [2mwgpu_hal::vulkan::instance[0m[2m:[0m GENERAL [Loader Message (0x0)]
	     Sorted order:
[2m2026-08-01T10:22:39.212142Z[0m [32m INFO[0m [2mwgpu_hal::vulkan::instance[0m[2m:[0m 	objects: (type: INSTANCE, hndl: 0xb6d707957f60, name: ?)
[2m2026-08-01T10:22:39.212147Z[0m [32m INFO[0m [2mwgpu_hal::vulkan::instance[0m[2m:[0m GENERAL [Loader Message (0x0)]
	           [0] llvmpipe (LLVM 21.1.8, 128 bits)  
[2m2026-08-01T10:22:39.212154Z[0m [32m INFO[0m [2mwgpu_hal::vulkan::instance[0m[2m:[0m 	objects: (type: INSTANCE, hndl: 0xb6d707957f60, name: ?)
[slopos-compositor/drm] client connected
[2m2026-08-01T10:22:39.213170Z[0m [32m INFO[0m [2mwgpu_hal::vulkan::instance[0m[2m:[0m GENERAL [Loader Message (0x0)]
	Removing driver /usr/lib/aarch64-linux-gnu/libvulkan_radeon.so due to not having any physical devices
[2m2026-08-01T10:22:39.213191Z[0m [32m INFO[0m [2mwgpu_hal::vulkan::instance[0m[2m:[0m 	objects: (type: INSTANCE, hndl: 0xb6d707957f60, name: ?)
[2m2026-08-01T10:22:39.213400Z[0m [32m INFO[0m [2mwgpu_hal::vulkan::instance[0m[2m:[0m GENERAL [Loader Message (0x0)]
	Removing driver /usr/lib/aarch64-linux-gnu/libvulkan_powervr_mesa.so due to not having any physical devices
[2m2026-08-01T10:22:39.213415Z[0m [32m INFO[0m [2mwgpu_hal::vulkan::instance[0m[2m:[0m 	objects: (type: INSTANCE, hndl: 0xb6d707957f60, name: ?)
[2m2026-08-01T10:22:39.213515Z[0m [32m INFO[0m [2mwgpu_hal::vulkan::instance[0m[2m:[0m GENERAL [Loader Message (0x0)]
	Removing driver /usr/lib/aarch64-linux-gnu/libvulkan_intel.so due to not having any physical devices
[2m2026-08-01T10:22:39.213526Z[0m [32m INFO[0m [2mwgpu_hal::vulkan::instance[0m[2m:[0m 	objects: (type: INSTANCE, hndl: 0xb6d707957f60, name: ?)
[2m2026-08-01T10:22:39.213618Z[0m [32m INFO[0m [2mwgpu_hal::vulkan::instance[0m[2m:[0m GENERAL [Loader Message (0x0)]
	Removing driver /usr/lib/aarch64-linux-gnu/libvulkan_asahi.so due to not having any physical devices
[2m2026-08-01T10:22:39.213627Z[0m [32m INFO[0m [2mwgpu_hal::vulkan::instance[0m[2m:[0m 	objects: (type: INSTANCE, hndl: 0xb6d707957f60, name: ?)
[2m2026-08-01T10:22:39.213717Z[0m [32m INFO[0m [2mwgpu_hal::vulkan::instance[0m[2m:[0m GENERAL [Loader Message (0x0)]
	Removing driver /usr/lib/aarch64-linux-gnu/libvulkan_virtio.so due to not having any physical devices
[2m2026-08-01T10:22:39.213728Z[0m [32m INFO[0m [2mwgpu_hal::vulkan::instance[0m[2m:[0m 	objects: (type: INSTANCE, hndl: 0xb6d707957f60, name: ?)
[2m2026-08-01T10:22:39.213782Z[0m [32m INFO[0m [2mwgpu_hal::vulkan::instance[0m[2m:[0m GENERAL [Loader Message (0x0)]
	Removing driver /usr/lib/aarch64-linux-gnu/libvulkan_gfxstream.so due to not having any physical devices
[2m2026-08-01T10:22:39.213791Z[0m [32m INFO[0m [2mwgpu_hal::vulkan::instance[0m[2m:[0m 	objects: (type: INSTANCE, hndl: 0xb6d707957f60, name: ?)
[2m2026-08-01T10:22:39.213838Z[0m [32m INFO[0m [2mwgpu_hal::vulkan::instance[0m[2m:[0m GENERAL [Loader Message (0x0)]
	Removing driver /usr/lib/aarch64-linux-gnu/libvulkan_freedreno.so due to not having any physical devices
[2m2026-08-01T10:22:39.213847Z[0m [32m INFO[0m [2mwgpu_hal::vulkan::instance[0m[2m:[0m 	objects: (type: INSTANCE, hndl: 0xb6d707957f60, name: ?)
[2m2026-08-01T10:22:39.213926Z[0m [32m INFO[0m [2mwgpu_hal::vulkan::instance[0m[2m:[0m GENERAL [Loader Message (0x0)]
	Removing driver /usr/lib/aarch64-linux-gnu/libvulkan_panfrost.so due to not having any physical devices
[2m2026-08-01T10:22:39.213934Z[0m [32m INFO[0m [2mwgpu_hal::vulkan::instance[0m[2m:[0m 	objects: (type: INSTANCE, hndl: 0xb6d707957f60, name: ?)
[2m2026-08-01T10:22:39.214027Z[0m [32m INFO[0m [2mwgpu_hal::vulkan::instance[0m[2m:[0m GENERAL [Loader Message (0x0)]
	Removing driver /usr/lib/aarch64-linux-gnu/libvulkan_broadcom.so due to not having any physical devices
[2m2026-08-01T10:22:39.214037Z[0m [32m INFO[0m [2mwgpu_hal::vulkan::instance[0m[2m:[0m 	objects: (type: INSTANCE, hndl: 0xb6d707957f60, name: ?)
[2m2026-08-01T10:22:39.214107Z[0m [32m INFO[0m [2mwgpu_hal::vulkan::instance[0m[2m:[0m GENERAL [Loader Message (0x0)]
	Removing driver /usr/lib/aarch64-linux-gnu/libvulkan_nouveau.so due to not having any physical devices
[2m2026-08-01T10:22:39.214115Z[0m [32m INFO[0m [2mwgpu_hal::vulkan::instance[0m[2m:[0m 	objects: (type: INSTANCE, hndl: 0xb6d707957f60, name: ?)
[slopos-compositor/drm] client disconnected
[2m2026-08-01T10:22:39.215672Z[0m [32m INFO[0m [2mwgpu_core::instance[0m[2m:[0m Adapter Vulkan AdapterInfo { name: "llvmpipe (LLVM 21.1.8, 128 bits)", vendor: 65541, device: 0, device_type: Cpu, driver: "llvmpipe", driver_info: "Mesa 26.0.3-1ubuntu1 (LLVM 21.1.8)", backend: Vulkan }
[2m2026-08-01T10:22:39.215817Z[0m [32m INFO[0m [2mwgpu_hal::vulkan::instance[0m[2m:[0m GENERAL [Loader Message (0x0)]
	Failed to find vkGetDeviceProcAddr in layer "/usr/lib/aarch64-linux-gnu/libVkLayer_MESA_device_select.so"
[2m2026-08-01T10:22:39.215826Z[0m [32m INFO[0m [2mwgpu_hal::vulkan::instance[0m[2m:[0m 	objects: (type: INSTANCE, hndl: 0xb6d707957f60, name: ?)
[2m2026-08-01T10:22:39.215832Z[0m [32m INFO[0m [2mwgpu_hal::vulkan::instance[0m[2m:[0m GENERAL [Loader Message (0x0)]
	vkCreateDevice layer callstack setup to:
[2m2026-08-01T10:22:39.215838Z[0m [32m INFO[0m [2mwgpu_hal::vulkan::instance[0m[2m:[0m 	objects: (type: INSTANCE, hndl: 0xb6d707957f60, name: ?)
[2m2026-08-01T10:22:39.215844Z[0m [32m INFO[0m [2mwgpu_hal::vulkan::instance[0m[2m:[0m GENERAL [Loader Message (0x0)]
	   <Application>
[2m2026-08-01T10:22:39.215850Z[0m [32m INFO[0m [2mwgpu_hal::vulkan::instance[0m[2m:[0m 	objects: (type: INSTANCE, hndl: 0xb6d707957f60, name: ?)
[2m2026-08-01T10:22:39.215856Z[0m [32m INFO[0m [2mwgpu_hal::vulkan::instance[0m[2m:[0m GENERAL [Loader Message (0x0)]
	     ||
[2m2026-08-01T10:22:39.215861Z[0m [32m INFO[0m [2mwgpu_hal::vulkan::instance[0m[2m:[0m 	objects: (type: INSTANCE, hndl: 0xb6d707957f60, name: ?)
[2m2026-08-01T10:22:39.215867Z[0m [32m INFO[0m [2mwgpu_hal::vulkan::instance[0m[2m:[0m GENERAL [Loader Message (0x0)]
	   <Loader>
[2m2026-08-01T10:22:39.215872Z[0m [32m INFO[0m [2mwgpu_hal::vulkan::instance[0m[2m:[0m 	objects: (type: INSTANCE, hndl: 0xb6d707957f60, name: ?)
[2m2026-08-01T10:22:39.215878Z[0m [32m INFO[0m [2mwgpu_hal::vulkan::instance[0m[2m:[0m GENERAL [Loader Message (0x0)]
	     ||
[2m2026-08-01T10:22:39.215884Z[0m [32m INFO[0m [2mwgpu_hal::vulkan::instance[0m[2m:[0m 	objects: (type: INSTANCE, hndl: 0xb6d707957f60, name: ?)
[2m2026-08-01T10:22:39.215889Z[0m [32m INFO[0m [2mwgpu_hal::vulkan::instance[0m[2m:[0m GENERAL [Loader Message (0x0)]
	   <Device>
[2m2026-08-01T10:22:39.215895Z[0m [32m INFO[0m [2mwgpu_hal::vulkan::instance[0m[2m:[0m 	objects: (type: INSTANCE, hndl: 0xb6d707957f60, name: ?)
[2m2026-08-01T10:22:39.215964Z[0m [32m INFO[0m [2mwgpu_hal::vulkan::instance[0m[2m:[0m GENERAL [Loader Message (0x0)]
	       Using "llvmpipe (LLVM 21.1.8, 128 bits)" with driver: "/usr/lib/aarch64-linux-gnu/libvulkan_lvp.so"
[2m2026-08-01T10:22:39.215971Z[0m [32m INFO[0m [2mwgpu_hal::vulkan::instance[0m[2m:[0m 	objects: (type: INSTANCE, hndl: 0xb6d707957f60, name: ?)
[2m2026-08-01T10:22:39.238267Z[0m [32m INFO[0m [2mwgpu_core::device::resource[0m[2m:[0m Device::maintain: waiting for submission index 0
[2m2026-08-01T10:22:39.243192Z[0m [33m WARN[0m [2mwgpu_hal::vulkan::instance[0m[2m:[0m InstanceFlags::VALIDATION requested, but unable to find layer: VK_LAYER_KHRONOS_validation
[2m2026-08-01T10:22:39.243240Z[0m [32m INFO[0m [2mwgpu_hal::vulkan::instance[0m[2m:[0m GENERAL [Loader Message (0x0)]
	No valid vk_loader_settings.json file found, no loader settings will be active
[2m2026-08-01T10:22:39.243259Z[0m [32m INFO[0m [2mwgpu_hal::vulkan::instance[0m[2m:[0m 	objects: (type: INSTANCE, hndl: 0xb6d70aed8f00, name: ?)
[2m2026-08-01T10:22:39.243267Z[0m [32m INFO[0m [2mwgpu_hal::vulkan::instance[0m[2m:[0m GENERAL [Loader Message (0x0)]
	Searching for implicit layer manifest files
[2m2026-08-01T10:22:39.243274Z[0m [32m INFO[0m [2mwgpu_hal::vulkan::instance[0m[2m:[0m 	objects: (type: INSTANCE, hndl: 0xb6d70aed8f00, name: ?)
[2m2026-08-01T10:22:39.243279Z[0m [32m INFO[0m [2mwgpu_hal::vulkan::instance[0m[2m:[0m GENERAL [Loader Message (0x0)]
	   In following locations:
[2m2026-08-01T10:22:39.243285Z[0m [32m INFO[0m [2mwgpu_hal::vulkan::instance[0m[2m:[0m 	objects: (type: INSTANCE, hndl: 0xb6d70aed8f00, name: ?)
[2m2026-08-01T10:22:39.243290Z[0m [32m INFO[0m [2mwgpu_hal::vulkan::instance[0m[2m:[0m GENERAL [Loader Message (0x0)]
	      /home/ubuntu/.config/vulkan/implicit_layer.d
[2m2026-08-01T10:22:39.243302Z[0m [32m INFO[0m [2mwgpu_hal::vulkan::instance[0m[2m:[0m 	objects: (type: INSTANCE, hndl: 0xb6d70aed8f00, name: ?)
[2m2026-08-01T10:22:39.243308Z[0m [32m INFO[0m [2mwgpu_hal::vulkan::instance[0m[2m:[0m GENERAL [Loader Message (0x0)]
	      /etc/xdg/vulkan/implicit_layer.d
[2m2026-08-01T10:22:39.243314Z[0m [32m INFO[0m [2mwgpu_hal::vulkan::instance[0m[2m:[0m 	objects: (type: INSTANCE, hndl: 0xb6d70aed8f00, name: ?)
[2m2026-08-01T10:22:39.243319Z[0m [32m INFO[0m [2mwgpu_hal::vulkan::instance[0m[2m:[0m GENERAL [Loader Message (0x0)]
	      /etc/vulkan/implicit_layer.d
[2m2026-08-01T10:22:39.243325Z[0m [32m INFO[0m [2mwgpu_hal::vulkan::instance[0m[2m:[0m 	objects: (type: INSTANCE, hndl: 0xb6d70aed8f00, name: ?)
[2m2026-08-01T10:22:39.243330Z[0m [32m INFO[0m [2mwgpu_hal::vulkan::instance[0m[2m:[0m GENERAL [Loader Message (0x0)]
	      /home/ubuntu/.local/share/vulkan/implicit_layer.d
[2m2026-08-01T10:22:39.243336Z[0m [32m INFO[0m [2mwgpu_hal::vulkan::instance[0m[2m:[0m 	objects: (type: INSTANCE, hndl: 0xb6d70aed8f00, name: ?)
[2m2026-08-01T10:22:39.243342Z[0m [32m INFO[0m [2mwgpu_hal::vulkan::instance[0m[2m:[0m GENERAL [Loader Message (0x0)]
	      /usr/local/share/vulkan/implicit_layer.d
[2m2026-08-01T10:22:39.243347Z[0m [32m INFO[0m [2mwgpu_hal::vulkan::instance[0m[2m:[0m 	objects: (type: INSTANCE, hndl: 0xb6d70aed8f00, name: ?)
[2m2026-08-01T10:22:39.243353Z[0m [32m INFO[0m [2mwgpu_hal::vulkan::instance[0m[2m:[0m GENERAL [Loader Message (0x0)]
	      /usr/share/vulkan/implicit_layer.d
[2m2026-08-01T10:22:39.243359Z[0m [32m INFO[0m [2mwgpu_hal::vulkan::instance[0m[2m:[0m 	objects: (type: INSTANCE, hndl: 0xb6d70aed8f00, name: ?)
[2m2026-08-01T10:22:39.243373Z[0m [32m INFO[0m [2mwgpu_hal::vulkan::instance[0m[2m:[0m GENERAL [Loader Message (0x0)]
	   Found the following files:
[2m2026-08-01T10:22:39.243380Z[0m [32m INFO[0m [2mwgpu_hal::vulkan::instance[0m[2m:[0m 	objects: (type: INSTANCE, hndl: 0xb6d70aed8f00, name: ?)
[2m2026-08-01T10:22:39.243385Z[0m [32m INFO[0m [2mwgpu_hal::vulkan::instance[0m[2m:[0m GENERAL [Loader Message (0x0)]
	      /usr/share/vulkan/implicit_layer.d/VkLayer_MESA_anti_lag.json
[2m2026-08-01T10:22:39.243392Z[0m [32m INFO[0m [2mwgpu_hal::vulkan::instance[0m[2m:[0m 	objects: (type: INSTANCE, hndl: 0xb6d70aed8f00, name: ?)
[2m2026-08-01T10:22:39.243397Z[0m [32m INFO[0m [2mwgpu_hal::vulkan::instance[0m[2m:[0m GENERAL [Loader Message (0x0)]
	      /usr/share/vulkan/implicit_layer.d/VkLayer_MESA_device_select.json
[2m2026-08-01T10:22:39.243403Z[0m [32m INFO[0m [2mwgpu_hal::vulkan::instance[0m[2m:[0m 	objects: (type: INSTANCE, hndl: 0xb6d70aed8f00, name: ?)
[2m2026-08-01T10:22:39.243414Z[0m [32m INFO[0m [2mwgpu_hal::vulkan::instance[0m[2m:[0m GENERAL [Loader Message (0x0)]
	Found manifest file /usr/share/vulkan/implicit_layer.d/VkLayer_MESA_anti_lag.json (file version 1.2.1)
[2m2026-08-01T10:22:39.243421Z[0m [32m INFO[0m [2mwgpu_hal::vulkan::instance[0m[2m:[0m 	objects: (type: INSTANCE, hndl: 0xb6d70aed8f00, name: ?)
[2m2026-08-01T10:22:39.243433Z[0m [32m INFO[0m [2mwgpu_hal::vulkan::instance[0m[2m:[0m GENERAL [Loader Message (0x0)]
	Found manifest file /usr/share/vulkan/implicit_layer.d/VkLayer_MESA_device_select.json (file version 1.0.0)
[2m2026-08-01T10:22:39.243441Z[0m [32m INFO[0m [2mwgpu_hal::vulkan::instance[0m[2m:[0m 	objects: (type: INSTANCE, hndl: 0xb6d70aed8f00, name: ?)
[2m2026-08-01T10:22:39.243450Z[0m [32m INFO[0m [2mwgpu_hal::vulkan::instance[0m[2m:[0m GENERAL [Loader Message (0x0)]
	Searching for explicit layer manifest files
[2m2026-08-01T10:22:39.243456Z[0m [32m INFO[0m [2mwgpu_hal::vulkan::instance[0m[2m:[0m 	objects: (type: INSTANCE, hndl: 0xb6d70aed8f00, name: ?)
[2m2026-08-01T10:22:39.243462Z[0m [32m INFO[0m [2mwgpu_hal::vulkan::instance[0m[2m:[0m GENERAL [Loader Message (0x0)]
	   In following locations:
[2m2026-08-01T10:22:39.243469Z[0m [32m INFO[0m [2mwgpu_hal::vulkan::instance[0m[2m:[0m 	objects: (type: INSTANCE, hndl: 0xb6d70aed8f00, name: ?)
[2m2026-08-01T10:22:39.243475Z[0m [32m INFO[0m [2mwgpu_hal::vulkan::instance[0m[2m:[0m GENERAL [Loader Message (0x0)]
	      /home/ubuntu/.config/vulkan/explicit_layer.d
[2m2026-08-01T10:22:39.243481Z[0m [32m INFO[0m [2mwgpu_hal::vulkan::instance[0m[2m:[0m 	objects: (type: INSTANCE, hndl: 0xb6d70aed8f00, name: ?)
[2m2026-08-01T10:22:39.243486Z[0m [32m INFO[0m [2mwgpu_hal::vulkan::instance[0m[2m:[0m GENERAL [Loader Message (0x0)]
	      /etc/xdg/vulkan/explicit_layer.d
[2m2026-08-01T10:22:39.243492Z[0m [32m INFO[0m [2mwgpu_hal::vulkan::instance[0m[2m:[0m 	objects: (type: INSTANCE, hndl: 0xb6d70aed8f00, name: ?)
[2m2026-08-01T10:22:39.243497Z[0m [32m INFO[0m [2mwgpu_hal::vulkan::instance[0m[2m:[0m GENERAL [Loader Message (0x0)]
	      /etc/vulkan/explicit_layer.d
[2m2026-08-01T10:22:39.243502Z[0m [32m INFO[0m [2mwgpu_hal::vulkan::instance[0m[2m:[0m 	objects: (type: INSTANCE, hndl: 0xb6d70aed8f00, name: ?)
[2m2026-08-01T10:22:39.243508Z[0m [32m INFO[0m [2mwgpu_hal::vulkan::instance[0m[2m:[0m GENERAL [Loader Message (0x0)]
	      /home/ubuntu/.local/share/vulkan/explicit_layer.d
[2m2026-08-01T10:22:39.243514Z[0m [32m INFO[0m [2mwgpu_hal::vulkan::instance[0m[2m:[0m 	objects: (type: INSTANCE, hndl: 0xb6d70aed8f00, name: ?)
[2m2026-08-01T10:22:39.243519Z[0m [32m INFO[0m [2mwgpu_hal::vulkan::instance[0m[2m:[0m GENERAL [Loader Message (0x0)]
	      /usr/local/share/vulkan/explicit_layer.d
[2m2026-08-01T10:22:39.243525Z[0m [32m INFO[0m [2mwgpu_hal::vulkan::instance[0m[2m:[0m 	objects: (type: INSTANCE, hndl: 0xb6d70aed8f00, name: ?)
[2m2026-08-01T10:22:39.243530Z[0m [32m INFO[0m [2mwgpu_hal::vulkan::instance[0m[2m:[0m GENERAL [Loader Message (0x0)]
	      /usr/share/vulkan/explicit_layer.d
[2m2026-08-01T10:22:39.243536Z[0m [32m INFO[0m [2mwgpu_hal::vulkan::instance[0m[2m:[0m 	objects: (type: INSTANCE, hndl: 0xb6d70aed8f00, name: ?)
[2m2026-08-01T10:22:39.243550Z[0m [32m INFO[0m [2mwgpu_hal::vulkan::instance[0m[2m:[0m GENERAL [Loader Message (0x0)]
	   Found the following files:
[2m2026-08-01T10:22:39.243557Z[0m [32m INFO[0m [2mwgpu_hal::vulkan::instance[0m[2m:[0m 	objects: (type: INSTANCE, hndl: 0xb6d70aed8f00, name: ?)
[2m2026-08-01T10:22:39.243562Z[0m [32m INFO[0m [2mwgpu_hal::vulkan::instance[0m[2m:[0m GENERAL [Loader Message (0x0)]
	      /usr/share/vulkan/explicit_layer.d/VkLayer_MESA_screenshot.json
[2m2026-08-01T10:22:39.243568Z[0m [32m INFO[0m [2mwgpu_hal::vulkan::instance[0m[2m:[0m 	objects: (type: INSTANCE, hndl: 0xb6d70aed8f00, name: ?)
[2m2026-08-01T10:22:39.243573Z[0m [32m INFO[0m [2mwgpu_hal::vulkan::instance[0m[2m:[0m GENERAL [Loader Message (0x0)]
	      /usr/share/vulkan/explicit_layer.d/VkLayer_MESA_overlay.json
[2m2026-08-01T10:22:39.243580Z[0m [32m INFO[0m [2mwgpu_hal::vulkan::instance[0m[2m:[0m 	objects: (type: INSTANCE, hndl: 0xb6d70aed8f00, name: ?)
[2m2026-08-01T10:22:39.243585Z[0m [32m INFO[0m [2mwgpu_hal::vulkan::instance[0m[2m:[0m GENERAL [Loader Message (0x0)]
	      /usr/share/vulkan/explicit_layer.d/VkLayer_INTEL_nullhw.json
[2m2026-08-01T10:22:39.243591Z[0m [32m INFO[0m [2mwgpu_hal::vulkan::instance[0m[2m:[0m 	objects: (type: INSTANCE, hndl: 0xb6d70aed8f00, name: ?)
[2m2026-08-01T10:22:39.243599Z[0m [32m INFO[0m [2mwgpu_hal::vulkan::instance[0m[2m:[0m GENERAL [Loader Message (0x0)]
	Found manifest file /usr/share/vulkan/explicit_layer.d/VkLayer_MESA_screenshot.json (file version 1.0.0)
[2m2026-08-01T10:22:39.243607Z[0m [32m INFO[0m [2mwgpu_hal::vulkan::instance[0m[2m:[0m 	objects: (type: INSTANCE, hndl: 0xb6d70aed8f00, name: ?)
[2m2026-08-01T10:22:39.243620Z[0m [32m INFO[0m [2mwgpu_hal::vulkan::instance[0m[2m:[0m GENERAL [Loader Message (0x0)]
	Found manifest file /usr/share/vulkan/explicit_layer.d/VkLayer_MESA_overlay.json (file version 1.0.0)
[2m2026-08-01T10:22:39.243629Z[0m [32m INFO[0m [2mwgpu_hal::vulkan::instance[0m[2m:[0m 	objects: (type: INSTANCE, hndl: 0xb6d70aed8f00, name: ?)
[2m2026-08-01T10:22:39.243640Z[0m [32m INFO[0m [2mwgpu_hal::vulkan::instance[0m[2m:[0m GENERAL [Loader Message (0x0)]
	Found manifest file /usr/share/vulkan/explicit_layer.d/VkLayer_INTEL_nullhw.json (file version 1.0.0)
[2m2026-08-01T10:22:39.243649Z[0m [32m INFO[0m [2mwgpu_hal::vulkan::instance[0m[2m:[0m 	objects: (type: INSTANCE, hndl: 0xb6d70aed8f00, name: ?)
[2m2026-08-01T10:22:39.243657Z[0m [32m INFO[0m [2mwgpu_hal::vulkan::instance[0m[2m:[0m GENERAL [Loader Message (0x0)]
	Searching for driver manifest files
[2m2026-08-01T10:22:39.243664Z[0m [32m INFO[0m [2mwgpu_hal::vulkan::instance[0m[2m:[0m 	objects: (type: INSTANCE, hndl: 0xb6d70aed8f00, name: ?)
[2m2026-08-01T10:22:39.243671Z[0m [32m INFO[0m [2mwgpu_hal::vulkan::instance[0m[2m:[0m GENERAL [Loader Message (0x0)]
	   In following locations:
[2m2026-08-01T10:22:39.243679Z[0m [32m INFO[0m [2mwgpu_hal::vulkan::instance[0m[2m:[0m 	objects: (type: INSTANCE, hndl: 0xb6d70aed8f00, name: ?)
[2m2026-08-01T10:22:39.243685Z[0m [32m INFO[0m [2mwgpu_hal::vulkan::instance[0m[2m:[0m GENERAL [Loader Message (0x0)]
	      /home/ubuntu/.config/vulkan/icd.d
[2m2026-08-01T10:22:39.243692Z[0m [32m INFO[0m [2mwgpu_hal::vulkan::instance[0m[2m:[0m 	objects: (type: INSTANCE, hndl: 0xb6d70aed8f00, name: ?)
[2m2026-08-01T10:22:39.243699Z[0m [32m INFO[0m [2mwgpu_hal::vulkan::instance[0m[2m:[0m GENERAL [Loader Message (0x0)]
	      /etc/xdg/vulkan/icd.d
[2m2026-08-01T10:22:39.243706Z[0m [32m INFO[0m [2mwgpu_hal::vulkan::instance[0m[2m:[0m 	objects: (type: INSTANCE, hndl: 0xb6d70aed8f00, name: ?)
[2m2026-08-01T10:22:39.243711Z[0m [32m INFO[0m [2mwgpu_hal::vulkan::instance[0m[2m:[0m GENERAL [Loader Message (0x0)]
	      /etc/vulkan/icd.d
[2m2026-08-01T10:22:39.243716Z[0m [32m INFO[0m [2mwgpu_hal::vulkan::instance[0m[2m:[0m 	objects: (type: INSTANCE, hndl: 0xb6d70aed8f00, name: ?)
[2m2026-08-01T10:22:39.243722Z[0m [32m INFO[0m [2mwgpu_hal::vulkan::instance[0m[2m:[0m GENERAL [Loader Message (0x0)]
	      /home/ubuntu/.local/share/vulkan/icd.d
[2m2026-08-01T10:22:39.243727Z[0m [32m INFO[0m [2mwgpu_hal::vulkan::instance[0m[2m:[0m 	objects: (type: INSTANCE, hndl: 0xb6d70aed8f00, name: ?)
[2m2026-08-01T10:22:39.243733Z[0m [32m INFO[0m [2mwgpu_hal::vulkan::instance[0m[2m:[0m GENERAL [Loader Message (0x0)]
	      /usr/local/share/vulkan/icd.d
[2m2026-08-01T10:22:39.243738Z[0m [32m INFO[0m [2mwgpu_hal::vulkan::instance[0m[2m:[0m 	objects: (type: INSTANCE, hndl: 0xb6d70aed8f00, name: ?)
[2m2026-08-01T10:22:39.243744Z[0m [32m INFO[0m [2mwgpu_hal::vulkan::instance[0m[2m:[0m GENERAL [Loader Message (0x0)]
	      /usr/share/vulkan/icd.d
[2m2026-08-01T10:22:39.243749Z[0m [32m INFO[0m [2mwgpu_hal::vulkan::instance[0m[2m:[0m 	objects: (type: INSTANCE, hndl: 0xb6d70aed8f00, name: ?)
[2m2026-08-01T10:22:39.243770Z[0m [32m INFO[0m [2mwgpu_hal::vulkan::instance[0m[2m:[0m GENERAL [Loader Message (0x0)]
	   Found the following files:
[2m2026-08-01T10:22:39.243776Z[0m [32m INFO[0m [2mwgpu_hal::vulkan::instance[0m[2m:[0m 	objects: (type: INSTANCE, hndl: 0xb6d70aed8f00, name: ?)
[2m2026-08-01T10:22:39.243781Z[0m [32m INFO[0m [2mwgpu_hal::vulkan::instance[0m[2m:[0m GENERAL [Loader Message (0x0)]
	      /usr/share/vulkan/icd.d/nouveau_icd.json
[2m2026-08-01T10:22:39.243787Z[0m [32m INFO[0m [2mwgpu_hal::vulkan::instance[0m[2m:[0m 	objects: (type: INSTANCE, hndl: 0xb6d70aed8f00, name: ?)
[2m2026-08-01T10:22:39.243793Z[0m [32m INFO[0m [2mwgpu_hal::vulkan::instance[0m[2m:[0m GENERAL [Loader Message (0x0)]
	      /usr/share/vulkan/icd.d/broadcom_icd.json
[2m2026-08-01T10:22:39.243799Z[0m [32m INFO[0m [2mwgpu_hal::vulkan::instance[0m[2m:[0m 	objects: (type: INSTANCE, hndl: 0xb6d70aed8f00, name: ?)
[2m2026-08-01T10:22:39.243804Z[0m [32m INFO[0m [2mwgpu_hal::vulkan::instance[0m[2m:[0m GENERAL [Loader Message (0x0)]
	      /usr/share/vulkan/icd.d/panfrost_icd.json
[2m2026-08-01T10:22:39.243815Z[0m [32m INFO[0m [2mwgpu_hal::vulkan::instance[0m[2m:[0m 	objects: (type: INSTANCE, hndl: 0xb6d70aed8f00, name: ?)
[2m2026-08-01T10:22:39.243821Z[0m [32m INFO[0m [2mwgpu_hal::vulkan::instance[0m[2m:[0m GENERAL [Loader Message (0x0)]
	      /usr/share/vulkan/icd.d/freedreno_icd.json
[2m2026-08-01T10:22:39.243826Z[0m [32m INFO[0m [2mwgpu_hal::vulkan::instance[0m[2m:[0m 	objects: (type: INSTANCE, hndl: 0xb6d70aed8f00, name: ?)
[2m2026-08-01T10:22:39.243832Z[0m [32m INFO[0m [2mwgpu_hal::vulkan::instance[0m[2m:[0m GENERAL [Loader Message (0x0)]
	      /usr/share/vulkan/icd.d/gfxstream_vk_icd.json
[2m2026-08-01T10:22:39.243838Z[0m [32m INFO[0m [2mwgpu_hal::vulkan::instance[0m[2m:[0m 	objects: (type: INSTANCE, hndl: 0xb6d70aed8f00, name: ?)
[2m2026-08-01T10:22:39.243843Z[0m [32m INFO[0m [2mwgpu_hal::vulkan::instance[0m[2m:[0m GENERAL [Loader Message (0x0)]
	      /usr/share/vulkan/icd.d/virtio_icd.json
[2m2026-08-01T10:22:39.243849Z[0m [32m INFO[0m [2mwgpu_hal::vulkan::instance[0m[2m:[0m 	objects: (type: INSTANCE, hndl: 0xb6d70aed8f00, name: ?)
[2m2026-08-01T10:22:39.243854Z[0m [32m INFO[0m [2mwgpu_hal::vulkan::instance[0m[2m:[0m GENERAL [Loader Message (0x0)]
	      /usr/share/vulkan/icd.d/asahi_icd.json
[2m2026-08-01T10:22:39.243860Z[0m [32m INFO[0m [2mwgpu_hal::vulkan::instance[0m[2m:[0m 	objects: (type: INSTANCE, hndl: 0xb6d70aed8f00, name: ?)
[2m2026-08-01T10:22:39.243865Z[0m [32m INFO[0m [2mwgpu_hal::vulkan::instance[0m[2m:[0m GENERAL [Loader Message (0x0)]
	      /usr/share/vulkan/icd.d/lvp_icd.json
[2m2026-08-01T10:22:39.243871Z[0m [32m INFO[0m [2mwgpu_hal::vulkan::instance[0m[2m:[0m 	objects: (type: INSTANCE, hndl: 0xb6d70aed8f00, name: ?)
[2m2026-08-01T10:22:39.243876Z[0m [32m INFO[0m [2mwgpu_hal::vulkan::instance[0m[2m:[0m GENERAL [Loader Message (0x0)]
	      /usr/share/vulkan/icd.d/intel_icd.json
[2m2026-08-01T10:22:39.243882Z[0m [32m INFO[0m [2mwgpu_hal::vulkan::instance[0m[2m:[0m 	objects: (type: INSTANCE, hndl: 0xb6d70aed8f00, name: ?)
[2m2026-08-01T10:22:39.243888Z[0m [32m INFO[0m [2mwgpu_hal::vulkan::instance[0m[2m:[0m GENERAL [Loader Message (0x0)]
	      /usr/share/vulkan/icd.d/powervr_mesa_icd.json
[2m2026-08-01T10:22:39.243894Z[0m [32m INFO[0m [2mwgpu_hal::vulkan::instance[0m[2m:[0m 	objects: (type: INSTANCE, hndl: 0xb6d70aed8f00, name: ?)
[2m2026-08-01T10:22:39.243899Z[0m [32m INFO[0m [2mwgpu_hal::vulkan::instance[0m[2m:[0m GENERAL [Loader Message (0x0)]
	      /usr/share/vulkan/icd.d/radeon_icd.json
[2m2026-08-01T10:22:39.243905Z[0m [32m INFO[0m [2mwgpu_hal::vulkan::instance[0m[2m:[0m 	objects: (type: INSTANCE, hndl: 0xb6d70aed8f00, name: ?)
[2m2026-08-01T10:22:39.243913Z[0m [32m INFO[0m [2mwgpu_hal::vulkan::instance[0m[2m:[0m GENERAL [Loader Message (0x0)]
	Found ICD manifest file /usr/share/vulkan/icd.d/nouveau_icd.json, version 1.0.1
[2m2026-08-01T10:22:39.243920Z[0m [32m INFO[0m [2mwgpu_hal::vulkan::instance[0m[2m:[0m 	objects: (type: INSTANCE, hndl: 0xb6d70aed8f00, name: ?)
[2m2026-08-01T10:22:39.243946Z[0m [32m INFO[0m [2mwgpu_hal::vulkan::instance[0m[2m:[0m GENERAL [Loader Message (0x0)]
	Found ICD manifest file /usr/share/vulkan/icd.d/broadcom_icd.json, version 1.0.1
[2m2026-08-01T10:22:39.243953Z[0m [32m INFO[0m [2mwgpu_hal::vulkan::instance[0m[2m:[0m 	objects: (type: INSTANCE, hndl: 0xb6d70aed8f00, name: ?)
[2m2026-08-01T10:22:39.243966Z[0m [32m INFO[0m [2mwgpu_hal::vulkan::instance[0m[2m:[0m GENERAL [Loader Message (0x0)]
	Found ICD manifest file /usr/share/vulkan/icd.d/panfrost_icd.json, version 1.0.1
[2m2026-08-01T10:22:39.243973Z[0m [32m INFO[0m [2mwgpu_hal::vulkan::instance[0m[2m:[0m 	objects: (type: INSTANCE, hndl: 0xb6d70aed8f00, name: ?)
[2m2026-08-01T10:22:39.243985Z[0m [32m INFO[0m [2mwgpu_hal::vulkan::instance[0m[2m:[0m GENERAL [Loader Message (0x0)]
	Found ICD manifest file /usr/share/vulkan/icd.d/freedreno_icd.json, version 1.0.1
[2m2026-08-01T10:22:39.243997Z[0m [32m INFO[0m [2mwgpu_hal::vulkan::instance[0m[2m:[0m 	objects: (type: INSTANCE, hndl: 0xb6d70aed8f00, name: ?)
[2m2026-08-01T10:22:39.244009Z[0m [32m INFO[0m [2mwgpu_hal::vulkan::instance[0m[2m:[0m GENERAL [Loader Message (0x0)]
	Found ICD manifest file /usr/share/vulkan/icd.d/gfxstream_vk_icd.json, version 1.0.1
[2m2026-08-01T10:22:39.244016Z[0m [32m INFO[0m [2mwgpu_hal::vulkan::instance[0m[2m:[0m 	objects: (type: INSTANCE, hndl: 0xb6d70aed8f00, name: ?)
[2m2026-08-01T10:22:39.244028Z[0m [32m INFO[0m [2mwgpu_hal::vulkan::instance[0m[2m:[0m GENERAL [Loader Message (0x0)]
	Found ICD manifest file /usr/share/vulkan/icd.d/virtio_icd.json, version 1.0.1
[2m2026-08-01T10:22:39.244035Z[0m [32m INFO[0m [2mwgpu_hal::vulkan::instance[0m[2m:[0m 	objects: (type: INSTANCE, hndl: 0xb6d70aed8f00, name: ?)
[2m2026-08-01T10:22:39.244047Z[0m [32m INFO[0m [2mwgpu_hal::vulkan::instance[0m[2m:[0m GENERAL [Loader Message (0x0)]
	Found ICD manifest file /usr/share/vulkan/icd.d/asahi_icd.json, version 1.0.1
[2m2026-08-01T10:22:39.244054Z[0m [32m INFO[0m [2mwgpu_hal::vulkan::instance[0m[2m:[0m 	objects: (type: INSTANCE, hndl: 0xb6d70aed8f00, name: ?)
[2m2026-08-01T10:22:39.244069Z[0m [32m INFO[0m [2mwgpu_hal::vulkan::instance[0m[2m:[0m GENERAL [Loader Message (0x0)]
	Found ICD manifest file /usr/share/vulkan/icd.d/lvp_icd.json, version 1.0.1
[2m2026-08-01T10:22:39.244076Z[0m [32m INFO[0m [2mwgpu_hal::vulkan::instance[0m[2m:[0m 	objects: (type: INSTANCE, hndl: 0xb6d70aed8f00, name: ?)
[2m2026-08-01T10:22:39.244089Z[0m [32m INFO[0m [2mwgpu_hal::vulkan::instance[0m[2m:[0m GENERAL [Loader Message (0x0)]
	Found ICD manifest file /usr/share/vulkan/icd.d/intel_icd.json, version 1.0.1
[2m2026-08-01T10:22:39.244096Z[0m [32m INFO[0m [2mwgpu_hal::vulkan::instance[0m[2m:[0m 	objects: (type: INSTANCE, hndl: 0xb6d70aed8f00, name: ?)
[2m2026-08-01T10:22:39.244113Z[0m [32m INFO[0m [2mwgpu_hal::vulkan::instance[0m[2m:[0m GENERAL [Loader Message (0x0)]
	Found ICD manifest file /usr/share/vulkan/icd.d/powervr_mesa_icd.json, version 1.0.1
[2m2026-08-01T10:22:39.244122Z[0m [32m INFO[0m [2mwgpu_hal::vulkan::instance[0m[2m:[0m 	objects: (type: INSTANCE, hndl: 0xb6d70aed8f00, name: ?)
[2m2026-08-01T10:22:39.244169Z[0m [32m INFO[0m [2mwgpu_hal::vulkan::instance[0m[2m:[0m GENERAL [Loader Message (0x0)]
	Found ICD manifest file /usr/share/vulkan/icd.d/radeon_icd.json, version 1.0.1
[2m2026-08-01T10:22:39.244183Z[0m [32m INFO[0m [2mwgpu_hal::vulkan::instance[0m[2m:[0m 	objects: (type: INSTANCE, hndl: 0xb6d70aed8f00, name: ?)
[2m2026-08-01T10:22:39.244397Z[0m [32m INFO[0m [2mwgpu_hal::vulkan::instance[0m[2m:[0m GENERAL [Loader Message (0x0)]
	Insert instance layer "VK_LAYER_MESA_device_select" (/usr/lib/aarch64-linux-gnu/libVkLayer_MESA_device_select.so)
[2m2026-08-01T10:22:39.244409Z[0m [32m INFO[0m [2mwgpu_hal::vulkan::instance[0m[2m:[0m 	objects: (type: INSTANCE, hndl: 0xb6d70aed8f00, name: ?)
[2m2026-08-01T10:22:39.244416Z[0m [32m INFO[0m [2mwgpu_hal::vulkan::instance[0m[2m:[0m GENERAL [Loader Message (0x0)]
	vkCreateInstance layer callstack setup to:
[2m2026-08-01T10:22:39.244422Z[0m [32m INFO[0m [2mwgpu_hal::vulkan::instance[0m[2m:[0m 	objects: (type: INSTANCE, hndl: 0xb6d70aed8f00, name: ?)
[2m2026-08-01T10:22:39.244427Z[0m [32m INFO[0m [2mwgpu_hal::vulkan::instance[0m[2m:[0m GENERAL [Loader Message (0x0)]
	   <Application>
[2m2026-08-01T10:22:39.244433Z[0m [32m INFO[0m [2mwgpu_hal::vulkan::instance[0m[2m:[0m 	objects: (type: INSTANCE, hndl: 0xb6d70aed8f00, name: ?)
[2m2026-08-01T10:22:39.244438Z[0m [32m INFO[0m [2mwgpu_hal::vulkan::instance[0m[2m:[0m GENERAL [Loader Message (0x0)]
	     ||
[2m2026-08-01T10:22:39.244443Z[0m [32m INFO[0m [2mwgpu_hal::vulkan::instance[0m[2m:[0m 	objects: (type: INSTANCE, hndl: 0xb6d70aed8f00, name: ?)
[2m2026-08-01T10:22:39.244449Z[0m [32m INFO[0m [2mwgpu_hal::vulkan::instance[0m[2m:[0m GENERAL [Loader Message (0x0)]
	   <Loader>
[2m2026-08-01T10:22:39.244461Z[0m [32m INFO[0m [2mwgpu_hal::vulkan::instance[0m[2m:[0m 	objects: (type: INSTANCE, hndl: 0xb6d70aed8f00, name: ?)
[2m2026-08-01T10:22:39.244467Z[0m [32m INFO[0m [2mwgpu_hal::vulkan::instance[0m[2m:[0m GENERAL [Loader Message (0x0)]
	     ||
[2m2026-08-01T10:22:39.244472Z[0m [32m INFO[0m [2mwgpu_hal::vulkan::instance[0m[2m:[0m 	objects: (type: INSTANCE, hndl: 0xb6d70aed8f00, name: ?)
[2m2026-08-01T10:22:39.244477Z[0m [32m INFO[0m [2mwgpu_hal::vulkan::instance[0m[2m:[0m GENERAL [Loader Message (0x0)]
	   VK_LAYER_MESA_device_select
[2m2026-08-01T10:22:39.244483Z[0m [32m INFO[0m [2mwgpu_hal::vulkan::instance[0m[2m:[0m 	objects: (type: INSTANCE, hndl: 0xb6d70aed8f00, name: ?)
[2m2026-08-01T10:22:39.244488Z[0m [32m INFO[0m [2mwgpu_hal::vulkan::instance[0m[2m:[0m GENERAL [Loader Message (0x0)]
	           Type: Implicit
[2m2026-08-01T10:22:39.244494Z[0m [32m INFO[0m [2mwgpu_hal::vulkan::instance[0m[2m:[0m 	objects: (type: INSTANCE, hndl: 0xb6d70aed8f00, name: ?)
[2m2026-08-01T10:22:39.244499Z[0m [32m INFO[0m [2mwgpu_hal::vulkan::instance[0m[2m:[0m GENERAL [Loader Message (0x0)]
	           Enabled By: Implicit Layer
[2m2026-08-01T10:22:39.244505Z[0m [32m INFO[0m [2mwgpu_hal::vulkan::instance[0m[2m:[0m 	objects: (type: INSTANCE, hndl: 0xb6d70aed8f00, name: ?)
[2m2026-08-01T10:22:39.244510Z[0m [32m INFO[0m [2mwgpu_hal::vulkan::instance[0m[2m:[0m GENERAL [Loader Message (0x0)]
	               Disable Env Var:  NODEVICE_SELECT
[2m2026-08-01T10:22:39.244516Z[0m [32m INFO[0m [2mwgpu_hal::vulkan::instance[0m[2m:[0m 	objects: (type: INSTANCE, hndl: 0xb6d70aed8f00, name: ?)
[2m2026-08-01T10:22:39.244522Z[0m [32m INFO[0m [2mwgpu_hal::vulkan::instance[0m[2m:[0m GENERAL [Loader Message (0x0)]
	           Manifest: /usr/share/vulkan/implicit_layer.d/VkLayer_MESA_device_select.json
[2m2026-08-01T10:22:39.244529Z[0m [32m INFO[0m [2mwgpu_hal::vulkan::instance[0m[2m:[0m 	objects: (type: INSTANCE, hndl: 0xb6d70aed8f00, name: ?)
[2m2026-08-01T10:22:39.244536Z[0m [32m INFO[0m [2mwgpu_hal::vulkan::instance[0m[2m:[0m GENERAL [Loader Message (0x0)]
	           Library:  /usr/lib/aarch64-linux-gnu/libVkLayer_MESA_device_select.so
[2m2026-08-01T10:22:39.244543Z[0m [32m INFO[0m [2mwgpu_hal::vulkan::instance[0m[2m:[0m 	objects: (type: INSTANCE, hndl: 0xb6d70aed8f00, name: ?)
[2m2026-08-01T10:22:39.244548Z[0m [32m INFO[0m [2mwgpu_hal::vulkan::instance[0m[2m:[0m GENERAL [Loader Message (0x0)]
	     ||
[2m2026-08-01T10:22:39.244554Z[0m [32m INFO[0m [2mwgpu_hal::vulkan::instance[0m[2m:[0m 	objects: (type: INSTANCE, hndl: 0xb6d70aed8f00, name: ?)
[2m2026-08-01T10:22:39.244559Z[0m [32m INFO[0m [2mwgpu_hal::vulkan::instance[0m[2m:[0m GENERAL [Loader Message (0x0)]
	   <Drivers>
[2m2026-08-01T10:22:39.244564Z[0m [32m INFO[0m [2mwgpu_hal::vulkan::instance[0m[2m:[0m 	objects: (type: INSTANCE, hndl: 0xb6d70aed8f00, name: ?)
[2m2026-08-01T10:22:39.250827Z[0m [32m INFO[0m [2mwgpu_hal::vulkan::instance[0m[2m:[0m Enabling debug utils
[2m2026-08-01T10:22:39.251011Z[0m [32m INFO[0m [2mwgpu_hal::gles::egl[0m[2m:[0m Using Wayland platform
[slopos-compositor/drm] client connected
[slopos-compositor/drm] client disconnected
[slopos-compositor/drm] client connected
libEGL warning: failed to get driver name for fd -1

libEGL warning: MESA-LOADER: failed to retrieve device information

libEGL warning: failed to get driver name for fd -1

[2m2026-08-01T10:22:39.252573Z[0m [31mERROR[0m [2mwgpu_hal::gles::egl[0m[2m:[0m EGL 'eglInitialize' code 0x3003: DRI2: failed to get driver name
[slopos-compositor/drm] client disconnected
[slopos-compositor/drm] client connected
[slopos-compositor/drm] client connected
[slopos-compositor/drm] client disconnected
MESA: error: ZINK: failed to choose pdev
libEGL warning: egl: failed to create dri2 screen
[slopos-compositor/drm] client disconnected
[slopos-compositor/drm] client connected
[2m2026-08-01T10:22:39.283746Z[0m [33m WARN[0m [2mwgpu_hal::gles::egl[0m[2m:[0m Re-initializing Gles context due to Wayland window
[slopos-compositor/drm] client disconnected
[2m2026-08-01T10:22:39.300799Z[0m [32m INFO[0m [2mwgpu_hal::vulkan::instance[0m[2m:[0m GENERAL [Loader Message (0x0)]
	linux_read_sorted_physical_devices:
[2m2026-08-01T10:22:39.300829Z[0m [32m INFO[0m [2mwgpu_hal::vulkan::instance[0m[2m:[0m 	objects: (type: INSTANCE, hndl: 0xb6d70aed8f00, name: ?)
[2m2026-08-01T10:22:39.300838Z[0m [32m INFO[0m [2mwgpu_hal::vulkan::instance[0m[2m:[0m GENERAL [Loader Message (0x0)]
	     Original order:
[2m2026-08-01T10:22:39.300845Z[0m [32m INFO[0m [2mwgpu_hal::vulkan::instance[0m[2m:[0m 	objects: (type: INSTANCE, hndl: 0xb6d70aed8f00, name: ?)
[2m2026-08-01T10:22:39.300856Z[0m [32m INFO[0m [2mwgpu_hal::vulkan::instance[0m[2m:[0m GENERAL [Loader Message (0x0)]
	           [0] llvmpipe (LLVM 21.1.8, 128 bits)
[2m2026-08-01T10:22:39.300863Z[0m [32m INFO[0m [2mwgpu_hal::vulkan::instance[0m[2m:[0m 	objects: (type: INSTANCE, hndl: 0xb6d70aed8f00, name: ?)
[2m2026-08-01T10:22:39.300869Z[0m [32m INFO[0m [2mwgpu_hal::vulkan::instance[0m[2m:[0m GENERAL [Loader Message (0x0)]
	     Sorted order:
[2m2026-08-01T10:22:39.300875Z[0m [32m INFO[0m [2mwgpu_hal::vulkan::instance[0m[2m:[0m 	objects: (type: INSTANCE, hndl: 0xb6d70aed8f00, name: ?)
[2m2026-08-01T10:22:39.300880Z[0m [32m INFO[0m [2mwgpu_hal::vulkan::instance[0m[2m:[0m GENERAL [Loader Message (0x0)]
	           [0] llvmpipe (LLVM 21.1.8, 128 bits)  
[2m2026-08-01T10:22:39.300887Z[0m [32m INFO[0m [2mwgpu_hal::vulkan::instance[0m[2m:[0m 	objects: (type: INSTANCE, hndl: 0xb6d70aed8f00, name: ?)
[2m2026-08-01T10:22:39.300895Z[0m [32m INFO[0m [2mwgpu_hal::vulkan::instance[0m[2m:[0m GENERAL [Loader Message (0x0)]
	linux_read_sorted_physical_devices:
[2m2026-08-01T10:22:39.300902Z[0m [32m INFO[0m [2mwgpu_hal::vulkan::instance[0m[2m:[0m 	objects: (type: INSTANCE, hndl: 0xb6d70aed8f00, name: ?)
[2m2026-08-01T10:22:39.300907Z[0m [32m INFO[0m [2mwgpu_hal::vulkan::instance[0m[2m:[0m GENERAL [Loader Message (0x0)]
	     Original order:
[2m2026-08-01T10:22:39.300913Z[0m [32m INFO[0m [2mwgpu_hal::vulkan::instance[0m[2m:[0m 	objects: (type: INSTANCE, hndl: 0xb6d70aed8f00, name: ?)
[2m2026-08-01T10:22:39.300922Z[0m [32m INFO[0m [2mwgpu_hal::vulkan::instance[0m[2m:[0m GENERAL [Loader Message (0x0)]
	           [0] llvmpipe (LLVM 21.1.8, 128 bits)
[2m2026-08-01T10:22:39.300928Z[0m [32m INFO[0m [2mwgpu_hal::vulkan::instance[0m[2m:[0m 	objects: (type: INSTANCE, hndl: 0xb6d70aed8f00, name: ?)
[2m2026-08-01T10:22:39.300934Z[0m [32m INFO[0m [2mwgpu_hal::vulkan::instance[0m[2m:[0m GENERAL [Loader Message (0x0)]
	     Sorted order:
[2m2026-08-01T10:22:39.300939Z[0m [32m INFO[0m [2mwgpu_hal::vulkan::instance[0m[2m:[0m 	objects: (type: INSTANCE, hndl: 0xb6d70aed8f00, name: ?)
[2m2026-08-01T10:22:39.300945Z[0m [32m INFO[0m [2mwgpu_hal::vulkan::instance[0m[2m:[0m GENERAL [Loader Message (0x0)]
	           [0] llvmpipe (LLVM 21.1.8, 128 bits)  
[2m2026-08-01T10:22:39.300951Z[0m [32m INFO[0m [2mwgpu_hal::vulkan::instance[0m[2m:[0m 	objects: (type: INSTANCE, hndl: 0xb6d70aed8f00, name: ?)
[slopos-compositor/drm] client connected
[2m2026-08-01T10:22:39.301834Z[0m [32m INFO[0m [2mwgpu_hal::vulkan::instance[0m[2m:[0m GENERAL [Loader Message (0x0)]
	linux_read_sorted_physical_devices:
[2m2026-08-01T10:22:39.301856Z[0m [32m INFO[0m [2mwgpu_hal::vulkan::instance[0m[2m:[0m 	objects: (type: INSTANCE, hndl: 0xb6d70aed8f00, name: ?)
[2m2026-08-01T10:22:39.301865Z[0m [32m INFO[0m [2mwgpu_hal::vulkan::instance[0m[2m:[0m GENERAL [Loader Message (0x0)]
	     Original order:
[2m2026-08-01T10:22:39.301873Z[0m [32m INFO[0m [2mwgpu_hal::vulkan::instance[0m[2m:[0m 	objects: (type: INSTANCE, hndl: 0xb6d70aed8f00, name: ?)
[2m2026-08-01T10:22:39.301885Z[0m [32m INFO[0m [2mwgpu_hal::vulkan::instance[0m[2m:[0m GENERAL [Loader Message (0x0)]
	           [0] llvmpipe (LLVM 21.1.8, 128 bits)
[2m2026-08-01T10:22:39.301899Z[0m [32m INFO[0m [2mwgpu_hal::vulkan::instance[0m[2m:[0m 	objects: (type: INSTANCE, hndl: 0xb6d70aed8f00, name: ?)
[slopos-compositor/drm] client disconnected
[2m2026-08-01T10:22:39.301907Z[0m [32m INFO[0m [2mwgpu_hal::vulkan::instance[0m[2m:[0m GENERAL [Loader Message (0x0)]
	     Sorted order:
[2m2026-08-01T10:22:39.301914Z[0m [32m INFO[0m [2mwgpu_hal::vulkan::instance[0m[2m:[0m 	objects: (type: INSTANCE, hndl: 0xb6d70aed8f00, name: ?)
[2m2026-08-01T10:22:39.301921Z[0m [32m INFO[0m [2mwgpu_hal::vulkan::instance[0m[2m:[0m GENERAL [Loader Message (0x0)]
	           [0] llvmpipe (LLVM 21.1.8, 128 bits)  
[2m2026-08-01T10:22:39.301929Z[0m [32m INFO[0m [2mwgpu_hal::vulkan::instance[0m[2m:[0m 	objects: (type: INSTANCE, hndl: 0xb6d70aed8f00, name: ?)
[2m2026-08-01T10:22:39.301938Z[0m [32m INFO[0m [2mwgpu_hal::vulkan::instance[0m[2m:[0m GENERAL [Loader Message (0x0)]
	linux_read_sorted_physical_devices:
[2m2026-08-01T10:22:39.301951Z[0m [32m INFO[0m [2mwgpu_hal::vulkan::instance[0m[2m:[0m 	objects: (type: INSTANCE, hndl: 0xb6d70aed8f00, name: ?)
[2m2026-08-01T10:22:39.301958Z[0m [32m INFO[0m [2mwgpu_hal::vulkan::instance[0m[2m:[0m GENERAL [Loader Message (0x0)]
	     Original order:
[2m2026-08-01T10:22:39.301965Z[0m [32m INFO[0m [2mwgpu_hal::vulkan::instance[0m[2m:[0m 	objects: (type: INSTANCE, hndl: 0xb6d70aed8f00, name: ?)
[2m2026-08-01T10:22:39.301975Z[0m [32m INFO[0m [2mwgpu_hal::vulkan::instance[0m[2m:[0m GENERAL [Loader Message (0x0)]
	           [0] llvmpipe (LLVM 21.1.8, 128 bits)
[2m2026-08-01T10:22:39.301981Z[0m [32m INFO[0m [2mwgpu_hal::vulkan::instance[0m[2m:[0m 	objects: (type: INSTANCE, hndl: 0xb6d70aed8f00, name: ?)
[2m2026-08-01T10:22:39.301987Z[0m [32m INFO[0m [2mwgpu_hal::vulkan::instance[0m[2m:[0m GENERAL [Loader Message (0x0)]
	     Sorted order:
[2m2026-08-01T10:22:39.301993Z[0m [32m INFO[0m [2mwgpu_hal::vulkan::instance[0m[2m:[0m 	objects: (type: INSTANCE, hndl: 0xb6d70aed8f00, name: ?)
[2m2026-08-01T10:22:39.301999Z[0m [32m INFO[0m [2mwgpu_hal::vulkan::instance[0m[2m:[0m GENERAL [Loader Message (0x0)]
	           [0] llvmpipe (LLVM 21.1.8, 128 bits)  
[2m2026-08-01T10:22:39.302006Z[0m [32m INFO[0m [2mwgpu_hal::vulkan::instance[0m[2m:[0m 	objects: (type: INSTANCE, hndl: 0xb6d70aed8f00, name: ?)
[slopos-compositor/drm] client connected
[2m2026-08-01T10:22:39.302751Z[0m [32m INFO[0m [2mwgpu_hal::vulkan::instance[0m[2m:[0m GENERAL [Loader Message (0x0)]
	Removing driver /usr/lib/aarch64-linux-gnu/libvulkan_radeon.so due to not having any physical devices
[2m2026-08-01T10:22:39.302768Z[0m [32m INFO[0m [2mwgpu_hal::vulkan::instance[0m[2m:[0m 	objects: (type: INSTANCE, hndl: 0xb6d70aed8f00, name: ?)
[2m2026-08-01T10:22:39.302890Z[0m [32m INFO[0m [2mwgpu_hal::vulkan::instance[0m[2m:[0m GENERAL [Loader Message (0x0)]
	Removing driver /usr/lib/aarch64-linux-gnu/libvulkan_powervr_mesa.so due to not having any physical devices
[2m2026-08-01T10:22:39.302900Z[0m [32m INFO[0m [2mwgpu_hal::vulkan::instance[0m[2m:[0m 	objects: (type: INSTANCE, hndl: 0xb6d70aed8f00, name: ?)
[slopos-compositor/drm] client disconnected
[2m2026-08-01T10:22:39.302987Z[0m [32m INFO[0m [2mwgpu_hal::vulkan::instance[0m[2m:[0m GENERAL [Loader Message (0x0)]
	Removing driver /usr/lib/aarch64-linux-gnu/libvulkan_intel.so due to not having any physical devices
[2m2026-08-01T10:22:39.302996Z[0m [32m INFO[0m [2mwgpu_hal::vulkan::instance[0m[2m:[0m 	objects: (type: INSTANCE, hndl: 0xb6d70aed8f00, name: ?)
[2m2026-08-01T10:22:39.303078Z[0m [32m INFO[0m [2mwgpu_hal::vulkan::instance[0m[2m:[0m GENERAL [Loader Message (0x0)]
	Removing driver /usr/lib/aarch64-linux-gnu/libvulkan_asahi.so due to not having any physical devices
[2m2026-08-01T10:22:39.303087Z[0m [32m INFO[0m [2mwgpu_hal::vulkan::instance[0m[2m:[0m 	objects: (type: INSTANCE, hndl: 0xb6d70aed8f00, name: ?)
[2m2026-08-01T10:22:39.303166Z[0m [32m INFO[0m [2mwgpu_hal::vulkan::instance[0m[2m:[0m GENERAL [Loader Message (0x0)]
	Removing driver /usr/lib/aarch64-linux-gnu/libvulkan_virtio.so due to not having any physical devices
[2m2026-08-01T10:22:39.303174Z[0m [32m INFO[0m [2mwgpu_hal::vulkan::instance[0m[2m:[0m 	objects: (type: INSTANCE, hndl: 0xb6d70aed8f00, name: ?)
[2m2026-08-01T10:22:39.303220Z[0m [32m INFO[0m [2mwgpu_hal::vulkan::instance[0m[2m:[0m GENERAL [Loader Message (0x0)]
	Removing driver /usr/lib/aarch64-linux-gnu/libvulkan_gfxstream.so due to not having any physical devices
[2m2026-08-01T10:22:39.303316Z[0m [32m INFO[0m [2mwgpu_hal::vulkan::instance[0m[2m:[0m 	objects: (type: INSTANCE, hndl: 0xb6d70aed8f00, name: ?)
[2m2026-08-01T10:22:39.303388Z[0m [32m INFO[0m [2mwgpu_hal::vulkan::instance[0m[2m:[0m GENERAL [Loader Message (0x0)]
	Removing driver /usr/lib/aarch64-linux-gnu/libvulkan_freedreno.so due to not having any physical devices
[2m2026-08-01T10:22:39.303400Z[0m [32m INFO[0m [2mwgpu_hal::vulkan::instance[0m[2m:[0m 	objects: (type: INSTANCE, hndl: 0xb6d70aed8f00, name: ?)
[2m2026-08-01T10:22:39.303480Z[0m [32m INFO[0m [2mwgpu_hal::vulkan::instance[0m[2m:[0m GENERAL [Loader Message (0x0)]
	Removing driver /usr/lib/aarch64-linux-gnu/libvulkan_panfrost.so due to not having any physical devices
[2m2026-08-01T10:22:39.303489Z[0m [32m INFO[0m [2mwgpu_hal::vulkan::instance[0m[2m:[0m 	objects: (type: INSTANCE, hndl: 0xb6d70aed8f00, name: ?)
[2m2026-08-01T10:22:39.303597Z[0m [32m INFO[0m [2mwgpu_hal::vulkan::instance[0m[2m:[0m GENERAL [Loader Message (0x0)]
	Removing driver /usr/lib/aarch64-linux-gnu/libvulkan_broadcom.so due to not having any physical devices
[2m2026-08-01T10:22:39.303607Z[0m [32m INFO[0m [2mwgpu_hal::vulkan::instance[0m[2m:[0m 	objects: (type: INSTANCE, hndl: 0xb6d70aed8f00, name: ?)
[2m2026-08-01T10:22:39.303681Z[0m [32m INFO[0m [2mwgpu_hal::vulkan::instance[0m[2m:[0m GENERAL [Loader Message (0x0)]
	Removing driver /usr/lib/aarch64-linux-gnu/libvulkan_nouveau.so due to not having any physical devices
[2m2026-08-01T10:22:39.303689Z[0m [32m INFO[0m [2mwgpu_hal::vulkan::instance[0m[2m:[0m 	objects: (type: INSTANCE, hndl: 0xb6d70aed8f00, name: ?)
[2m2026-08-01T10:22:39.308007Z[0m [32m INFO[0m [2mwgpu_core::instance[0m[2m:[0m Adapter Vulkan AdapterInfo { name: "llvmpipe (LLVM 21.1.8, 128 bits)", vendor: 65541, device: 0, device_type: Cpu, driver: "llvmpipe", driver_info: "Mesa 26.0.3-1ubuntu1 (LLVM 21.1.8)", backend: Vulkan }
[2m2026-08-01T10:22:39.308137Z[0m [32m INFO[0m [2mwgpu_hal::vulkan::instance[0m[2m:[0m GENERAL [Loader Message (0x0)]
	Failed to find vkGetDeviceProcAddr in layer "/usr/lib/aarch64-linux-gnu/libVkLayer_MESA_device_select.so"
[2m2026-08-01T10:22:39.308147Z[0m [32m INFO[0m [2mwgpu_hal::vulkan::instance[0m[2m:[0m 	objects: (type: INSTANCE, hndl: 0xb6d70aed8f00, name: ?)
[2m2026-08-01T10:22:39.308153Z[0m [32m INFO[0m [2mwgpu_hal::vulkan::instance[0m[2m:[0m GENERAL [Loader Message (0x0)]
	vkCreateDevice layer callstack setup to:
[2m2026-08-01T10:22:39.308160Z[0m [32m INFO[0m [2mwgpu_hal::vulkan::instance[0m[2m:[0m 	objects: (type: INSTANCE, hndl: 0xb6d70aed8f00, name: ?)
[2m2026-08-01T10:22:39.308166Z[0m [32m INFO[0m [2mwgpu_hal::vulkan::instance[0m[2m:[0m GENERAL [Loader Message (0x0)]
	   <Application>
[2m2026-08-01T10:22:39.308172Z[0m [32m INFO[0m [2mwgpu_hal::vulkan::instance[0m[2m:[0m 	objects: (type: INSTANCE, hndl: 0xb6d70aed8f00, name: ?)
[2m2026-08-01T10:22:39.308178Z[0m [32m INFO[0m [2mwgpu_hal::vulkan::instance[0m[2m:[0m GENERAL [Loader Message (0x0)]
	     ||
[2m2026-08-01T10:22:39.308183Z[0m [32m INFO[0m [2mwgpu_hal::vulkan::instance[0m[2m:[0m 	objects: (type: INSTANCE, hndl: 0xb6d70aed8f00, name: ?)
[2m2026-08-01T10:22:39.308189Z[0m [32m INFO[0m [2mwgpu_hal::vulkan::instance[0m[2m:[0m GENERAL [Loader Message (0x0)]
	   <Loader>
[2m2026-08-01T10:22:39.308194Z[0m [32m INFO[0m [2mwgpu_hal::vulkan::instance[0m[2m:[0m 	objects: (type: INSTANCE, hndl: 0xb6d70aed8f00, name: ?)
[2m2026-08-01T10:22:39.308203Z[0m [32m INFO[0m [2mwgpu_hal::vulkan::instance[0m[2m:[0m GENERAL [Loader Message (0x0)]
	     ||
[2m2026-08-01T10:22:39.308209Z[0m [32m INFO[0m [2mwgpu_hal::vulkan::instance[0m[2m:[0m 	objects: (type: INSTANCE, hndl: 0xb6d70aed8f00, name: ?)
[2m2026-08-01T10:22:39.308215Z[0m [32m INFO[0m [2mwgpu_hal::vulkan::instance[0m[2m:[0m GENERAL [Loader Message (0x0)]
	   <Device>
[2m2026-08-01T10:22:39.308220Z[0m [32m INFO[0m [2mwgpu_hal::vulkan::instance[0m[2m:[0m 	objects: (type: INSTANCE, hndl: 0xb6d70aed8f00, name: ?)
[2m2026-08-01T10:22:39.308600Z[0m [32m INFO[0m [2mwgpu_hal::vulkan::instance[0m[2m:[0m GENERAL [Loader Message (0x0)]
	       Using "llvmpipe (LLVM 21.1.8, 128 bits)" with driver: "/usr/lib/aarch64-linux-gnu/libvulkan_lvp.so"
[2m2026-08-01T10:22:39.308619Z[0m [32m INFO[0m [2mwgpu_hal::vulkan::instance[0m[2m:[0m 	objects: (type: INSTANCE, hndl: 0xb6d70aed8f00, name: ?)
[2m2026-08-01T10:22:39.319965Z[0m [32m INFO[0m [2mwgpu_core::device::resource[0m[2m:[0m Device::maintain: waiting for submission index 0
[2m2026-08-01T10:22:39.321806Z[0m [32m INFO[0m [2mslopos_shell[0m[2m:[0m compositor owns ordinary application windows; shell background is chrome-only
[2m2026-08-01T10:22:39.322962Z[0m [32m INFO[0m [2mwgpu_core::device::resource[0m[2m:[0m Device::maintain: waiting for submission index 0
[2m2026-08-01T10:22:39.566385Z[0m [32m INFO[0m [2mwgpu_core::device::resource[0m[2m:[0m Device::maintain: waiting for submission index 0
[2m2026-08-01T10:22:39.899806Z[0m [32m INFO[0m [2mwgpu_core::device::resource[0m[2m:[0m Device::maintain: waiting for submission index 0
[2m2026-08-01T10:22:39.926865Z[0m [32m INFO[0m [2mwgpu_core::device::resource[0m[2m:[0m Device::maintain: waiting for submission index 0
[slopos-compositor/drm] client connected
[2m2026-08-01T10:22:39.953157Z[0m [32m INFO[0m [2mslopos_shell::foreign_toplevel_client[0m[2m:[0m foreign-toplevel-list synced from compositor [3mtoplevels[0m[2m=[0m2
[slopos-compositor/drm] client disconnected
[2m2026-08-01T10:22:39.955144Z[0m [32m INFO[0m [2mwgpu_core::device::resource[0m[2m:[0m Device::maintain: waiting for submission index 0
[2m2026-08-01T10:22:40.125193Z[0m [32m INFO[0m [2mwgpu_core::device::resource[0m[2m:[0m Device::maintain: waiting for submission index 1
[2m2026-08-01T10:22:40.350069Z[0m [32m INFO[0m [2mwgpu_core::device::resource[0m[2m:[0m Device::maintain: waiting for submission index 1
[2m2026-08-01T10:22:40.359285Z[0m [32m INFO[0m [2mwgpu_core::device::resource[0m[2m:[0m Device::maintain: waiting for submission index 1
[slopos-compositor/drm] client connected
[2m2026-08-01T10:22:40.373534Z[0m [32m INFO[0m [2mslopos_shell::foreign_toplevel_client[0m[2m:[0m foreign-toplevel-list synced from compositor [3mtoplevels[0m[2m=[0m2
[slopos-compositor/drm] client disconnected
[slopos-compositor/drm] client connected
[2m2026-08-01T10:22:40.375807Z[0m [32m INFO[0m [2mslopos_shell::foreign_toplevel_client[0m[2m:[0m foreign-toplevel-list synced from compositor [3mtoplevels[0m[2m=[0m2
[slopos-compositor/drm] client disconnected
[slopos-compositor/drm] client connected
[slopos-compositor/drm] client disconnected
[2m2026-08-01T10:22:41.385573Z[0m [32m INFO[0m [2mslopos_shell::foreign_toplevel_client[0m[2m:[0m foreign-toplevel-list synced from compositor [3mtoplevels[0m[2m=[0m2
[slopos-compositor/drm] client connected
[2m2026-08-01T10:22:42.398340Z[0m [32m INFO[0m [2mslopos_shell::foreign_toplevel_client[0m[2m:[0m foreign-toplevel-list synced from compositor [3mtoplevels[0m[2m=[0m2
[slopos-compositor/drm] client disconnected
[slopos-compositor/drm] client connected
[2m2026-08-01T10:22:43.448088Z[0m [32m INFO[0m [2mslopos_shell::foreign_toplevel_client[0m[2m:[0m foreign-toplevel-list synced from compositor [3mtoplevels[0m[2m=[0m2
[slopos-compositor/drm] client disconnected
[slopos-compositor/drm] client connected
[2m2026-08-01T10:22:44.465864Z[0m [32m INFO[0m [2mslopos_shell::foreign_toplevel_client[0m[2m:[0m foreign-toplevel-list synced from compositor [3mtoplevels[0m[2m=[0m2
[slopos-compositor/drm] client disconnected
[slopos-compositor/drm] client connected
[slopos-compositor/drm] client disconnected
[2m2026-08-01T10:22:45.477040Z[0m [32m INFO[0m [2mslopos_shell::foreign_toplevel_client[0m[2m:[0m foreign-toplevel-list synced from compositor [3mtoplevels[0m[2m=[0m2
[slopos-compositor/drm] client connected
[slopos-compositor/drm] client disconnected
[2m2026-08-01T10:22:46.493399Z[0m [32m INFO[0m [2mslopos_shell::foreign_toplevel_client[0m[2m:[0m foreign-toplevel-list synced from compositor [3mtoplevels[0m[2m=[0m2
[slopos-compositor/drm] client connected
[slopos-compositor/drm] client disconnected
[2m2026-08-01T10:22:47.502735Z[0m [32m INFO[0m [2mslopos_shell::foreign_toplevel_client[0m[2m:[0m foreign-toplevel-list synced from compositor [3mtoplevels[0m[2m=[0m2
[slopos-compositor/drm] client connected
[2m2026-08-01T10:22:48.534389Z[0m [32m INFO[0m [2mslopos_shell::foreign_toplevel_client[0m[2m:[0m foreign-toplevel-list synced from compositor [3mtoplevels[0m[2m=[0m2
[slopos-compositor/drm] client disconnected
[slopos-compositor/drm] client connected
[slopos-compositor/drm] client disconnected
[2m2026-08-01T10:22:49.548072Z[0m [32m INFO[0m [2mslopos_shell::foreign_toplevel_client[0m[2m:[0m foreign-toplevel-list synced from compositor [3mtoplevels[0m[2m=[0m2
[slopos-compositor/drm] client connected
[2m2026-08-01T10:22:50.565476Z[0m [32m INFO[0m [2mslopos_shell::foreign_toplevel_client[0m[2m:[0m foreign-toplevel-list synced from compositor [3mtoplevels[0m[2m=[0m2
[slopos-compositor/drm] client disconnected
[slopos-compositor/drm] client connected
[2m2026-08-01T10:22:51.580832Z[0m [32m INFO[0m [2mslopos_shell::foreign_toplevel_client[0m[2m:[0m foreign-toplevel-list synced from compositor [3mtoplevels[0m[2m=[0m2
[slopos-compositor/drm] client disconnected
[slopos-compositor/drm] client connected
[slopos-compositor/drm] client disconnected
[2m2026-08-01T10:22:52.590914Z[0m [32m INFO[0m [2mslopos_shell::foreign_toplevel_client[0m[2m:[0m foreign-toplevel-list synced from compositor [3mtoplevels[0m[2m=[0m2
[slopos-compositor/drm] client connected
[2m2026-08-01T10:22:53.640706Z[0m [32m INFO[0m [2mslopos_shell::foreign_toplevel_client[0m[2m:[0m foreign-toplevel-list synced from compositor [3mtoplevels[0m[2m=[0m2
[slopos-compositor/drm] client disconnected
[slopos-compositor/drm] client connected
[2m2026-08-01T10:22:54.649803Z[0m [32m INFO[0m [2mslopos_shell::foreign_toplevel_client[0m[2m:[0m foreign-toplevel-list synced from compositor [3mtoplevels[0m[2m=[0m2
[slopos-compositor/drm] client disconnected
[slopos-compositor/drm] client connected
[slopos-compositor/drm] client disconnected
[2m2026-08-01T10:22:55.659409Z[0m [32m INFO[0m [2mslopos_shell::foreign_toplevel_client[0m[2m:[0m foreign-toplevel-list synced from compositor [3mtoplevels[0m[2m=[0m2
[slopos-compositor/drm] client connected
[slopos-compositor/drm] client disconnected
[2m2026-08-01T10:22:56.675973Z[0m [32m INFO[0m [2mslopos_shell::foreign_toplevel_client[0m[2m:[0m foreign-toplevel-list synced from compositor [3mtoplevels[0m[2m=[0m2
[slopos-compositor/drm] client connected
[slopos-compositor/drm] client disconnected
[2m2026-08-01T10:22:57.687049Z[0m [32m INFO[0m [2mslopos_shell::foreign_toplevel_client[0m[2m:[0m foreign-toplevel-list synced from compositor [3mtoplevels[0m[2m=[0m2
[slopos-compositor/drm] client connected
[2m2026-08-01T10:22:58.731531Z[0m [32m INFO[0m [2mslopos_shell::foreign_toplevel_client[0m[2m:[0m foreign-toplevel-list synced from compositor [3mtoplevels[0m[2m=[0m2
[slopos-compositor/drm] client disconnected
[slopos-compositor/drm] client connected
[slopos-compositor/drm] client disconnected
[2m2026-08-01T10:22:59.739455Z[0m [32m INFO[0m [2mslopos_shell::foreign_toplevel_client[0m[2m:[0m foreign-toplevel-list synced from compositor [3mtoplevels[0m[2m=[0m2
[slopos-compositor/drm] client connected
[slopos-compositor/drm] client disconnected
[2m2026-08-01T10:23:00.748420Z[0m [32m INFO[0m [2mslopos_shell::foreign_toplevel_client[0m[2m:[0m foreign-toplevel-list synced from compositor [3mtoplevels[0m[2m=[0m2
[2m2026-08-01T10:23:00.753859Z[0m [32m INFO[0m [2mwgpu_core::device::resource[0m[2m:[0m Device::maintain: waiting for submission index 0
[2m2026-08-01T10:23:00.932875Z[0m [32m INFO[0m [2mwgpu_core::device::resource[0m[2m:[0m Device::maintain: waiting for submission index 2
[2m2026-08-01T10:23:01.169392Z[0m [32m INFO[0m [2mwgpu_core::device::resource[0m[2m:[0m Device::maintain: waiting for submission index 2
[2m2026-08-01T10:23:01.192522Z[0m [32m INFO[0m [2mwgpu_core::device::resource[0m[2m:[0m Device::maintain: waiting for submission index 2
[slopos-compositor/drm] client connected
[2m2026-08-01T10:23:01.214415Z[0m [32m INFO[0m [2mslopos_shell::foreign_toplevel_client[0m[2m:[0m foreign-toplevel-list synced from compositor [3mtoplevels[0m[2m=[0m2
[slopos-compositor/drm] client disconnected
[slopos-compositor/drm] client connected
[slopos-compositor/drm] client disconnected
[2m2026-08-01T10:23:01.219353Z[0m [32m INFO[0m [2mslopos_shell::foreign_toplevel_client[0m[2m:[0m foreign-toplevel-list synced from compositor [3mtoplevels[0m[2m=[0m2
[slopos-compositor/drm] client connected
[slopos-compositor/drm] toplevel mapped at (96,96) size=640x480 title=Untitled app_id=slopos-i.app shell=false
[slopos-compositor/drm] workspace active=0/8 windows=2 visible=2 dist=[0:2,1:0,2:0,3:0,4:0,5:0,6:0,7:0] window_id=i4MYdGvrAAmapBwKGFODUKBdWcdkIQqb present=["zY5nbbU50Srh9ZXcUb5nw0wzUzK0PJq1", "i4MYdGvrAAmapBwKGFODUKBdWcdkIQqb"]
[2m2026-08-01T10:23:01.290184Z[0m [32m INFO[0m [2mwgpu_core::device::resource[0m[2m:[0m Device::maintain: waiting for submission index 1
[slopos-compositor/drm] client connected
[slopos-compositor/drm] client disconnected
[slopos-compositor/drm] client connected
[slopos-compositor/drm] client disconnected
[slopos-compositor/drm] client connected
[slopos-compositor/drm] client connected
[slopos-compositor/drm] client disconnected
[slopos-compositor/drm] client disconnected
[slopos-compositor/drm] client connected
[slopos-compositor/drm] client connected
[slopos-compositor/drm] client disconnected
[slopos-compositor/drm] client disconnected
[slopos-compositor/drm] client connected
[slopos-compositor/drm] client disconnected
[slopos-compositor/drm] client connected
[slopos-compositor/drm] client disconnected
[slopos-compositor/drm] client connected
[slopos-compositor/drm] client disconnected
[2m2026-08-01T10:23:02.225993Z[0m [32m INFO[0m [2mslopos_shell::foreign_toplevel_client[0m[2m:[0m foreign-toplevel-list synced from compositor [3mtoplevels[0m[2m=[0m3
[2m2026-08-01T10:23:02.228401Z[0m [32m INFO[0m [2mwgpu_core::device::resource[0m[2m:[0m Device::maintain: waiting for submission index 0
[2m2026-08-01T10:23:02.430544Z[0m [32m INFO[0m [2mwgpu_core::device::resource[0m[2m:[0m Device::maintain: waiting for submission index 3
[2m2026-08-01T10:23:02.678927Z[0m [32m INFO[0m [2mwgpu_core::device::resource[0m[2m:[0m Device::maintain: waiting for submission index 3
[2m2026-08-01T10:23:02.690194Z[0m [32m INFO[0m [2mwgpu_core::device::resource[0m[2m:[0m Device::maintain: waiting for submission index 3
[slopos-compositor/drm] client connected
[slopos-compositor/drm] client disconnected
[2m2026-08-01T10:23:02.705729Z[0m [32m INFO[0m [2mslopos_shell::foreign_toplevel_client[0m[2m:[0m foreign-toplevel-list synced from compositor [3mtoplevels[0m[2m=[0m3
[slopos-compositor/drm] client connected
[2m2026-08-01T10:23:02.708106Z[0m [32m INFO[0m [2mslopos_shell::foreign_toplevel_client[0m[2m:[0m foreign-toplevel-list synced from compositor [3mtoplevels[0m[2m=[0m3
[slopos-compositor/drm] client disconnected
[slopos-compositor/drm] client connected
[slopos-compositor/drm] client disconnected
[2m2026-08-01T10:23:03.727827Z[0m [32m INFO[0m [2mslopos_shell::foreign_toplevel_client[0m[2m:[0m foreign-toplevel-list synced from compositor [3mtoplevels[0m[2m=[0m3
[slopos-compositor/drm] client connected
[2m2026-08-01T10:23:04.770621Z[0m [32m INFO[0m [2mslopos_shell::foreign_toplevel_client[0m[2m:[0m foreign-toplevel-list synced from compositor [3mtoplevels[0m[2m=[0m3
[slopos-compositor/drm] client disconnected
[slopos-compositor/drm] client connected
[slopos-compositor/drm] client disconnected
[2m2026-08-01T10:23:05.782604Z[0m [32m INFO[0m [2mslopos_shell::foreign_toplevel_client[0m[2m:[0m foreign-toplevel-list synced from compositor [3mtoplevels[0m[2m=[0m3
[slopos-compositor/drm] client connected
[slopos-compositor/drm] client disconnected
[2m2026-08-01T10:23:06.798147Z[0m [32m INFO[0m [2mslopos_shell::foreign_toplevel_client[0m[2m:[0m foreign-toplevel-list synced from compositor [3mtoplevels[0m[2m=[0m3
[slopos-compositor/drm] client connected
[slopos-compositor/drm] client disconnected
[2m2026-08-01T10:23:07.813480Z[0m [32m INFO[0m [2mslopos_shell::foreign_toplevel_client[0m[2m:[0m foreign-toplevel-list synced from compositor [3mtoplevels[0m[2m=[0m3
[slopos-compositor/drm] client connected
[slopos-compositor/drm] client disconnected
[2m2026-08-01T10:23:08.821195Z[0m [32m INFO[0m [2mslopos_shell::foreign_toplevel_client[0m[2m:[0m foreign-toplevel-list synced from compositor [3mtoplevels[0m[2m=[0m3
[slopos-compositor/drm] client connected
[2m2026-08-01T10:23:09.865006Z[0m [32m INFO[0m [2mslopos_shell::foreign_toplevel_client[0m[2m:[0m foreign-toplevel-list synced from compositor [3mtoplevels[0m[2m=[0m3
[slopos-compositor/drm] client disconnected
[slopos-compositor/drm] client connected
[slopos-compositor/drm] client disconnected
[2m2026-08-01T10:23:10.873126Z[0m [32m INFO[0m [2mslopos_shell::foreign_toplevel_client[0m[2m:[0m foreign-toplevel-list synced from compositor [3mtoplevels[0m[2m=[0m3
[slopos-compositor/drm] client connected
[slopos-compositor/drm] client disconnected
[2m2026-08-01T10:23:11.889902Z[0m [32m INFO[0m [2mslopos_shell::foreign_toplevel_client[0m[2m:[0m foreign-toplevel-list synced from compositor [3mtoplevels[0m[2m=[0m3
[slopos-compositor/drm] client connected
[slopos-compositor/drm] client disconnected
[2m2026-08-01T10:23:12.902462Z[0m [32m INFO[0m [2mslopos_shell::foreign_toplevel_client[0m[2m:[0m foreign-toplevel-list synced from compositor [3mtoplevels[0m[2m=[0m3
[slopos-compositor/drm] client connected
[2m2026-08-01T10:23:13.916808Z[0m [32m INFO[0m [2mslopos_shell::foreign_toplevel_client[0m[2m:[0m foreign-toplevel-list synced from compositor [3mtoplevels[0m[2m=[0m3
[slopos-compositor/drm] client disconnected
[slopos-compositor/drm] client connected
[2m2026-08-01T10:23:14.954951Z[0m [32m INFO[0m [2mslopos_shell::foreign_toplevel_client[0m[2m:[0m foreign-toplevel-list synced from compositor [3mtoplevels[0m[2m=[0m3
[slopos-compositor/drm] client disconnected
[slopos-compositor/drm] client connected
[slopos-compositor/drm] client disconnected
[2m2026-08-01T10:23:15.964567Z[0m [32m INFO[0m [2mslopos_shell::foreign_toplevel_client[0m[2m:[0m foreign-toplevel-list synced from compositor [3mtoplevels[0m[2m=[0m3
[2m2026-08-01T10:23:16.459107Z[0m [32m INFO[0m [2mslopos_compositor::session_drm[0m[2m:[0m applied compositor presentation request [3mwindow_id[0m[2m=[0mi4MYdGvrAAmapBwKGFODUKBdWcdkIQqb [3maction[0m[2m=[0mMinimize [3mstate[0m[2m=[0mMinimized
[slopos-compositor/drm] client connected
[2m2026-08-01T10:23:16.982406Z[0m [32m INFO[0m [2mslopos_shell::foreign_toplevel_client[0m[2m:[0m foreign-toplevel-list synced from compositor [3mtoplevels[0m[2m=[0m3
[slopos-compositor/drm] client disconnected
[2m2026-08-01T10:23:16.989762Z[0m [32m INFO[0m [2mwgpu_core::device::resource[0m[2m:[0m Device::maintain: waiting for submission index 0
[2m2026-08-01T10:23:17.042912Z[0m [32m INFO[0m [2mwgpu_core::device::resource[0m[2m:[0m Device::maintain: waiting for submission index 2
[2m2026-08-01T10:23:17.253701Z[0m [32m INFO[0m [2mwgpu_core::device::resource[0m[2m:[0m Device::maintain: waiting for submission index 4
[2m2026-08-01T10:23:17.550981Z[0m [32m INFO[0m [2mwgpu_core::device::resource[0m[2m:[0m Device::maintain: waiting for submission index 4
[2m2026-08-01T10:23:17.564992Z[0m [32m INFO[0m [2mwgpu_core::device::resource[0m[2m:[0m Device::maintain: waiting for submission index 4
[slopos-compositor/drm] client connected
[slopos-compositor/drm] client disconnected
[2m2026-08-01T10:23:17.581707Z[0m [32m INFO[0m [2mslopos_shell::foreign_toplevel_client[0m[2m:[0m foreign-toplevel-list synced from compositor [3mtoplevels[0m[2m=[0m3
[slopos-compositor/drm] client connected
[2m2026-08-01T10:23:17.584943Z[0m [32m INFO[0m [2mslopos_shell::foreign_toplevel_client[0m[2m:[0m foreign-toplevel-list synced from compositor [3mtoplevels[0m[2m=[0m3
[slopos-compositor/drm] client disconnected
[2m2026-08-01T10:23:18.506350Z[0m [32m INFO[0m [2mslopos_compositor::session_drm[0m[2m:[0m applied compositor presentation request [3mwindow_id[0m[2m=[0mi4MYdGvrAAmapBwKGFODUKBdWcdkIQqb [3maction[0m[2m=[0mRestore [3mstate[0m[2m=[0mNormal
[slopos-compositor/drm] client connected
[slopos-compositor/drm] client disconnected
[2m2026-08-01T10:23:18.593671Z[0m [32m INFO[0m [2mslopos_shell::foreign_toplevel_client[0m[2m:[0m foreign-toplevel-list synced from compositor [3mtoplevels[0m[2m=[0m3
[2m2026-08-01T10:23:18.596573Z[0m [32m INFO[0m [2mwgpu_core::device::resource[0m[2m:[0m Device::maintain: waiting for submission index 0
[2m2026-08-01T10:23:18.628144Z[0m [32m INFO[0m [2mwgpu_core::device::resource[0m[2m:[0m Device::maintain: waiting for submission index 3
[2m2026-08-01T10:23:18.795002Z[0m [32m INFO[0m [2mwgpu_core::device::resource[0m[2m:[0m Device::maintain: waiting for submission index 5
[2m2026-08-01T10:23:19.034853Z[0m [32m INFO[0m [2mwgpu_core::device::resource[0m[2m:[0m Device::maintain: waiting for submission index 5
[2m2026-08-01T10:23:19.049648Z[0m [32m INFO[0m [2mwgpu_core::device::resource[0m[2m:[0m Device::maintain: waiting for submission index 5
[slopos-compositor/drm] client connected
[2m2026-08-01T10:23:19.071561Z[0m [32m INFO[0m [2mslopos_shell::foreign_toplevel_client[0m[2m:[0m foreign-toplevel-list synced from compositor [3mtoplevels[0m[2m=[0m3
[slopos-compositor/drm] client disconnected
[slopos-compositor/drm] client connected
[2m2026-08-01T10:23:19.074932Z[0m [32m INFO[0m [2mslopos_shell::foreign_toplevel_client[0m[2m:[0m foreign-toplevel-list synced from compositor [3mtoplevels[0m[2m=[0m3
[slopos-compositor/drm] client disconnected
[slopos-compositor/drm] client connected
[2m2026-08-01T10:23:20.101627Z[0m [32m INFO[0m [2mslopos_shell::foreign_toplevel_client[0m[2m:[0m foreign-toplevel-list synced from compositor [3mtoplevels[0m[2m=[0m3
[slopos-compositor/drm] client disconnected
[slopos-compositor/drm] client connected
[2m2026-08-01T10:23:21.114663Z[0m [32m INFO[0m [2mslopos_shell::foreign_toplevel_client[0m[2m:[0m foreign-toplevel-list synced from compositor [3mtoplevels[0m[2m=[0m3
[slopos-compositor/drm] client disconnected
[slopos-compositor/drm] client connected
[slopos-compositor/drm] client disconnected
[2m2026-08-01T10:23:22.125533Z[0m [32m INFO[0m [2mslopos_shell::foreign_toplevel_client[0m[2m:[0m foreign-toplevel-list synced from compositor [3mtoplevels[0m[2m=[0m3
[slopos-compositor/drm] client connected
[slopos-compositor/drm] client disconnected
[2m2026-08-01T10:23:23.138377Z[0m [32m INFO[0m [2mslopos_shell::foreign_toplevel_client[0m[2m:[0m foreign-toplevel-list synced from compositor [3mtoplevels[0m[2m=[0m3
[slopos-compositor/drm] client connected
[slopos-compositor/drm] client disconnected
[2m2026-08-01T10:23:24.148746Z[0m [32m INFO[0m [2mslopos_shell::foreign_toplevel_client[0m[2m:[0m foreign-toplevel-list synced from compositor [3mtoplevels[0m[2m=[0m3
[slopos-compositor/drm] client connected
[2m2026-08-01T10:23:25.188876Z[0m [32m INFO[0m [2mslopos_shell::foreign_toplevel_client[0m[2m:[0m foreign-toplevel-list synced from compositor [3mtoplevels[0m[2m=[0m3
[slopos-compositor/drm] client disconnected
[slopos-compositor/drm] client connected
[2m2026-08-01T10:23:26.206104Z[0m [32m INFO[0m [2mslopos_shell::foreign_toplevel_client[0m[2m:[0m foreign-toplevel-list synced from compositor [3mtoplevels[0m[2m=[0m3
[slopos-compositor/drm] client disconnected
[slopos-compositor/drm] client connected
[2m2026-08-01T10:23:27.224481Z[0m [32m INFO[0m [2mslopos_shell::foreign_toplevel_client[0m[2m:[0m foreign-toplevel-list synced from compositor [3mtoplevels[0m[2m=[0m3
[slopos-compositor/drm] client disconnected
[slopos-compositor/drm] client connected
[2m2026-08-01T10:23:28.242678Z[0m [32m INFO[0m [2mslopos_shell::foreign_toplevel_client[0m[2m:[0m foreign-toplevel-list synced from compositor [3mtoplevels[0m[2m=[0m3
[slopos-compositor/drm] client disconnected
[slopos-compositor/drm] client connected
[slopos-compositor/drm] client disconnected
[2m2026-08-01T10:23:29.250546Z[0m [32m INFO[0m [2mslopos_shell::foreign_toplevel_client[0m[2m:[0m foreign-toplevel-list synced from compositor [3mtoplevels[0m[2m=[0m3
[slopos-compositor/drm] client connected
[2m2026-08-01T10:23:30.303555Z[0m [32m INFO[0m [2mslopos_shell::foreign_toplevel_client[0m[2m:[0m foreign-toplevel-list synced from compositor [3mtoplevels[0m[2m=[0m3
[slopos-compositor/drm] client disconnected
[slopos-compositor/drm] client connected
[2m2026-08-01T10:23:31.313421Z[0m [32m INFO[0m [2mslopos_shell::foreign_toplevel_client[0m[2m:[0m foreign-toplevel-list synced from compositor [3mtoplevels[0m[2m=[0m3
[slopos-compositor/drm] client disconnected
[slopos-compositor/drm] client connected
[2m2026-08-01T10:23:32.325326Z[0m [32m INFO[0m [2mslopos_shell::foreign_toplevel_client[0m[2m:[0m foreign-toplevel-list synced from compositor [3mtoplevels[0m[2m=[0m3
[slopos-compositor/drm] client disconnected
[slopos-compositor/drm] client connected
[slopos-compositor/drm] client disconnected
[2m2026-08-01T10:23:33.335730Z[0m [32m INFO[0m [2mslopos_shell::foreign_toplevel_client[0m[2m:[0m foreign-toplevel-list synced from compositor [3mtoplevels[0m[2m=[0m3
[slopos-compositor/drm] client connected
[2m2026-08-01T10:23:34.350874Z[0m [32m INFO[0m [2mslopos_shell::foreign_toplevel_client[0m[2m:[0m foreign-toplevel-list synced from compositor [3mtoplevels[0m[2m=[0m3
[slopos-compositor/drm] client disconnected
[slopos-compositor/drm] client connected
[2m2026-08-01T10:23:35.400547Z[0m [32m INFO[0m [2mslopos_shell::foreign_toplevel_client[0m[2m:[0m foreign-toplevel-list synced from compositor [3mtoplevels[0m[2m=[0m3
[slopos-compositor/drm] client disconnected
[slopos-compositor/drm] client connected
[slopos-compositor/drm] client disconnected
[2m2026-08-01T10:23:36.408450Z[0m [32m INFO[0m [2mslopos_shell::foreign_toplevel_client[0m[2m:[0m foreign-toplevel-list synced from compositor [3mtoplevels[0m[2m=[0m3
[slopos-compositor/drm] client connected
[2m2026-08-01T10:23:37.424014Z[0m [32m INFO[0m [2mslopos_shell::foreign_toplevel_client[0m[2m:[0m foreign-toplevel-list synced from compositor [3mtoplevels[0m[2m=[0m3
[slopos-compositor/drm] client disconnected
[slopos-compositor/drm] client connected
[2m2026-08-01T10:23:38.435940Z[0m [32m INFO[0m [2mslopos_shell::foreign_toplevel_client[0m[2m:[0m foreign-toplevel-list synced from compositor [3mtoplevels[0m[2m=[0m3
[slopos-compositor/drm] client disconnected
[slopos-compositor/drm] client connected
[slopos-compositor/drm] client disconnected
[2m2026-08-01T10:23:39.454020Z[0m [32m INFO[0m [2mslopos_shell::foreign_toplevel_client[0m[2m:[0m foreign-toplevel-list synced from compositor [3mtoplevels[0m[2m=[0m3
[slopos-compositor/drm] client connected
[2m2026-08-01T10:23:40.500707Z[0m [32m INFO[0m [2mslopos_shell::foreign_toplevel_client[0m[2m:[0m foreign-toplevel-list synced from compositor [3mtoplevels[0m[2m=[0m3
[slopos-compositor/drm] client disconnected
[slopos-compositor/drm] client connected
[slopos-compositor/drm] client disconnected
[2m2026-08-01T10:23:41.512175Z[0m [32m INFO[0m [2mslopos_shell::foreign_toplevel_client[0m[2m:[0m foreign-toplevel-list synced from compositor [3mtoplevels[0m[2m=[0m3
[slopos-compositor/drm] client connected
[2m2026-08-01T10:23:42.531383Z[0m [32m INFO[0m [2mslopos_shell::foreign_toplevel_client[0m[2m:[0m foreign-toplevel-list synced from compositor [3mtoplevels[0m[2m=[0m3
[slopos-compositor/drm] client disconnected
[slopos-compositor/drm] client connected
[2m2026-08-01T10:23:43.542902Z[0m [32m INFO[0m [2mslopos_shell::foreign_toplevel_client[0m[2m:[0m foreign-toplevel-list synced from compositor [3mtoplevels[0m[2m=[0m3
[slopos-compositor/drm] client disconnected
[slopos-compositor/drm] client connected
[slopos-compositor/drm] client disconnected
[2m2026-08-01T10:23:44.556914Z[0m [32m INFO[0m [2mslopos_shell::foreign_toplevel_client[0m[2m:[0m foreign-toplevel-list synced from compositor [3mtoplevels[0m[2m=[0m3
[slopos-compositor/drm] client connected
[2m2026-08-01T10:23:45.608007Z[0m [32m INFO[0m [2mslopos_shell::foreign_toplevel_client[0m[2m:[0m foreign-toplevel-list synced from compositor [3mtoplevels[0m[2m=[0m3
[slopos-compositor/drm] client disconnected
[slopos-compositor/drm] client connected
[slopos-compositor/drm] client disconnected
[2m2026-08-01T10:23:46.622927Z[0m [32m INFO[0m [2mslopos_shell::foreign_toplevel_client[0m[2m:[0m foreign-toplevel-list synced from compositor [3mtoplevels[0m[2m=[0m3
[2m2026-08-01T10:23:47.432217Z[0m [32m INFO[0m [2mslopos_compositor::session_drm[0m[2m:[0m applied compositor presentation request [3mwindow_id[0m[2m=[0mi4MYdGvrAAmapBwKGFODUKBdWcdkIQqb [3maction[0m[2m=[0mMinimize [3mstate[0m[2m=[0mMinimized
[slopos-compositor/drm] client connected
[slopos-compositor/drm] client disconnected
[2m2026-08-01T10:23:47.638676Z[0m [32m INFO[0m [2mslopos_shell::foreign_toplevel_client[0m[2m:[0m foreign-toplevel-list synced from compositor [3mtoplevels[0m[2m=[0m3
[2m2026-08-01T10:23:47.647867Z[0m [32m INFO[0m [2mwgpu_core::device::resource[0m[2m:[0m Device::maintain: waiting for submission index 0
[2m2026-08-01T10:23:47.732451Z[0m [32m INFO[0m [2mwgpu_core::device::resource[0m[2m:[0m Device::maintain: waiting for submission index 4
[2m2026-08-01T10:23:47.978709Z[0m [32m INFO[0m [2mwgpu_core::device::resource[0m[2m:[0m Device::maintain: waiting for submission index 6
[2m2026-08-01T10:23:48.314526Z[0m [32m INFO[0m [2mwgpu_core::device::resource[0m[2m:[0m Device::maintain: waiting for submission index 6
[2m2026-08-01T10:23:48.329975Z[0m [32m INFO[0m [2mwgpu_core::device::resource[0m[2m:[0m Device::maintain: waiting for submission index 6
[slopos-compositor/drm] client connected
[slopos-compositor/drm] client disconnected
[2m2026-08-01T10:23:48.349949Z[0m [32m INFO[0m [2mslopos_shell::foreign_toplevel_client[0m[2m:[0m foreign-toplevel-list synced from compositor [3mtoplevels[0m[2m=[0m3
[slopos-compositor/drm] client connected
[slopos-compositor/drm] client disconnected
[2m2026-08-01T10:23:48.352577Z[0m [32m INFO[0m [2mslopos_shell::foreign_toplevel_client[0m[2m:[0m foreign-toplevel-list synced from compositor [3mtoplevels[0m[2m=[0m3
[slopos-compositor/drm] client connected
[slopos-compositor/drm] client disconnected
[2m2026-08-01T10:23:49.368423Z[0m [32m INFO[0m [2mslopos_shell::foreign_toplevel_client[0m[2m:[0m foreign-toplevel-list synced from compositor [3mtoplevels[0m[2m=[0m3
[slopos-compositor/drm] client connected
[slopos-compositor/drm] client disconnected
[2m2026-08-01T10:23:50.380702Z[0m [32m INFO[0m [2mslopos_shell::foreign_toplevel_client[0m[2m:[0m foreign-toplevel-list synced from compositor [3mtoplevels[0m[2m=[0m3
[slopos-compositor/drm] client connected
[2m2026-08-01T10:23:51.423118Z[0m [32m INFO[0m [2mslopos_shell::foreign_toplevel_client[0m[2m:[0m foreign-toplevel-list synced from compositor [3mtoplevels[0m[2m=[0m3
[slopos-compositor/drm] client disconnected
[slopos-compositor/drm] client connected
[slopos-compositor/drm] client disconnected
[2m2026-08-01T10:23:52.432174Z[0m [32m INFO[0m [2mslopos_shell::foreign_toplevel_client[0m[2m:[0m foreign-toplevel-list synced from compositor [3mtoplevels[0m[2m=[0m3
[slopos-compositor/drm] client connected
[slopos-compositor/drm] client disconnected
[2m2026-08-01T10:23:53.452061Z[0m [32m INFO[0m [2mslopos_shell::foreign_toplevel_client[0m[2m:[0m foreign-toplevel-list synced from compositor [3mtoplevels[0m[2m=[0m3
[slopos-compositor/drm] client connected
[slopos-compositor/drm] client disconnected
[2m2026-08-01T10:23:54.465216Z[0m [32m INFO[0m [2mslopos_shell::foreign_toplevel_client[0m[2m:[0m foreign-toplevel-list synced from compositor [3mtoplevels[0m[2m=[0m3
[slopos-compositor/drm] client connected
[slopos-compositor/drm] client disconnected
[2m2026-08-01T10:23:55.483787Z[0m [32m INFO[0m [2mslopos_shell::foreign_toplevel_client[0m[2m:[0m foreign-toplevel-list synced from compositor [3mtoplevels[0m[2m=[0m3
[slopos-compositor/drm] client connected
[2m2026-08-01T10:23:56.524383Z[0m [32m INFO[0m [2mslopos_shell::foreign_toplevel_client[0m[2m:[0m foreign-toplevel-list synced from compositor [3mtoplevels[0m[2m=[0m3
[slopos-compositor/drm] client disconnected
[slopos-compositor/drm] client connected
[2m2026-08-01T10:23:57.534171Z[0m [32m INFO[0m [2mslopos_shell::foreign_toplevel_client[0m[2m:[0m foreign-toplevel-list synced from compositor [3mtoplevels[0m[2m=[0m3
[slopos-compositor/drm] client disconnected
[slopos-compositor/drm] client connected
[slopos-compositor/drm] client disconnected
[2m2026-08-01T10:23:58.546065Z[0m [32m INFO[0m [2mslopos_shell::foreign_toplevel_client[0m[2m:[0m foreign-toplevel-list synced from compositor [3mtoplevels[0m[2m=[0m3
[slopos-compositor/drm] client connected
[slopos-compositor/drm] client disconnected
[2m2026-08-01T10:23:59.556126Z[0m [32m INFO[0m [2mslopos_shell::foreign_toplevel_client[0m[2m:[0m foreign-toplevel-list synced from compositor [3mtoplevels[0m[2m=[0m3
[slopos-compositor/drm] client connected
[slopos-compositor/drm] client disconnected
[2m2026-08-01T10:24:00.566625Z[0m [32m INFO[0m [2mslopos_shell::foreign_toplevel_client[0m[2m:[0m foreign-toplevel-list synced from compositor [3mtoplevels[0m[2m=[0m3
[2m2026-08-01T10:24:00.570790Z[0m [32m INFO[0m [2mwgpu_core::device::resource[0m[2m:[0m Device::maintain: waiting for submission index 0
[2m2026-08-01T10:24:00.812274Z[0m [32m INFO[0m [2mwgpu_core::device::resource[0m[2m:[0m Device::maintain: waiting for submission index 7
[2m2026-08-01T10:24:01.078985Z[0m [32m INFO[0m [2mwgpu_core::device::resource[0m[2m:[0m Device::maintain: waiting for submission index 7
[2m2026-08-01T10:24:01.103113Z[0m [32m INFO[0m [2mwgpu_core::device::resource[0m[2m:[0m Device::maintain: waiting for submission index 7
[slopos-compositor/drm] client connected
[slopos-compositor/drm] client disconnected
[2m2026-08-01T10:24:01.124949Z[0m [32m INFO[0m [2mslopos_shell::foreign_toplevel_client[0m[2m:[0m foreign-toplevel-list synced from compositor [3mtoplevels[0m[2m=[0m3
[slopos-compositor/drm] client connected
[2m2026-08-01T10:24:01.128714Z[0m [32m INFO[0m [2mslopos_shell::foreign_toplevel_client[0m[2m:[0m foreign-toplevel-list synced from compositor [3mtoplevels[0m[2m=[0m3
[slopos-compositor/drm] client disconnected
[slopos-compositor/drm] client connected
[2m2026-08-01T10:24:02.165127Z[0m [32m INFO[0m [2mslopos_shell::foreign_toplevel_client[0m[2m:[0m foreign-toplevel-list synced from compositor [3mtoplevels[0m[2m=[0m3
[slopos-compositor/drm] client disconnected
[slopos-compositor/drm] client connected
[2m2026-08-01T10:24:03.182052Z[0m [32m INFO[0m [2mslopos_shell::foreign_toplevel_client[0m[2m:[0m foreign-toplevel-list synced from compositor [3mtoplevels[0m[2m=[0m3
[slopos-compositor/drm] client disconnected
[slopos-compositor/drm] client connected
[slopos-compositor/drm] client disconnected
[2m2026-08-01T10:24:04.191999Z[0m [32m INFO[0m [2mslopos_shell::foreign_toplevel_client[0m[2m:[0m foreign-toplevel-list synced from compositor [3mtoplevels[0m[2m=[0m3
[slopos-compositor/drm] client connected
[slopos-compositor/drm] client disconnected
[2m2026-08-01T10:24:05.200398Z[0m [32m INFO[0m [2mslopos_shell::foreign_toplevel_client[0m[2m:[0m foreign-toplevel-list synced from compositor [3mtoplevels[0m[2m=[0m3
[slopos-compositor/drm] client connected
[slopos-compositor/drm] client disconnected
[2m2026-08-01T10:24:06.218517Z[0m [32m INFO[0m [2mslopos_shell::foreign_toplevel_client[0m[2m:[0m foreign-toplevel-list synced from compositor [3mtoplevels[0m[2m=[0m3
[slopos-compositor/drm] client connected
[2m2026-08-01T10:24:07.256654Z[0m [32m INFO[0m [2mslopos_shell::foreign_toplevel_client[0m[2m:[0m foreign-toplevel-list synced from compositor [3mtoplevels[0m[2m=[0m3
[slopos-compositor/drm] client disconnected
[slopos-compositor/drm] client connected
[slopos-compositor/drm] client disconnected
[2m2026-08-01T10:24:08.266821Z[0m [32m INFO[0m [2mslopos_shell::foreign_toplevel_client[0m[2m:[0m foreign-toplevel-list synced from compositor [3mtoplevels[0m[2m=[0m3
[slopos-compositor/drm] client connected
[slopos-compositor/drm] client disconnected
[2m2026-08-01T10:24:09.282463Z[0m [32m INFO[0m [2mslopos_shell::foreign_toplevel_client[0m[2m:[0m foreign-toplevel-list synced from compositor [3mtoplevels[0m[2m=[0m3
[slopos-compositor/drm] client connected
[slopos-compositor/drm] client disconnected
[2m2026-08-01T10:24:10.298770Z[0m [32m INFO[0m [2mslopos_shell::foreign_toplevel_client[0m[2m:[0m foreign-toplevel-list synced from compositor [3mtoplevels[0m[2m=[0m3
[slopos-compositor/drm] client connected
[slopos-compositor/drm] client disconnected
[2m2026-08-01T10:24:11.312646Z[0m [32m INFO[0m [2mslopos_shell::foreign_toplevel_client[0m[2m:[0m foreign-toplevel-list synced from compositor [3mtoplevels[0m[2m=[0m3
[2m2026-08-01T10:24:12.180845Z[0m [32m INFO[0m [2mslopos_compositor::session_drm[0m[2m:[0m applied compositor presentation request [3mwindow_id[0m[2m=[0mi4MYdGvrAAmapBwKGFODUKBdWcdkIQqb [3maction[0m[2m=[0mRestore [3mstate[0m[2m=[0mNormal
[slopos-compositor/drm] client connected
[2m2026-08-01T10:24:12.350879Z[0m [32m INFO[0m [2mslopos_shell::foreign_toplevel_client[0m[2m:[0m foreign-toplevel-list synced from compositor [3mtoplevels[0m[2m=[0m3
[slopos-compositor/drm] client disconnected
[2m2026-08-01T10:24:12.353677Z[0m [32m INFO[0m [2mwgpu_core::device::resource[0m[2m:[0m Device::maintain: waiting for submission index 0
[2m2026-08-01T10:24:12.393893Z[0m [32m INFO[0m [2mwgpu_core::device::resource[0m[2m:[0m Device::maintain: waiting for submission index 5
[2m2026-08-01T10:24:12.558492Z[0m [32m INFO[0m [2mwgpu_core::device::resource[0m[2m:[0m Device::maintain: waiting for submission index 8
[2m2026-08-01T10:24:12.822850Z[0m [32m INFO[0m [2mwgpu_core::device::resource[0m[2m:[0m Device::maintain: waiting for submission index 8
[2m2026-08-01T10:24:12.840683Z[0m [32m INFO[0m [2mwgpu_core::device::resource[0m[2m:[0m Device::maintain: waiting for submission index 8
[slopos-compositor/drm] client connected
[slopos-compositor/drm] client disconnected
[2m2026-08-01T10:24:12.864443Z[0m [32m INFO[0m [2mslopos_shell::foreign_toplevel_client[0m[2m:[0m foreign-toplevel-list synced from compositor [3mtoplevels[0m[2m=[0m3
[slopos-compositor/drm] client connected
[2m2026-08-01T10:24:12.867449Z[0m [32m INFO[0m [2mslopos_shell::foreign_toplevel_client[0m[2m:[0m foreign-toplevel-list synced from compositor [3mtoplevels[0m[2m=[0m3
[slopos-compositor/drm] client disconnected
[slopos-compositor/drm] client connected
[slopos-compositor/drm] client disconnected
[2m2026-08-01T10:24:13.882716Z[0m [32m INFO[0m [2mslopos_shell::foreign_toplevel_client[0m[2m:[0m foreign-toplevel-list synced from compositor [3mtoplevels[0m[2m=[0m3
[slopos-compositor/drm] client connected
[2m2026-08-01T10:24:14.900023Z[0m [32m INFO[0m [2mslopos_shell::foreign_toplevel_client[0m[2m:[0m foreign-toplevel-list synced from compositor [3mtoplevels[0m[2m=[0m3
[slopos-compositor/drm] client disconnected
[slopos-compositor/drm] client connected
[2m2026-08-01T10:24:15.914792Z[0m [32m INFO[0m [2mslopos_shell::foreign_toplevel_client[0m[2m:[0m foreign-toplevel-list synced from compositor [3mtoplevels[0m[2m=[0m3
[slopos-compositor/drm] client disconnected
[slopos-compositor/drm] client connected
[slopos-compositor/drm] client disconnected
[2m2026-08-01T10:24:16.919460Z[0m [32m INFO[0m [2mslopos_shell::foreign_toplevel_client[0m[2m:[0m foreign-toplevel-list synced from compositor [3mtoplevels[0m[2m=[0m3
[slopos-compositor/drm] client connected
[2m2026-08-01T10:24:17.962590Z[0m [32m INFO[0m [2mslopos_shell::foreign_toplevel_client[0m[2m:[0m foreign-toplevel-list synced from compositor [3mtoplevels[0m[2m=[0m3
[slopos-compositor/drm] client disconnected
[slopos-compositor/drm] client connected
[slopos-compositor/drm] client disconnected
[2m2026-08-01T10:24:18.972915Z[0m [32m INFO[0m [2mslopos_shell::foreign_toplevel_client[0m[2m:[0m foreign-toplevel-list synced from compositor [3mtoplevels[0m[2m=[0m3
[slopos-compositor/drm] client connected
[slopos-compositor/drm] client disconnected
[2m2026-08-01T10:24:19.983127Z[0m [32m INFO[0m [2mslopos_shell::foreign_toplevel_client[0m[2m:[0m foreign-toplevel-list synced from compositor [3mtoplevels[0m[2m=[0m3
[slopos-compositor/drm] client connected
[2m2026-08-01T10:24:20.991067Z[0m [32m INFO[0m [2mslopos_shell::foreign_toplevel_client[0m[2m:[0m foreign-toplevel-list synced from compositor [3mtoplevels[0m[2m=[0m3
[slopos-compositor/drm] client disconnected
[slopos-compositor/drm] client connected
[slopos-compositor/drm] client disconnected
[2m2026-08-01T10:24:22.003483Z[0m [32m INFO[0m [2mslopos_shell::foreign_toplevel_client[0m[2m:[0m foreign-toplevel-list synced from compositor [3mtoplevels[0m[2m=[0m3
[slopos-compositor/drm] client connected
[2m2026-08-01T10:24:23.038069Z[0m [32m INFO[0m [2mslopos_shell::foreign_toplevel_client[0m[2m:[0m foreign-toplevel-list synced from compositor [3mtoplevels[0m[2m=[0m3
[slopos-compositor/drm] client disconnected
[slopos-compositor/drm] client connected
[slopos-compositor/drm] client disconnected
[2m2026-08-01T10:24:24.050594Z[0m [32m INFO[0m [2mslopos_shell::foreign_toplevel_client[0m[2m:[0m foreign-toplevel-list synced from compositor [3mtoplevels[0m[2m=[0m3
[slopos-compositor/drm] client connected
[slopos-compositor/drm] client disconnected
[2m2026-08-01T10:24:25.065537Z[0m [32m INFO[0m [2mslopos_shell::foreign_toplevel_client[0m[2m:[0m foreign-toplevel-list synced from compositor [3mtoplevels[0m[2m=[0m3
[slopos-compositor/drm] client connected
[slopos-compositor/drm] client disconnected
[2m2026-08-01T10:24:26.081030Z[0m [32m INFO[0m [2mslopos_shell::foreign_toplevel_client[0m[2m:[0m foreign-toplevel-list synced from compositor [3mtoplevels[0m[2m=[0m3
[slopos-compositor/drm] client connected
[slopos-compositor/drm] client disconnected
[2m2026-08-01T10:24:27.094215Z[0m [32m INFO[0m [2mslopos_shell::foreign_toplevel_client[0m[2m:[0m foreign-toplevel-list synced from compositor [3mtoplevels[0m[2m=[0m3
[slopos-compositor/drm] client connected
[2m2026-08-01T10:24:28.131359Z[0m [32m INFO[0m [2mslopos_shell::foreign_toplevel_client[0m[2m:[0m foreign-toplevel-list synced from compositor [3mtoplevels[0m[2m=[0m3
[slopos-compositor/drm] client disconnected
[slopos-compositor/drm] client connected
[2m2026-08-01T10:24:29.149393Z[0m [32m INFO[0m [2mslopos_shell::foreign_toplevel_client[0m[2m:[0m foreign-toplevel-list synced from compositor [3mtoplevels[0m[2m=[0m3
[slopos-compositor/drm] client disconnected
[slopos-compositor/drm] client connected
[2m2026-08-01T10:24:30.157649Z[0m [32m INFO[0m [2mslopos_shell::foreign_toplevel_client[0m[2m:[0m foreign-toplevel-list synced from compositor [3mtoplevels[0m[2m=[0m3
[slopos-compositor/drm] client disconnected
[slopos-compositor/drm] client connected
[slopos-compositor/drm] client disconnected
[2m2026-08-01T10:24:31.180769Z[0m [32m INFO[0m [2mslopos_shell::foreign_toplevel_client[0m[2m:[0m foreign-toplevel-list synced from compositor [3mtoplevels[0m[2m=[0m3
[slopos-compositor/drm] client connected
[2m2026-08-01T10:24:32.196831Z[0m [32m INFO[0m [2mslopos_shell::foreign_toplevel_client[0m[2m:[0m foreign-toplevel-list synced from compositor [3mtoplevels[0m[2m=[0m3
[slopos-compositor/drm] client disconnected
[slopos-compositor/drm] client connected
[2m2026-08-01T10:24:33.247393Z[0m [32m INFO[0m [2mslopos_shell::foreign_toplevel_client[0m[2m:[0m foreign-toplevel-list synced from compositor [3mtoplevels[0m[2m=[0m3
[slopos-compositor/drm] client disconnected
[slopos-compositor/drm] client connected
[slopos-compositor/drm] client disconnected
[2m2026-08-01T10:24:34.261361Z[0m [32m INFO[0m [2mslopos_shell::foreign_toplevel_client[0m[2m:[0m foreign-toplevel-list synced from compositor [3mtoplevels[0m[2m=[0m3
[slopos-compositor/drm] client connected
[2m2026-08-01T10:24:35.271686Z[0m [32m INFO[0m [2mslopos_shell::foreign_toplevel_client[0m[2m:[0m foreign-toplevel-list synced from compositor [3mtoplevels[0m[2m=[0m3
[slopos-compositor/drm] client disconnected
[slopos-compositor/drm] client connected
[slopos-compositor/drm] client disconnected
[2m2026-08-01T10:24:36.282423Z[0m [32m INFO[0m [2mslopos_shell::foreign_toplevel_client[0m[2m:[0m foreign-toplevel-list synced from compositor [3mtoplevels[0m[2m=[0m3
[slopos-compositor/drm] client connected
[slopos-compositor/drm] client disconnected
[2m2026-08-01T10:24:37.293318Z[0m [32m INFO[0m [2mslopos_shell::foreign_toplevel_client[0m[2m:[0m foreign-toplevel-list synced from compositor [3mtoplevels[0m[2m=[0m3
[slopos-compositor/drm] client connected
[2m2026-08-01T10:24:38.339939Z[0m [32m INFO[0m [2mslopos_shell::foreign_toplevel_client[0m[2m:[0m foreign-toplevel-list synced from compositor [3mtoplevels[0m[2m=[0m3
[slopos-compositor/drm] client disconnected
[slopos-compositor/drm] client connected
[2m2026-08-01T10:24:39.349707Z[0m [32m INFO[0m [2mslopos_shell::foreign_toplevel_client[0m[2m:[0m foreign-toplevel-list synced from compositor [3mtoplevels[0m[2m=[0m3
[slopos-compositor/drm] client disconnected
[slopos-compositor/drm] client connected
[slopos-compositor/drm] client disconnected
[2m2026-08-01T10:24:40.362866Z[0m [32m INFO[0m [2mslopos_shell::foreign_toplevel_client[0m[2m:[0m foreign-toplevel-list synced from compositor [3mtoplevels[0m[2m=[0m3
[slopos-compositor/drm] client connected
[slopos-compositor/drm] client disconnected
[2m2026-08-01T10:24:41.378504Z[0m [32m INFO[0m [2mslopos_shell::foreign_toplevel_client[0m[2m:[0m foreign-toplevel-list synced from compositor [3mtoplevels[0m[2m=[0m3
[slopos-compositor/drm] client connected
[slopos-compositor/drm] client disconnected
[2m2026-08-01T10:24:42.387632Z[0m [32m INFO[0m [2mslopos_shell::foreign_toplevel_client[0m[2m:[0m foreign-toplevel-list synced from compositor [3mtoplevels[0m[2m=[0m3
[slopos-compositor/drm] client connected
[2m2026-08-01T10:24:43.435625Z[0m [32m INFO[0m [2mslopos_shell::foreign_toplevel_client[0m[2m:[0m foreign-toplevel-list synced from compositor [3mtoplevels[0m[2m=[0m3
[slopos-compositor/drm] client disconnected
[slopos-compositor/drm] client connected
[slopos-compositor/drm] client disconnected
[2m2026-08-01T10:24:44.447012Z[0m [32m INFO[0m [2mslopos_shell::foreign_toplevel_client[0m[2m:[0m foreign-toplevel-list synced from compositor [3mtoplevels[0m[2m=[0m3
[slopos-compositor/drm] client connected
[2m2026-08-01T10:24:45.460998Z[0m [32m INFO[0m [2mslopos_shell::foreign_toplevel_client[0m[2m:[0m foreign-toplevel-list synced from compositor [3mtoplevels[0m[2m=[0m3
[slopos-compositor/drm] client disconnected
[slopos-compositor/drm] client connected
[slopos-compositor/drm] client disconnected
[2m2026-08-01T10:24:46.472604Z[0m [32m INFO[0m [2mslopos_shell::foreign_toplevel_client[0m[2m:[0m foreign-toplevel-list synced from compositor [3mtoplevels[0m[2m=[0m3
[slopos-compositor/drm] client connected
[slopos-compositor/drm] client disconnected
[2m2026-08-01T10:24:47.487634Z[0m [32m INFO[0m [2mslopos_shell::foreign_toplevel_client[0m[2m:[0m foreign-toplevel-list synced from compositor [3mtoplevels[0m[2m=[0m3
[slopos-compositor/drm] client connected
[2m2026-08-01T10:24:48.508652Z[0m [32m INFO[0m [2mslopos_shell::foreign_toplevel_client[0m[2m:[0m foreign-toplevel-list synced from compositor [3mtoplevels[0m[2m=[0m3
[slopos-compositor/drm] client disconnected
[slopos-compositor/drm] client connected
[slopos-compositor/drm] client disconnected
[2m2026-08-01T10:24:49.520188Z[0m [32m INFO[0m [2mslopos_shell::foreign_toplevel_client[0m[2m:[0m foreign-toplevel-list synced from compositor [3mtoplevels[0m[2m=[0m3
[slopos-compositor/drm] client connected
[slopos-compositor/drm] client disconnected
[2m2026-08-01T10:24:50.546791Z[0m [32m INFO[0m [2mslopos_shell::foreign_toplevel_client[0m[2m:[0m foreign-toplevel-list synced from compositor [3mtoplevels[0m[2m=[0m3
[slopos-compositor/drm] client connected
[slopos-compositor/drm] client disconnected
[2m2026-08-01T10:24:51.559325Z[0m [32m INFO[0m [2mslopos_shell::foreign_toplevel_client[0m[2m:[0m foreign-toplevel-list synced from compositor [3mtoplevels[0m[2m=[0m3
[slopos-compositor/drm] client connected
[slopos-compositor/drm] client disconnected
[2m2026-08-01T10:24:52.565559Z[0m [32m INFO[0m [2mslopos_shell::foreign_toplevel_client[0m[2m:[0m foreign-toplevel-list synced from compositor [3mtoplevels[0m[2m=[0m3
[slopos-compositor/drm] client connected
[2m2026-08-01T10:24:53.592224Z[0m [32m INFO[0m [2mslopos_shell::foreign_toplevel_client[0m[2m:[0m foreign-toplevel-list synced from compositor [3mtoplevels[0m[2m=[0m3
[slopos-compositor/drm] client disconnected
[slopos-compositor/drm] client connected
[slopos-compositor/drm] client disconnected
[2m2026-08-01T10:24:54.608682Z[0m [32m INFO[0m [2mslopos_shell::foreign_toplevel_client[0m[2m:[0m foreign-toplevel-list synced from compositor [3mtoplevels[0m[2m=[0m3
[slopos-compositor/drm] client connected
[slopos-compositor/drm] client disconnected
[2m2026-08-01T10:24:55.625831Z[0m [32m INFO[0m [2mslopos_shell::foreign_toplevel_client[0m[2m:[0m foreign-toplevel-list synced from compositor [3mtoplevels[0m[2m=[0m3
[slopos-compositor/drm] client connected
[slopos-compositor/drm] client disconnected
[2m2026-08-01T10:24:56.641845Z[0m [32m INFO[0m [2mslopos_shell::foreign_toplevel_client[0m[2m:[0m foreign-toplevel-list synced from compositor [3mtoplevels[0m[2m=[0m3
[slopos-compositor/drm] client connected
[slopos-compositor/drm] client disconnected
[2m2026-08-01T10:24:57.655450Z[0m [32m INFO[0m [2mslopos_shell::foreign_toplevel_client[0m[2m:[0m foreign-toplevel-list synced from compositor [3mtoplevels[0m[2m=[0m3
[slopos-compositor/drm] client connected
[2m2026-08-01T10:24:58.700642Z[0m [32m INFO[0m [2mslopos_shell::foreign_toplevel_client[0m[2m:[0m foreign-toplevel-list synced from compositor [3mtoplevels[0m[2m=[0m3
[slopos-compositor/drm] client disconnected
[slopos-compositor/drm] client connected
[slopos-compositor/drm] client disconnected
[2m2026-08-01T10:24:59.715832Z[0m [32m INFO[0m [2mslopos_shell::foreign_toplevel_client[0m[2m:[0m foreign-toplevel-list synced from compositor [3mtoplevels[0m[2m=[0m3
[slopos-compositor/drm] client connected
[slopos-compositor/drm] client disconnected
[2m2026-08-01T10:25:00.729133Z[0m [32m INFO[0m [2mslopos_shell::foreign_toplevel_client[0m[2m:[0m foreign-toplevel-list synced from compositor [3mtoplevels[0m[2m=[0m3
[2m2026-08-01T10:25:00.738457Z[0m [32m INFO[0m [2mwgpu_core::device::resource[0m[2m:[0m Device::maintain: waiting for submission index 0
[2m2026-08-01T10:25:00.974036Z[0m [32m INFO[0m [2mwgpu_core::device::resource[0m[2m:[0m Device::maintain: waiting for submission index 9
[2m2026-08-01T10:25:01.249650Z[0m [32m INFO[0m [2mwgpu_core::device::resource[0m[2m:[0m Device::maintain: waiting for submission index 9
[2m2026-08-01T10:25:01.273492Z[0m [32m INFO[0m [2mwgpu_core::device::resource[0m[2m:[0m Device::maintain: waiting for submission index 9
[slopos-compositor/drm] client connected
[slopos-compositor/drm] client disconnected
[2m2026-08-01T10:25:01.312623Z[0m [32m INFO[0m [2mslopos_shell::foreign_toplevel_client[0m[2m:[0m foreign-toplevel-list synced from compositor [3mtoplevels[0m[2m=[0m3
[slopos-compositor/drm] client connected
[2m2026-08-01T10:25:01.318116Z[0m [32m INFO[0m [2mslopos_shell::foreign_toplevel_client[0m[2m:[0m foreign-toplevel-list synced from compositor [3mtoplevels[0m[2m=[0m3
[slopos-compositor/drm] client disconnected
[slopos-compositor/drm] client connected
[slopos-compositor/drm] client disconnected
[2m2026-08-01T10:25:02.326731Z[0m [32m INFO[0m [2mslopos_shell::foreign_toplevel_client[0m[2m:[0m foreign-toplevel-list synced from compositor [3mtoplevels[0m[2m=[0m3
[slopos-compositor/drm] client connected
[slopos-compositor/drm] client disconnected
[2m2026-08-01T10:25:03.342679Z[0m [32m INFO[0m [2mslopos_shell::foreign_toplevel_client[0m[2m:[0m foreign-toplevel-list synced from compositor [3mtoplevels[0m[2m=[0m3
[slopos-compositor/drm] client connected
[2m2026-08-01T10:25:04.391144Z[0m [32m INFO[0m [2mslopos_shell::foreign_toplevel_client[0m[2m:[0m foreign-toplevel-list synced from compositor [3mtoplevels[0m[2m=[0m3
[slopos-compositor/drm] client disconnected
[slopos-compositor/drm] client connected
[slopos-compositor/drm] client disconnected
[2m2026-08-01T10:25:05.404020Z[0m [32m INFO[0m [2mslopos_shell::foreign_toplevel_client[0m[2m:[0m foreign-toplevel-list synced from compositor [3mtoplevels[0m[2m=[0m3
[slopos-compositor/drm] client connected
[2m2026-08-01T10:25:06.413156Z[0m [32m INFO[0m [2mslopos_shell::foreign_toplevel_client[0m[2m:[0m foreign-toplevel-list synced from compositor [3mtoplevels[0m[2m=[0m3
[slopos-compositor/drm] client disconnected
[slopos-compositor/drm] client connected
[slopos-compositor/drm] client disconnected
[2m2026-08-01T10:25:07.431074Z[0m [32m INFO[0m [2mslopos_shell::foreign_toplevel_client[0m[2m:[0m foreign-toplevel-list synced from compositor [3mtoplevels[0m[2m=[0m3
[slopos-compositor/drm] client connected
[2m2026-08-01T10:25:08.448622Z[0m [32m INFO[0m [2mslopos_shell::foreign_toplevel_client[0m[2m:[0m foreign-toplevel-list synced from compositor [3mtoplevels[0m[2m=[0m3
[slopos-compositor/drm] client disconnected
[slopos-compositor/drm] client connected
[2m2026-08-01T10:25:09.471674Z[0m [32m INFO[0m [2mslopos_shell::foreign_toplevel_client[0m[2m:[0m foreign-toplevel-list synced from compositor [3mtoplevels[0m[2m=[0m3
[slopos-compositor/drm] client disconnected
[slopos-compositor/drm] client connected
[slopos-compositor/drm] client disconnected
[2m2026-08-01T10:25:10.481217Z[0m [32m INFO[0m [2mslopos_shell::foreign_toplevel_client[0m[2m:[0m foreign-toplevel-list synced from compositor [3mtoplevels[0m[2m=[0m3
[slopos-compositor/drm] client connected
[slopos-compositor/drm] client disconnected
[2m2026-08-01T10:25:11.498190Z[0m [32m INFO[0m [2mslopos_shell::foreign_toplevel_client[0m[2m:[0m foreign-toplevel-list synced from compositor [3mtoplevels[0m[2m=[0m3
[slopos-compositor/drm] client connected
[slopos-compositor/drm] client disconnected
[2m2026-08-01T10:25:12.513090Z[0m [32m INFO[0m [2mslopos_shell::foreign_toplevel_client[0m[2m:[0m foreign-toplevel-list synced from compositor [3mtoplevels[0m[2m=[0m3
[slopos-compositor/drm] client connected
[2m2026-08-01T10:25:13.531612Z[0m [32m INFO[0m [2mslopos_shell::foreign_toplevel_client[0m[2m:[0m foreign-toplevel-list synced from compositor [3mtoplevels[0m[2m=[0m3
[slopos-compositor/drm] client disconnected
[slopos-compositor/drm] client connected
[2m2026-08-01T10:25:14.578146Z[0m [32m INFO[0m [2mslopos_shell::foreign_toplevel_client[0m[2m:[0m foreign-toplevel-list synced from compositor [3mtoplevels[0m[2m=[0m3
[slopos-compositor/drm] client disconnected
[slopos-compositor/drm] client connected
[2m2026-08-01T10:25:15.593500Z[0m [32m INFO[0m [2mslopos_shell::foreign_toplevel_client[0m[2m:[0m foreign-toplevel-list synced from compositor [3mtoplevels[0m[2m=[0m3
[slopos-compositor/drm] client disconnected
[slopos-compositor/drm] client connected
[slopos-compositor/drm] client disconnected
[2m2026-08-01T10:25:16.605834Z[0m [32m INFO[0m [2mslopos_shell::foreign_toplevel_client[0m[2m:[0m foreign-toplevel-list synced from compositor [3mtoplevels[0m[2m=[0m3
[slopos-compositor/drm] client connected
[slopos-compositor/drm] client disconnected
[2m2026-08-01T10:25:17.618937Z[0m [32m INFO[0m [2mslopos_shell::foreign_toplevel_client[0m[2m:[0m foreign-toplevel-list synced from compositor [3mtoplevels[0m[2m=[0m3
[slopos-compositor/drm] client connected
[slopos-compositor/drm] client disconnected
[2m2026-08-01T10:25:18.637019Z[0m [32m INFO[0m [2mslopos_shell::foreign_toplevel_client[0m[2m:[0m foreign-toplevel-list synced from compositor [3mtoplevels[0m[2m=[0m3
[slopos-compositor/drm] client connected
[2m2026-08-01T10:25:19.693142Z[0m [32m INFO[0m [2mslopos_shell::foreign_toplevel_client[0m[2m:[0m foreign-toplevel-list synced from compositor [3mtoplevels[0m[2m=[0m3
[slopos-compositor/drm] client disconnected
[slopos-compositor/drm] client connected
[2m2026-08-01T10:25:20.702731Z[0m [32m INFO[0m [2mslopos_shell::foreign_toplevel_client[0m[2m:[0m foreign-toplevel-list synced from compositor [3mtoplevels[0m[2m=[0m3
[slopos-compositor/drm] client disconnected
[slopos-compositor/drm] client connected
[2m2026-08-01T10:25:21.721596Z[0m [32m INFO[0m [2mslopos_shell::foreign_toplevel_client[0m[2m:[0m foreign-toplevel-list synced from compositor [3mtoplevels[0m[2m=[0m3
[slopos-compositor/drm] client disconnected
[slopos-compositor/drm] client connected
[slopos-compositor/drm] client disconnected
[2m2026-08-01T10:25:22.732511Z[0m [32m INFO[0m [2mslopos_shell::foreign_toplevel_client[0m[2m:[0m foreign-toplevel-list synced from compositor [3mtoplevels[0m[2m=[0m3
[slopos-compositor/drm] client connected
[slopos-compositor/drm] client disconnected
[2m2026-08-01T10:25:23.748655Z[0m [32m INFO[0m [2mslopos_shell::foreign_toplevel_client[0m[2m:[0m foreign-toplevel-list synced from compositor [3mtoplevels[0m[2m=[0m3
[slopos-compositor/drm] client connected
[2m2026-08-01T10:25:24.792715Z[0m [32m INFO[0m [2mslopos_shell::foreign_toplevel_client[0m[2m:[0m foreign-toplevel-list synced from compositor [3mtoplevels[0m[2m=[0m3
[slopos-compositor/drm] client disconnected
[slopos-compositor/drm] client connected
[slopos-compositor/drm] client disconnected
[2m2026-08-01T10:25:25.802504Z[0m [32m INFO[0m [2mslopos_shell::foreign_toplevel_client[0m[2m:[0m foreign-toplevel-list synced from compositor [3mtoplevels[0m[2m=[0m3
[slopos-compositor/drm] client connected
[2m2026-08-01T10:25:26.819506Z[0m [32m INFO[0m [2mslopos_shell::foreign_toplevel_client[0m[2m:[0m foreign-toplevel-list synced from compositor [3mtoplevels[0m[2m=[0m3
[slopos-compositor/drm] client disconnected
[slopos-compositor/drm] client connected
[slopos-compositor/drm] client disconnected
[2m2026-08-01T10:25:27.829928Z[0m [32m INFO[0m [2mslopos_shell::foreign_toplevel_client[0m[2m:[0m foreign-toplevel-list synced from compositor [3mtoplevels[0m[2m=[0m3
[slopos-compositor/drm] client connected
[slopos-compositor/drm] client disconnected
[2m2026-08-01T10:25:28.838681Z[0m [32m INFO[0m [2mslopos_shell::foreign_toplevel_client[0m[2m:[0m foreign-toplevel-list synced from compositor [3mtoplevels[0m[2m=[0m3
[slopos-compositor/drm] client connected
[2m2026-08-01T10:25:29.883880Z[0m [32m INFO[0m [2mslopos_shell::foreign_toplevel_client[0m[2m:[0m foreign-toplevel-list synced from compositor [3mtoplevels[0m[2m=[0m3
[slopos-compositor/drm] client disconnected
[slopos-compositor/drm] client connected
[slopos-compositor/drm] client disconnected
[2m2026-08-01T10:25:30.901037Z[0m [32m INFO[0m [2mslopos_shell::foreign_toplevel_client[0m[2m:[0m foreign-toplevel-list synced from compositor [3mtoplevels[0m[2m=[0m3
[slopos-compositor/drm] client connected
[slopos-compositor/drm] client disconnected
[2m2026-08-01T10:25:31.909877Z[0m [32m INFO[0m [2mslopos_shell::foreign_toplevel_client[0m[2m:[0m foreign-toplevel-list synced from compositor [3mtoplevels[0m[2m=[0m3
[slopos-compositor/drm] client connected
[slopos-compositor/drm] client disconnected
[2m2026-08-01T10:25:32.924570Z[0m [32m INFO[0m [2mslopos_shell::foreign_toplevel_client[0m[2m:[0m foreign-toplevel-list synced from compositor [3mtoplevels[0m[2m=[0m3
[slopos-compositor/drm] client connected
[2m2026-08-01T10:25:33.936152Z[0m [32m INFO[0m [2mslopos_shell::foreign_toplevel_client[0m[2m:[0m foreign-toplevel-list synced from compositor [3mtoplevels[0m[2m=[0m3
[slopos-compositor/drm] client disconnected
[slopos-compositor/drm] client connected
[2m2026-08-01T10:25:34.977470Z[0m [32m INFO[0m [2mslopos_shell::foreign_toplevel_client[0m[2m:[0m foreign-toplevel-list synced from compositor [3mtoplevels[0m[2m=[0m3
[slopos-compositor/drm] client disconnected
[slopos-compositor/drm] client connected
[2m2026-08-01T10:25:35.987422Z[0m [32m INFO[0m [2mslopos_shell::foreign_toplevel_client[0m[2m:[0m foreign-toplevel-list synced from compositor [3mtoplevels[0m[2m=[0m3
[slopos-compositor/drm] client disconnected
[slopos-compositor/drm] client connected
[2m2026-08-01T10:25:36.997087Z[0m [32m INFO[0m [2mslopos_shell::foreign_toplevel_client[0m[2m:[0m foreign-toplevel-list synced from compositor [3mtoplevels[0m[2m=[0m3
[slopos-compositor/drm] client disconnected
[slopos-compositor/drm] client connected
[slopos-compositor/drm] client disconnected
[2m2026-08-01T10:25:38.014218Z[0m [32m INFO[0m [2mslopos_shell::foreign_toplevel_client[0m[2m:[0m foreign-toplevel-list synced from compositor [3mtoplevels[0m[2m=[0m3
[slopos-compositor/drm] client connected
[2m2026-08-01T10:25:39.028035Z[0m [32m INFO[0m [2mslopos_shell::foreign_toplevel_client[0m[2m:[0m foreign-toplevel-list synced from compositor [3mtoplevels[0m[2m=[0m3
[slopos-compositor/drm] client disconnected
[slopos-compositor/drm] client connected
[2m2026-08-01T10:25:40.076204Z[0m [32m INFO[0m [2mslopos_shell::foreign_toplevel_client[0m[2m:[0m foreign-toplevel-list synced from compositor [3mtoplevels[0m[2m=[0m3
[slopos-compositor/drm] client disconnected
[slopos-compositor/drm] client connected
[slopos-compositor/drm] client disconnected
[2m2026-08-01T10:25:41.092894Z[0m [32m INFO[0m [2mslopos_shell::foreign_toplevel_client[0m[2m:[0m foreign-toplevel-list synced from compositor [3mtoplevels[0m[2m=[0m3
[slopos-compositor/drm] client connected
[2m2026-08-01T10:25:42.103551Z[0m [32m INFO[0m [2mslopos_shell::foreign_toplevel_client[0m[2m:[0m foreign-toplevel-list synced from compositor [3mtoplevels[0m[2m=[0m3
[slopos-compositor/drm] client disconnected
[slopos-compositor/drm] client connected
[slopos-compositor/drm] client disconnected
[2m2026-08-01T10:25:43.115158Z[0m [32m INFO[0m [2mslopos_shell::foreign_toplevel_client[0m[2m:[0m foreign-toplevel-list synced from compositor [3mtoplevels[0m[2m=[0m3
[slopos-compositor/drm] client connected
[2m2026-08-01T10:25:44.128684Z[0m [32m INFO[0m [2mslopos_shell::foreign_toplevel_client[0m[2m:[0m foreign-toplevel-list synced from compositor [3mtoplevels[0m[2m=[0m3
[slopos-compositor/drm] client disconnected
[slopos-compositor/drm] client connected
[2m2026-08-01T10:25:45.155162Z[0m [32m INFO[0m [2mslopos_shell::foreign_toplevel_client[0m[2m:[0m foreign-toplevel-list synced from compositor [3mtoplevels[0m[2m=[0m3
[slopos-compositor/drm] client disconnected
[slopos-compositor/drm] client connected
[slopos-compositor/drm] client disconnected
[2m2026-08-01T10:25:46.167542Z[0m [32m INFO[0m [2mslopos_shell::foreign_toplevel_client[0m[2m:[0m foreign-toplevel-list synced from compositor [3mtoplevels[0m[2m=[0m3
[slopos-compositor/drm] client connected
[slopos-compositor/drm] client disconnected
[2m2026-08-01T10:25:47.177620Z[0m [32m INFO[0m [2mslopos_shell::foreign_toplevel_client[0m[2m:[0m foreign-toplevel-list synced from compositor [3mtoplevels[0m[2m=[0m3
[slopos-compositor/drm] client connected
[slopos-compositor/drm] client disconnected
[2m2026-08-01T10:25:48.190535Z[0m [32m INFO[0m [2mslopos_shell::foreign_toplevel_client[0m[2m:[0m foreign-toplevel-list synced from compositor [3mtoplevels[0m[2m=[0m3
[slopos-compositor/drm] client connected
[slopos-compositor/drm] client disconnected
[2m2026-08-01T10:25:49.201426Z[0m [32m INFO[0m [2mslopos_shell::foreign_toplevel_client[0m[2m:[0m foreign-toplevel-list synced from compositor [3mtoplevels[0m[2m=[0m3
[slopos-compositor/drm] client connected
[2m2026-08-01T10:25:50.244782Z[0m [32m INFO[0m [2mslopos_shell::foreign_toplevel_client[0m[2m:[0m foreign-toplevel-list synced from compositor [3mtoplevels[0m[2m=[0m3
[slopos-compositor/drm] client disconnected
[slopos-compositor/drm] client connected
[slopos-compositor/drm] client disconnected
[2m2026-08-01T10:25:51.254525Z[0m [32m INFO[0m [2mslopos_shell::foreign_toplevel_client[0m[2m:[0m foreign-toplevel-list synced from compositor [3mtoplevels[0m[2m=[0m3
[slopos-compositor/drm] client connected
[2m2026-08-01T10:25:52.270613Z[0m [32m INFO[0m [2mslopos_shell::foreign_toplevel_client[0m[2m:[0m foreign-toplevel-list synced from compositor [3mtoplevels[0m[2m=[0m3
[slopos-compositor/drm] client disconnected
[slopos-compositor/drm] client connected
[slopos-compositor/drm] client disconnected
[2m2026-08-01T10:25:53.286512Z[0m [32m INFO[0m [2mslopos_shell::foreign_toplevel_client[0m[2m:[0m foreign-toplevel-list synced from compositor [3mtoplevels[0m[2m=[0m3
[slopos-compositor/drm] client connected
[slopos-compositor/drm] client disconnected
[2m2026-08-01T10:25:54.301364Z[0m [32m INFO[0m [2mslopos_shell::foreign_toplevel_client[0m[2m:[0m foreign-toplevel-list synced from compositor [3mtoplevels[0m[2m=[0m3
[slopos-compositor/drm] client connected
[2m2026-08-01T10:25:55.343779Z[0m [32m INFO[0m [2mslopos_shell::foreign_toplevel_client[0m[2m:[0m foreign-toplevel-list synced from compositor [3mtoplevels[0m[2m=[0m3
[slopos-compositor/drm] client disconnected
[slopos-compositor/drm] client connected
[2m2026-08-01T10:25:56.360497Z[0m [32m INFO[0m [2mslopos_shell::foreign_toplevel_client[0m[2m:[0m foreign-toplevel-list synced from compositor [3mtoplevels[0m[2m=[0m3
[slopos-compositor/drm] client disconnected
[slopos-compositor/drm] client connected
[slopos-compositor/drm] client disconnected
[2m2026-08-01T10:25:57.371192Z[0m [32m INFO[0m [2mslopos_shell::foreign_toplevel_client[0m[2m:[0m foreign-toplevel-list synced from compositor [3mtoplevels[0m[2m=[0m3
[slopos-compositor/drm] client connected
[slopos-compositor/drm] client disconnected
[2m2026-08-01T10:25:58.385646Z[0m [32m INFO[0m [2mslopos_shell::foreign_toplevel_client[0m[2m:[0m foreign-toplevel-list synced from compositor [3mtoplevels[0m[2m=[0m3
[slopos-compositor/drm] client connected
[slopos-compositor/drm] client disconnected
[2m2026-08-01T10:25:59.397580Z[0m [32m INFO[0m [2mslopos_shell::foreign_toplevel_client[0m[2m:[0m foreign-toplevel-list synced from compositor [3mtoplevels[0m[2m=[0m3
[slopos-compositor/drm] client connected
[slopos-compositor/drm] client disconnected
[2m2026-08-01T10:26:00.434077Z[0m [32m INFO[0m [2mslopos_shell::foreign_toplevel_client[0m[2m:[0m foreign-toplevel-list synced from compositor [3mtoplevels[0m[2m=[0m3
[2m2026-08-01T10:26:00.438636Z[0m [32m INFO[0m [2mwgpu_core::device::resource[0m[2m:[0m Device::maintain: waiting for submission index 0
[2m2026-08-01T10:26:00.656470Z[0m [32m INFO[0m [2mwgpu_core::device::resource[0m[2m:[0m Device::maintain: waiting for submission index 10
[2m2026-08-01T10:26:00.994859Z[0m [32m INFO[0m [2mwgpu_core::device::resource[0m[2m:[0m Device::maintain: waiting for submission index 10
[2m2026-08-01T10:26:01.022987Z[0m [32m INFO[0m [2mwgpu_core::device::resource[0m[2m:[0m Device::maintain: waiting for submission index 10
[slopos-compositor/drm] client connected
[slopos-compositor/drm] client disconnected
[2m2026-08-01T10:26:01.043819Z[0m [32m INFO[0m [2mslopos_shell::foreign_toplevel_client[0m[2m:[0m foreign-toplevel-list synced from compositor [3mtoplevels[0m[2m=[0m3
[slopos-compositor/drm] client connected
[2m2026-08-01T10:26:01.046579Z[0m [32m INFO[0m [2mslopos_shell::foreign_toplevel_client[0m[2m:[0m foreign-toplevel-list synced from compositor [3mtoplevels[0m[2m=[0m3
[slopos-compositor/drm] client disconnected
[slopos-compositor/drm] client connected
[slopos-compositor/drm] client disconnected
[2m2026-08-01T10:26:02.062805Z[0m [32m INFO[0m [2mslopos_shell::foreign_toplevel_client[0m[2m:[0m foreign-toplevel-list synced from compositor [3mtoplevels[0m[2m=[0m3
[slopos-compositor/drm] client connected
[slopos-compositor/drm] client disconnected
[2m2026-08-01T10:26:03.077424Z[0m [32m INFO[0m [2mslopos_shell::foreign_toplevel_client[0m[2m:[0m foreign-toplevel-list synced from compositor [3mtoplevels[0m[2m=[0m3
[slopos-compositor/drm] client connected
[slopos-compositor/drm] client disconnected
[2m2026-08-01T10:26:04.087838Z[0m [32m INFO[0m [2mslopos_shell::foreign_toplevel_client[0m[2m:[0m foreign-toplevel-list synced from compositor [3mtoplevels[0m[2m=[0m3
[slopos-compositor/drm] client connected
[slopos-compositor/drm] client disconnected
[2m2026-08-01T10:26:05.100929Z[0m [32m INFO[0m [2mslopos_shell::foreign_toplevel_client[0m[2m:[0m foreign-toplevel-list synced from compositor [3mtoplevels[0m[2m=[0m3
[slopos-compositor/drm] client connected
[2m2026-08-01T10:26:06.144414Z[0m [32m INFO[0m [2mslopos_shell::foreign_toplevel_client[0m[2m:[0m foreign-toplevel-list synced from compositor [3mtoplevels[0m[2m=[0m3
[slopos-compositor/drm] client disconnected
[slopos-compositor/drm] client connected
[slopos-compositor/drm] client disconnected
[2m2026-08-01T10:26:07.159626Z[0m [32m INFO[0m [2mslopos_shell::foreign_toplevel_client[0m[2m:[0m foreign-toplevel-list synced from compositor [3mtoplevels[0m[2m=[0m3
[slopos-compositor/drm] client connected
[slopos-compositor/drm] client disconnected
[2m2026-08-01T10:26:08.170016Z[0m [32m INFO[0m [2mslopos_shell::foreign_toplevel_client[0m[2m:[0m foreign-toplevel-list synced from compositor [3mtoplevels[0m[2m=[0m3
[slopos-compositor/drm] client connected
[slopos-compositor/drm] client disconnected
[2m2026-08-01T10:26:09.181070Z[0m [32m INFO[0m [2mslopos_shell::foreign_toplevel_client[0m[2m:[0m foreign-toplevel-list synced from compositor [3mtoplevels[0m[2m=[0m3
[slopos-compositor/drm] client connected
[2m2026-08-01T10:26:10.194365Z[0m [32m INFO[0m [2mslopos_shell::foreign_toplevel_client[0m[2m:[0m foreign-toplevel-list synced from compositor [3mtoplevels[0m[2m=[0m3
[slopos-compositor/drm] client disconnected
[slopos-compositor/drm] client connected
[2m2026-08-01T10:26:11.247757Z[0m [32m INFO[0m [2mslopos_shell::foreign_toplevel_client[0m[2m:[0m foreign-toplevel-list synced from compositor [3mtoplevels[0m[2m=[0m3
[slopos-compositor/drm] client disconnected
[slopos-compositor/drm] client connected
[slopos-compositor/drm] client disconnected
[2m2026-08-01T10:26:12.261594Z[0m [32m INFO[0m [2mslopos_shell::foreign_toplevel_client[0m[2m:[0m foreign-toplevel-list synced from compositor [3mtoplevels[0m[2m=[0m3
[slopos-compositor/drm] client connected
[slopos-compositor/drm] client disconnected
[2m2026-08-01T10:26:13.280083Z[0m [32m INFO[0m [2mslopos_shell::foreign_toplevel_client[0m[2m:[0m foreign-toplevel-list synced from compositor [3mtoplevels[0m[2m=[0m3
[slopos-compositor/drm] client connected
[slopos-compositor/drm] client disconnected
[2m2026-08-01T10:26:14.294194Z[0m [32m INFO[0m [2mslopos_shell::foreign_toplevel_client[0m[2m:[0m foreign-toplevel-list synced from compositor [3mtoplevels[0m[2m=[0m3
[slopos-compositor/drm] client connected
[slopos-compositor/drm] client disconnected
[2m2026-08-01T10:26:15.302221Z[0m [32m INFO[0m [2mslopos_shell::foreign_toplevel_client[0m[2m:[0m foreign-toplevel-list synced from compositor [3mtoplevels[0m[2m=[0m3
[slopos-compositor/drm] client connected
[2m2026-08-01T10:26:16.339619Z[0m [32m INFO[0m [2mslopos_shell::foreign_toplevel_client[0m[2m:[0m foreign-toplevel-list synced from compositor [3mtoplevels[0m[2m=[0m3
[slopos-compositor/drm] client disconnected
[slopos-compositor/drm] client connected
[slopos-compositor/drm] client disconnected
[2m2026-08-01T10:26:17.350204Z[0m [32m INFO[0m [2mslopos_shell::foreign_toplevel_client[0m[2m:[0m foreign-toplevel-list synced from compositor [3mtoplevels[0m[2m=[0m3
[slopos-compositor/drm] client connected
[2m2026-08-01T10:26:18.368440Z[0m [32m INFO[0m [2mslopos_shell::foreign_toplevel_client[0m[2m:[0m foreign-toplevel-list synced from compositor [3mtoplevels[0m[2m=[0m3
[slopos-compositor/drm] client disconnected
[slopos-compositor/drm] client connected
[slopos-compositor/drm] client disconnected
[2m2026-08-01T10:26:19.386504Z[0m [32m INFO[0m [2mslopos_shell::foreign_toplevel_client[0m[2m:[0m foreign-toplevel-list synced from compositor [3mtoplevels[0m[2m=[0m3
[slopos-compositor/drm] client connected
[slopos-compositor/drm] client disconnected
[2m2026-08-01T10:26:20.399520Z[0m [32m INFO[0m [2mslopos_shell::foreign_toplevel_client[0m[2m:[0m foreign-toplevel-list synced from compositor [3mtoplevels[0m[2m=[0m3
[slopos-compositor/drm] client connected
[2m2026-08-01T10:26:21.446911Z[0m [32m INFO[0m [2mslopos_shell::foreign_toplevel_client[0m[2m:[0m foreign-toplevel-list synced from compositor [3mtoplevels[0m[2m=[0m3
[slopos-compositor/drm] client disconnected
[slopos-compositor/drm] client connected
[2m2026-08-01T10:26:22.463815Z[0m [32m INFO[0m [2mslopos_shell::foreign_toplevel_client[0m[2m:[0m foreign-toplevel-list synced from compositor [3mtoplevels[0m[2m=[0m3
[slopos-compositor/drm] client disconnected
[slopos-compositor/drm] client connected
[slopos-compositor/drm] client disconnected
[2m2026-08-01T10:26:23.479062Z[0m [32m INFO[0m [2mslopos_shell::foreign_toplevel_client[0m[2m:[0m foreign-toplevel-list synced from compositor [3mtoplevels[0m[2m=[0m3
[slopos-compositor/drm] client connected
[slopos-compositor/drm] client disconnected
[2m2026-08-01T10:26:24.490182Z[0m [32m INFO[0m [2mslopos_shell::foreign_toplevel_client[0m[2m:[0m foreign-toplevel-list synced from compositor [3mtoplevels[0m[2m=[0m3
[slopos-compositor/drm] client connected
[2m2026-08-01T10:26:25.501996Z[0m [32m INFO[0m [2mslopos_shell::foreign_toplevel_client[0m[2m:[0m foreign-toplevel-list synced from compositor [3mtoplevels[0m[2m=[0m3
[slopos-compositor/drm] client disconnected
[slopos-compositor/drm] client connected
[2m2026-08-01T10:26:26.547390Z[0m [32m INFO[0m [2mslopos_shell::foreign_toplevel_client[0m[2m:[0m foreign-toplevel-list synced from compositor [3mtoplevels[0m[2m=[0m3
[slopos-compositor/drm] client disconnected
[slopos-compositor/drm] client connected
[slopos-compositor/drm] client disconnected
[2m2026-08-01T10:26:27.562940Z[0m [32m INFO[0m [2mslopos_shell::foreign_toplevel_client[0m[2m:[0m foreign-toplevel-list synced from compositor [3mtoplevels[0m[2m=[0m3
[slopos-compositor/drm] client connected
[slopos-compositor/drm] client disconnected
[2m2026-08-01T10:26:28.576626Z[0m [32m INFO[0m [2mslopos_shell::foreign_toplevel_client[0m[2m:[0m foreign-toplevel-list synced from compositor [3mtoplevels[0m[2m=[0m3
[slopos-compositor/drm] client connected
[slopos-compositor/drm] client disconnected
[2m2026-08-01T10:26:29.587394Z[0m [32m INFO[0m [2mslopos_shell::foreign_toplevel_client[0m[2m:[0m foreign-toplevel-list synced from compositor [3mtoplevels[0m[2m=[0m3
[slopos-compositor/drm] client connected
[2m2026-08-01T10:26:30.600702Z[0m [32m INFO[0m [2mslopos_shell::foreign_toplevel_client[0m[2m:[0m foreign-toplevel-list synced from compositor [3mtoplevels[0m[2m=[0m3
[slopos-compositor/drm] client disconnected
[slopos-compositor/drm] client connected
[2m2026-08-01T10:26:31.656763Z[0m [32m INFO[0m [2mslopos_shell::foreign_toplevel_client[0m[2m:[0m foreign-toplevel-list synced from compositor [3mtoplevels[0m[2m=[0m3
[slopos-compositor/drm] client disconnected
[slopos-compositor/drm] client connected
[slopos-compositor/drm] client disconnected
[2m2026-08-01T10:26:32.666716Z[0m [32m INFO[0m [2mslopos_shell::foreign_toplevel_client[0m[2m:[0m foreign-toplevel-list synced from compositor [3mtoplevels[0m[2m=[0m3
[slopos-compositor/drm] client connected
[slopos-compositor/drm] client disconnected
[2m2026-08-01T10:26:33.688943Z[0m [32m INFO[0m [2mslopos_shell::foreign_toplevel_client[0m[2m:[0m foreign-toplevel-list synced from compositor [3mtoplevels[0m[2m=[0m3
[slopos-compositor/drm] client connected
[slopos-compositor/drm] client disconnected
[2m2026-08-01T10:26:34.702639Z[0m [32m INFO[0m [2mslopos_shell::foreign_toplevel_client[0m[2m:[0m foreign-toplevel-list synced from compositor [3mtoplevels[0m[2m=[0m3
[slopos-compositor/drm] client connected
[slopos-compositor/drm] client disconnected
[2m2026-08-01T10:26:35.714736Z[0m [32m INFO[0m [2mslopos_shell::foreign_toplevel_client[0m[2m:[0m foreign-toplevel-list synced from compositor [3mtoplevels[0m[2m=[0m3
[slopos-compositor/drm] client connected
[2m2026-08-01T10:26:36.756176Z[0m [32m INFO[0m [2mslopos_shell::foreign_toplevel_client[0m[2m:[0m foreign-toplevel-list synced from compositor [3mtoplevels[0m[2m=[0m3
[slopos-compositor/drm] client disconnected
[slopos-compositor/drm] client connected
[slopos-compositor/drm] client disconnected
[2m2026-08-01T10:26:37.764635Z[0m [32m INFO[0m [2mslopos_shell::foreign_toplevel_client[0m[2m:[0m foreign-toplevel-list synced from compositor [3mtoplevels[0m[2m=[0m3
[slopos-compositor/drm] client connected
[slopos-compositor/drm] client disconnected
[2m2026-08-01T10:26:38.775031Z[0m [32m INFO[0m [2mslopos_shell::foreign_toplevel_client[0m[2m:[0m foreign-toplevel-list synced from compositor [3mtoplevels[0m[2m=[0m3
[slopos-compositor/drm] client connected
[slopos-compositor/drm] client disconnected
[2m2026-08-01T10:26:39.794727Z[0m [32m INFO[0m [2mslopos_shell::foreign_toplevel_client[0m[2m:[0m foreign-toplevel-list synced from compositor [3mtoplevels[0m[2m=[0m3
[slopos-compositor/drm] client connected
[slopos-compositor/drm] client disconnected
[2m2026-08-01T10:26:40.808871Z[0m [32m INFO[0m [2mslopos_shell::foreign_toplevel_client[0m[2m:[0m foreign-toplevel-list synced from compositor [3mtoplevels[0m[2m=[0m3
[slopos-compositor/drm] client connected
[2m2026-08-01T10:26:41.843664Z[0m [32m INFO[0m [2mslopos_shell::foreign_toplevel_client[0m[2m:[0m foreign-toplevel-list synced from compositor [3mtoplevels[0m[2m=[0m3
[slopos-compositor/drm] client disconnected
[slopos-compositor/drm] client connected
[slopos-compositor/drm] client disconnected
[2m2026-08-01T10:26:42.856487Z[0m [32m INFO[0m [2mslopos_shell::foreign_toplevel_client[0m[2m:[0m foreign-toplevel-list synced from compositor [3mtoplevels[0m[2m=[0m3
[slopos-compositor/drm] client connected
[slopos-compositor/drm] client disconnected
[2m2026-08-01T10:26:43.865527Z[0m [32m INFO[0m [2mslopos_shell::foreign_toplevel_client[0m[2m:[0m foreign-toplevel-list synced from compositor [3mtoplevels[0m[2m=[0m3
[slopos-compositor/drm] client connected
[slopos-compositor/drm] client disconnected
[2m2026-08-01T10:26:44.879144Z[0m [32m INFO[0m [2mslopos_shell::foreign_toplevel_client[0m[2m:[0m foreign-toplevel-list synced from compositor [3mtoplevels[0m[2m=[0m3
[slopos-compositor/drm] client connected
[2m2026-08-01T10:26:45.890509Z[0m [32m INFO[0m [2mslopos_shell::foreign_toplevel_client[0m[2m:[0m foreign-toplevel-list synced from compositor [3mtoplevels[0m[2m=[0m3
[slopos-compositor/drm] client disconnected
[slopos-compositor/drm] client connected
[2m2026-08-01T10:26:46.934944Z[0m [32m INFO[0m [2mslopos_shell::foreign_toplevel_client[0m[2m:[0m foreign-toplevel-list synced from compositor [3mtoplevels[0m[2m=[0m3
[slopos-compositor/drm] client disconnected
[slopos-compositor/drm] client connected
[2m2026-08-01T10:26:47.947032Z[0m [32m INFO[0m [2mslopos_shell::foreign_toplevel_client[0m[2m:[0m foreign-toplevel-list synced from compositor [3mtoplevels[0m[2m=[0m3
[slopos-compositor/drm] client disconnected
[slopos-compositor/drm] client connected
[slopos-compositor/drm] client disconnected
[2m2026-08-01T10:26:48.959961Z[0m [32m INFO[0m [2mslopos_shell::foreign_toplevel_client[0m[2m:[0m foreign-toplevel-list synced from compositor [3mtoplevels[0m[2m=[0m3
[slopos-compositor/drm] client connected
[slopos-compositor/drm] client disconnected
[2m2026-08-01T10:26:49.971103Z[0m [32m INFO[0m [2mslopos_shell::foreign_toplevel_client[0m[2m:[0m foreign-toplevel-list synced from compositor [3mtoplevels[0m[2m=[0m3
[slopos-compositor/drm] client connected
[2m2026-08-01T10:26:50.985685Z[0m [32m INFO[0m [2mslopos_shell::foreign_toplevel_client[0m[2m:[0m foreign-toplevel-list synced from compositor [3mtoplevels[0m[2m=[0m3
[slopos-compositor/drm] client disconnected
[slopos-compositor/drm] client connected
[2m2026-08-01T10:26:52.026284Z[0m [32m INFO[0m [2mslopos_shell::foreign_toplevel_client[0m[2m:[0m foreign-toplevel-list synced from compositor [3mtoplevels[0m[2m=[0m3
[slopos-compositor/drm] client disconnected
[slopos-compositor/drm] client connected
[slopos-compositor/drm] client disconnected
[2m2026-08-01T10:26:53.035633Z[0m [32m INFO[0m [2mslopos_shell::foreign_toplevel_client[0m[2m:[0m foreign-toplevel-list synced from compositor [3mtoplevels[0m[2m=[0m3
[slopos-compositor/drm] client connected
[2m2026-08-01T10:26:54.046554Z[0m [32m INFO[0m [2mslopos_shell::foreign_toplevel_client[0m[2m:[0m foreign-toplevel-list synced from compositor [3mtoplevels[0m[2m=[0m3
[slopos-compositor/drm] client disconnected
[slopos-compositor/drm] client connected
[slopos-compositor/drm] client disconnected
[2m2026-08-01T10:26:55.067019Z[0m [32m INFO[0m [2mslopos_shell::foreign_toplevel_client[0m[2m:[0m foreign-toplevel-list synced from compositor [3mtoplevels[0m[2m=[0m3
[slopos-compositor/drm] client connected
[slopos-compositor/drm] client disconnected
[2m2026-08-01T10:26:56.076918Z[0m [32m INFO[0m [2mslopos_shell::foreign_toplevel_client[0m[2m:[0m foreign-toplevel-list synced from compositor [3mtoplevels[0m[2m=[0m3
[slopos-compositor/drm] client connected
[2m2026-08-01T10:26:57.121867Z[0m [32m INFO[0m [2mslopos_shell::foreign_toplevel_client[0m[2m:[0m foreign-toplevel-list synced from compositor [3mtoplevels[0m[2m=[0m3
[slopos-compositor/drm] client disconnected
