[slopos-compositor] backend: SessionDrm (explicit)
[2m2026-08-01T08:01:05.317299Z[0m [32m INFO[0m [2mslopos_compositor::session_drm[0m[2m:[0m session_mode=session_drm (DRM/KMS seat path)
[slopos-compositor] starting DRM/KMS session path (session_mode=session_drm (DRM/KMS seat path))
[slopos-compositor] display policy: hdr_requested=false hdr_supported=false vrr_adaptive=false refresh=60hz color_space=srgb
[slopos-compositor] libseat seat=seat0
[2m2026-08-01T08:01:05.320177Z[0m [32m INFO[0m [1minput_seat[0m[1m{[0m[3mname[0m[2m=[0m"seat0"[1m}[0m[2m:[0m[1madd_keyboard[0m[1m{[0m[3mxkb_config[0m[2m=[0mXkbConfig { rules: "", model: "", layout: "", variant: "", options: None } [3mrepeat_delay[0m[2m=[0m200 [3mrepeat_rate[0m[2m=[0m25[1m}[0m[2m:[0m[1minput_keyboard[0m[2m:[0m [2msmithay::input::keyboard[0m[2m:[0m Initializing a xkbcommon handler with keymap query
[2m2026-08-01T08:01:05.333779Z[0m [32m INFO[0m [1minput_seat[0m[1m{[0m[3mname[0m[2m=[0m"seat0"[1m}[0m[2m:[0m[1madd_keyboard[0m[1m{[0m[3mxkb_config[0m[2m=[0mXkbConfig { rules: "", model: "", layout: "", variant: "", options: None } [3mrepeat_delay[0m[2m=[0m200 [3mrepeat_rate[0m[2m=[0m25[1m}[0m[2m:[0m[1minput_keyboard[0m[2m:[0m [2msmithay::input::keyboard[0m[2m:[0m Loaded Keymap [3mname[0m[2m=[0m"English (US)"
[slopos-compositor] opening DRM node /dev/dri/card0
[2m2026-08-01T08:01:05.338740Z[0m [33m WARN[0m [2msmithay::backend::drm::device::fd[0m[2m:[0m Unable to become drm master, assuming unprivileged mode
[2m2026-08-01T08:01:05.338761Z[0m [32m INFO[0m [2msmithay::backend::drm::device[0m[2m:[0m DrmDevice initializing
[2m2026-08-01T08:01:05.590471Z[0m [32m INFO[0m [2msmithay::backend::egl::display[0m[2m:[0m Successfully selected EGL platform: PLATFORM_GBM_KHR
[2m2026-08-01T08:01:05.591360Z[0m [32m INFO[0m [2msmithay::backend::egl::display[0m[2m:[0m EGL Initialized
[2m2026-08-01T08:01:05.591377Z[0m [32m INFO[0m [2msmithay::backend::egl::display[0m[2m:[0m EGL Version: (1, 5)
[2m2026-08-01T08:01:05.591413Z[0m [32m INFO[0m [2msmithay::backend::egl::display[0m[2m:[0m Supported EGL display extensions: ["EGL_ANDROID_blob_cache", "EGL_ANDROID_native_fence_sync", "EGL_EXT_buffer_age", "EGL_EXT_config_select_group", "EGL_EXT_image_dma_buf_import", "EGL_EXT_image_dma_buf_import_modifiers", "EGL_EXT_surface_compression", "EGL_KHR_cl_event2", "EGL_KHR_config_attribs", "EGL_KHR_context_flush_control", "EGL_KHR_create_context", "EGL_KHR_create_context_no_error", "EGL_KHR_fence_sync", "EGL_KHR_get_all_proc_addresses", "EGL_KHR_gl_colorspace", "EGL_KHR_gl_renderbuffer_image", "EGL_KHR_gl_texture_2D_image", "EGL_KHR_gl_texture_3D_image", "EGL_KHR_gl_texture_cubemap_image", "EGL_KHR_image", "EGL_KHR_image_base", "EGL_KHR_image_pixmap", "EGL_KHR_no_config_context", "EGL_KHR_reusable_sync", "EGL_KHR_surfaceless_context", "EGL_EXT_pixel_format_float", "EGL_KHR_wait_sync", "EGL_MESA_configless_context", "EGL_MESA_gl_interop", "EGL_MESA_image_dma_buf_export", "EGL_MESA_query_driver", "EGL_MESA_x11_native_visual_id", ""]
[2m2026-08-01T08:01:05.597303Z[0m [32m INFO[0m [1megl[0m[1m{[0m[3mnative[0m[2m=[0m"/dev/dri/card0" [3mplatform[0m[2m=[0m"PLATFORM_GBM_KHR" [3mversion[0m[2m=[0m(1, 5)[1m}[0m[2m:[0m[1megl_context[0m[1m{[0m[3mptr[0m[2m=[0m202568002076816[1m}[0m[2m:[0m [2msmithay::backend::egl::context[0m[2m:[0m EGL context created [3mpriority[0m[2m=[0mNone
[2m2026-08-01T08:01:05.598595Z[0m [32m INFO[0m [1megl[0m[1m{[0m[3mnative[0m[2m=[0m"/dev/dri/card0" [3mplatform[0m[2m=[0m"PLATFORM_GBM_KHR" [3mversion[0m[2m=[0m(1, 5)[1m}[0m[2m:[0m[1megl_context[0m[1m{[0m[3mptr[0m[2m=[0m202568002076816[1m}[0m[2m:[0m[1mrenderer_gles2[0m[2m:[0m [2msmithay::backend::renderer::gles[0m[2m:[0m Initializing OpenGL ES Renderer
[2m2026-08-01T08:01:05.598617Z[0m [32m INFO[0m [1megl[0m[1m{[0m[3mnative[0m[2m=[0m"/dev/dri/card0" [3mplatform[0m[2m=[0m"PLATFORM_GBM_KHR" [3mversion[0m[2m=[0m(1, 5)[1m}[0m[2m:[0m[1megl_context[0m[1m{[0m[3mptr[0m[2m=[0m202568002076816[1m}[0m[2m:[0m[1mrenderer_gles2[0m[2m:[0m [2msmithay::backend::renderer::gles[0m[2m:[0m GL Version: "OpenGL ES 2.0 Mesa 26.0.3-1ubuntu1"
[2m2026-08-01T08:01:05.598655Z[0m [32m INFO[0m [1megl[0m[1m{[0m[3mnative[0m[2m=[0m"/dev/dri/card0" [3mplatform[0m[2m=[0m"PLATFORM_GBM_KHR" [3mversion[0m[2m=[0m(1, 5)[1m}[0m[2m:[0m[1megl_context[0m[1m{[0m[3mptr[0m[2m=[0m202568002076816[1m}[0m[2m:[0m[1mrenderer_gles2[0m[2m:[0m [2msmithay::backend::renderer::gles[0m[2m:[0m GL Vendor: "Mesa"
[2m2026-08-01T08:01:05.598668Z[0m [32m INFO[0m [1megl[0m[1m{[0m[3mnative[0m[2m=[0m"/dev/dri/card0" [3mplatform[0m[2m=[0m"PLATFORM_GBM_KHR" [3mversion[0m[2m=[0m(1, 5)[1m}[0m[2m:[0m[1megl_context[0m[1m{[0m[3mptr[0m[2m=[0m202568002076816[1m}[0m[2m:[0m[1mrenderer_gles2[0m[2m:[0m [2msmithay::backend::renderer::gles[0m[2m:[0m GL Renderer: "virgl (ANGLE (Apple, ANGLE Metal Renderer: Apple M2 Pro, Ve...)"
[2m2026-08-01T08:01:05.598680Z[0m [32m INFO[0m [1megl[0m[1m{[0m[3mnative[0m[2m=[0m"/dev/dri/card0" [3mplatform[0m[2m=[0m"PLATFORM_GBM_KHR" [3mversion[0m[2m=[0m(1, 5)[1m}[0m[2m:[0m[1megl_context[0m[1m{[0m[3mptr[0m[2m=[0m202568002076816[1m}[0m[2m:[0m[1mrenderer_gles2[0m[2m:[0m [2msmithay::backend::renderer::gles[0m[2m:[0m Supported GL Extensions: ["GL_EXT_blend_minmax", "GL_EXT_multi_draw_arrays", "GL_EXT_texture_filter_anisotropic", "GL_EXT_texture_compression_s3tc", "GL_EXT_texture_compression_dxt1", "GL_EXT_texture_format_BGRA8888", "GL_OES_compressed_ETC1_RGB8_texture", "GL_OES_depth24", "GL_OES_element_index_uint", "GL_OES_fbo_render_mipmap", "GL_OES_mapbuffer", "GL_OES_rgb8_rgba8", "GL_OES_standard_derivatives", "GL_OES_stencil8", "GL_OES_texture_3D", "GL_OES_texture_float", "GL_OES_texture_float_linear", "GL_OES_texture_half_float", "GL_OES_texture_half_float_linear", "GL_OES_texture_npot", "GL_OES_vertex_half_float", "GL_EXT_draw_instanced", "GL_OES_EGL_image", "GL_OES_depth_texture", "GL_OES_packed_depth_stencil", "GL_EXT_texture_type_2_10_10_10_REV", "GL_OES_get_program_binary", "GL_APPLE_texture_max_level", "GL_EXT_discard_framebuffer", "GL_EXT_read_format_bgra", "GL_EXT_texture_storage", "GL_NV_pack_subimage", "GL_EXT_frag_depth", "GL_NV_fbo_color_attachments", "GL_OES_EGL_image_external", "GL_OES_EGL_sync", "GL_OES_vertex_array_object", "GL_ANGLE_pack_reverse_row_order", "GL_ANGLE_texture_compression_dxt3", "GL_ANGLE_texture_compression_dxt5", "GL_EXT_occlusion_query_boolean", "GL_EXT_sRGB", "GL_EXT_texture_rg", "GL_EXT_unpack_subimage", "GL_NV_draw_buffers", "GL_NV_read_buffer", "GL_NV_read_depth", "GL_NV_read_depth_stencil", "GL_NV_read_stencil", "GL_APPLE_sync", "GL_EXT_draw_buffers", "GL_EXT_instanced_arrays", "GL_EXT_map_buffer_range", "GL_EXT_shadow_samplers", "GL_KHR_debug", "GL_KHR_texture_compression_astc_ldr", "GL_NV_pixel_buffer_object", "GL_OES_depth_texture_cube_map", "GL_OES_required_internalformat", "GL_OES_surfaceless_context", "GL_EXT_debug_label", "GL_EXT_separate_shader_objects", "GL_EXT_compressed_ETC1_RGB8_sub_texture", "GL_EXT_draw_elements_base_vertex", "GL_EXT_polygon_offset_clamp", "GL_EXT_texture_border_clamp", "GL_KHR_context_flush_control", "GL_OES_draw_elements_base_vertex", "GL_OES_texture_border_clamp", "GL_EXT_blend_func_extended", "GL_KHR_no_error", "GL_KHR_texture_compression_astc_sliced_3d", "GL_EXT_texture_compression_s3tc_srgb", "GL_EXT_clip_control", "GL_EXT_color_buffer_half_float", "GL_KHR_parallel_shader_compile", "GL_EXT_depth_clamp", "GL_MESA_sampler_objects", "GL_MESA_bgra", ""]
[slopos-compositor] DRM modeset plan: connector=Virtual-1 1280x800@75000mhz crtcs=1 connectors=1
[slopos-compositor] output_scale=5/4 (1.25x) (DRM wl_output buffer scale=1 effective=output_scale=1/1 (1.00x) logical canvas=1280x800)
[slopos-compositor] connector HDR: hdr_metadata=false bt2020_colorspace=false max_bpc=n/a => hdr10_capable=false
[2m2026-08-01T08:01:05.624723Z[0m [32m INFO[0m [2mslopos_compositor::session_drm[0m[2m:[0m connector HDR capability probed from DRM properties [3mhdr_metadata[0m[2m=[0mfalse [3mbt2020[0m[2m=[0mfalse [3mmax_bpc[0m[2m=[0mNone [3mhdr10_capable[0m[2m=[0mfalse
[slopos-compositor] connector VRR: capable=false controllable=true enabled=false
[2m2026-08-01T08:01:05.624961Z[0m [32m INFO[0m [1mdrm_atomic[0m[2m:[0m[1mcreate_surface[0m[1m{[0m[3mcrtc[0m[2m=[0mcrtc::Handle(38) [3mmode[0m[2m=[0mMode { name: "1280x800", clock: 107300, size: (1280, 800), hsync: (1600, 1638, 1728), vsync: (804, 808, 828), hskew: 0, vscan: 0, vrefresh: 75, mode_type: ModeTypeFlags(PREFERRED | DRIVER) } [3mconnectors[0m[2m=[0m[connector::Handle(39)][1m}[0m[2m:[0m[1mdrm_atomic[0m[1m{[0m[3mcrtc[0m[2m=[0mcrtc::Handle(38)[1m}[0m[2m:[0m [2msmithay::backend::drm::surface::atomic[0m[2m:[0m Initializing drm surface (crtc::Handle(38):plane::Handle(34)) with mode Mode { name: "1280x800", clock: 107300, size: (1280, 800), hsync: (1600, 1638, 1728), vsync: (804, 808, 828), hskew: 0, vscan: 0, vrefresh: 75, mode_type: ModeTypeFlags(PREFERRED | DRIVER) } and connectors [connector::Handle(39)]
[slopos-compositor] DRM scanout surface created (crtc+connector modeset)
[2m2026-08-01T08:01:05.625046Z[0m [32m INFO[0m [2mslopos_compositor::session_drm[0m[2m:[0m DrmSurface ready for pageflip presentation [3mstage[0m[2m=[0m"create_drm_surface"
[2m2026-08-01T08:01:05.625087Z[0m [32m INFO[0m [1mnew[0m[1m{[0m[3mname[0m[2m=[0m"Virtual-1" [3mphysical[0m[2m=[0mPhysicalProperties { size: Size<smithay::utils::geometry::Raw> { w: 0, h: 0 }, subpixel: Unknown, make: "SLOPOS-I", model: "DRM" }[1m}[0m[2m:[0m [2msmithay::output[0m[2m:[0m Creating new Output [3mname[0m[2m=[0m"Virtual-1"
[slopos-compositor] DRM GL compositor ready (1280x800) — client surfaces will be composited
[2m2026-08-01T08:01:05.629765Z[0m [32m INFO[0m [2mslopos_compositor::session_drm[0m[2m:[0m DrmCompositor initialized; GL composition active [3mstage[0m[2m=[0m"pageflip_or_present"
[2m2026-08-01T08:01:05.629986Z[0m [32m INFO[0m [2msmithay::wayland::socket[0m[2m:[0m Created new socket [3mname[0m[2m=[0mSome("wayland-1")
[slopos-compositor] WAYLAND_DISPLAY=wayland-1 (DRM session)
WAYLAND_DISPLAY=wayland-1
[2m2026-08-01T08:01:05.631058Z[0m [32m INFO[0m [1mnew[0m[1m{[0m[3mname[0m[2m=[0m"Virtual-1" [3mphysical[0m[2m=[0mPhysicalProperties { size: Size<smithay::utils::geometry::Raw> { w: 0, h: 0 }, subpixel: Unknown, make: "SLOPOS-I", model: "DRM Output" }[1m}[0m[2m:[0m [2msmithay::output[0m[2m:[0m Creating new Output [3mname[0m[2m=[0m"Virtual-1"
[2m2026-08-01T08:01:05.631092Z[0m [32m INFO[0m [2msmithay::wayland::output[0m[2m:[0m Creating new wl_output [3moutput[0m[2m=[0m"Virtual-1"
[slopos-session] compositor pid=165294 backend=drm client_socket=wayland-1
[slopos-session] shell pid=165296
[2m2026-08-01T08:01:05.692842Z[0m [32m INFO[0m [2mslopos_shell[0m[2m:[0m Starting SLOPOS-I...
[2m2026-08-01T08:01:05.699763Z[0m [32m INFO[0m [2mslopos_kit::accessibility[0m[2m:[0m AT-SPI2 a11y bus unavailable; exporting on session bus [3mapp[0m[2m=[0m"SLOPOS-I" [3merror[0m[2m=[0morg.freedesktop.DBus.Error.ServiceUnknown: The name org.a11y.Bus was not provided by any .service files
[2m2026-08-01T08:01:05.703273Z[0m [33m WARN[0m [2mslopos_kit::accessibility[0m[2m:[0m AT-SPI2 objects exported but registry Embed failed (registry may be absent) [3mapp[0m[2m=[0m"SLOPOS-I" [3mbus[0m[2m=[0m:1.9 [3mbus_kind[0m[2m=[0m"session" [3mchildren[0m[2m=[0m5 [3merror[0m[2m=[0morg.freedesktop.DBus.Error.ServiceUnknown: The name org.a11y.atspi.Registry was not provided by any .service files
[2m2026-08-01T08:01:05.703299Z[0m [32m INFO[0m [2mslopos_kit::accessibility[0m[2m:[0m AT-SPI2 Accessible tree exported (Action on actionable roles; still Orca-incomplete) [3mapp[0m[2m=[0m"SLOPOS-I" [3mbus[0m[2m=[0m:1.9 [3mbus_kind[0m[2m=[0m"session" [3mroot[0m[2m=[0m"/org/a11y/atspi/accessible/root" [3mchildren[0m[2m=[0m5 [3membedded[0m[2m=[0mfalse
[2m2026-08-01T08:01:05.703558Z[0m [32m INFO[0m [2mslopos_shell[0m[2m:[0m AT-SPI2 accessibility registration active (shell chrome tree; event emit best-effort)
[2m2026-08-01T08:01:05.729486Z[0m [32m INFO[0m [2mslopos_shell[0m[2m:[0m shell menu locale applied [3mlocale[0m[2m=[0men-US
[2m2026-08-01T08:01:05.729743Z[0m [32m INFO[0m [2mslopos_shell[0m[2m:[0m display arrange plan applied (EmitLayoutEnv) [3mmode[0m[2m=[0mextend_right [3mscale[0m[2m=[0m100 [3menv[0m[2m=[0m[("SLOPOS_OUTPUTS_LAYOUT", "eDP-1:1920x1080@0,0:s100")]
[2m2026-08-01T08:01:05.732810Z[0m [32m INFO[0m [2mslopos_shell::fdo_notifications[0m[2m:[0m FreeDesktop Notifications daemon registered on session bus [3mbus[0m[2m=[0m"org.freedesktop.Notifications" [3mpath[0m[2m=[0m"/org/freedesktop/Notifications"
[2m2026-08-01T08:01:05.732866Z[0m [33m WARN[0m [2mslopos_shell::portal_dbus[0m[2m:[0m SLOPOS-I portal registration skipped [3merror[0m[2m=[0minvalid value: character `-`, expected an alphanumeric character, `_` or `/`
[2m2026-08-01T08:01:05.732913Z[0m [32m INFO[0m [2mslopos_shell[0m[2m:[0m SLOPOS-I initialized successfully
[2m2026-08-01T08:01:05.732920Z[0m [32m INFO[0m [2mslopos_shell[0m[2m:[0m Theme: platinum
[2m2026-08-01T08:01:05.732925Z[0m [32m INFO[0m [2mslopos_shell[0m[2m:[0m Applications found: 5
[2m2026-08-01T08:01:05.732930Z[0m [32m INFO[0m [2mslopos_shell[0m[2m:[0m Workspaces: 8
[2m2026-08-01T08:01:05.960879Z[0m [32m INFO[0m [2msmithay::backend::libinput[0m[2m:[0m Initializing a libinput backend
[2m2026-08-01T08:01:05.961085Z[0m [32m INFO[0m [2mslopos_compositor::session_drm[0m[2m:[0m DRM session entering protocol + seat event loop [3mstage[0m[2m=[0m"protocol_loop"
[slopos-compositor] DRM session loop running (Wayland + seat + udev + libinput + layer-shell + foreign-toplevel; scanout_armed=false)
[2m2026-08-01T08:01:05.963585Z[0m [32m INFO[0m [2msmithay::backend::drm::surface::atomic[0m[2m:[0m Adding connector: Virtual
[2m2026-08-01T08:01:05.963647Z[0m [32m INFO[0m [2msmithay::backend::drm::surface::atomic[0m[2m:[0m Setting new mode: "1280x800"
[2m2026-08-01T08:01:05.963722Z[0m [33m WARN[0m [2msmithay::backend::drm::surface::atomic[0m[2m:[0m Failed to destroy old mode property blob: No such file or directory (os error 2)
[slopos-compositor/drm] client connected
[2m2026-08-01T08:01:06.282683Z[0m [32m INFO[0m [2mslopos_shell::foreign_toplevel_client[0m[2m:[0m foreign-toplevel-list synced from compositor [3mtoplevels[0m[2m=[0m0
[2m2026-08-01T08:01:06.282720Z[0m [32m INFO[0m [2mslopos_shell[0m[2m:[0m shell synced foreign-toplevel-list [3mtoplevels[0m[2m=[0m0
[2m2026-08-01T08:01:06.284128Z[0m [32m INFO[0m [2mslopos_shell[0m[2m:[0m Launched multi-client app com.slopos.finder as pid 165315 (compositor-managed surface)
[slopos-compositor/drm] client connected
[slopos-compositor/drm] client disconnected
[slopos-compositor/drm] layer-shell surface namespace=slopos-i-desktop layer=Background
[slopos-compositor/drm] layer-shell surface namespace=slopos-i-menu layer=Top
[slopos-compositor/drm] layer-shell surface namespace=slopos-i-dock layer=Bottom
[slopos-compositor/drm] layer-shell surface namespace=slopos-i-menu-popup layer=Overlay
[2m2026-08-01T08:01:06.333461Z[0m [32m INFO[0m [2mslopos_sdk[0m[2m:[0m Application 'Finder' started
[slopos-compositor/drm] client connected
[slopos-compositor/drm] toplevel mapped at (64,64) size=640x480 title=Untitled app_id=slopos-i.app shell=false
[2m2026-08-01T08:01:06.391715Z[0m [33m WARN[0m [2mwgpu_hal::vulkan::instance[0m[2m:[0m InstanceFlags::VALIDATION requested, but unable to find layer: VK_LAYER_KHRONOS_validation
[slopos-compositor/drm] workspace active=0/8 windows=1 visible=1 dist=[0:1,1:0,2:0,3:0,4:0,5:0,6:0,7:0] window_id=jdrKfnNzDhsLGfnGFe6KOvHqHdmmhi8Y present=["jdrKfnNzDhsLGfnGFe6KOvHqHdmmhi8Y"]
[2m2026-08-01T08:01:06.393638Z[0m [32m INFO[0m [2mwgpu_hal::vulkan::instance[0m[2m:[0m GENERAL [Loader Message (0x0)]
	No valid vk_loader_settings.json file found, no loader settings will be active
[2m2026-08-01T08:01:06.393735Z[0m [32m INFO[0m [2mwgpu_hal::vulkan::instance[0m[2m:[0m 	objects: (type: INSTANCE, hndl: 0xc9606b6c9f20, name: ?)
[2m2026-08-01T08:01:06.393774Z[0m [32m INFO[0m [2mwgpu_hal::vulkan::instance[0m[2m:[0m GENERAL [Loader Message (0x0)]
	Searching for implicit layer manifest files
[2m2026-08-01T08:01:06.393783Z[0m [32m INFO[0m [2mwgpu_hal::vulkan::instance[0m[2m:[0m 	objects: (type: INSTANCE, hndl: 0xc9606b6c9f20, name: ?)
[2m2026-08-01T08:01:06.393789Z[0m [32m INFO[0m [2mwgpu_hal::vulkan::instance[0m[2m:[0m GENERAL [Loader Message (0x0)]
	   In following locations:
[2m2026-08-01T08:01:06.393795Z[0m [32m INFO[0m [2mwgpu_hal::vulkan::instance[0m[2m:[0m 	objects: (type: INSTANCE, hndl: 0xc9606b6c9f20, name: ?)
[2m2026-08-01T08:01:06.393801Z[0m [32m INFO[0m [2mwgpu_hal::vulkan::instance[0m[2m:[0m GENERAL [Loader Message (0x0)]
	      /home/ubuntu/.config/vulkan/implicit_layer.d
[2m2026-08-01T08:01:06.393807Z[0m [32m INFO[0m [2mwgpu_hal::vulkan::instance[0m[2m:[0m 	objects: (type: INSTANCE, hndl: 0xc9606b6c9f20, name: ?)
[2m2026-08-01T08:01:06.393813Z[0m [32m INFO[0m [2mwgpu_hal::vulkan::instance[0m[2m:[0m GENERAL [Loader Message (0x0)]
	      /etc/xdg/vulkan/implicit_layer.d
[2m2026-08-01T08:01:06.393819Z[0m [32m INFO[0m [2mwgpu_hal::vulkan::instance[0m[2m:[0m 	objects: (type: INSTANCE, hndl: 0xc9606b6c9f20, name: ?)
[2m2026-08-01T08:01:06.393825Z[0m [32m INFO[0m [2mwgpu_hal::vulkan::instance[0m[2m:[0m GENERAL [Loader Message (0x0)]
	      /etc/vulkan/implicit_layer.d
[2m2026-08-01T08:01:06.393831Z[0m [32m INFO[0m [2mwgpu_hal::vulkan::instance[0m[2m:[0m 	objects: (type: INSTANCE, hndl: 0xc9606b6c9f20, name: ?)
[2m2026-08-01T08:01:06.393837Z[0m [32m INFO[0m [2mwgpu_hal::vulkan::instance[0m[2m:[0m GENERAL [Loader Message (0x0)]
	      /home/ubuntu/.local/share/vulkan/implicit_layer.d
[2m2026-08-01T08:01:06.393843Z[0m [32m INFO[0m [2mwgpu_hal::vulkan::instance[0m[2m:[0m 	objects: (type: INSTANCE, hndl: 0xc9606b6c9f20, name: ?)
[2m2026-08-01T08:01:06.393848Z[0m [32m INFO[0m [2mwgpu_hal::vulkan::instance[0m[2m:[0m GENERAL [Loader Message (0x0)]
	      /usr/local/share/vulkan/implicit_layer.d
[2m2026-08-01T08:01:06.393855Z[0m [32m INFO[0m [2mwgpu_hal::vulkan::instance[0m[2m:[0m 	objects: (type: INSTANCE, hndl: 0xc9606b6c9f20, name: ?)
[2m2026-08-01T08:01:06.393860Z[0m [32m INFO[0m [2mwgpu_hal::vulkan::instance[0m[2m:[0m GENERAL [Loader Message (0x0)]
	      /usr/share/vulkan/implicit_layer.d
[2m2026-08-01T08:01:06.393866Z[0m [32m INFO[0m [2mwgpu_hal::vulkan::instance[0m[2m:[0m 	objects: (type: INSTANCE, hndl: 0xc9606b6c9f20, name: ?)
[2m2026-08-01T08:01:06.393906Z[0m [32m INFO[0m [2mwgpu_hal::vulkan::instance[0m[2m:[0m GENERAL [Loader Message (0x0)]
	   Found the following files:
[2m2026-08-01T08:01:06.393913Z[0m [32m INFO[0m [2mwgpu_hal::vulkan::instance[0m[2m:[0m 	objects: (type: INSTANCE, hndl: 0xc9606b6c9f20, name: ?)
[2m2026-08-01T08:01:06.393919Z[0m [32m INFO[0m [2mwgpu_hal::vulkan::instance[0m[2m:[0m GENERAL [Loader Message (0x0)]
	      /usr/share/vulkan/implicit_layer.d/VkLayer_MESA_anti_lag.json
[2m2026-08-01T08:01:06.393926Z[0m [32m INFO[0m [2mwgpu_hal::vulkan::instance[0m[2m:[0m 	objects: (type: INSTANCE, hndl: 0xc9606b6c9f20, name: ?)
[2m2026-08-01T08:01:06.393932Z[0m [32m INFO[0m [2mwgpu_hal::vulkan::instance[0m[2m:[0m GENERAL [Loader Message (0x0)]
	      /usr/share/vulkan/implicit_layer.d/VkLayer_MESA_device_select.json
[2m2026-08-01T08:01:06.393939Z[0m [32m INFO[0m [2mwgpu_hal::vulkan::instance[0m[2m:[0m 	objects: (type: INSTANCE, hndl: 0xc9606b6c9f20, name: ?)
[2m2026-08-01T08:01:06.393959Z[0m [32m INFO[0m [2mwgpu_hal::vulkan::instance[0m[2m:[0m GENERAL [Loader Message (0x0)]
	Found manifest file /usr/share/vulkan/implicit_layer.d/VkLayer_MESA_anti_lag.json (file version 1.2.1)
[2m2026-08-01T08:01:06.393982Z[0m [32m INFO[0m [2mwgpu_hal::vulkan::instance[0m[2m:[0m 	objects: (type: INSTANCE, hndl: 0xc9606b6c9f20, name: ?)
[2m2026-08-01T08:01:06.394002Z[0m [32m INFO[0m [2mwgpu_hal::vulkan::instance[0m[2m:[0m GENERAL [Loader Message (0x0)]
	Found manifest file /usr/share/vulkan/implicit_layer.d/VkLayer_MESA_device_select.json (file version 1.0.0)
[2m2026-08-01T08:01:06.394010Z[0m [32m INFO[0m [2mwgpu_hal::vulkan::instance[0m[2m:[0m 	objects: (type: INSTANCE, hndl: 0xc9606b6c9f20, name: ?)
[2m2026-08-01T08:01:06.394038Z[0m [32m INFO[0m [2mwgpu_hal::vulkan::instance[0m[2m:[0m GENERAL [Loader Message (0x0)]
	Searching for explicit layer manifest files
[2m2026-08-01T08:01:06.394045Z[0m [32m INFO[0m [2mwgpu_hal::vulkan::instance[0m[2m:[0m 	objects: (type: INSTANCE, hndl: 0xc9606b6c9f20, name: ?)
[2m2026-08-01T08:01:06.394051Z[0m [32m INFO[0m [2mwgpu_hal::vulkan::instance[0m[2m:[0m GENERAL [Loader Message (0x0)]
	   In following locations:
[2m2026-08-01T08:01:06.394057Z[0m [32m INFO[0m [2mwgpu_hal::vulkan::instance[0m[2m:[0m 	objects: (type: INSTANCE, hndl: 0xc9606b6c9f20, name: ?)
[2m2026-08-01T08:01:06.394063Z[0m [32m INFO[0m [2mwgpu_hal::vulkan::instance[0m[2m:[0m GENERAL [Loader Message (0x0)]
	      /home/ubuntu/.config/vulkan/explicit_layer.d
[2m2026-08-01T08:01:06.394069Z[0m [32m INFO[0m [2mwgpu_hal::vulkan::instance[0m[2m:[0m 	objects: (type: INSTANCE, hndl: 0xc9606b6c9f20, name: ?)
[2m2026-08-01T08:01:06.394075Z[0m [32m INFO[0m [2mwgpu_hal::vulkan::instance[0m[2m:[0m GENERAL [Loader Message (0x0)]
	      /etc/xdg/vulkan/explicit_layer.d
[2m2026-08-01T08:01:06.394081Z[0m [32m INFO[0m [2mwgpu_hal::vulkan::instance[0m[2m:[0m 	objects: (type: INSTANCE, hndl: 0xc9606b6c9f20, name: ?)
[2m2026-08-01T08:01:06.394087Z[0m [32m INFO[0m [2mwgpu_hal::vulkan::instance[0m[2m:[0m GENERAL [Loader Message (0x0)]
	      /etc/vulkan/explicit_layer.d
[2m2026-08-01T08:01:06.394092Z[0m [32m INFO[0m [2mwgpu_hal::vulkan::instance[0m[2m:[0m 	objects: (type: INSTANCE, hndl: 0xc9606b6c9f20, name: ?)
[2m2026-08-01T08:01:06.394098Z[0m [32m INFO[0m [2mwgpu_hal::vulkan::instance[0m[2m:[0m GENERAL [Loader Message (0x0)]
	      /home/ubuntu/.local/share/vulkan/explicit_layer.d
[2m2026-08-01T08:01:06.394104Z[0m [32m INFO[0m [2mwgpu_hal::vulkan::instance[0m[2m:[0m 	objects: (type: INSTANCE, hndl: 0xc9606b6c9f20, name: ?)
[2m2026-08-01T08:01:06.394110Z[0m [32m INFO[0m [2mwgpu_hal::vulkan::instance[0m[2m:[0m GENERAL [Loader Message (0x0)]
	      /usr/local/share/vulkan/explicit_layer.d
[2m2026-08-01T08:01:06.394116Z[0m [32m INFO[0m [2mwgpu_hal::vulkan::instance[0m[2m:[0m 	objects: (type: INSTANCE, hndl: 0xc9606b6c9f20, name: ?)
[2m2026-08-01T08:01:06.394122Z[0m [32m INFO[0m [2mwgpu_hal::vulkan::instance[0m[2m:[0m GENERAL [Loader Message (0x0)]
	      /usr/share/vulkan/explicit_layer.d
[2m2026-08-01T08:01:06.394129Z[0m [32m INFO[0m [2mwgpu_hal::vulkan::instance[0m[2m:[0m 	objects: (type: INSTANCE, hndl: 0xc9606b6c9f20, name: ?)
[2m2026-08-01T08:01:06.394156Z[0m [32m INFO[0m [2mwgpu_hal::vulkan::instance[0m[2m:[0m GENERAL [Loader Message (0x0)]
	   Found the following files:
[2m2026-08-01T08:01:06.394163Z[0m [32m INFO[0m [2mwgpu_hal::vulkan::instance[0m[2m:[0m 	objects: (type: INSTANCE, hndl: 0xc9606b6c9f20, name: ?)
[2m2026-08-01T08:01:06.394169Z[0m [32m INFO[0m [2mwgpu_hal::vulkan::instance[0m[2m:[0m GENERAL [Loader Message (0x0)]
	      /usr/share/vulkan/explicit_layer.d/VkLayer_MESA_screenshot.json
[2m2026-08-01T08:01:06.394175Z[0m [32m INFO[0m [2mwgpu_hal::vulkan::instance[0m[2m:[0m 	objects: (type: INSTANCE, hndl: 0xc9606b6c9f20, name: ?)
[2m2026-08-01T08:01:06.394181Z[0m [32m INFO[0m [2mwgpu_hal::vulkan::instance[0m[2m:[0m GENERAL [Loader Message (0x0)]
	      /usr/share/vulkan/explicit_layer.d/VkLayer_MESA_overlay.json
[2m2026-08-01T08:01:06.394188Z[0m [32m INFO[0m [2mwgpu_hal::vulkan::instance[0m[2m:[0m 	objects: (type: INSTANCE, hndl: 0xc9606b6c9f20, name: ?)
[2m2026-08-01T08:01:06.394213Z[0m [32m INFO[0m [2mwgpu_hal::vulkan::instance[0m[2m:[0m GENERAL [Loader Message (0x0)]
	      /usr/share/vulkan/explicit_layer.d/VkLayer_INTEL_nullhw.json
[2m2026-08-01T08:01:06.394220Z[0m [32m INFO[0m [2mwgpu_hal::vulkan::instance[0m[2m:[0m 	objects: (type: INSTANCE, hndl: 0xc9606b6c9f20, name: ?)
[2m2026-08-01T08:01:06.394420Z[0m [32m INFO[0m [2mwgpu_hal::vulkan::instance[0m[2m:[0m GENERAL [Loader Message (0x0)]
	Found manifest file /usr/share/vulkan/explicit_layer.d/VkLayer_MESA_screenshot.json (file version 1.0.0)
[2m2026-08-01T08:01:06.394445Z[0m [32m INFO[0m [2mwgpu_hal::vulkan::instance[0m[2m:[0m 	objects: (type: INSTANCE, hndl: 0xc9606b6c9f20, name: ?)
[2m2026-08-01T08:01:06.394461Z[0m [32m INFO[0m [2mwgpu_hal::vulkan::instance[0m[2m:[0m GENERAL [Loader Message (0x0)]
	Found manifest file /usr/share/vulkan/explicit_layer.d/VkLayer_MESA_overlay.json (file version 1.0.0)
[2m2026-08-01T08:01:06.394470Z[0m [32m INFO[0m [2mwgpu_hal::vulkan::instance[0m[2m:[0m 	objects: (type: INSTANCE, hndl: 0xc9606b6c9f20, name: ?)
[2m2026-08-01T08:01:06.394482Z[0m [32m INFO[0m [2mwgpu_hal::vulkan::instance[0m[2m:[0m GENERAL [Loader Message (0x0)]
	Found manifest file /usr/share/vulkan/explicit_layer.d/VkLayer_INTEL_nullhw.json (file version 1.0.0)
[2m2026-08-01T08:01:06.394490Z[0m [32m INFO[0m [2mwgpu_hal::vulkan::instance[0m[2m:[0m 	objects: (type: INSTANCE, hndl: 0xc9606b6c9f20, name: ?)
[2m2026-08-01T08:01:06.394503Z[0m [32m INFO[0m [2mwgpu_hal::vulkan::instance[0m[2m:[0m GENERAL [Loader Message (0x0)]
	Searching for driver manifest files
[2m2026-08-01T08:01:06.394510Z[0m [32m INFO[0m [2mwgpu_hal::vulkan::instance[0m[2m:[0m 	objects: (type: INSTANCE, hndl: 0xc9606b6c9f20, name: ?)
[2m2026-08-01T08:01:06.394516Z[0m [32m INFO[0m [2mwgpu_hal::vulkan::instance[0m[2m:[0m GENERAL [Loader Message (0x0)]
	   In following locations:
[2m2026-08-01T08:01:06.394522Z[0m [32m INFO[0m [2mwgpu_hal::vulkan::instance[0m[2m:[0m 	objects: (type: INSTANCE, hndl: 0xc9606b6c9f20, name: ?)
[2m2026-08-01T08:01:06.394528Z[0m [32m INFO[0m [2mwgpu_hal::vulkan::instance[0m[2m:[0m GENERAL [Loader Message (0x0)]
	      /home/ubuntu/.config/vulkan/icd.d
[2m2026-08-01T08:01:06.394537Z[0m [32m INFO[0m [2mwgpu_hal::vulkan::instance[0m[2m:[0m 	objects: (type: INSTANCE, hndl: 0xc9606b6c9f20, name: ?)
[2m2026-08-01T08:01:06.394543Z[0m [32m INFO[0m [2mwgpu_hal::vulkan::instance[0m[2m:[0m GENERAL [Loader Message (0x0)]
	      /etc/xdg/vulkan/icd.d
[2m2026-08-01T08:01:06.394549Z[0m [32m INFO[0m [2mwgpu_hal::vulkan::instance[0m[2m:[0m 	objects: (type: INSTANCE, hndl: 0xc9606b6c9f20, name: ?)
[2m2026-08-01T08:01:06.394555Z[0m [32m INFO[0m [2mwgpu_hal::vulkan::instance[0m[2m:[0m GENERAL [Loader Message (0x0)]
	      /etc/vulkan/icd.d
[2m2026-08-01T08:01:06.394561Z[0m [32m INFO[0m [2mwgpu_hal::vulkan::instance[0m[2m:[0m 	objects: (type: INSTANCE, hndl: 0xc9606b6c9f20, name: ?)
[2m2026-08-01T08:01:06.394567Z[0m [32m INFO[0m [2mwgpu_hal::vulkan::instance[0m[2m:[0m GENERAL [Loader Message (0x0)]
	      /home/ubuntu/.local/share/vulkan/icd.d
[2m2026-08-01T08:01:06.394573Z[0m [32m INFO[0m [2mwgpu_hal::vulkan::instance[0m[2m:[0m 	objects: (type: INSTANCE, hndl: 0xc9606b6c9f20, name: ?)
[2m2026-08-01T08:01:06.394579Z[0m [32m INFO[0m [2mwgpu_hal::vulkan::instance[0m[2m:[0m GENERAL [Loader Message (0x0)]
	      /usr/local/share/vulkan/icd.d
[2m2026-08-01T08:01:06.394585Z[0m [32m INFO[0m [2mwgpu_hal::vulkan::instance[0m[2m:[0m 	objects: (type: INSTANCE, hndl: 0xc9606b6c9f20, name: ?)
[2m2026-08-01T08:01:06.394591Z[0m [32m INFO[0m [2mwgpu_hal::vulkan::instance[0m[2m:[0m GENERAL [Loader Message (0x0)]
	      /usr/share/vulkan/icd.d
[2m2026-08-01T08:01:06.394597Z[0m [32m INFO[0m [2mwgpu_hal::vulkan::instance[0m[2m:[0m 	objects: (type: INSTANCE, hndl: 0xc9606b6c9f20, name: ?)
[2m2026-08-01T08:01:06.394634Z[0m [32m INFO[0m [2mwgpu_hal::vulkan::instance[0m[2m:[0m GENERAL [Loader Message (0x0)]
	   Found the following files:
[2m2026-08-01T08:01:06.394648Z[0m [32m INFO[0m [2mwgpu_hal::vulkan::instance[0m[2m:[0m 	objects: (type: INSTANCE, hndl: 0xc9606b6c9f20, name: ?)
[2m2026-08-01T08:01:06.394655Z[0m [32m INFO[0m [2mwgpu_hal::vulkan::instance[0m[2m:[0m GENERAL [Loader Message (0x0)]
	      /usr/share/vulkan/icd.d/nouveau_icd.json
[2m2026-08-01T08:01:06.394661Z[0m [32m INFO[0m [2mwgpu_hal::vulkan::instance[0m[2m:[0m 	objects: (type: INSTANCE, hndl: 0xc9606b6c9f20, name: ?)
[2m2026-08-01T08:01:06.394667Z[0m [32m INFO[0m [2mwgpu_hal::vulkan::instance[0m[2m:[0m GENERAL [Loader Message (0x0)]
	      /usr/share/vulkan/icd.d/broadcom_icd.json
[2m2026-08-01T08:01:06.394673Z[0m [32m INFO[0m [2mwgpu_hal::vulkan::instance[0m[2m:[0m 	objects: (type: INSTANCE, hndl: 0xc9606b6c9f20, name: ?)
[2m2026-08-01T08:01:06.394679Z[0m [32m INFO[0m [2mwgpu_hal::vulkan::instance[0m[2m:[0m GENERAL [Loader Message (0x0)]
	      /usr/share/vulkan/icd.d/panfrost_icd.json
[2m2026-08-01T08:01:06.394685Z[0m [32m INFO[0m [2mwgpu_hal::vulkan::instance[0m[2m:[0m 	objects: (type: INSTANCE, hndl: 0xc9606b6c9f20, name: ?)
[2m2026-08-01T08:01:06.394691Z[0m [32m INFO[0m [2mwgpu_hal::vulkan::instance[0m[2m:[0m GENERAL [Loader Message (0x0)]
	      /usr/share/vulkan/icd.d/freedreno_icd.json
[2m2026-08-01T08:01:06.394697Z[0m [32m INFO[0m [2mwgpu_hal::vulkan::instance[0m[2m:[0m 	objects: (type: INSTANCE, hndl: 0xc9606b6c9f20, name: ?)
[2m2026-08-01T08:01:06.394703Z[0m [32m INFO[0m [2mwgpu_hal::vulkan::instance[0m[2m:[0m GENERAL [Loader Message (0x0)]
	      /usr/share/vulkan/icd.d/gfxstream_vk_icd.json
[2m2026-08-01T08:01:06.394709Z[0m [32m INFO[0m [2mwgpu_hal::vulkan::instance[0m[2m:[0m 	objects: (type: INSTANCE, hndl: 0xc9606b6c9f20, name: ?)
[2m2026-08-01T08:01:06.394715Z[0m [32m INFO[0m [2mwgpu_hal::vulkan::instance[0m[2m:[0m GENERAL [Loader Message (0x0)]
	      /usr/share/vulkan/icd.d/virtio_icd.json
[2m2026-08-01T08:01:06.394721Z[0m [32m INFO[0m [2mwgpu_hal::vulkan::instance[0m[2m:[0m 	objects: (type: INSTANCE, hndl: 0xc9606b6c9f20, name: ?)
[2m2026-08-01T08:01:06.394727Z[0m [32m INFO[0m [2mwgpu_hal::vulkan::instance[0m[2m:[0m GENERAL [Loader Message (0x0)]
	      /usr/share/vulkan/icd.d/asahi_icd.json
[2m2026-08-01T08:01:06.394733Z[0m [32m INFO[0m [2mwgpu_hal::vulkan::instance[0m[2m:[0m 	objects: (type: INSTANCE, hndl: 0xc9606b6c9f20, name: ?)
[2m2026-08-01T08:01:06.394739Z[0m [32m INFO[0m [2mwgpu_hal::vulkan::instance[0m[2m:[0m GENERAL [Loader Message (0x0)]
	      /usr/share/vulkan/icd.d/lvp_icd.json
[2m2026-08-01T08:01:06.394745Z[0m [32m INFO[0m [2mwgpu_hal::vulkan::instance[0m[2m:[0m 	objects: (type: INSTANCE, hndl: 0xc9606b6c9f20, name: ?)
[2m2026-08-01T08:01:06.394751Z[0m [32m INFO[0m [2mwgpu_hal::vulkan::instance[0m[2m:[0m GENERAL [Loader Message (0x0)]
	      /usr/share/vulkan/icd.d/intel_icd.json
[2m2026-08-01T08:01:06.394757Z[0m [32m INFO[0m [2mwgpu_hal::vulkan::instance[0m[2m:[0m 	objects: (type: INSTANCE, hndl: 0xc9606b6c9f20, name: ?)
[2m2026-08-01T08:01:06.394762Z[0m [32m INFO[0m [2mwgpu_hal::vulkan::instance[0m[2m:[0m GENERAL [Loader Message (0x0)]
	      /usr/share/vulkan/icd.d/powervr_mesa_icd.json
[2m2026-08-01T08:01:06.394769Z[0m [32m INFO[0m [2mwgpu_hal::vulkan::instance[0m[2m:[0m 	objects: (type: INSTANCE, hndl: 0xc9606b6c9f20, name: ?)
[2m2026-08-01T08:01:06.394774Z[0m [32m INFO[0m [2mwgpu_hal::vulkan::instance[0m[2m:[0m GENERAL [Loader Message (0x0)]
	      /usr/share/vulkan/icd.d/radeon_icd.json
[2m2026-08-01T08:01:06.394781Z[0m [32m INFO[0m [2mwgpu_hal::vulkan::instance[0m[2m:[0m 	objects: (type: INSTANCE, hndl: 0xc9606b6c9f20, name: ?)
[2m2026-08-01T08:01:06.394794Z[0m [32m INFO[0m [2mwgpu_hal::vulkan::instance[0m[2m:[0m GENERAL [Loader Message (0x0)]
	Found ICD manifest file /usr/share/vulkan/icd.d/nouveau_icd.json, version 1.0.1
[2m2026-08-01T08:01:06.394802Z[0m [32m INFO[0m [2mwgpu_hal::vulkan::instance[0m[2m:[0m 	objects: (type: INSTANCE, hndl: 0xc9606b6c9f20, name: ?)
[2m2026-08-01T08:01:06.394859Z[0m [32m INFO[0m [2mwgpu_hal::vulkan::instance[0m[2m:[0m GENERAL [Loader Message (0x0)]
	Found ICD manifest file /usr/share/vulkan/icd.d/broadcom_icd.json, version 1.0.1
[2m2026-08-01T08:01:06.394868Z[0m [32m INFO[0m [2mwgpu_hal::vulkan::instance[0m[2m:[0m 	objects: (type: INSTANCE, hndl: 0xc9606b6c9f20, name: ?)
[2m2026-08-01T08:01:06.394889Z[0m [32m INFO[0m [2mwgpu_hal::vulkan::instance[0m[2m:[0m GENERAL [Loader Message (0x0)]
	Found ICD manifest file /usr/share/vulkan/icd.d/panfrost_icd.json, version 1.0.1
[2m2026-08-01T08:01:06.394896Z[0m [32m INFO[0m [2mwgpu_hal::vulkan::instance[0m[2m:[0m 	objects: (type: INSTANCE, hndl: 0xc9606b6c9f20, name: ?)
[2m2026-08-01T08:01:06.394913Z[0m [32m INFO[0m [2mwgpu_hal::vulkan::instance[0m[2m:[0m GENERAL [Loader Message (0x0)]
	Found ICD manifest file /usr/share/vulkan/icd.d/freedreno_icd.json, version 1.0.1
[2m2026-08-01T08:01:06.394920Z[0m [32m INFO[0m [2mwgpu_hal::vulkan::instance[0m[2m:[0m 	objects: (type: INSTANCE, hndl: 0xc9606b6c9f20, name: ?)
[2m2026-08-01T08:01:06.394936Z[0m [32m INFO[0m [2mwgpu_hal::vulkan::instance[0m[2m:[0m GENERAL [Loader Message (0x0)]
	Found ICD manifest file /usr/share/vulkan/icd.d/gfxstream_vk_icd.json, version 1.0.1
[2m2026-08-01T08:01:06.394944Z[0m [32m INFO[0m [2mwgpu_hal::vulkan::instance[0m[2m:[0m 	objects: (type: INSTANCE, hndl: 0xc9606b6c9f20, name: ?)
[2m2026-08-01T08:01:06.394961Z[0m [32m INFO[0m [2mwgpu_hal::vulkan::instance[0m[2m:[0m GENERAL [Loader Message (0x0)]
	Found ICD manifest file /usr/share/vulkan/icd.d/virtio_icd.json, version 1.0.1
[2m2026-08-01T08:01:06.394971Z[0m [32m INFO[0m [2mwgpu_hal::vulkan::instance[0m[2m:[0m 	objects: (type: INSTANCE, hndl: 0xc9606b6c9f20, name: ?)
[2m2026-08-01T08:01:06.394987Z[0m [32m INFO[0m [2mwgpu_hal::vulkan::instance[0m[2m:[0m GENERAL [Loader Message (0x0)]
	Found ICD manifest file /usr/share/vulkan/icd.d/asahi_icd.json, version 1.0.1
[2m2026-08-01T08:01:06.394994Z[0m [32m INFO[0m [2mwgpu_hal::vulkan::instance[0m[2m:[0m 	objects: (type: INSTANCE, hndl: 0xc9606b6c9f20, name: ?)
[2m2026-08-01T08:01:06.395012Z[0m [32m INFO[0m [2mwgpu_hal::vulkan::instance[0m[2m:[0m GENERAL [Loader Message (0x0)]
	Found ICD manifest file /usr/share/vulkan/icd.d/lvp_icd.json, version 1.0.1
[2m2026-08-01T08:01:06.395018Z[0m [32m INFO[0m [2mwgpu_hal::vulkan::instance[0m[2m:[0m 	objects: (type: INSTANCE, hndl: 0xc9606b6c9f20, name: ?)
[2m2026-08-01T08:01:06.395036Z[0m [32m INFO[0m [2mwgpu_hal::vulkan::instance[0m[2m:[0m GENERAL [Loader Message (0x0)]
	Found ICD manifest file /usr/share/vulkan/icd.d/intel_icd.json, version 1.0.1
[2m2026-08-01T08:01:06.395044Z[0m [32m INFO[0m [2mwgpu_hal::vulkan::instance[0m[2m:[0m 	objects: (type: INSTANCE, hndl: 0xc9606b6c9f20, name: ?)
[2m2026-08-01T08:01:06.395061Z[0m [32m INFO[0m [2mwgpu_hal::vulkan::instance[0m[2m:[0m GENERAL [Loader Message (0x0)]
	Found ICD manifest file /usr/share/vulkan/icd.d/powervr_mesa_icd.json, version 1.0.1
[2m2026-08-01T08:01:06.395068Z[0m [32m INFO[0m [2mwgpu_hal::vulkan::instance[0m[2m:[0m 	objects: (type: INSTANCE, hndl: 0xc9606b6c9f20, name: ?)
[2m2026-08-01T08:01:06.395086Z[0m [32m INFO[0m [2mwgpu_hal::vulkan::instance[0m[2m:[0m GENERAL [Loader Message (0x0)]
	Found ICD manifest file /usr/share/vulkan/icd.d/radeon_icd.json, version 1.0.1
[2m2026-08-01T08:01:06.395093Z[0m [32m INFO[0m [2mwgpu_hal::vulkan::instance[0m[2m:[0m 	objects: (type: INSTANCE, hndl: 0xc9606b6c9f20, name: ?)
[2m2026-08-01T08:01:06.395578Z[0m [32m INFO[0m [2mwgpu_hal::vulkan::instance[0m[2m:[0m GENERAL [Loader Message (0x0)]
	Insert instance layer "VK_LAYER_MESA_device_select" (/usr/lib/aarch64-linux-gnu/libVkLayer_MESA_device_select.so)
[2m2026-08-01T08:01:06.395600Z[0m [32m INFO[0m [2mwgpu_hal::vulkan::instance[0m[2m:[0m 	objects: (type: INSTANCE, hndl: 0xc9606b6c9f20, name: ?)
[2m2026-08-01T08:01:06.395619Z[0m [32m INFO[0m [2mwgpu_hal::vulkan::instance[0m[2m:[0m GENERAL [Loader Message (0x0)]
	vkCreateInstance layer callstack setup to:
[2m2026-08-01T08:01:06.395628Z[0m [32m INFO[0m [2mwgpu_hal::vulkan::instance[0m[2m:[0m 	objects: (type: INSTANCE, hndl: 0xc9606b6c9f20, name: ?)
[2m2026-08-01T08:01:06.395634Z[0m [32m INFO[0m [2mwgpu_hal::vulkan::instance[0m[2m:[0m GENERAL [Loader Message (0x0)]
	   <Application>
[2m2026-08-01T08:01:06.395640Z[0m [32m INFO[0m [2mwgpu_hal::vulkan::instance[0m[2m:[0m 	objects: (type: INSTANCE, hndl: 0xc9606b6c9f20, name: ?)
[2m2026-08-01T08:01:06.395646Z[0m [32m INFO[0m [2mwgpu_hal::vulkan::instance[0m[2m:[0m GENERAL [Loader Message (0x0)]
	     ||
[2m2026-08-01T08:01:06.395652Z[0m [32m INFO[0m [2mwgpu_hal::vulkan::instance[0m[2m:[0m 	objects: (type: INSTANCE, hndl: 0xc9606b6c9f20, name: ?)
[2m2026-08-01T08:01:06.395658Z[0m [32m INFO[0m [2mwgpu_hal::vulkan::instance[0m[2m:[0m GENERAL [Loader Message (0x0)]
	   <Loader>
[2m2026-08-01T08:01:06.395664Z[0m [32m INFO[0m [2mwgpu_hal::vulkan::instance[0m[2m:[0m 	objects: (type: INSTANCE, hndl: 0xc9606b6c9f20, name: ?)
[2m2026-08-01T08:01:06.395670Z[0m [32m INFO[0m [2mwgpu_hal::vulkan::instance[0m[2m:[0m GENERAL [Loader Message (0x0)]
	     ||
[2m2026-08-01T08:01:06.395676Z[0m [32m INFO[0m [2mwgpu_hal::vulkan::instance[0m[2m:[0m 	objects: (type: INSTANCE, hndl: 0xc9606b6c9f20, name: ?)
[2m2026-08-01T08:01:06.395682Z[0m [32m INFO[0m [2mwgpu_hal::vulkan::instance[0m[2m:[0m GENERAL [Loader Message (0x0)]
	   VK_LAYER_MESA_device_select
[2m2026-08-01T08:01:06.395688Z[0m [32m INFO[0m [2mwgpu_hal::vulkan::instance[0m[2m:[0m 	objects: (type: INSTANCE, hndl: 0xc9606b6c9f20, name: ?)
[2m2026-08-01T08:01:06.395693Z[0m [32m INFO[0m [2mwgpu_hal::vulkan::instance[0m[2m:[0m GENERAL [Loader Message (0x0)]
	           Type: Implicit
[2m2026-08-01T08:01:06.395699Z[0m [32m INFO[0m [2mwgpu_hal::vulkan::instance[0m[2m:[0m 	objects: (type: INSTANCE, hndl: 0xc9606b6c9f20, name: ?)
[2m2026-08-01T08:01:06.395706Z[0m [32m INFO[0m [2mwgpu_hal::vulkan::instance[0m[2m:[0m GENERAL [Loader Message (0x0)]
	           Enabled By: Implicit Layer
[2m2026-08-01T08:01:06.395712Z[0m [32m INFO[0m [2mwgpu_hal::vulkan::instance[0m[2m:[0m 	objects: (type: INSTANCE, hndl: 0xc9606b6c9f20, name: ?)
[2m2026-08-01T08:01:06.395718Z[0m [32m INFO[0m [2mwgpu_hal::vulkan::instance[0m[2m:[0m GENERAL [Loader Message (0x0)]
	               Disable Env Var:  NODEVICE_SELECT
[2m2026-08-01T08:01:06.395761Z[0m [32m INFO[0m [2mwgpu_hal::vulkan::instance[0m[2m:[0m 	objects: (type: INSTANCE, hndl: 0xc9606b6c9f20, name: ?)
[2m2026-08-01T08:01:06.395771Z[0m [32m INFO[0m [2mwgpu_hal::vulkan::instance[0m[2m:[0m GENERAL [Loader Message (0x0)]
	           Manifest: /usr/share/vulkan/implicit_layer.d/VkLayer_MESA_device_select.json
[2m2026-08-01T08:01:06.395779Z[0m [32m INFO[0m [2mwgpu_hal::vulkan::instance[0m[2m:[0m 	objects: (type: INSTANCE, hndl: 0xc9606b6c9f20, name: ?)
[2m2026-08-01T08:01:06.395786Z[0m [32m INFO[0m [2mwgpu_hal::vulkan::instance[0m[2m:[0m GENERAL [Loader Message (0x0)]
	           Library:  /usr/lib/aarch64-linux-gnu/libVkLayer_MESA_device_select.so
[2m2026-08-01T08:01:06.395793Z[0m [32m INFO[0m [2mwgpu_hal::vulkan::instance[0m[2m:[0m 	objects: (type: INSTANCE, hndl: 0xc9606b6c9f20, name: ?)
[2m2026-08-01T08:01:06.395799Z[0m [32m INFO[0m [2mwgpu_hal::vulkan::instance[0m[2m:[0m GENERAL [Loader Message (0x0)]
	     ||
[2m2026-08-01T08:01:06.395805Z[0m [32m INFO[0m [2mwgpu_hal::vulkan::instance[0m[2m:[0m 	objects: (type: INSTANCE, hndl: 0xc9606b6c9f20, name: ?)
[2m2026-08-01T08:01:06.395810Z[0m [32m INFO[0m [2mwgpu_hal::vulkan::instance[0m[2m:[0m GENERAL [Loader Message (0x0)]
	   <Drivers>
[2m2026-08-01T08:01:06.395816Z[0m [32m INFO[0m [2mwgpu_hal::vulkan::instance[0m[2m:[0m 	objects: (type: INSTANCE, hndl: 0xc9606b6c9f20, name: ?)
[2m2026-08-01T08:01:06.398598Z[0m [31mERROR[0m [2msctk_adwaita::config[0m[2m:[0m XDG Settings Portal did not return response in time: timeout: 100ms, key: color-scheme
[2m2026-08-01T08:01:06.405355Z[0m [32m INFO[0m [2mwgpu_hal::vulkan::instance[0m[2m:[0m Enabling debug utils
[slopos-compositor/drm] client connected
[slopos-compositor/drm] client disconnected
[2m2026-08-01T08:01:06.413558Z[0m [32m INFO[0m [2mwgpu_hal::gles::egl[0m[2m:[0m Using Wayland platform
[slopos-compositor/drm] client connected
[2m2026-08-01T08:01:06.481550Z[0m [33m WARN[0m [2mwgpu_hal::gles::egl[0m[2m:[0m Re-initializing Gles context due to Wayland window
[2m2026-08-01T08:01:06.524036Z[0m [33m WARN[0m [2mwgpu_hal::vulkan::instance[0m[2m:[0m InstanceFlags::VALIDATION requested, but unable to find layer: VK_LAYER_KHRONOS_validation
[2m2026-08-01T08:01:06.528576Z[0m [32m INFO[0m [2mwgpu_hal::vulkan::instance[0m[2m:[0m GENERAL [Loader Message (0x0)]
	No valid vk_loader_settings.json file found, no loader settings will be active
[2m2026-08-01T08:01:06.529156Z[0m [32m INFO[0m [2mwgpu_hal::vulkan::instance[0m[2m:[0m 	objects: (type: INSTANCE, hndl: 0xb649ba6ebaa0, name: ?)
[2m2026-08-01T08:01:06.529833Z[0m [32m INFO[0m [2mwgpu_hal::vulkan::instance[0m[2m:[0m GENERAL [Loader Message (0x0)]
	Searching for implicit layer manifest files
[2m2026-08-01T08:01:06.530003Z[0m [32m INFO[0m [2mwgpu_hal::vulkan::instance[0m[2m:[0m 	objects: (type: INSTANCE, hndl: 0xb649ba6ebaa0, name: ?)
[2m2026-08-01T08:01:06.530027Z[0m [32m INFO[0m [2mwgpu_hal::vulkan::instance[0m[2m:[0m GENERAL [Loader Message (0x0)]
	   In following locations:
[2m2026-08-01T08:01:06.530040Z[0m [32m INFO[0m [2mwgpu_hal::vulkan::instance[0m[2m:[0m 	objects: (type: INSTANCE, hndl: 0xb649ba6ebaa0, name: ?)
[2m2026-08-01T08:01:06.530047Z[0m [32m INFO[0m [2mwgpu_hal::vulkan::instance[0m[2m:[0m GENERAL [Loader Message (0x0)]
	      /home/ubuntu/.config/vulkan/implicit_layer.d
[2m2026-08-01T08:01:06.530054Z[0m [32m INFO[0m [2mwgpu_hal::vulkan::instance[0m[2m:[0m 	objects: (type: INSTANCE, hndl: 0xb649ba6ebaa0, name: ?)
[2m2026-08-01T08:01:06.530060Z[0m [32m INFO[0m [2mwgpu_hal::vulkan::instance[0m[2m:[0m GENERAL [Loader Message (0x0)]
	      /etc/xdg/vulkan/implicit_layer.d
[2m2026-08-01T08:01:06.530066Z[0m [32m INFO[0m [2mwgpu_hal::vulkan::instance[0m[2m:[0m 	objects: (type: INSTANCE, hndl: 0xb649ba6ebaa0, name: ?)
[2m2026-08-01T08:01:06.530072Z[0m [32m INFO[0m [2mwgpu_hal::vulkan::instance[0m[2m:[0m GENERAL [Loader Message (0x0)]
	      /etc/vulkan/implicit_layer.d
[2m2026-08-01T08:01:06.530078Z[0m [32m INFO[0m [2mwgpu_hal::vulkan::instance[0m[2m:[0m 	objects: (type: INSTANCE, hndl: 0xb649ba6ebaa0, name: ?)
[2m2026-08-01T08:01:06.530084Z[0m [32m INFO[0m [2mwgpu_hal::vulkan::instance[0m[2m:[0m GENERAL [Loader Message (0x0)]
	      /home/ubuntu/.local/share/vulkan/implicit_layer.d
[2m2026-08-01T08:01:06.530090Z[0m [32m INFO[0m [2mwgpu_hal::vulkan::instance[0m[2m:[0m 	objects: (type: INSTANCE, hndl: 0xb649ba6ebaa0, name: ?)
[2m2026-08-01T08:01:06.530096Z[0m [32m INFO[0m [2mwgpu_hal::vulkan::instance[0m[2m:[0m GENERAL [Loader Message (0x0)]
	      /usr/local/share/vulkan/implicit_layer.d
[2m2026-08-01T08:01:06.530102Z[0m [32m INFO[0m [2mwgpu_hal::vulkan::instance[0m[2m:[0m 	objects: (type: INSTANCE, hndl: 0xb649ba6ebaa0, name: ?)
[2m2026-08-01T08:01:06.530108Z[0m [32m INFO[0m [2mwgpu_hal::vulkan::instance[0m[2m:[0m GENERAL [Loader Message (0x0)]
	      /usr/share/vulkan/implicit_layer.d
[2m2026-08-01T08:01:06.530115Z[0m [32m INFO[0m [2mwgpu_hal::vulkan::instance[0m[2m:[0m 	objects: (type: INSTANCE, hndl: 0xb649ba6ebaa0, name: ?)
[2m2026-08-01T08:01:06.530163Z[0m [32m INFO[0m [2mwgpu_hal::vulkan::instance[0m[2m:[0m GENERAL [Loader Message (0x0)]
	   Found the following files:
[2m2026-08-01T08:01:06.530172Z[0m [32m INFO[0m [2mwgpu_hal::vulkan::instance[0m[2m:[0m 	objects: (type: INSTANCE, hndl: 0xb649ba6ebaa0, name: ?)
[2m2026-08-01T08:01:06.530216Z[0m [32m INFO[0m [2mwgpu_hal::vulkan::instance[0m[2m:[0m GENERAL [Loader Message (0x0)]
	      /usr/share/vulkan/implicit_layer.d/VkLayer_MESA_anti_lag.json
[2m2026-08-01T08:01:06.530224Z[0m [32m INFO[0m [2mwgpu_hal::vulkan::instance[0m[2m:[0m 	objects: (type: INSTANCE, hndl: 0xb649ba6ebaa0, name: ?)
[2m2026-08-01T08:01:06.530323Z[0m [32m INFO[0m [2mwgpu_hal::vulkan::instance[0m[2m:[0m GENERAL [Loader Message (0x0)]
	      /usr/share/vulkan/implicit_layer.d/VkLayer_MESA_device_select.json
[2m2026-08-01T08:01:06.530341Z[0m [32m INFO[0m [2mwgpu_hal::vulkan::instance[0m[2m:[0m 	objects: (type: INSTANCE, hndl: 0xb649ba6ebaa0, name: ?)
[2m2026-08-01T08:01:06.530407Z[0m [32m INFO[0m [2mwgpu_hal::vulkan::instance[0m[2m:[0m GENERAL [Loader Message (0x0)]
	Found manifest file /usr/share/vulkan/implicit_layer.d/VkLayer_MESA_anti_lag.json (file version 1.2.1)
[2m2026-08-01T08:01:06.530422Z[0m [32m INFO[0m [2mwgpu_hal::vulkan::instance[0m[2m:[0m 	objects: (type: INSTANCE, hndl: 0xb649ba6ebaa0, name: ?)
[2m2026-08-01T08:01:06.530444Z[0m [32m INFO[0m [2mwgpu_hal::vulkan::instance[0m[2m:[0m GENERAL [Loader Message (0x0)]
	Found manifest file /usr/share/vulkan/implicit_layer.d/VkLayer_MESA_device_select.json (file version 1.0.0)
[2m2026-08-01T08:01:06.530453Z[0m [32m INFO[0m [2mwgpu_hal::vulkan::instance[0m[2m:[0m 	objects: (type: INSTANCE, hndl: 0xb649ba6ebaa0, name: ?)
[2m2026-08-01T08:01:06.530477Z[0m [32m INFO[0m [2mwgpu_hal::vulkan::instance[0m[2m:[0m GENERAL [Loader Message (0x0)]
	Searching for explicit layer manifest files
[2m2026-08-01T08:01:06.530484Z[0m [32m INFO[0m [2mwgpu_hal::vulkan::instance[0m[2m:[0m 	objects: (type: INSTANCE, hndl: 0xb649ba6ebaa0, name: ?)
[2m2026-08-01T08:01:06.530490Z[0m [32m INFO[0m [2mwgpu_hal::vulkan::instance[0m[2m:[0m GENERAL [Loader Message (0x0)]
	   In following locations:
[2m2026-08-01T08:01:06.530496Z[0m [32m INFO[0m [2mwgpu_hal::vulkan::instance[0m[2m:[0m 	objects: (type: INSTANCE, hndl: 0xb649ba6ebaa0, name: ?)
[2m2026-08-01T08:01:06.530502Z[0m [32m INFO[0m [2mwgpu_hal::vulkan::instance[0m[2m:[0m GENERAL [Loader Message (0x0)]
	      /home/ubuntu/.config/vulkan/explicit_layer.d
[2m2026-08-01T08:01:06.530509Z[0m [32m INFO[0m [2mwgpu_hal::vulkan::instance[0m[2m:[0m 	objects: (type: INSTANCE, hndl: 0xb649ba6ebaa0, name: ?)
[2m2026-08-01T08:01:06.530514Z[0m [32m INFO[0m [2mwgpu_hal::vulkan::instance[0m[2m:[0m GENERAL [Loader Message (0x0)]
	      /etc/xdg/vulkan/explicit_layer.d
[2m2026-08-01T08:01:06.530520Z[0m [32m INFO[0m [2mwgpu_hal::vulkan::instance[0m[2m:[0m 	objects: (type: INSTANCE, hndl: 0xb649ba6ebaa0, name: ?)
[2m2026-08-01T08:01:06.530526Z[0m [32m INFO[0m [2mwgpu_hal::vulkan::instance[0m[2m:[0m GENERAL [Loader Message (0x0)]
	      /etc/vulkan/explicit_layer.d
[2m2026-08-01T08:01:06.530532Z[0m [32m INFO[0m [2mwgpu_hal::vulkan::instance[0m[2m:[0m 	objects: (type: INSTANCE, hndl: 0xb649ba6ebaa0, name: ?)
[2m2026-08-01T08:01:06.530538Z[0m [32m INFO[0m [2mwgpu_hal::vulkan::instance[0m[2m:[0m GENERAL [Loader Message (0x0)]
	      /home/ubuntu/.local/share/vulkan/explicit_layer.d
[2m2026-08-01T08:01:06.530544Z[0m [32m INFO[0m [2mwgpu_hal::vulkan::instance[0m[2m:[0m 	objects: (type: INSTANCE, hndl: 0xb649ba6ebaa0, name: ?)
[2m2026-08-01T08:01:06.530550Z[0m [32m INFO[0m [2mwgpu_hal::vulkan::instance[0m[2m:[0m GENERAL [Loader Message (0x0)]
	      /usr/local/share/vulkan/explicit_layer.d
[2m2026-08-01T08:01:06.530556Z[0m [32m INFO[0m [2mwgpu_hal::vulkan::instance[0m[2m:[0m 	objects: (type: INSTANCE, hndl: 0xb649ba6ebaa0, name: ?)
[2m2026-08-01T08:01:06.530561Z[0m [32m INFO[0m [2mwgpu_hal::vulkan::instance[0m[2m:[0m GENERAL [Loader Message (0x0)]
	      /usr/share/vulkan/explicit_layer.d
[2m2026-08-01T08:01:06.530567Z[0m [32m INFO[0m [2mwgpu_hal::vulkan::instance[0m[2m:[0m 	objects: (type: INSTANCE, hndl: 0xb649ba6ebaa0, name: ?)
[2m2026-08-01T08:01:06.530596Z[0m [32m INFO[0m [2mwgpu_hal::vulkan::instance[0m[2m:[0m GENERAL [Loader Message (0x0)]
	   Found the following files:
[2m2026-08-01T08:01:06.530608Z[0m [32m INFO[0m [2mwgpu_hal::vulkan::instance[0m[2m:[0m 	objects: (type: INSTANCE, hndl: 0xb649ba6ebaa0, name: ?)
[2m2026-08-01T08:01:06.530614Z[0m [32m INFO[0m [2mwgpu_hal::vulkan::instance[0m[2m:[0m GENERAL [Loader Message (0x0)]
	      /usr/share/vulkan/explicit_layer.d/VkLayer_MESA_screenshot.json
[2m2026-08-01T08:01:06.530620Z[0m [32m INFO[0m [2mwgpu_hal::vulkan::instance[0m[2m:[0m 	objects: (type: INSTANCE, hndl: 0xb649ba6ebaa0, name: ?)
[2m2026-08-01T08:01:06.530626Z[0m [32m INFO[0m [2mwgpu_hal::vulkan::instance[0m[2m:[0m GENERAL [Loader Message (0x0)]
	      /usr/share/vulkan/explicit_layer.d/VkLayer_MESA_overlay.json
[2m2026-08-01T08:01:06.530633Z[0m [32m INFO[0m [2mwgpu_hal::vulkan::instance[0m[2m:[0m 	objects: (type: INSTANCE, hndl: 0xb649ba6ebaa0, name: ?)
[2m2026-08-01T08:01:06.530638Z[0m [32m INFO[0m [2mwgpu_hal::vulkan::instance[0m[2m:[0m GENERAL [Loader Message (0x0)]
	      /usr/share/vulkan/explicit_layer.d/VkLayer_INTEL_nullhw.json
[2m2026-08-01T08:01:06.530645Z[0m [32m INFO[0m [2mwgpu_hal::vulkan::instance[0m[2m:[0m 	objects: (type: INSTANCE, hndl: 0xb649ba6ebaa0, name: ?)
[2m2026-08-01T08:01:06.530656Z[0m [32m INFO[0m [2mwgpu_hal::vulkan::instance[0m[2m:[0m GENERAL [Loader Message (0x0)]
	Found manifest file /usr/share/vulkan/explicit_layer.d/VkLayer_MESA_screenshot.json (file version 1.0.0)
[2m2026-08-01T08:01:06.530663Z[0m [32m INFO[0m [2mwgpu_hal::vulkan::instance[0m[2m:[0m 	objects: (type: INSTANCE, hndl: 0xb649ba6ebaa0, name: ?)
[2m2026-08-01T08:01:06.530674Z[0m [32m INFO[0m [2mwgpu_hal::vulkan::instance[0m[2m:[0m GENERAL [Loader Message (0x0)]
	Found manifest file /usr/share/vulkan/explicit_layer.d/VkLayer_MESA_overlay.json (file version 1.0.0)
[2m2026-08-01T08:01:06.530682Z[0m [32m INFO[0m [2mwgpu_hal::vulkan::instance[0m[2m:[0m 	objects: (type: INSTANCE, hndl: 0xb649ba6ebaa0, name: ?)
[2m2026-08-01T08:01:06.530692Z[0m [32m INFO[0m [2mwgpu_hal::vulkan::instance[0m[2m:[0m GENERAL [Loader Message (0x0)]
	Found manifest file /usr/share/vulkan/explicit_layer.d/VkLayer_INTEL_nullhw.json (file version 1.0.0)
[2m2026-08-01T08:01:06.530699Z[0m [32m INFO[0m [2mwgpu_hal::vulkan::instance[0m[2m:[0m 	objects: (type: INSTANCE, hndl: 0xb649ba6ebaa0, name: ?)
[2m2026-08-01T08:01:06.530711Z[0m [32m INFO[0m [2mwgpu_hal::vulkan::instance[0m[2m:[0m GENERAL [Loader Message (0x0)]
	Searching for driver manifest files
[2m2026-08-01T08:01:06.530717Z[0m [32m INFO[0m [2mwgpu_hal::vulkan::instance[0m[2m:[0m 	objects: (type: INSTANCE, hndl: 0xb649ba6ebaa0, name: ?)
[2m2026-08-01T08:01:06.530722Z[0m [32m INFO[0m [2mwgpu_hal::vulkan::instance[0m[2m:[0m GENERAL [Loader Message (0x0)]
	   In following locations:
[2m2026-08-01T08:01:06.530728Z[0m [32m INFO[0m [2mwgpu_hal::vulkan::instance[0m[2m:[0m 	objects: (type: INSTANCE, hndl: 0xb649ba6ebaa0, name: ?)
[2m2026-08-01T08:01:06.530734Z[0m [32m INFO[0m [2mwgpu_hal::vulkan::instance[0m[2m:[0m GENERAL [Loader Message (0x0)]
	      /home/ubuntu/.config/vulkan/icd.d
[2m2026-08-01T08:01:06.530740Z[0m [32m INFO[0m [2mwgpu_hal::vulkan::instance[0m[2m:[0m 	objects: (type: INSTANCE, hndl: 0xb649ba6ebaa0, name: ?)
[2m2026-08-01T08:01:06.530745Z[0m [32m INFO[0m [2mwgpu_hal::vulkan::instance[0m[2m:[0m GENERAL [Loader Message (0x0)]
	      /etc/xdg/vulkan/icd.d
[2m2026-08-01T08:01:06.530751Z[0m [32m INFO[0m [2mwgpu_hal::vulkan::instance[0m[2m:[0m 	objects: (type: INSTANCE, hndl: 0xb649ba6ebaa0, name: ?)
[2m2026-08-01T08:01:06.530757Z[0m [32m INFO[0m [2mwgpu_hal::vulkan::instance[0m[2m:[0m GENERAL [Loader Message (0x0)]
	      /etc/vulkan/icd.d
[2m2026-08-01T08:01:06.530763Z[0m [32m INFO[0m [2mwgpu_hal::vulkan::instance[0m[2m:[0m 	objects: (type: INSTANCE, hndl: 0xb649ba6ebaa0, name: ?)
[2m2026-08-01T08:01:06.530768Z[0m [32m INFO[0m [2mwgpu_hal::vulkan::instance[0m[2m:[0m GENERAL [Loader Message (0x0)]
	      /home/ubuntu/.local/share/vulkan/icd.d
[2m2026-08-01T08:01:06.530777Z[0m [32m INFO[0m [2mwgpu_hal::vulkan::instance[0m[2m:[0m 	objects: (type: INSTANCE, hndl: 0xb649ba6ebaa0, name: ?)
[2m2026-08-01T08:01:06.530782Z[0m [32m INFO[0m [2mwgpu_hal::vulkan::instance[0m[2m:[0m GENERAL [Loader Message (0x0)]
	      /usr/local/share/vulkan/icd.d
[2m2026-08-01T08:01:06.530788Z[0m [32m INFO[0m [2mwgpu_hal::vulkan::instance[0m[2m:[0m 	objects: (type: INSTANCE, hndl: 0xb649ba6ebaa0, name: ?)
[2m2026-08-01T08:01:06.530794Z[0m [32m INFO[0m [2mwgpu_hal::vulkan::instance[0m[2m:[0m GENERAL [Loader Message (0x0)]
	      /usr/share/vulkan/icd.d
[2m2026-08-01T08:01:06.530800Z[0m [32m INFO[0m [2mwgpu_hal::vulkan::instance[0m[2m:[0m 	objects: (type: INSTANCE, hndl: 0xb649ba6ebaa0, name: ?)
[2m2026-08-01T08:01:06.530832Z[0m [32m INFO[0m [2mwgpu_hal::vulkan::instance[0m[2m:[0m GENERAL [Loader Message (0x0)]
	   Found the following files:
[2m2026-08-01T08:01:06.530839Z[0m [32m INFO[0m [2mwgpu_hal::vulkan::instance[0m[2m:[0m 	objects: (type: INSTANCE, hndl: 0xb649ba6ebaa0, name: ?)
[2m2026-08-01T08:01:06.530844Z[0m [32m INFO[0m [2mwgpu_hal::vulkan::instance[0m[2m:[0m GENERAL [Loader Message (0x0)]
	      /usr/share/vulkan/icd.d/nouveau_icd.json
[2m2026-08-01T08:01:06.530850Z[0m [32m INFO[0m [2mwgpu_hal::vulkan::instance[0m[2m:[0m 	objects: (type: INSTANCE, hndl: 0xb649ba6ebaa0, name: ?)
[2m2026-08-01T08:01:06.530856Z[0m [32m INFO[0m [2mwgpu_hal::vulkan::instance[0m[2m:[0m GENERAL [Loader Message (0x0)]
	      /usr/share/vulkan/icd.d/broadcom_icd.json
[2m2026-08-01T08:01:06.530862Z[0m [32m INFO[0m [2mwgpu_hal::vulkan::instance[0m[2m:[0m 	objects: (type: INSTANCE, hndl: 0xb649ba6ebaa0, name: ?)
[2m2026-08-01T08:01:06.530868Z[0m [32m INFO[0m [2mwgpu_hal::vulkan::instance[0m[2m:[0m GENERAL [Loader Message (0x0)]
	      /usr/share/vulkan/icd.d/panfrost_icd.json
[2m2026-08-01T08:01:06.530874Z[0m [32m INFO[0m [2mwgpu_hal::vulkan::instance[0m[2m:[0m 	objects: (type: INSTANCE, hndl: 0xb649ba6ebaa0, name: ?)
[2m2026-08-01T08:01:06.530880Z[0m [32m INFO[0m [2mwgpu_hal::vulkan::instance[0m[2m:[0m GENERAL [Loader Message (0x0)]
	      /usr/share/vulkan/icd.d/freedreno_icd.json
[2m2026-08-01T08:01:06.530886Z[0m [32m INFO[0m [2mwgpu_hal::vulkan::instance[0m[2m:[0m 	objects: (type: INSTANCE, hndl: 0xb649ba6ebaa0, name: ?)
[2m2026-08-01T08:01:06.530891Z[0m [32m INFO[0m [2mwgpu_hal::vulkan::instance[0m[2m:[0m GENERAL [Loader Message (0x0)]
	      /usr/share/vulkan/icd.d/gfxstream_vk_icd.json
[2m2026-08-01T08:01:06.530897Z[0m [32m INFO[0m [2mwgpu_hal::vulkan::instance[0m[2m:[0m 	objects: (type: INSTANCE, hndl: 0xb649ba6ebaa0, name: ?)
[2m2026-08-01T08:01:06.530903Z[0m [32m INFO[0m [2mwgpu_hal::vulkan::instance[0m[2m:[0m GENERAL [Loader Message (0x0)]
	      /usr/share/vulkan/icd.d/virtio_icd.json
[2m2026-08-01T08:01:06.530909Z[0m [32m INFO[0m [2mwgpu_hal::vulkan::instance[0m[2m:[0m 	objects: (type: INSTANCE, hndl: 0xb649ba6ebaa0, name: ?)
[2m2026-08-01T08:01:06.530914Z[0m [32m INFO[0m [2mwgpu_hal::vulkan::instance[0m[2m:[0m GENERAL [Loader Message (0x0)]
	      /usr/share/vulkan/icd.d/asahi_icd.json
[2m2026-08-01T08:01:06.530920Z[0m [32m INFO[0m [2mwgpu_hal::vulkan::instance[0m[2m:[0m 	objects: (type: INSTANCE, hndl: 0xb649ba6ebaa0, name: ?)
[2m2026-08-01T08:01:06.530926Z[0m [32m INFO[0m [2mwgpu_hal::vulkan::instance[0m[2m:[0m GENERAL [Loader Message (0x0)]
	      /usr/share/vulkan/icd.d/lvp_icd.json
[2m2026-08-01T08:01:06.530932Z[0m [32m INFO[0m [2mwgpu_hal::vulkan::instance[0m[2m:[0m 	objects: (type: INSTANCE, hndl: 0xb649ba6ebaa0, name: ?)
[2m2026-08-01T08:01:06.530937Z[0m [32m INFO[0m [2mwgpu_hal::vulkan::instance[0m[2m:[0m GENERAL [Loader Message (0x0)]
	      /usr/share/vulkan/icd.d/intel_icd.json
[2m2026-08-01T08:01:06.530943Z[0m [32m INFO[0m [2mwgpu_hal::vulkan::instance[0m[2m:[0m 	objects: (type: INSTANCE, hndl: 0xb649ba6ebaa0, name: ?)
[2m2026-08-01T08:01:06.530958Z[0m [32m INFO[0m [2mwgpu_hal::vulkan::instance[0m[2m:[0m GENERAL [Loader Message (0x0)]
	      /usr/share/vulkan/icd.d/powervr_mesa_icd.json
[2m2026-08-01T08:01:06.530966Z[0m [32m INFO[0m [2mwgpu_hal::vulkan::instance[0m[2m:[0m 	objects: (type: INSTANCE, hndl: 0xb649ba6ebaa0, name: ?)
[2m2026-08-01T08:01:06.530971Z[0m [32m INFO[0m [2mwgpu_hal::vulkan::instance[0m[2m:[0m GENERAL [Loader Message (0x0)]
	      /usr/share/vulkan/icd.d/radeon_icd.json
[2m2026-08-01T08:01:06.530977Z[0m [32m INFO[0m [2mwgpu_hal::vulkan::instance[0m[2m:[0m 	objects: (type: INSTANCE, hndl: 0xb649ba6ebaa0, name: ?)
[2m2026-08-01T08:01:06.530991Z[0m [32m INFO[0m [2mwgpu_hal::vulkan::instance[0m[2m:[0m GENERAL [Loader Message (0x0)]
	Found ICD manifest file /usr/share/vulkan/icd.d/nouveau_icd.json, version 1.0.1
[2m2026-08-01T08:01:06.530998Z[0m [32m INFO[0m [2mwgpu_hal::vulkan::instance[0m[2m:[0m 	objects: (type: INSTANCE, hndl: 0xb649ba6ebaa0, name: ?)
[2m2026-08-01T08:01:06.531059Z[0m [32m INFO[0m [2mwgpu_hal::vulkan::instance[0m[2m:[0m GENERAL [Loader Message (0x0)]
	Found ICD manifest file /usr/share/vulkan/icd.d/broadcom_icd.json, version 1.0.1
[2m2026-08-01T08:01:06.531071Z[0m [32m INFO[0m [2mwgpu_hal::vulkan::instance[0m[2m:[0m 	objects: (type: INSTANCE, hndl: 0xb649ba6ebaa0, name: ?)
[2m2026-08-01T08:01:06.531100Z[0m [32m INFO[0m [2mwgpu_hal::vulkan::instance[0m[2m:[0m GENERAL [Loader Message (0x0)]
	Found ICD manifest file /usr/share/vulkan/icd.d/panfrost_icd.json, version 1.0.1
[2m2026-08-01T08:01:06.531108Z[0m [32m INFO[0m [2mwgpu_hal::vulkan::instance[0m[2m:[0m 	objects: (type: INSTANCE, hndl: 0xb649ba6ebaa0, name: ?)
[2m2026-08-01T08:01:06.531131Z[0m [32m INFO[0m [2mwgpu_hal::vulkan::instance[0m[2m:[0m GENERAL [Loader Message (0x0)]
	Found ICD manifest file /usr/share/vulkan/icd.d/freedreno_icd.json, version 1.0.1
[2m2026-08-01T08:01:06.531138Z[0m [32m INFO[0m [2mwgpu_hal::vulkan::instance[0m[2m:[0m 	objects: (type: INSTANCE, hndl: 0xb649ba6ebaa0, name: ?)
[2m2026-08-01T08:01:06.531161Z[0m [32m INFO[0m [2mwgpu_hal::vulkan::instance[0m[2m:[0m GENERAL [Loader Message (0x0)]
	Found ICD manifest file /usr/share/vulkan/icd.d/gfxstream_vk_icd.json, version 1.0.1
[2m2026-08-01T08:01:06.531168Z[0m [32m INFO[0m [2mwgpu_hal::vulkan::instance[0m[2m:[0m 	objects: (type: INSTANCE, hndl: 0xb649ba6ebaa0, name: ?)
[2m2026-08-01T08:01:06.531185Z[0m [32m INFO[0m [2mwgpu_hal::vulkan::instance[0m[2m:[0m GENERAL [Loader Message (0x0)]
	Found ICD manifest file /usr/share/vulkan/icd.d/virtio_icd.json, version 1.0.1
[2m2026-08-01T08:01:06.531192Z[0m [32m INFO[0m [2mwgpu_hal::vulkan::instance[0m[2m:[0m 	objects: (type: INSTANCE, hndl: 0xb649ba6ebaa0, name: ?)
[2m2026-08-01T08:01:06.531209Z[0m [32m INFO[0m [2mwgpu_hal::vulkan::instance[0m[2m:[0m GENERAL [Loader Message (0x0)]
	Found ICD manifest file /usr/share/vulkan/icd.d/asahi_icd.json, version 1.0.1
[2m2026-08-01T08:01:06.531216Z[0m [32m INFO[0m [2mwgpu_hal::vulkan::instance[0m[2m:[0m 	objects: (type: INSTANCE, hndl: 0xb649ba6ebaa0, name: ?)
[2m2026-08-01T08:01:06.531361Z[0m [32m INFO[0m [2mwgpu_hal::vulkan::instance[0m[2m:[0m GENERAL [Loader Message (0x0)]
	Found ICD manifest file /usr/share/vulkan/icd.d/lvp_icd.json, version 1.0.1
[2m2026-08-01T08:01:06.531384Z[0m [32m INFO[0m [2mwgpu_hal::vulkan::instance[0m[2m:[0m 	objects: (type: INSTANCE, hndl: 0xb649ba6ebaa0, name: ?)
[2m2026-08-01T08:01:06.531437Z[0m [32m INFO[0m [2mwgpu_hal::vulkan::instance[0m[2m:[0m GENERAL [Loader Message (0x0)]
	Found ICD manifest file /usr/share/vulkan/icd.d/intel_icd.json, version 1.0.1
[2m2026-08-01T08:01:06.531450Z[0m [32m INFO[0m [2mwgpu_hal::vulkan::instance[0m[2m:[0m 	objects: (type: INSTANCE, hndl: 0xb649ba6ebaa0, name: ?)
[2m2026-08-01T08:01:06.531474Z[0m [32m INFO[0m [2mwgpu_hal::vulkan::instance[0m[2m:[0m GENERAL [Loader Message (0x0)]
	Found ICD manifest file /usr/share/vulkan/icd.d/powervr_mesa_icd.json, version 1.0.1
[2m2026-08-01T08:01:06.531565Z[0m [32m INFO[0m [2mwgpu_hal::vulkan::instance[0m[2m:[0m 	objects: (type: INSTANCE, hndl: 0xb649ba6ebaa0, name: ?)
[2m2026-08-01T08:01:06.531589Z[0m [32m INFO[0m [2mwgpu_hal::vulkan::instance[0m[2m:[0m GENERAL [Loader Message (0x0)]
	Found ICD manifest file /usr/share/vulkan/icd.d/radeon_icd.json, version 1.0.1
[2m2026-08-01T08:01:06.531597Z[0m [32m INFO[0m [2mwgpu_hal::vulkan::instance[0m[2m:[0m 	objects: (type: INSTANCE, hndl: 0xb649ba6ebaa0, name: ?)
[2m2026-08-01T08:01:06.532520Z[0m [32m INFO[0m [2mwgpu_hal::vulkan::instance[0m[2m:[0m GENERAL [Loader Message (0x0)]
	Insert instance layer "VK_LAYER_MESA_device_select" (/usr/lib/aarch64-linux-gnu/libVkLayer_MESA_device_select.so)
[2m2026-08-01T08:01:06.532538Z[0m [32m INFO[0m [2mwgpu_hal::vulkan::instance[0m[2m:[0m 	objects: (type: INSTANCE, hndl: 0xb649ba6ebaa0, name: ?)
[2m2026-08-01T08:01:06.532547Z[0m [32m INFO[0m [2mwgpu_hal::vulkan::instance[0m[2m:[0m GENERAL [Loader Message (0x0)]
	vkCreateInstance layer callstack setup to:
[2m2026-08-01T08:01:06.532554Z[0m [32m INFO[0m [2mwgpu_hal::vulkan::instance[0m[2m:[0m 	objects: (type: INSTANCE, hndl: 0xb649ba6ebaa0, name: ?)
[2m2026-08-01T08:01:06.532562Z[0m [32m INFO[0m [2mwgpu_hal::vulkan::instance[0m[2m:[0m GENERAL [Loader Message (0x0)]
	   <Application>
[2m2026-08-01T08:01:06.532568Z[0m [32m INFO[0m [2mwgpu_hal::vulkan::instance[0m[2m:[0m 	objects: (type: INSTANCE, hndl: 0xb649ba6ebaa0, name: ?)
[2m2026-08-01T08:01:06.532574Z[0m [32m INFO[0m [2mwgpu_hal::vulkan::instance[0m[2m:[0m GENERAL [Loader Message (0x0)]
	     ||
[2m2026-08-01T08:01:06.532579Z[0m [32m INFO[0m [2mwgpu_hal::vulkan::instance[0m[2m:[0m 	objects: (type: INSTANCE, hndl: 0xb649ba6ebaa0, name: ?)
[2m2026-08-01T08:01:06.532585Z[0m [32m INFO[0m [2mwgpu_hal::vulkan::instance[0m[2m:[0m GENERAL [Loader Message (0x0)]
	   <Loader>
[2m2026-08-01T08:01:06.532591Z[0m [32m INFO[0m [2mwgpu_hal::vulkan::instance[0m[2m:[0m 	objects: (type: INSTANCE, hndl: 0xb649ba6ebaa0, name: ?)
[2m2026-08-01T08:01:06.532597Z[0m [32m INFO[0m [2mwgpu_hal::vulkan::instance[0m[2m:[0m GENERAL [Loader Message (0x0)]
	     ||
[2m2026-08-01T08:01:06.532602Z[0m [32m INFO[0m [2mwgpu_hal::vulkan::instance[0m[2m:[0m 	objects: (type: INSTANCE, hndl: 0xb649ba6ebaa0, name: ?)
[2m2026-08-01T08:01:06.532608Z[0m [32m INFO[0m [2mwgpu_hal::vulkan::instance[0m[2m:[0m GENERAL [Loader Message (0x0)]
	   VK_LAYER_MESA_device_select
[2m2026-08-01T08:01:06.532614Z[0m [32m INFO[0m [2mwgpu_hal::vulkan::instance[0m[2m:[0m 	objects: (type: INSTANCE, hndl: 0xb649ba6ebaa0, name: ?)
[2m2026-08-01T08:01:06.532620Z[0m [32m INFO[0m [2mwgpu_hal::vulkan::instance[0m[2m:[0m GENERAL [Loader Message (0x0)]
	           Type: Implicit
[2m2026-08-01T08:01:06.532626Z[0m [32m INFO[0m [2mwgpu_hal::vulkan::instance[0m[2m:[0m 	objects: (type: INSTANCE, hndl: 0xb649ba6ebaa0, name: ?)
[2m2026-08-01T08:01:06.532632Z[0m [32m INFO[0m [2mwgpu_hal::vulkan::instance[0m[2m:[0m GENERAL [Loader Message (0x0)]
	           Enabled By: Implicit Layer
[2m2026-08-01T08:01:06.532638Z[0m [32m INFO[0m [2mwgpu_hal::vulkan::instance[0m[2m:[0m 	objects: (type: INSTANCE, hndl: 0xb649ba6ebaa0, name: ?)
[2m2026-08-01T08:01:06.532665Z[0m [32m INFO[0m [2mwgpu_hal::vulkan::instance[0m[2m:[0m GENERAL [Loader Message (0x0)]
	               Disable Env Var:  NODEVICE_SELECT
[2m2026-08-01T08:01:06.532675Z[0m [32m INFO[0m [2mwgpu_hal::vulkan::instance[0m[2m:[0m 	objects: (type: INSTANCE, hndl: 0xb649ba6ebaa0, name: ?)
[2m2026-08-01T08:01:06.532681Z[0m [32m INFO[0m [2mwgpu_hal::vulkan::instance[0m[2m:[0m GENERAL [Loader Message (0x0)]
	           Manifest: /usr/share/vulkan/implicit_layer.d/VkLayer_MESA_device_select.json
[2m2026-08-01T08:01:06.532688Z[0m [32m INFO[0m [2mwgpu_hal::vulkan::instance[0m[2m:[0m 	objects: (type: INSTANCE, hndl: 0xb649ba6ebaa0, name: ?)
[2m2026-08-01T08:01:06.532694Z[0m [32m INFO[0m [2mwgpu_hal::vulkan::instance[0m[2m:[0m GENERAL [Loader Message (0x0)]
	           Library:  /usr/lib/aarch64-linux-gnu/libVkLayer_MESA_device_select.so
[2m2026-08-01T08:01:06.532705Z[0m [32m INFO[0m [2mwgpu_hal::vulkan::instance[0m[2m:[0m 	objects: (type: INSTANCE, hndl: 0xb649ba6ebaa0, name: ?)
[2m2026-08-01T08:01:06.532711Z[0m [32m INFO[0m [2mwgpu_hal::vulkan::instance[0m[2m:[0m GENERAL [Loader Message (0x0)]
	     ||
[2m2026-08-01T08:01:06.532717Z[0m [32m INFO[0m [2mwgpu_hal::vulkan::instance[0m[2m:[0m 	objects: (type: INSTANCE, hndl: 0xb649ba6ebaa0, name: ?)
[2m2026-08-01T08:01:06.532722Z[0m [32m INFO[0m [2mwgpu_hal::vulkan::instance[0m[2m:[0m GENERAL [Loader Message (0x0)]
	   <Drivers>
[2m2026-08-01T08:01:06.532728Z[0m [32m INFO[0m [2mwgpu_hal::vulkan::instance[0m[2m:[0m 	objects: (type: INSTANCE, hndl: 0xb649ba6ebaa0, name: ?)
[2m2026-08-01T08:01:06.539766Z[0m [32m INFO[0m [2mwgpu_hal::vulkan::instance[0m[2m:[0m Enabling debug utils
[slopos-compositor/drm] client connected
[2m2026-08-01T08:01:06.544625Z[0m [32m INFO[0m [2mwgpu_hal::gles::egl[0m[2m:[0m Using Wayland platform
[slopos-compositor/drm] client disconnected
[slopos-compositor/drm] client connected
[2m2026-08-01T08:01:06.585856Z[0m [32m INFO[0m [2mwgpu_hal::vulkan::instance[0m[2m:[0m GENERAL [Loader Message (0x0)]
	linux_read_sorted_physical_devices:
[2m2026-08-01T08:01:06.585906Z[0m [32m INFO[0m [2mwgpu_hal::vulkan::instance[0m[2m:[0m 	objects: (type: INSTANCE, hndl: 0xc9606b6c9f20, name: ?)
[2m2026-08-01T08:01:06.585917Z[0m [32m INFO[0m [2mwgpu_hal::vulkan::instance[0m[2m:[0m GENERAL [Loader Message (0x0)]
	     Original order:
[2m2026-08-01T08:01:06.585924Z[0m [32m INFO[0m [2mwgpu_hal::vulkan::instance[0m[2m:[0m 	objects: (type: INSTANCE, hndl: 0xc9606b6c9f20, name: ?)
[2m2026-08-01T08:01:06.585968Z[0m [32m INFO[0m [2mwgpu_hal::vulkan::instance[0m[2m:[0m GENERAL [Loader Message (0x0)]
	           [0] llvmpipe (LLVM 21.1.8, 128 bits)
[2m2026-08-01T08:01:06.585978Z[0m [32m INFO[0m [2mwgpu_hal::vulkan::instance[0m[2m:[0m 	objects: (type: INSTANCE, hndl: 0xc9606b6c9f20, name: ?)
[2m2026-08-01T08:01:06.586000Z[0m [32m INFO[0m [2mwgpu_hal::vulkan::instance[0m[2m:[0m GENERAL [Loader Message (0x0)]
	     Sorted order:
[2m2026-08-01T08:01:06.586006Z[0m [32m INFO[0m [2mwgpu_hal::vulkan::instance[0m[2m:[0m 	objects: (type: INSTANCE, hndl: 0xc9606b6c9f20, name: ?)
[2m2026-08-01T08:01:06.586013Z[0m [32m INFO[0m [2mwgpu_hal::vulkan::instance[0m[2m:[0m GENERAL [Loader Message (0x0)]
	           [0] llvmpipe (LLVM 21.1.8, 128 bits)  
[2m2026-08-01T08:01:06.586019Z[0m [32m INFO[0m [2mwgpu_hal::vulkan::instance[0m[2m:[0m 	objects: (type: INSTANCE, hndl: 0xc9606b6c9f20, name: ?)
[2m2026-08-01T08:01:06.586034Z[0m [32m INFO[0m [2mwgpu_hal::vulkan::instance[0m[2m:[0m GENERAL [Loader Message (0x0)]
	linux_read_sorted_physical_devices:
[2m2026-08-01T08:01:06.586040Z[0m [32m INFO[0m [2mwgpu_hal::vulkan::instance[0m[2m:[0m 	objects: (type: INSTANCE, hndl: 0xc9606b6c9f20, name: ?)
[2m2026-08-01T08:01:06.586046Z[0m [32m INFO[0m [2mwgpu_hal::vulkan::instance[0m[2m:[0m GENERAL [Loader Message (0x0)]
	     Original order:
[2m2026-08-01T08:01:06.586052Z[0m [32m INFO[0m [2mwgpu_hal::vulkan::instance[0m[2m:[0m 	objects: (type: INSTANCE, hndl: 0xc9606b6c9f20, name: ?)
[2m2026-08-01T08:01:06.586061Z[0m [32m INFO[0m [2mwgpu_hal::vulkan::instance[0m[2m:[0m GENERAL [Loader Message (0x0)]
	           [0] llvmpipe (LLVM 21.1.8, 128 bits)
[2m2026-08-01T08:01:06.586067Z[0m [32m INFO[0m [2mwgpu_hal::vulkan::instance[0m[2m:[0m 	objects: (type: INSTANCE, hndl: 0xc9606b6c9f20, name: ?)
[2m2026-08-01T08:01:06.586073Z[0m [32m INFO[0m [2mwgpu_hal::vulkan::instance[0m[2m:[0m GENERAL [Loader Message (0x0)]
	     Sorted order:
[2m2026-08-01T08:01:06.586079Z[0m [32m INFO[0m [2mwgpu_hal::vulkan::instance[0m[2m:[0m 	objects: (type: INSTANCE, hndl: 0xc9606b6c9f20, name: ?)
[2m2026-08-01T08:01:06.586085Z[0m [32m INFO[0m [2mwgpu_hal::vulkan::instance[0m[2m:[0m GENERAL [Loader Message (0x0)]
	           [0] llvmpipe (LLVM 21.1.8, 128 bits)  
[2m2026-08-01T08:01:06.586101Z[0m [32m INFO[0m [2mwgpu_hal::vulkan::instance[0m[2m:[0m 	objects: (type: INSTANCE, hndl: 0xc9606b6c9f20, name: ?)
[slopos-compositor/drm] client connected
[slopos-compositor/drm] client disconnected
[2m2026-08-01T08:01:06.602993Z[0m [32m INFO[0m [2mwgpu_hal::vulkan::instance[0m[2m:[0m GENERAL [Loader Message (0x0)]
	linux_read_sorted_physical_devices:
[2m2026-08-01T08:01:06.603043Z[0m [32m INFO[0m [2mwgpu_hal::vulkan::instance[0m[2m:[0m 	objects: (type: INSTANCE, hndl: 0xc9606b6c9f20, name: ?)
[2m2026-08-01T08:01:06.603053Z[0m [32m INFO[0m [2mwgpu_hal::vulkan::instance[0m[2m:[0m GENERAL [Loader Message (0x0)]
	     Original order:
[2m2026-08-01T08:01:06.603060Z[0m [32m INFO[0m [2mwgpu_hal::vulkan::instance[0m[2m:[0m 	objects: (type: INSTANCE, hndl: 0xc9606b6c9f20, name: ?)
[2m2026-08-01T08:01:06.603075Z[0m [32m INFO[0m [2mwgpu_hal::vulkan::instance[0m[2m:[0m GENERAL [Loader Message (0x0)]
	           [0] llvmpipe (LLVM 21.1.8, 128 bits)
[2m2026-08-01T08:01:06.603081Z[0m [32m INFO[0m [2mwgpu_hal::vulkan::instance[0m[2m:[0m 	objects: (type: INSTANCE, hndl: 0xc9606b6c9f20, name: ?)
[2m2026-08-01T08:01:06.603088Z[0m [32m INFO[0m [2mwgpu_hal::vulkan::instance[0m[2m:[0m GENERAL [Loader Message (0x0)]
	     Sorted order:
[2m2026-08-01T08:01:06.603094Z[0m [32m INFO[0m [2mwgpu_hal::vulkan::instance[0m[2m:[0m 	objects: (type: INSTANCE, hndl: 0xc9606b6c9f20, name: ?)
[2m2026-08-01T08:01:06.603100Z[0m [32m INFO[0m [2mwgpu_hal::vulkan::instance[0m[2m:[0m GENERAL [Loader Message (0x0)]
	           [0] llvmpipe (LLVM 21.1.8, 128 bits)  
[2m2026-08-01T08:01:06.603106Z[0m [32m INFO[0m [2mwgpu_hal::vulkan::instance[0m[2m:[0m 	objects: (type: INSTANCE, hndl: 0xc9606b6c9f20, name: ?)
[2m2026-08-01T08:01:06.603116Z[0m [32m INFO[0m [2mwgpu_hal::vulkan::instance[0m[2m:[0m GENERAL [Loader Message (0x0)]
	linux_read_sorted_physical_devices:
[2m2026-08-01T08:01:06.603122Z[0m [32m INFO[0m [2mwgpu_hal::vulkan::instance[0m[2m:[0m 	objects: (type: INSTANCE, hndl: 0xc9606b6c9f20, name: ?)
[2m2026-08-01T08:01:06.603128Z[0m [32m INFO[0m [2mwgpu_hal::vulkan::instance[0m[2m:[0m GENERAL [Loader Message (0x0)]
	     Original order:
[2m2026-08-01T08:01:06.603134Z[0m [32m INFO[0m [2mwgpu_hal::vulkan::instance[0m[2m:[0m 	objects: (type: INSTANCE, hndl: 0xc9606b6c9f20, name: ?)
[2m2026-08-01T08:01:06.603142Z[0m [32m INFO[0m [2mwgpu_hal::vulkan::instance[0m[2m:[0m GENERAL [Loader Message (0x0)]
	           [0] llvmpipe (LLVM 21.1.8, 128 bits)
[2m2026-08-01T08:01:06.603149Z[0m [32m INFO[0m [2mwgpu_hal::vulkan::instance[0m[2m:[0m 	objects: (type: INSTANCE, hndl: 0xc9606b6c9f20, name: ?)
[2m2026-08-01T08:01:06.603155Z[0m [32m INFO[0m [2mwgpu_hal::vulkan::instance[0m[2m:[0m GENERAL [Loader Message (0x0)]
	     Sorted order:
[2m2026-08-01T08:01:06.603160Z[0m [32m INFO[0m [2mwgpu_hal::vulkan::instance[0m[2m:[0m 	objects: (type: INSTANCE, hndl: 0xc9606b6c9f20, name: ?)
[2m2026-08-01T08:01:06.603166Z[0m [32m INFO[0m [2mwgpu_hal::vulkan::instance[0m[2m:[0m GENERAL [Loader Message (0x0)]
	           [0] llvmpipe (LLVM 21.1.8, 128 bits)  
[2m2026-08-01T08:01:06.603172Z[0m [32m INFO[0m [2mwgpu_hal::vulkan::instance[0m[2m:[0m 	objects: (type: INSTANCE, hndl: 0xc9606b6c9f20, name: ?)
[slopos-compositor/drm] client connected
[slopos-compositor/drm] client disconnected
[2m2026-08-01T08:01:06.620078Z[0m [32m INFO[0m [2mwgpu_hal::vulkan::instance[0m[2m:[0m GENERAL [Loader Message (0x0)]
	Removing driver /usr/lib/aarch64-linux-gnu/libvulkan_radeon.so due to not having any physical devices
[2m2026-08-01T08:01:06.620172Z[0m [32m INFO[0m [2mwgpu_hal::vulkan::instance[0m[2m:[0m 	objects: (type: INSTANCE, hndl: 0xc9606b6c9f20, name: ?)
[2m2026-08-01T08:01:06.620532Z[0m [32m INFO[0m [2mwgpu_hal::vulkan::instance[0m[2m:[0m GENERAL [Loader Message (0x0)]
	Removing driver /usr/lib/aarch64-linux-gnu/libvulkan_powervr_mesa.so due to not having any physical devices
[2m2026-08-01T08:01:06.620582Z[0m [32m INFO[0m [2mwgpu_hal::vulkan::instance[0m[2m:[0m 	objects: (type: INSTANCE, hndl: 0xc9606b6c9f20, name: ?)
[2m2026-08-01T08:01:06.620713Z[0m [32m INFO[0m [2mwgpu_hal::vulkan::instance[0m[2m:[0m GENERAL [Loader Message (0x0)]
	Removing driver /usr/lib/aarch64-linux-gnu/libvulkan_intel.so due to not having any physical devices
[2m2026-08-01T08:01:06.620729Z[0m [32m INFO[0m [2mwgpu_hal::vulkan::instance[0m[2m:[0m 	objects: (type: INSTANCE, hndl: 0xc9606b6c9f20, name: ?)
[2m2026-08-01T08:01:06.620852Z[0m [32m INFO[0m [2mwgpu_hal::vulkan::instance[0m[2m:[0m GENERAL [Loader Message (0x0)]
	Removing driver /usr/lib/aarch64-linux-gnu/libvulkan_asahi.so due to not having any physical devices
[2m2026-08-01T08:01:06.620865Z[0m [32m INFO[0m [2mwgpu_hal::vulkan::instance[0m[2m:[0m 	objects: (type: INSTANCE, hndl: 0xc9606b6c9f20, name: ?)
[2m2026-08-01T08:01:06.620973Z[0m [32m INFO[0m [2mwgpu_hal::vulkan::instance[0m[2m:[0m GENERAL [Loader Message (0x0)]
	Removing driver /usr/lib/aarch64-linux-gnu/libvulkan_virtio.so due to not having any physical devices
[2m2026-08-01T08:01:06.620983Z[0m [32m INFO[0m [2mwgpu_hal::vulkan::instance[0m[2m:[0m 	objects: (type: INSTANCE, hndl: 0xc9606b6c9f20, name: ?)
[2m2026-08-01T08:01:06.621035Z[0m [32m INFO[0m [2mwgpu_hal::vulkan::instance[0m[2m:[0m GENERAL [Loader Message (0x0)]
	Removing driver /usr/lib/aarch64-linux-gnu/libvulkan_gfxstream.so due to not having any physical devices
[2m2026-08-01T08:01:06.621050Z[0m [32m INFO[0m [2mwgpu_hal::vulkan::instance[0m[2m:[0m 	objects: (type: INSTANCE, hndl: 0xc9606b6c9f20, name: ?)
[2m2026-08-01T08:01:06.621134Z[0m [32m INFO[0m [2mwgpu_hal::vulkan::instance[0m[2m:[0m GENERAL [Loader Message (0x0)]
	Removing driver /usr/lib/aarch64-linux-gnu/libvulkan_freedreno.so due to not having any physical devices
[2m2026-08-01T08:01:06.621146Z[0m [32m INFO[0m [2mwgpu_hal::vulkan::instance[0m[2m:[0m 	objects: (type: INSTANCE, hndl: 0xc9606b6c9f20, name: ?)
[2m2026-08-01T08:01:06.621369Z[0m [32m INFO[0m [2mwgpu_hal::vulkan::instance[0m[2m:[0m GENERAL [Loader Message (0x0)]
	Removing driver /usr/lib/aarch64-linux-gnu/libvulkan_panfrost.so due to not having any physical devices
[2m2026-08-01T08:01:06.621396Z[0m [32m INFO[0m [2mwgpu_hal::vulkan::instance[0m[2m:[0m 	objects: (type: INSTANCE, hndl: 0xc9606b6c9f20, name: ?)
[2m2026-08-01T08:01:06.621685Z[0m [32m INFO[0m [2mwgpu_hal::vulkan::instance[0m[2m:[0m GENERAL [Loader Message (0x0)]
	Removing driver /usr/lib/aarch64-linux-gnu/libvulkan_broadcom.so due to not having any physical devices
[2m2026-08-01T08:01:06.621700Z[0m [32m INFO[0m [2mwgpu_hal::vulkan::instance[0m[2m:[0m 	objects: (type: INSTANCE, hndl: 0xc9606b6c9f20, name: ?)
[2m2026-08-01T08:01:06.621769Z[0m [32m INFO[0m [2mwgpu_hal::vulkan::instance[0m[2m:[0m GENERAL [Loader Message (0x0)]
	Removing driver /usr/lib/aarch64-linux-gnu/libvulkan_nouveau.so due to not having any physical devices
[2m2026-08-01T08:01:06.621779Z[0m [32m INFO[0m [2mwgpu_hal::vulkan::instance[0m[2m:[0m 	objects: (type: INSTANCE, hndl: 0xc9606b6c9f20, name: ?)
[2m2026-08-01T08:01:06.627089Z[0m [33m WARN[0m [2mwgpu_hal::gles::egl[0m[2m:[0m Re-initializing Gles context due to Wayland window
[slopos-compositor/drm] client disconnected
[2m2026-08-01T08:01:06.740926Z[0m [32m INFO[0m [2mwgpu_hal::vulkan::instance[0m[2m:[0m GENERAL [Loader Message (0x0)]
	linux_read_sorted_physical_devices:
[2m2026-08-01T08:01:06.740989Z[0m [32m INFO[0m [2mwgpu_hal::vulkan::instance[0m[2m:[0m 	objects: (type: INSTANCE, hndl: 0xb649ba6ebaa0, name: ?)
[2m2026-08-01T08:01:06.741001Z[0m [32m INFO[0m [2mwgpu_hal::vulkan::instance[0m[2m:[0m GENERAL [Loader Message (0x0)]
	     Original order:
[2m2026-08-01T08:01:06.741009Z[0m [32m INFO[0m [2mwgpu_hal::vulkan::instance[0m[2m:[0m 	objects: (type: INSTANCE, hndl: 0xb649ba6ebaa0, name: ?)
[2m2026-08-01T08:01:06.741048Z[0m [32m INFO[0m [2mwgpu_hal::vulkan::instance[0m[2m:[0m GENERAL [Loader Message (0x0)]
	           [0] llvmpipe (LLVM 21.1.8, 128 bits)
[2m2026-08-01T08:01:06.741061Z[0m [32m INFO[0m [2mwgpu_hal::vulkan::instance[0m[2m:[0m 	objects: (type: INSTANCE, hndl: 0xb649ba6ebaa0, name: ?)
[2m2026-08-01T08:01:06.741069Z[0m [32m INFO[0m [2mwgpu_hal::vulkan::instance[0m[2m:[0m GENERAL [Loader Message (0x0)]
	     Sorted order:
[2m2026-08-01T08:01:06.741075Z[0m [32m INFO[0m [2mwgpu_hal::vulkan::instance[0m[2m:[0m 	objects: (type: INSTANCE, hndl: 0xb649ba6ebaa0, name: ?)
[2m2026-08-01T08:01:06.741081Z[0m [32m INFO[0m [2mwgpu_hal::vulkan::instance[0m[2m:[0m GENERAL [Loader Message (0x0)]
	           [0] llvmpipe (LLVM 21.1.8, 128 bits)  
[2m2026-08-01T08:01:06.741088Z[0m [32m INFO[0m [2mwgpu_hal::vulkan::instance[0m[2m:[0m 	objects: (type: INSTANCE, hndl: 0xb649ba6ebaa0, name: ?)
[2m2026-08-01T08:01:06.741103Z[0m [32m INFO[0m [2mwgpu_hal::vulkan::instance[0m[2m:[0m GENERAL [Loader Message (0x0)]
	linux_read_sorted_physical_devices:
[2m2026-08-01T08:01:06.741111Z[0m [32m INFO[0m [2mwgpu_hal::vulkan::instance[0m[2m:[0m 	objects: (type: INSTANCE, hndl: 0xb649ba6ebaa0, name: ?)
[2m2026-08-01T08:01:06.741119Z[0m [32m INFO[0m [2mwgpu_hal::vulkan::instance[0m[2m:[0m GENERAL [Loader Message (0x0)]
	     Original order:
[2m2026-08-01T08:01:06.741129Z[0m [32m INFO[0m [2mwgpu_hal::vulkan::instance[0m[2m:[0m 	objects: (type: INSTANCE, hndl: 0xb649ba6ebaa0, name: ?)
[2m2026-08-01T08:01:06.741143Z[0m [32m INFO[0m [2mwgpu_hal::vulkan::instance[0m[2m:[0m GENERAL [Loader Message (0x0)]
	           [0] llvmpipe (LLVM 21.1.8, 128 bits)
[2m2026-08-01T08:01:06.741150Z[0m [32m INFO[0m [2mwgpu_hal::vulkan::instance[0m[2m:[0m 	objects: (type: INSTANCE, hndl: 0xb649ba6ebaa0, name: ?)
[2m2026-08-01T08:01:06.741160Z[0m [32m INFO[0m [2mwgpu_hal::vulkan::instance[0m[2m:[0m GENERAL [Loader Message (0x0)]
	     Sorted order:
[2m2026-08-01T08:01:06.741171Z[0m [32m INFO[0m [2mwgpu_hal::vulkan::instance[0m[2m:[0m 	objects: (type: INSTANCE, hndl: 0xb649ba6ebaa0, name: ?)
[2m2026-08-01T08:01:06.741181Z[0m [32m INFO[0m [2mwgpu_hal::vulkan::instance[0m[2m:[0m GENERAL [Loader Message (0x0)]
	           [0] llvmpipe (LLVM 21.1.8, 128 bits)  
[2m2026-08-01T08:01:06.741189Z[0m [32m INFO[0m [2mwgpu_hal::vulkan::instance[0m[2m:[0m 	objects: (type: INSTANCE, hndl: 0xb649ba6ebaa0, name: ?)
[slopos-compositor/drm] client connected
[slopos-compositor/drm] client disconnected
[2m2026-08-01T08:01:06.760850Z[0m [32m INFO[0m [2mwgpu_hal::vulkan::instance[0m[2m:[0m GENERAL [Loader Message (0x0)]
	linux_read_sorted_physical_devices:
[2m2026-08-01T08:01:06.760906Z[0m [32m INFO[0m [2mwgpu_hal::vulkan::instance[0m[2m:[0m 	objects: (type: INSTANCE, hndl: 0xb649ba6ebaa0, name: ?)
[2m2026-08-01T08:01:06.760917Z[0m [32m INFO[0m [2mwgpu_hal::vulkan::instance[0m[2m:[0m GENERAL [Loader Message (0x0)]
	     Original order:
[2m2026-08-01T08:01:06.760923Z[0m [32m INFO[0m [2mwgpu_hal::vulkan::instance[0m[2m:[0m 	objects: (type: INSTANCE, hndl: 0xb649ba6ebaa0, name: ?)
[2m2026-08-01T08:01:06.760939Z[0m [32m INFO[0m [2mwgpu_hal::vulkan::instance[0m[2m:[0m GENERAL [Loader Message (0x0)]
	           [0] llvmpipe (LLVM 21.1.8, 128 bits)
[2m2026-08-01T08:01:06.760946Z[0m [32m INFO[0m [2mwgpu_hal::vulkan::instance[0m[2m:[0m 	objects: (type: INSTANCE, hndl: 0xb649ba6ebaa0, name: ?)
[2m2026-08-01T08:01:06.760952Z[0m [32m INFO[0m [2mwgpu_hal::vulkan::instance[0m[2m:[0m GENERAL [Loader Message (0x0)]
	     Sorted order:
[2m2026-08-01T08:01:06.760963Z[0m [32m INFO[0m [2mwgpu_hal::vulkan::instance[0m[2m:[0m 	objects: (type: INSTANCE, hndl: 0xb649ba6ebaa0, name: ?)
[2m2026-08-01T08:01:06.760970Z[0m [32m INFO[0m [2mwgpu_hal::vulkan::instance[0m[2m:[0m GENERAL [Loader Message (0x0)]
	           [0] llvmpipe (LLVM 21.1.8, 128 bits)  
[2m2026-08-01T08:01:06.760989Z[0m [32m INFO[0m [2mwgpu_hal::vulkan::instance[0m[2m:[0m 	objects: (type: INSTANCE, hndl: 0xb649ba6ebaa0, name: ?)
[2m2026-08-01T08:01:06.761003Z[0m [32m INFO[0m [2mwgpu_hal::vulkan::instance[0m[2m:[0m GENERAL [Loader Message (0x0)]
	linux_read_sorted_physical_devices:
[2m2026-08-01T08:01:06.761010Z[0m [32m INFO[0m [2mwgpu_hal::vulkan::instance[0m[2m:[0m 	objects: (type: INSTANCE, hndl: 0xb649ba6ebaa0, name: ?)
[2m2026-08-01T08:01:06.761015Z[0m [32m INFO[0m [2mwgpu_hal::vulkan::instance[0m[2m:[0m GENERAL [Loader Message (0x0)]
	     Original order:
[2m2026-08-01T08:01:06.761021Z[0m [32m INFO[0m [2mwgpu_hal::vulkan::instance[0m[2m:[0m 	objects: (type: INSTANCE, hndl: 0xb649ba6ebaa0, name: ?)
[2m2026-08-01T08:01:06.761030Z[0m [32m INFO[0m [2mwgpu_hal::vulkan::instance[0m[2m:[0m GENERAL [Loader Message (0x0)]
	           [0] llvmpipe (LLVM 21.1.8, 128 bits)
[2m2026-08-01T08:01:06.761036Z[0m [32m INFO[0m [2mwgpu_hal::vulkan::instance[0m[2m:[0m 	objects: (type: INSTANCE, hndl: 0xb649ba6ebaa0, name: ?)
[2m2026-08-01T08:01:06.761042Z[0m [32m INFO[0m [2mwgpu_hal::vulkan::instance[0m[2m:[0m GENERAL [Loader Message (0x0)]
	     Sorted order:
[2m2026-08-01T08:01:06.761048Z[0m [32m INFO[0m [2mwgpu_hal::vulkan::instance[0m[2m:[0m 	objects: (type: INSTANCE, hndl: 0xb649ba6ebaa0, name: ?)
[2m2026-08-01T08:01:06.761053Z[0m [32m INFO[0m [2mwgpu_hal::vulkan::instance[0m[2m:[0m GENERAL [Loader Message (0x0)]
	           [0] llvmpipe (LLVM 21.1.8, 128 bits)  
[2m2026-08-01T08:01:06.761059Z[0m [32m INFO[0m [2mwgpu_hal::vulkan::instance[0m[2m:[0m 	objects: (type: INSTANCE, hndl: 0xb649ba6ebaa0, name: ?)
[slopos-compositor/drm] client connected
[slopos-compositor/drm] client disconnected
[2m2026-08-01T08:01:06.777984Z[0m [32m INFO[0m [2mwgpu_hal::vulkan::instance[0m[2m:[0m GENERAL [Loader Message (0x0)]
	Removing driver /usr/lib/aarch64-linux-gnu/libvulkan_radeon.so due to not having any physical devices
[2m2026-08-01T08:01:06.778032Z[0m [32m INFO[0m [2mwgpu_hal::vulkan::instance[0m[2m:[0m 	objects: (type: INSTANCE, hndl: 0xb649ba6ebaa0, name: ?)
[2m2026-08-01T08:01:06.778336Z[0m [32m INFO[0m [2mwgpu_hal::vulkan::instance[0m[2m:[0m GENERAL [Loader Message (0x0)]
	Removing driver /usr/lib/aarch64-linux-gnu/libvulkan_powervr_mesa.so due to not having any physical devices
[2m2026-08-01T08:01:06.778361Z[0m [32m INFO[0m [2mwgpu_hal::vulkan::instance[0m[2m:[0m 	objects: (type: INSTANCE, hndl: 0xb649ba6ebaa0, name: ?)
[2m2026-08-01T08:01:06.778507Z[0m [32m INFO[0m [2mwgpu_hal::vulkan::instance[0m[2m:[0m GENERAL [Loader Message (0x0)]
	Removing driver /usr/lib/aarch64-linux-gnu/libvulkan_intel.so due to not having any physical devices
[2m2026-08-01T08:01:06.778518Z[0m [32m INFO[0m [2mwgpu_hal::vulkan::instance[0m[2m:[0m 	objects: (type: INSTANCE, hndl: 0xb649ba6ebaa0, name: ?)
[2m2026-08-01T08:01:06.778680Z[0m [32m INFO[0m [2mwgpu_hal::vulkan::instance[0m[2m:[0m GENERAL [Loader Message (0x0)]
	Removing driver /usr/lib/aarch64-linux-gnu/libvulkan_asahi.so due to not having any physical devices
[2m2026-08-01T08:01:06.778692Z[0m [32m INFO[0m [2mwgpu_hal::vulkan::instance[0m[2m:[0m 	objects: (type: INSTANCE, hndl: 0xb649ba6ebaa0, name: ?)
[2m2026-08-01T08:01:06.778799Z[0m [32m INFO[0m [2mwgpu_hal::vulkan::instance[0m[2m:[0m GENERAL [Loader Message (0x0)]
	Removing driver /usr/lib/aarch64-linux-gnu/libvulkan_virtio.so due to not having any physical devices
[2m2026-08-01T08:01:06.778809Z[0m [32m INFO[0m [2mwgpu_hal::vulkan::instance[0m[2m:[0m 	objects: (type: INSTANCE, hndl: 0xb649ba6ebaa0, name: ?)
[2m2026-08-01T08:01:06.778939Z[0m [32m INFO[0m [2mwgpu_hal::vulkan::instance[0m[2m:[0m GENERAL [Loader Message (0x0)]
	Removing driver /usr/lib/aarch64-linux-gnu/libvulkan_gfxstream.so due to not having any physical devices
[2m2026-08-01T08:01:06.778949Z[0m [32m INFO[0m [2mwgpu_hal::vulkan::instance[0m[2m:[0m 	objects: (type: INSTANCE, hndl: 0xb649ba6ebaa0, name: ?)
[2m2026-08-01T08:01:06.779052Z[0m [32m INFO[0m [2mwgpu_hal::vulkan::instance[0m[2m:[0m GENERAL [Loader Message (0x0)]
	Removing driver /usr/lib/aarch64-linux-gnu/libvulkan_freedreno.so due to not having any physical devices
[2m2026-08-01T08:01:06.779062Z[0m [32m INFO[0m [2mwgpu_hal::vulkan::instance[0m[2m:[0m 	objects: (type: INSTANCE, hndl: 0xb649ba6ebaa0, name: ?)
[2m2026-08-01T08:01:06.779169Z[0m [32m INFO[0m [2mwgpu_hal::vulkan::instance[0m[2m:[0m GENERAL [Loader Message (0x0)]
	Removing driver /usr/lib/aarch64-linux-gnu/libvulkan_panfrost.so due to not having any physical devices
[2m2026-08-01T08:01:06.779179Z[0m [32m INFO[0m [2mwgpu_hal::vulkan::instance[0m[2m:[0m 	objects: (type: INSTANCE, hndl: 0xb649ba6ebaa0, name: ?)
[2m2026-08-01T08:01:06.779363Z[0m [32m INFO[0m [2mwgpu_hal::vulkan::instance[0m[2m:[0m GENERAL [Loader Message (0x0)]
	Removing driver /usr/lib/aarch64-linux-gnu/libvulkan_broadcom.so due to not having any physical devices
[2m2026-08-01T08:01:06.779381Z[0m [32m INFO[0m [2mwgpu_hal::vulkan::instance[0m[2m:[0m 	objects: (type: INSTANCE, hndl: 0xb649ba6ebaa0, name: ?)
[2m2026-08-01T08:01:06.779453Z[0m [32m INFO[0m [2mwgpu_hal::vulkan::instance[0m[2m:[0m GENERAL [Loader Message (0x0)]
	Removing driver /usr/lib/aarch64-linux-gnu/libvulkan_nouveau.so due to not having any physical devices
[2m2026-08-01T08:01:06.779464Z[0m [32m INFO[0m [2mwgpu_hal::vulkan::instance[0m[2m:[0m 	objects: (type: INSTANCE, hndl: 0xb649ba6ebaa0, name: ?)
[2m2026-08-01T08:01:06.779569Z[0m [32m INFO[0m [2mwgpu_core::instance[0m[2m:[0m Adapter Vulkan AdapterInfo { name: "llvmpipe (LLVM 21.1.8, 128 bits)", vendor: 65541, device: 0, device_type: Cpu, driver: "llvmpipe", driver_info: "Mesa 26.0.3-1ubuntu1 (LLVM 21.1.8)", backend: Vulkan }
[2m2026-08-01T08:01:06.779972Z[0m [32m INFO[0m [2mwgpu_hal::vulkan::instance[0m[2m:[0m GENERAL [Loader Message (0x0)]
	Failed to find vkGetDeviceProcAddr in layer "/usr/lib/aarch64-linux-gnu/libVkLayer_MESA_device_select.so"
[2m2026-08-01T08:01:06.780006Z[0m [32m INFO[0m [2mwgpu_hal::vulkan::instance[0m[2m:[0m 	objects: (type: INSTANCE, hndl: 0xc9606b6c9f20, name: ?)
[2m2026-08-01T08:01:06.780018Z[0m [32m INFO[0m [2mwgpu_hal::vulkan::instance[0m[2m:[0m GENERAL [Loader Message (0x0)]
	vkCreateDevice layer callstack setup to:
[2m2026-08-01T08:01:06.780024Z[0m [32m INFO[0m [2mwgpu_hal::vulkan::instance[0m[2m:[0m 	objects: (type: INSTANCE, hndl: 0xc9606b6c9f20, name: ?)
[2m2026-08-01T08:01:06.780030Z[0m [32m INFO[0m [2mwgpu_hal::vulkan::instance[0m[2m:[0m GENERAL [Loader Message (0x0)]
	   <Application>
[2m2026-08-01T08:01:06.780036Z[0m [32m INFO[0m [2mwgpu_hal::vulkan::instance[0m[2m:[0m 	objects: (type: INSTANCE, hndl: 0xc9606b6c9f20, name: ?)
[2m2026-08-01T08:01:06.780042Z[0m [32m INFO[0m [2mwgpu_hal::vulkan::instance[0m[2m:[0m GENERAL [Loader Message (0x0)]
	     ||
[2m2026-08-01T08:01:06.780047Z[0m [32m INFO[0m [2mwgpu_hal::vulkan::instance[0m[2m:[0m 	objects: (type: INSTANCE, hndl: 0xc9606b6c9f20, name: ?)
[2m2026-08-01T08:01:06.780053Z[0m [32m INFO[0m [2mwgpu_hal::vulkan::instance[0m[2m:[0m GENERAL [Loader Message (0x0)]
	   <Loader>
[2m2026-08-01T08:01:06.780059Z[0m [32m INFO[0m [2mwgpu_hal::vulkan::instance[0m[2m:[0m 	objects: (type: INSTANCE, hndl: 0xc9606b6c9f20, name: ?)
[2m2026-08-01T08:01:06.780064Z[0m [32m INFO[0m [2mwgpu_hal::vulkan::instance[0m[2m:[0m GENERAL [Loader Message (0x0)]
	     ||
[2m2026-08-01T08:01:06.780070Z[0m [32m INFO[0m [2mwgpu_hal::vulkan::instance[0m[2m:[0m 	objects: (type: INSTANCE, hndl: 0xc9606b6c9f20, name: ?)
[2m2026-08-01T08:01:06.780075Z[0m [32m INFO[0m [2mwgpu_hal::vulkan::instance[0m[2m:[0m GENERAL [Loader Message (0x0)]
	   <Device>
[2m2026-08-01T08:01:06.780081Z[0m [32m INFO[0m [2mwgpu_hal::vulkan::instance[0m[2m:[0m 	objects: (type: INSTANCE, hndl: 0xc9606b6c9f20, name: ?)
[2m2026-08-01T08:01:06.780148Z[0m [32m INFO[0m [2mwgpu_hal::vulkan::instance[0m[2m:[0m GENERAL [Loader Message (0x0)]
	       Using "llvmpipe (LLVM 21.1.8, 128 bits)" with driver: "/usr/lib/aarch64-linux-gnu/libvulkan_lvp.so"
[2m2026-08-01T08:01:06.780189Z[0m [32m INFO[0m [2mwgpu_hal::vulkan::instance[0m[2m:[0m 	objects: (type: INSTANCE, hndl: 0xc9606b6c9f20, name: ?)
[slopos-compositor/drm] client disconnected
[2m2026-08-01T08:01:06.966911Z[0m [32m INFO[0m [2mwgpu_core::instance[0m[2m:[0m Adapter Vulkan AdapterInfo { name: "llvmpipe (LLVM 21.1.8, 128 bits)", vendor: 65541, device: 0, device_type: Cpu, driver: "llvmpipe", driver_info: "Mesa 26.0.3-1ubuntu1 (LLVM 21.1.8)", backend: Vulkan }
[2m2026-08-01T08:01:06.968615Z[0m [32m INFO[0m [2mwgpu_hal::vulkan::instance[0m[2m:[0m GENERAL [Loader Message (0x0)]
	Failed to find vkGetDeviceProcAddr in layer "/usr/lib/aarch64-linux-gnu/libVkLayer_MESA_device_select.so"
[2m2026-08-01T08:01:06.968656Z[0m [32m INFO[0m [2mwgpu_hal::vulkan::instance[0m[2m:[0m 	objects: (type: INSTANCE, hndl: 0xb649ba6ebaa0, name: ?)
[2m2026-08-01T08:01:06.968665Z[0m [32m INFO[0m [2mwgpu_hal::vulkan::instance[0m[2m:[0m GENERAL [Loader Message (0x0)]
	vkCreateDevice layer callstack setup to:
[2m2026-08-01T08:01:06.968672Z[0m [32m INFO[0m [2mwgpu_hal::vulkan::instance[0m[2m:[0m 	objects: (type: INSTANCE, hndl: 0xb649ba6ebaa0, name: ?)
[2m2026-08-01T08:01:06.968677Z[0m [32m INFO[0m [2mwgpu_hal::vulkan::instance[0m[2m:[0m GENERAL [Loader Message (0x0)]
	   <Application>
[2m2026-08-01T08:01:06.968683Z[0m [32m INFO[0m [2mwgpu_hal::vulkan::instance[0m[2m:[0m 	objects: (type: INSTANCE, hndl: 0xb649ba6ebaa0, name: ?)
[2m2026-08-01T08:01:06.968689Z[0m [32m INFO[0m [2mwgpu_hal::vulkan::instance[0m[2m:[0m GENERAL [Loader Message (0x0)]
	     ||
[2m2026-08-01T08:01:06.968694Z[0m [32m INFO[0m [2mwgpu_hal::vulkan::instance[0m[2m:[0m 	objects: (type: INSTANCE, hndl: 0xb649ba6ebaa0, name: ?)
[2m2026-08-01T08:01:06.968699Z[0m [32m INFO[0m [2mwgpu_hal::vulkan::instance[0m[2m:[0m GENERAL [Loader Message (0x0)]
	   <Loader>
[2m2026-08-01T08:01:06.968705Z[0m [32m INFO[0m [2mwgpu_hal::vulkan::instance[0m[2m:[0m 	objects: (type: INSTANCE, hndl: 0xb649ba6ebaa0, name: ?)
[2m2026-08-01T08:01:06.968710Z[0m [32m INFO[0m [2mwgpu_hal::vulkan::instance[0m[2m:[0m GENERAL [Loader Message (0x0)]
	     ||
[2m2026-08-01T08:01:06.968715Z[0m [32m INFO[0m [2mwgpu_hal::vulkan::instance[0m[2m:[0m 	objects: (type: INSTANCE, hndl: 0xb649ba6ebaa0, name: ?)
[2m2026-08-01T08:01:06.968721Z[0m [32m INFO[0m [2mwgpu_hal::vulkan::instance[0m[2m:[0m GENERAL [Loader Message (0x0)]
	   <Device>
[2m2026-08-01T08:01:06.968726Z[0m [32m INFO[0m [2mwgpu_hal::vulkan::instance[0m[2m:[0m 	objects: (type: INSTANCE, hndl: 0xb649ba6ebaa0, name: ?)
[2m2026-08-01T08:01:06.968789Z[0m [32m INFO[0m [2mwgpu_hal::vulkan::instance[0m[2m:[0m GENERAL [Loader Message (0x0)]
	       Using "llvmpipe (LLVM 21.1.8, 128 bits)" with driver: "/usr/lib/aarch64-linux-gnu/libvulkan_lvp.so"
[2m2026-08-01T08:01:06.968797Z[0m [32m INFO[0m [2mwgpu_hal::vulkan::instance[0m[2m:[0m 	objects: (type: INSTANCE, hndl: 0xb649ba6ebaa0, name: ?)
[2m2026-08-01T08:01:07.148906Z[0m [32m INFO[0m [2mwgpu_core::device::resource[0m[2m:[0m Device::maintain: waiting for submission index 0
[2m2026-08-01T08:01:07.214058Z[0m [33m WARN[0m [2mwgpu_hal::vulkan::instance[0m[2m:[0m InstanceFlags::VALIDATION requested, but unable to find layer: VK_LAYER_KHRONOS_validation
[2m2026-08-01T08:01:07.214106Z[0m [32m INFO[0m [2mwgpu_hal::vulkan::instance[0m[2m:[0m GENERAL [Loader Message (0x0)]
	No valid vk_loader_settings.json file found, no loader settings will be active
[2m2026-08-01T08:01:07.214123Z[0m [32m INFO[0m [2mwgpu_hal::vulkan::instance[0m[2m:[0m 	objects: (type: INSTANCE, hndl: 0xc9606c048540, name: ?)
[2m2026-08-01T08:01:07.214132Z[0m [32m INFO[0m [2mwgpu_hal::vulkan::instance[0m[2m:[0m GENERAL [Loader Message (0x0)]
	Searching for implicit layer manifest files
[2m2026-08-01T08:01:07.214140Z[0m [32m INFO[0m [2mwgpu_hal::vulkan::instance[0m[2m:[0m 	objects: (type: INSTANCE, hndl: 0xc9606c048540, name: ?)
[2m2026-08-01T08:01:07.214160Z[0m [32m INFO[0m [2mwgpu_hal::vulkan::instance[0m[2m:[0m GENERAL [Loader Message (0x0)]
	   In following locations:
[2m2026-08-01T08:01:07.214168Z[0m [32m INFO[0m [2mwgpu_hal::vulkan::instance[0m[2m:[0m 	objects: (type: INSTANCE, hndl: 0xc9606c048540, name: ?)
[2m2026-08-01T08:01:07.214174Z[0m [32m INFO[0m [2mwgpu_hal::vulkan::instance[0m[2m:[0m GENERAL [Loader Message (0x0)]
	      /home/ubuntu/.config/vulkan/implicit_layer.d
[2m2026-08-01T08:01:07.214180Z[0m [32m INFO[0m [2mwgpu_hal::vulkan::instance[0m[2m:[0m 	objects: (type: INSTANCE, hndl: 0xc9606c048540, name: ?)
[2m2026-08-01T08:01:07.214186Z[0m [32m INFO[0m [2mwgpu_hal::vulkan::instance[0m[2m:[0m GENERAL [Loader Message (0x0)]
	      /etc/xdg/vulkan/implicit_layer.d
[2m2026-08-01T08:01:07.214192Z[0m [32m INFO[0m [2mwgpu_hal::vulkan::instance[0m[2m:[0m 	objects: (type: INSTANCE, hndl: 0xc9606c048540, name: ?)
[2m2026-08-01T08:01:07.214198Z[0m [32m INFO[0m [2mwgpu_hal::vulkan::instance[0m[2m:[0m GENERAL [Loader Message (0x0)]
	      /etc/vulkan/implicit_layer.d
[2m2026-08-01T08:01:07.214204Z[0m [32m INFO[0m [2mwgpu_hal::vulkan::instance[0m[2m:[0m 	objects: (type: INSTANCE, hndl: 0xc9606c048540, name: ?)
[2m2026-08-01T08:01:07.214209Z[0m [32m INFO[0m [2mwgpu_hal::vulkan::instance[0m[2m:[0m GENERAL [Loader Message (0x0)]
	      /home/ubuntu/.local/share/vulkan/implicit_layer.d
[2m2026-08-01T08:01:07.214215Z[0m [32m INFO[0m [2mwgpu_hal::vulkan::instance[0m[2m:[0m 	objects: (type: INSTANCE, hndl: 0xc9606c048540, name: ?)
[2m2026-08-01T08:01:07.214221Z[0m [32m INFO[0m [2mwgpu_hal::vulkan::instance[0m[2m:[0m GENERAL [Loader Message (0x0)]
	      /usr/local/share/vulkan/implicit_layer.d
[2m2026-08-01T08:01:07.214286Z[0m [32m INFO[0m [2mwgpu_hal::vulkan::instance[0m[2m:[0m 	objects: (type: INSTANCE, hndl: 0xc9606c048540, name: ?)
[2m2026-08-01T08:01:07.214296Z[0m [32m INFO[0m [2mwgpu_hal::vulkan::instance[0m[2m:[0m GENERAL [Loader Message (0x0)]
	      /usr/share/vulkan/implicit_layer.d
[2m2026-08-01T08:01:07.214303Z[0m [32m INFO[0m [2mwgpu_hal::vulkan::instance[0m[2m:[0m 	objects: (type: INSTANCE, hndl: 0xc9606c048540, name: ?)
[2m2026-08-01T08:01:07.214329Z[0m [32m INFO[0m [2mwgpu_hal::vulkan::instance[0m[2m:[0m GENERAL [Loader Message (0x0)]
	   Found the following files:
[2m2026-08-01T08:01:07.214337Z[0m [32m INFO[0m [2mwgpu_hal::vulkan::instance[0m[2m:[0m 	objects: (type: INSTANCE, hndl: 0xc9606c048540, name: ?)
[2m2026-08-01T08:01:07.214343Z[0m [32m INFO[0m [2mwgpu_hal::vulkan::instance[0m[2m:[0m GENERAL [Loader Message (0x0)]
	      /usr/share/vulkan/implicit_layer.d/VkLayer_MESA_anti_lag.json
[2m2026-08-01T08:01:07.214349Z[0m [32m INFO[0m [2mwgpu_hal::vulkan::instance[0m[2m:[0m 	objects: (type: INSTANCE, hndl: 0xc9606c048540, name: ?)
[2m2026-08-01T08:01:07.214355Z[0m [32m INFO[0m [2mwgpu_hal::vulkan::instance[0m[2m:[0m GENERAL [Loader Message (0x0)]
	      /usr/share/vulkan/implicit_layer.d/VkLayer_MESA_device_select.json
[2m2026-08-01T08:01:07.214361Z[0m [32m INFO[0m [2mwgpu_hal::vulkan::instance[0m[2m:[0m 	objects: (type: INSTANCE, hndl: 0xc9606c048540, name: ?)
[2m2026-08-01T08:01:07.214376Z[0m [32m INFO[0m [2mwgpu_hal::vulkan::instance[0m[2m:[0m GENERAL [Loader Message (0x0)]
	Found manifest file /usr/share/vulkan/implicit_layer.d/VkLayer_MESA_anti_lag.json (file version 1.2.1)
[2m2026-08-01T08:01:07.214384Z[0m [32m INFO[0m [2mwgpu_hal::vulkan::instance[0m[2m:[0m 	objects: (type: INSTANCE, hndl: 0xc9606c048540, name: ?)
[2m2026-08-01T08:01:07.214399Z[0m [32m INFO[0m [2mwgpu_hal::vulkan::instance[0m[2m:[0m GENERAL [Loader Message (0x0)]
	Found manifest file /usr/share/vulkan/implicit_layer.d/VkLayer_MESA_device_select.json (file version 1.0.0)
[2m2026-08-01T08:01:07.214406Z[0m [32m INFO[0m [2mwgpu_hal::vulkan::instance[0m[2m:[0m 	objects: (type: INSTANCE, hndl: 0xc9606c048540, name: ?)
[2m2026-08-01T08:01:07.214424Z[0m [32m INFO[0m [2mwgpu_hal::vulkan::instance[0m[2m:[0m GENERAL [Loader Message (0x0)]
	Searching for explicit layer manifest files
[2m2026-08-01T08:01:07.214430Z[0m [32m INFO[0m [2mwgpu_hal::vulkan::instance[0m[2m:[0m 	objects: (type: INSTANCE, hndl: 0xc9606c048540, name: ?)
[2m2026-08-01T08:01:07.214436Z[0m [32m INFO[0m [2mwgpu_hal::vulkan::instance[0m[2m:[0m GENERAL [Loader Message (0x0)]
	   In following locations:
[2m2026-08-01T08:01:07.214442Z[0m [32m INFO[0m [2mwgpu_hal::vulkan::instance[0m[2m:[0m 	objects: (type: INSTANCE, hndl: 0xc9606c048540, name: ?)
[2m2026-08-01T08:01:07.214447Z[0m [32m INFO[0m [2mwgpu_hal::vulkan::instance[0m[2m:[0m GENERAL [Loader Message (0x0)]
	      /home/ubuntu/.config/vulkan/explicit_layer.d
[2m2026-08-01T08:01:07.214453Z[0m [32m INFO[0m [2mwgpu_hal::vulkan::instance[0m[2m:[0m 	objects: (type: INSTANCE, hndl: 0xc9606c048540, name: ?)
[2m2026-08-01T08:01:07.214459Z[0m [32m INFO[0m [2mwgpu_hal::vulkan::instance[0m[2m:[0m GENERAL [Loader Message (0x0)]
	      /etc/xdg/vulkan/explicit_layer.d
[2m2026-08-01T08:01:07.214465Z[0m [32m INFO[0m [2mwgpu_hal::vulkan::instance[0m[2m:[0m 	objects: (type: INSTANCE, hndl: 0xc9606c048540, name: ?)
[2m2026-08-01T08:01:07.214470Z[0m [32m INFO[0m [2mwgpu_hal::vulkan::instance[0m[2m:[0m GENERAL [Loader Message (0x0)]
	      /etc/vulkan/explicit_layer.d
[2m2026-08-01T08:01:07.214476Z[0m [32m INFO[0m [2mwgpu_hal::vulkan::instance[0m[2m:[0m 	objects: (type: INSTANCE, hndl: 0xc9606c048540, name: ?)
[2m2026-08-01T08:01:07.214482Z[0m [32m INFO[0m [2mwgpu_hal::vulkan::instance[0m[2m:[0m GENERAL [Loader Message (0x0)]
	      /home/ubuntu/.local/share/vulkan/explicit_layer.d
[2m2026-08-01T08:01:07.214488Z[0m [32m INFO[0m [2mwgpu_hal::vulkan::instance[0m[2m:[0m 	objects: (type: INSTANCE, hndl: 0xc9606c048540, name: ?)
[2m2026-08-01T08:01:07.214493Z[0m [32m INFO[0m [2mwgpu_hal::vulkan::instance[0m[2m:[0m GENERAL [Loader Message (0x0)]
	      /usr/local/share/vulkan/explicit_layer.d
[2m2026-08-01T08:01:07.214499Z[0m [32m INFO[0m [2mwgpu_hal::vulkan::instance[0m[2m:[0m 	objects: (type: INSTANCE, hndl: 0xc9606c048540, name: ?)
[2m2026-08-01T08:01:07.214505Z[0m [32m INFO[0m [2mwgpu_hal::vulkan::instance[0m[2m:[0m GENERAL [Loader Message (0x0)]
	      /usr/share/vulkan/explicit_layer.d
[2m2026-08-01T08:01:07.214511Z[0m [32m INFO[0m [2mwgpu_hal::vulkan::instance[0m[2m:[0m 	objects: (type: INSTANCE, hndl: 0xc9606c048540, name: ?)
[2m2026-08-01T08:01:07.214528Z[0m [32m INFO[0m [2mwgpu_hal::vulkan::instance[0m[2m:[0m GENERAL [Loader Message (0x0)]
	   Found the following files:
[2m2026-08-01T08:01:07.214534Z[0m [32m INFO[0m [2mwgpu_hal::vulkan::instance[0m[2m:[0m 	objects: (type: INSTANCE, hndl: 0xc9606c048540, name: ?)
[2m2026-08-01T08:01:07.214540Z[0m [32m INFO[0m [2mwgpu_hal::vulkan::instance[0m[2m:[0m GENERAL [Loader Message (0x0)]
	      /usr/share/vulkan/explicit_layer.d/VkLayer_MESA_screenshot.json
[2m2026-08-01T08:01:07.214546Z[0m [32m INFO[0m [2mwgpu_hal::vulkan::instance[0m[2m:[0m 	objects: (type: INSTANCE, hndl: 0xc9606c048540, name: ?)
[2m2026-08-01T08:01:07.214551Z[0m [32m INFO[0m [2mwgpu_hal::vulkan::instance[0m[2m:[0m GENERAL [Loader Message (0x0)]
	      /usr/share/vulkan/explicit_layer.d/VkLayer_MESA_overlay.json
[2m2026-08-01T08:01:07.214558Z[0m [32m INFO[0m [2mwgpu_hal::vulkan::instance[0m[2m:[0m 	objects: (type: INSTANCE, hndl: 0xc9606c048540, name: ?)
[2m2026-08-01T08:01:07.214563Z[0m [32m INFO[0m [2mwgpu_hal::vulkan::instance[0m[2m:[0m GENERAL [Loader Message (0x0)]
	      /usr/share/vulkan/explicit_layer.d/VkLayer_INTEL_nullhw.json
[2m2026-08-01T08:01:07.214569Z[0m [32m INFO[0m [2mwgpu_hal::vulkan::instance[0m[2m:[0m 	objects: (type: INSTANCE, hndl: 0xc9606c048540, name: ?)
[2m2026-08-01T08:01:07.214579Z[0m [32m INFO[0m [2mwgpu_hal::vulkan::instance[0m[2m:[0m GENERAL [Loader Message (0x0)]
	Found manifest file /usr/share/vulkan/explicit_layer.d/VkLayer_MESA_screenshot.json (file version 1.0.0)
[2m2026-08-01T08:01:07.214588Z[0m [32m INFO[0m [2mwgpu_hal::vulkan::instance[0m[2m:[0m 	objects: (type: INSTANCE, hndl: 0xc9606c048540, name: ?)
[2m2026-08-01T08:01:07.214598Z[0m [32m INFO[0m [2mwgpu_hal::vulkan::instance[0m[2m:[0m GENERAL [Loader Message (0x0)]
	Found manifest file /usr/share/vulkan/explicit_layer.d/VkLayer_MESA_overlay.json (file version 1.0.0)
[2m2026-08-01T08:01:07.214605Z[0m [32m INFO[0m [2mwgpu_hal::vulkan::instance[0m[2m:[0m 	objects: (type: INSTANCE, hndl: 0xc9606c048540, name: ?)
[2m2026-08-01T08:01:07.214618Z[0m [32m INFO[0m [2mwgpu_hal::vulkan::instance[0m[2m:[0m GENERAL [Loader Message (0x0)]
	Found manifest file /usr/share/vulkan/explicit_layer.d/VkLayer_INTEL_nullhw.json (file version 1.0.0)
[2m2026-08-01T08:01:07.214626Z[0m [32m INFO[0m [2mwgpu_hal::vulkan::instance[0m[2m:[0m 	objects: (type: INSTANCE, hndl: 0xc9606c048540, name: ?)
[2m2026-08-01T08:01:07.214636Z[0m [32m INFO[0m [2mwgpu_hal::vulkan::instance[0m[2m:[0m GENERAL [Loader Message (0x0)]
	Searching for driver manifest files
[2m2026-08-01T08:01:07.214642Z[0m [32m INFO[0m [2mwgpu_hal::vulkan::instance[0m[2m:[0m 	objects: (type: INSTANCE, hndl: 0xc9606c048540, name: ?)
[2m2026-08-01T08:01:07.214648Z[0m [32m INFO[0m [2mwgpu_hal::vulkan::instance[0m[2m:[0m GENERAL [Loader Message (0x0)]
	   In following locations:
[2m2026-08-01T08:01:07.214654Z[0m [32m INFO[0m [2mwgpu_hal::vulkan::instance[0m[2m:[0m 	objects: (type: INSTANCE, hndl: 0xc9606c048540, name: ?)
[2m2026-08-01T08:01:07.214660Z[0m [32m INFO[0m [2mwgpu_hal::vulkan::instance[0m[2m:[0m GENERAL [Loader Message (0x0)]
	      /home/ubuntu/.config/vulkan/icd.d
[2m2026-08-01T08:01:07.214666Z[0m [32m INFO[0m [2mwgpu_hal::vulkan::instance[0m[2m:[0m 	objects: (type: INSTANCE, hndl: 0xc9606c048540, name: ?)
[2m2026-08-01T08:01:07.214671Z[0m [32m INFO[0m [2mwgpu_hal::vulkan::instance[0m[2m:[0m GENERAL [Loader Message (0x0)]
	      /etc/xdg/vulkan/icd.d
[2m2026-08-01T08:01:07.214677Z[0m [32m INFO[0m [2mwgpu_hal::vulkan::instance[0m[2m:[0m 	objects: (type: INSTANCE, hndl: 0xc9606c048540, name: ?)
[2m2026-08-01T08:01:07.214682Z[0m [32m INFO[0m [2mwgpu_hal::vulkan::instance[0m[2m:[0m GENERAL [Loader Message (0x0)]
	      /etc/vulkan/icd.d
[2m2026-08-01T08:01:07.214688Z[0m [32m INFO[0m [2mwgpu_hal::vulkan::instance[0m[2m:[0m 	objects: (type: INSTANCE, hndl: 0xc9606c048540, name: ?)
[2m2026-08-01T08:01:07.214693Z[0m [32m INFO[0m [2mwgpu_hal::vulkan::instance[0m[2m:[0m GENERAL [Loader Message (0x0)]
	      /home/ubuntu/.local/share/vulkan/icd.d
[2m2026-08-01T08:01:07.214699Z[0m [32m INFO[0m [2mwgpu_hal::vulkan::instance[0m[2m:[0m 	objects: (type: INSTANCE, hndl: 0xc9606c048540, name: ?)
[2m2026-08-01T08:01:07.214704Z[0m [32m INFO[0m [2mwgpu_hal::vulkan::instance[0m[2m:[0m GENERAL [Loader Message (0x0)]
	      /usr/local/share/vulkan/icd.d
[2m2026-08-01T08:01:07.214710Z[0m [32m INFO[0m [2mwgpu_hal::vulkan::instance[0m[2m:[0m 	objects: (type: INSTANCE, hndl: 0xc9606c048540, name: ?)
[2m2026-08-01T08:01:07.214716Z[0m [32m INFO[0m [2mwgpu_hal::vulkan::instance[0m[2m:[0m GENERAL [Loader Message (0x0)]
	      /usr/share/vulkan/icd.d
[2m2026-08-01T08:01:07.214721Z[0m [32m INFO[0m [2mwgpu_hal::vulkan::instance[0m[2m:[0m 	objects: (type: INSTANCE, hndl: 0xc9606c048540, name: ?)
[2m2026-08-01T08:01:07.214744Z[0m [32m INFO[0m [2mwgpu_hal::vulkan::instance[0m[2m:[0m GENERAL [Loader Message (0x0)]
	   Found the following files:
[2m2026-08-01T08:01:07.214750Z[0m [32m INFO[0m [2mwgpu_hal::vulkan::instance[0m[2m:[0m 	objects: (type: INSTANCE, hndl: 0xc9606c048540, name: ?)
[2m2026-08-01T08:01:07.214756Z[0m [32m INFO[0m [2mwgpu_hal::vulkan::instance[0m[2m:[0m GENERAL [Loader Message (0x0)]
	      /usr/share/vulkan/icd.d/nouveau_icd.json
[2m2026-08-01T08:01:07.214762Z[0m [32m INFO[0m [2mwgpu_hal::vulkan::instance[0m[2m:[0m 	objects: (type: INSTANCE, hndl: 0xc9606c048540, name: ?)
[2m2026-08-01T08:01:07.214769Z[0m [32m INFO[0m [2mwgpu_hal::vulkan::instance[0m[2m:[0m GENERAL [Loader Message (0x0)]
	      /usr/share/vulkan/icd.d/broadcom_icd.json
[2m2026-08-01T08:01:07.214775Z[0m [32m INFO[0m [2mwgpu_hal::vulkan::instance[0m[2m:[0m 	objects: (type: INSTANCE, hndl: 0xc9606c048540, name: ?)
[2m2026-08-01T08:01:07.214781Z[0m [32m INFO[0m [2mwgpu_hal::vulkan::instance[0m[2m:[0m GENERAL [Loader Message (0x0)]
	      /usr/share/vulkan/icd.d/panfrost_icd.json
[2m2026-08-01T08:01:07.214787Z[0m [32m INFO[0m [2mwgpu_hal::vulkan::instance[0m[2m:[0m 	objects: (type: INSTANCE, hndl: 0xc9606c048540, name: ?)
[2m2026-08-01T08:01:07.214793Z[0m [32m INFO[0m [2mwgpu_hal::vulkan::instance[0m[2m:[0m GENERAL [Loader Message (0x0)]
	      /usr/share/vulkan/icd.d/freedreno_icd.json
[2m2026-08-01T08:01:07.214799Z[0m [32m INFO[0m [2mwgpu_hal::vulkan::instance[0m[2m:[0m 	objects: (type: INSTANCE, hndl: 0xc9606c048540, name: ?)
[2m2026-08-01T08:01:07.214804Z[0m [32m INFO[0m [2mwgpu_hal::vulkan::instance[0m[2m:[0m GENERAL [Loader Message (0x0)]
	      /usr/share/vulkan/icd.d/gfxstream_vk_icd.json
[2m2026-08-01T08:01:07.214810Z[0m [32m INFO[0m [2mwgpu_hal::vulkan::instance[0m[2m:[0m 	objects: (type: INSTANCE, hndl: 0xc9606c048540, name: ?)
[2m2026-08-01T08:01:07.214815Z[0m [32m INFO[0m [2mwgpu_hal::vulkan::instance[0m[2m:[0m GENERAL [Loader Message (0x0)]
	      /usr/share/vulkan/icd.d/virtio_icd.json
[2m2026-08-01T08:01:07.214821Z[0m [32m INFO[0m [2mwgpu_hal::vulkan::instance[0m[2m:[0m 	objects: (type: INSTANCE, hndl: 0xc9606c048540, name: ?)
[2m2026-08-01T08:01:07.214827Z[0m [32m INFO[0m [2mwgpu_hal::vulkan::instance[0m[2m:[0m GENERAL [Loader Message (0x0)]
	      /usr/share/vulkan/icd.d/asahi_icd.json
[2m2026-08-01T08:01:07.214833Z[0m [32m INFO[0m [2mwgpu_hal::vulkan::instance[0m[2m:[0m 	objects: (type: INSTANCE, hndl: 0xc9606c048540, name: ?)
[2m2026-08-01T08:01:07.214838Z[0m [32m INFO[0m [2mwgpu_hal::vulkan::instance[0m[2m:[0m GENERAL [Loader Message (0x0)]
	      /usr/share/vulkan/icd.d/lvp_icd.json
[2m2026-08-01T08:01:07.214844Z[0m [32m INFO[0m [2mwgpu_hal::vulkan::instance[0m[2m:[0m 	objects: (type: INSTANCE, hndl: 0xc9606c048540, name: ?)
[2m2026-08-01T08:01:07.214849Z[0m [32m INFO[0m [2mwgpu_hal::vulkan::instance[0m[2m:[0m GENERAL [Loader Message (0x0)]
	      /usr/share/vulkan/icd.d/intel_icd.json
[2m2026-08-01T08:01:07.214855Z[0m [32m INFO[0m [2mwgpu_hal::vulkan::instance[0m[2m:[0m 	objects: (type: INSTANCE, hndl: 0xc9606c048540, name: ?)
[2m2026-08-01T08:01:07.214861Z[0m [32m INFO[0m [2mwgpu_hal::vulkan::instance[0m[2m:[0m GENERAL [Loader Message (0x0)]
	      /usr/share/vulkan/icd.d/powervr_mesa_icd.json
[2m2026-08-01T08:01:07.214867Z[0m [32m INFO[0m [2mwgpu_hal::vulkan::instance[0m[2m:[0m 	objects: (type: INSTANCE, hndl: 0xc9606c048540, name: ?)
[2m2026-08-01T08:01:07.214872Z[0m [32m INFO[0m [2mwgpu_hal::vulkan::instance[0m[2m:[0m GENERAL [Loader Message (0x0)]
	      /usr/share/vulkan/icd.d/radeon_icd.json
[2m2026-08-01T08:01:07.214878Z[0m [32m INFO[0m [2mwgpu_hal::vulkan::instance[0m[2m:[0m 	objects: (type: INSTANCE, hndl: 0xc9606c048540, name: ?)
[2m2026-08-01T08:01:07.214887Z[0m [32m INFO[0m [2mwgpu_hal::vulkan::instance[0m[2m:[0m GENERAL [Loader Message (0x0)]
	Found ICD manifest file /usr/share/vulkan/icd.d/nouveau_icd.json, version 1.0.1
[2m2026-08-01T08:01:07.214894Z[0m [32m INFO[0m [2mwgpu_hal::vulkan::instance[0m[2m:[0m 	objects: (type: INSTANCE, hndl: 0xc9606c048540, name: ?)
[2m2026-08-01T08:01:07.214925Z[0m [32m INFO[0m [2mwgpu_hal::vulkan::instance[0m[2m:[0m GENERAL [Loader Message (0x0)]
	Found ICD manifest file /usr/share/vulkan/icd.d/broadcom_icd.json, version 1.0.1
[2m2026-08-01T08:01:07.214932Z[0m [32m INFO[0m [2mwgpu_hal::vulkan::instance[0m[2m:[0m 	objects: (type: INSTANCE, hndl: 0xc9606c048540, name: ?)
[2m2026-08-01T08:01:07.215110Z[0m [32m INFO[0m [2mwgpu_hal::vulkan::instance[0m[2m:[0m GENERAL [Loader Message (0x0)]
	Found ICD manifest file /usr/share/vulkan/icd.d/panfrost_icd.json, version 1.0.1
[2m2026-08-01T08:01:07.215120Z[0m [32m INFO[0m [2mwgpu_hal::vulkan::instance[0m[2m:[0m 	objects: (type: INSTANCE, hndl: 0xc9606c048540, name: ?)
[2m2026-08-01T08:01:07.215370Z[0m [32m INFO[0m [2mwgpu_hal::vulkan::instance[0m[2m:[0m GENERAL [Loader Message (0x0)]
	Found ICD manifest file /usr/share/vulkan/icd.d/freedreno_icd.json, version 1.0.1
[2m2026-08-01T08:01:07.215382Z[0m [32m INFO[0m [2mwgpu_hal::vulkan::instance[0m[2m:[0m 	objects: (type: INSTANCE, hndl: 0xc9606c048540, name: ?)
[2m2026-08-01T08:01:07.216004Z[0m [32m INFO[0m [2mwgpu_hal::vulkan::instance[0m[2m:[0m GENERAL [Loader Message (0x0)]
	Found ICD manifest file /usr/share/vulkan/icd.d/gfxstream_vk_icd.json, version 1.0.1
[2m2026-08-01T08:01:07.216017Z[0m [32m INFO[0m [2mwgpu_hal::vulkan::instance[0m[2m:[0m 	objects: (type: INSTANCE, hndl: 0xc9606c048540, name: ?)
[2m2026-08-01T08:01:07.216133Z[0m [32m INFO[0m [2mwgpu_hal::vulkan::instance[0m[2m:[0m GENERAL [Loader Message (0x0)]
	Found ICD manifest file /usr/share/vulkan/icd.d/virtio_icd.json, version 1.0.1
[2m2026-08-01T08:01:07.216141Z[0m [32m INFO[0m [2mwgpu_hal::vulkan::instance[0m[2m:[0m 	objects: (type: INSTANCE, hndl: 0xc9606c048540, name: ?)
[2m2026-08-01T08:01:07.216349Z[0m [32m INFO[0m [2mwgpu_hal::vulkan::instance[0m[2m:[0m GENERAL [Loader Message (0x0)]
	Found ICD manifest file /usr/share/vulkan/icd.d/asahi_icd.json, version 1.0.1
[2m2026-08-01T08:01:07.216360Z[0m [32m INFO[0m [2mwgpu_hal::vulkan::instance[0m[2m:[0m 	objects: (type: INSTANCE, hndl: 0xc9606c048540, name: ?)
[2m2026-08-01T08:01:07.216786Z[0m [32m INFO[0m [2mwgpu_hal::vulkan::instance[0m[2m:[0m GENERAL [Loader Message (0x0)]
	Found ICD manifest file /usr/share/vulkan/icd.d/lvp_icd.json, version 1.0.1
[2m2026-08-01T08:01:07.216796Z[0m [32m INFO[0m [2mwgpu_hal::vulkan::instance[0m[2m:[0m 	objects: (type: INSTANCE, hndl: 0xc9606c048540, name: ?)
[2m2026-08-01T08:01:07.216815Z[0m [32m INFO[0m [2mwgpu_hal::vulkan::instance[0m[2m:[0m GENERAL [Loader Message (0x0)]
	Found ICD manifest file /usr/share/vulkan/icd.d/intel_icd.json, version 1.0.1
[2m2026-08-01T08:01:07.216822Z[0m [32m INFO[0m [2mwgpu_hal::vulkan::instance[0m[2m:[0m 	objects: (type: INSTANCE, hndl: 0xc9606c048540, name: ?)
[2m2026-08-01T08:01:07.217079Z[0m [32m INFO[0m [2mwgpu_hal::vulkan::instance[0m[2m:[0m GENERAL [Loader Message (0x0)]
	Found ICD manifest file /usr/share/vulkan/icd.d/powervr_mesa_icd.json, version 1.0.1
[2m2026-08-01T08:01:07.217088Z[0m [32m INFO[0m [2mwgpu_hal::vulkan::instance[0m[2m:[0m 	objects: (type: INSTANCE, hndl: 0xc9606c048540, name: ?)
[2m2026-08-01T08:01:07.217373Z[0m [32m INFO[0m [2mwgpu_hal::vulkan::instance[0m[2m:[0m GENERAL [Loader Message (0x0)]
	Found ICD manifest file /usr/share/vulkan/icd.d/radeon_icd.json, version 1.0.1
[2m2026-08-01T08:01:07.217384Z[0m [32m INFO[0m [2mwgpu_hal::vulkan::instance[0m[2m:[0m 	objects: (type: INSTANCE, hndl: 0xc9606c048540, name: ?)
[2m2026-08-01T08:01:07.218093Z[0m [32m INFO[0m [2mwgpu_hal::vulkan::instance[0m[2m:[0m GENERAL [Loader Message (0x0)]
	Insert instance layer "VK_LAYER_MESA_device_select" (/usr/lib/aarch64-linux-gnu/libVkLayer_MESA_device_select.so)
[2m2026-08-01T08:01:07.218115Z[0m [32m INFO[0m [2mwgpu_hal::vulkan::instance[0m[2m:[0m 	objects: (type: INSTANCE, hndl: 0xc9606c048540, name: ?)
[2m2026-08-01T08:01:07.218123Z[0m [32m INFO[0m [2mwgpu_hal::vulkan::instance[0m[2m:[0m GENERAL [Loader Message (0x0)]
	vkCreateInstance layer callstack setup to:
[2m2026-08-01T08:01:07.218130Z[0m [32m INFO[0m [2mwgpu_hal::vulkan::instance[0m[2m:[0m 	objects: (type: INSTANCE, hndl: 0xc9606c048540, name: ?)
[2m2026-08-01T08:01:07.218136Z[0m [32m INFO[0m [2mwgpu_hal::vulkan::instance[0m[2m:[0m GENERAL [Loader Message (0x0)]
	   <Application>
[2m2026-08-01T08:01:07.218156Z[0m [32m INFO[0m [2mwgpu_hal::vulkan::instance[0m[2m:[0m 	objects: (type: INSTANCE, hndl: 0xc9606c048540, name: ?)
[2m2026-08-01T08:01:07.218163Z[0m [32m INFO[0m [2mwgpu_hal::vulkan::instance[0m[2m:[0m GENERAL [Loader Message (0x0)]
	     ||
[2m2026-08-01T08:01:07.218169Z[0m [32m INFO[0m [2mwgpu_hal::vulkan::instance[0m[2m:[0m 	objects: (type: INSTANCE, hndl: 0xc9606c048540, name: ?)
[2m2026-08-01T08:01:07.218175Z[0m [32m INFO[0m [2mwgpu_hal::vulkan::instance[0m[2m:[0m GENERAL [Loader Message (0x0)]
	   <Loader>
[2m2026-08-01T08:01:07.218180Z[0m [32m INFO[0m [2mwgpu_hal::vulkan::instance[0m[2m:[0m 	objects: (type: INSTANCE, hndl: 0xc9606c048540, name: ?)
[2m2026-08-01T08:01:07.218186Z[0m [32m INFO[0m [2mwgpu_hal::vulkan::instance[0m[2m:[0m GENERAL [Loader Message (0x0)]
	     ||
[2m2026-08-01T08:01:07.218191Z[0m [32m INFO[0m [2mwgpu_hal::vulkan::instance[0m[2m:[0m 	objects: (type: INSTANCE, hndl: 0xc9606c048540, name: ?)
[2m2026-08-01T08:01:07.218197Z[0m [32m INFO[0m [2mwgpu_hal::vulkan::instance[0m[2m:[0m GENERAL [Loader Message (0x0)]
	   VK_LAYER_MESA_device_select
[2m2026-08-01T08:01:07.218203Z[0m [32m INFO[0m [2mwgpu_hal::vulkan::instance[0m[2m:[0m 	objects: (type: INSTANCE, hndl: 0xc9606c048540, name: ?)
[2m2026-08-01T08:01:07.218209Z[0m [32m INFO[0m [2mwgpu_hal::vulkan::instance[0m[2m:[0m GENERAL [Loader Message (0x0)]
	           Type: Implicit
[2m2026-08-01T08:01:07.218215Z[0m [32m INFO[0m [2mwgpu_hal::vulkan::instance[0m[2m:[0m 	objects: (type: INSTANCE, hndl: 0xc9606c048540, name: ?)
[2m2026-08-01T08:01:07.218220Z[0m [32m INFO[0m [2mwgpu_hal::vulkan::instance[0m[2m:[0m GENERAL [Loader Message (0x0)]
	           Enabled By: Implicit Layer
[2m2026-08-01T08:01:07.218330Z[0m [32m INFO[0m [2mwgpu_hal::vulkan::instance[0m[2m:[0m 	objects: (type: INSTANCE, hndl: 0xc9606c048540, name: ?)
[2m2026-08-01T08:01:07.218340Z[0m [32m INFO[0m [2mwgpu_hal::vulkan::instance[0m[2m:[0m GENERAL [Loader Message (0x0)]
	               Disable Env Var:  NODEVICE_SELECT
[2m2026-08-01T08:01:07.218347Z[0m [32m INFO[0m [2mwgpu_hal::vulkan::instance[0m[2m:[0m 	objects: (type: INSTANCE, hndl: 0xc9606c048540, name: ?)
[2m2026-08-01T08:01:07.218354Z[0m [32m INFO[0m [2mwgpu_hal::vulkan::instance[0m[2m:[0m GENERAL [Loader Message (0x0)]
	           Manifest: /usr/share/vulkan/implicit_layer.d/VkLayer_MESA_device_select.json
[2m2026-08-01T08:01:07.218361Z[0m [32m INFO[0m [2mwgpu_hal::vulkan::instance[0m[2m:[0m 	objects: (type: INSTANCE, hndl: 0xc9606c048540, name: ?)
[2m2026-08-01T08:01:07.218366Z[0m [32m INFO[0m [2mwgpu_hal::vulkan::instance[0m[2m:[0m GENERAL [Loader Message (0x0)]
	           Library:  /usr/lib/aarch64-linux-gnu/libVkLayer_MESA_device_select.so
[2m2026-08-01T08:01:07.218373Z[0m [32m INFO[0m [2mwgpu_hal::vulkan::instance[0m[2m:[0m 	objects: (type: INSTANCE, hndl: 0xc9606c048540, name: ?)
[2m2026-08-01T08:01:07.218379Z[0m [32m INFO[0m [2mwgpu_hal::vulkan::instance[0m[2m:[0m GENERAL [Loader Message (0x0)]
	     ||
[2m2026-08-01T08:01:07.218384Z[0m [32m INFO[0m [2mwgpu_hal::vulkan::instance[0m[2m:[0m 	objects: (type: INSTANCE, hndl: 0xc9606c048540, name: ?)
[2m2026-08-01T08:01:07.218390Z[0m [32m INFO[0m [2mwgpu_hal::vulkan::instance[0m[2m:[0m GENERAL [Loader Message (0x0)]
	   <Drivers>
[2m2026-08-01T08:01:07.218395Z[0m [32m INFO[0m [2mwgpu_hal::vulkan::instance[0m[2m:[0m 	objects: (type: INSTANCE, hndl: 0xc9606c048540, name: ?)
[2m2026-08-01T08:01:07.224443Z[0m [32m INFO[0m [2mwgpu_hal::vulkan::instance[0m[2m:[0m Enabling debug utils
[2m2026-08-01T08:01:07.224703Z[0m [32m INFO[0m [2mwgpu_hal::gles::egl[0m[2m:[0m Using Wayland platform
[slopos-compositor/drm] client connected
[slopos-compositor/drm] client disconnected
[slopos-compositor/drm] client connected
[2m2026-08-01T08:01:07.264518Z[0m [33m WARN[0m [2mwgpu_hal::gles::egl[0m[2m:[0m Re-initializing Gles context due to Wayland window
[2m2026-08-01T08:01:07.280123Z[0m [32m INFO[0m [2mwgpu_hal::vulkan::instance[0m[2m:[0m GENERAL [Loader Message (0x0)]
	linux_read_sorted_physical_devices:
[2m2026-08-01T08:01:07.280165Z[0m [32m INFO[0m [2mwgpu_hal::vulkan::instance[0m[2m:[0m 	objects: (type: INSTANCE, hndl: 0xc9606c048540, name: ?)
[2m2026-08-01T08:01:07.280174Z[0m [32m INFO[0m [2mwgpu_hal::vulkan::instance[0m[2m:[0m GENERAL [Loader Message (0x0)]
	     Original order:
[2m2026-08-01T08:01:07.280180Z[0m [32m INFO[0m [2mwgpu_hal::vulkan::instance[0m[2m:[0m 	objects: (type: INSTANCE, hndl: 0xc9606c048540, name: ?)
[2m2026-08-01T08:01:07.280193Z[0m [32m INFO[0m [2mwgpu_hal::vulkan::instance[0m[2m:[0m GENERAL [Loader Message (0x0)]
	           [0] llvmpipe (LLVM 21.1.8, 128 bits)
[2m2026-08-01T08:01:07.280200Z[0m [32m INFO[0m [2mwgpu_hal::vulkan::instance[0m[2m:[0m 	objects: (type: INSTANCE, hndl: 0xc9606c048540, name: ?)
[2m2026-08-01T08:01:07.280206Z[0m [32m INFO[0m [2mwgpu_hal::vulkan::instance[0m[2m:[0m GENERAL [Loader Message (0x0)]
	     Sorted order:
[2m2026-08-01T08:01:07.280212Z[0m [32m INFO[0m [2mwgpu_hal::vulkan::instance[0m[2m:[0m 	objects: (type: INSTANCE, hndl: 0xc9606c048540, name: ?)
[2m2026-08-01T08:01:07.280218Z[0m [32m INFO[0m [2mwgpu_hal::vulkan::instance[0m[2m:[0m GENERAL [Loader Message (0x0)]
	           [0] llvmpipe (LLVM 21.1.8, 128 bits)  
[2m2026-08-01T08:01:07.280541Z[0m [32m INFO[0m [2mwgpu_hal::vulkan::instance[0m[2m:[0m 	objects: (type: INSTANCE, hndl: 0xc9606c048540, name: ?)
[2m2026-08-01T08:01:07.280586Z[0m [32m INFO[0m [2mwgpu_hal::vulkan::instance[0m[2m:[0m GENERAL [Loader Message (0x0)]
	linux_read_sorted_physical_devices:
[2m2026-08-01T08:01:07.280601Z[0m [32m INFO[0m [2mwgpu_hal::vulkan::instance[0m[2m:[0m 	objects: (type: INSTANCE, hndl: 0xc9606c048540, name: ?)
[2m2026-08-01T08:01:07.280608Z[0m [32m INFO[0m [2mwgpu_hal::vulkan::instance[0m[2m:[0m GENERAL [Loader Message (0x0)]
	     Original order:
[2m2026-08-01T08:01:07.280614Z[0m [32m INFO[0m [2mwgpu_hal::vulkan::instance[0m[2m:[0m 	objects: (type: INSTANCE, hndl: 0xc9606c048540, name: ?)
[2m2026-08-01T08:01:07.280625Z[0m [32m INFO[0m [2mwgpu_hal::vulkan::instance[0m[2m:[0m GENERAL [Loader Message (0x0)]
	           [0] llvmpipe (LLVM 21.1.8, 128 bits)
[2m2026-08-01T08:01:07.280632Z[0m [32m INFO[0m [2mwgpu_hal::vulkan::instance[0m[2m:[0m 	objects: (type: INSTANCE, hndl: 0xc9606c048540, name: ?)
[2m2026-08-01T08:01:07.280638Z[0m [32m INFO[0m [2mwgpu_hal::vulkan::instance[0m[2m:[0m GENERAL [Loader Message (0x0)]
	     Sorted order:
[2m2026-08-01T08:01:07.280644Z[0m [32m INFO[0m [2mwgpu_hal::vulkan::instance[0m[2m:[0m 	objects: (type: INSTANCE, hndl: 0xc9606c048540, name: ?)
[2m2026-08-01T08:01:07.280650Z[0m [32m INFO[0m [2mwgpu_hal::vulkan::instance[0m[2m:[0m GENERAL [Loader Message (0x0)]
	           [0] llvmpipe (LLVM 21.1.8, 128 bits)  
[2m2026-08-01T08:01:07.280656Z[0m [32m INFO[0m [2mwgpu_hal::vulkan::instance[0m[2m:[0m 	objects: (type: INSTANCE, hndl: 0xc9606c048540, name: ?)
[slopos-compositor/drm] client connected
[slopos-compositor/drm] client disconnected
[2m2026-08-01T08:01:07.297891Z[0m [32m INFO[0m [2mwgpu_hal::vulkan::instance[0m[2m:[0m GENERAL [Loader Message (0x0)]
	linux_read_sorted_physical_devices:
[2m2026-08-01T08:01:07.297935Z[0m [32m INFO[0m [2mwgpu_hal::vulkan::instance[0m[2m:[0m 	objects: (type: INSTANCE, hndl: 0xc9606c048540, name: ?)
[2m2026-08-01T08:01:07.297945Z[0m [32m INFO[0m [2mwgpu_hal::vulkan::instance[0m[2m:[0m GENERAL [Loader Message (0x0)]
	     Original order:
[2m2026-08-01T08:01:07.297951Z[0m [32m INFO[0m [2mwgpu_hal::vulkan::instance[0m[2m:[0m 	objects: (type: INSTANCE, hndl: 0xc9606c048540, name: ?)
[2m2026-08-01T08:01:07.297965Z[0m [32m INFO[0m [2mwgpu_hal::vulkan::instance[0m[2m:[0m GENERAL [Loader Message (0x0)]
	           [0] llvmpipe (LLVM 21.1.8, 128 bits)
[2m2026-08-01T08:01:07.297972Z[0m [32m INFO[0m [2mwgpu_hal::vulkan::instance[0m[2m:[0m 	objects: (type: INSTANCE, hndl: 0xc9606c048540, name: ?)
[2m2026-08-01T08:01:07.298002Z[0m [32m INFO[0m [2mwgpu_hal::vulkan::instance[0m[2m:[0m GENERAL [Loader Message (0x0)]
	     Sorted order:
[2m2026-08-01T08:01:07.298010Z[0m [32m INFO[0m [2mwgpu_hal::vulkan::instance[0m[2m:[0m 	objects: (type: INSTANCE, hndl: 0xc9606c048540, name: ?)
[2m2026-08-01T08:01:07.298017Z[0m [32m INFO[0m [2mwgpu_hal::vulkan::instance[0m[2m:[0m GENERAL [Loader Message (0x0)]
	           [0] llvmpipe (LLVM 21.1.8, 128 bits)  
[2m2026-08-01T08:01:07.298023Z[0m [32m INFO[0m [2mwgpu_hal::vulkan::instance[0m[2m:[0m 	objects: (type: INSTANCE, hndl: 0xc9606c048540, name: ?)
[2m2026-08-01T08:01:07.298033Z[0m [32m INFO[0m [2mwgpu_hal::vulkan::instance[0m[2m:[0m GENERAL [Loader Message (0x0)]
	linux_read_sorted_physical_devices:
[2m2026-08-01T08:01:07.298040Z[0m [32m INFO[0m [2mwgpu_hal::vulkan::instance[0m[2m:[0m 	objects: (type: INSTANCE, hndl: 0xc9606c048540, name: ?)
[2m2026-08-01T08:01:07.298046Z[0m [32m INFO[0m [2mwgpu_hal::vulkan::instance[0m[2m:[0m GENERAL [Loader Message (0x0)]
	     Original order:
[2m2026-08-01T08:01:07.298051Z[0m [32m INFO[0m [2mwgpu_hal::vulkan::instance[0m[2m:[0m 	objects: (type: INSTANCE, hndl: 0xc9606c048540, name: ?)
[2m2026-08-01T08:01:07.298061Z[0m [32m INFO[0m [2mwgpu_hal::vulkan::instance[0m[2m:[0m GENERAL [Loader Message (0x0)]
	           [0] llvmpipe (LLVM 21.1.8, 128 bits)
[2m2026-08-01T08:01:07.298067Z[0m [32m INFO[0m [2mwgpu_hal::vulkan::instance[0m[2m:[0m 	objects: (type: INSTANCE, hndl: 0xc9606c048540, name: ?)
[2m2026-08-01T08:01:07.298073Z[0m [32m INFO[0m [2mwgpu_hal::vulkan::instance[0m[2m:[0m GENERAL [Loader Message (0x0)]
	     Sorted order:
[2m2026-08-01T08:01:07.298078Z[0m [32m INFO[0m [2mwgpu_hal::vulkan::instance[0m[2m:[0m 	objects: (type: INSTANCE, hndl: 0xc9606c048540, name: ?)
[2m2026-08-01T08:01:07.298084Z[0m [32m INFO[0m [2mwgpu_hal::vulkan::instance[0m[2m:[0m GENERAL [Loader Message (0x0)]
	           [0] llvmpipe (LLVM 21.1.8, 128 bits)  
[2m2026-08-01T08:01:07.298090Z[0m [32m INFO[0m [2mwgpu_hal::vulkan::instance[0m[2m:[0m 	objects: (type: INSTANCE, hndl: 0xc9606c048540, name: ?)
[slopos-compositor/drm] client connected
[slopos-compositor/drm] client disconnected
[2m2026-08-01T08:01:07.298568Z[0m [32m INFO[0m [2mwgpu_core::device::resource[0m[2m:[0m Device::maintain: waiting for submission index 0
[2m2026-08-01T08:01:07.316007Z[0m [32m INFO[0m [2mwgpu_hal::vulkan::instance[0m[2m:[0m GENERAL [Loader Message (0x0)]
	Removing driver /usr/lib/aarch64-linux-gnu/libvulkan_radeon.so due to not having any physical devices
[2m2026-08-01T08:01:07.316054Z[0m [32m INFO[0m [2mwgpu_hal::vulkan::instance[0m[2m:[0m 	objects: (type: INSTANCE, hndl: 0xc9606c048540, name: ?)
[2m2026-08-01T08:01:07.316365Z[0m [32m INFO[0m [2mwgpu_hal::vulkan::instance[0m[2m:[0m GENERAL [Loader Message (0x0)]
	Removing driver /usr/lib/aarch64-linux-gnu/libvulkan_powervr_mesa.so due to not having any physical devices
[2m2026-08-01T08:01:07.316379Z[0m [32m INFO[0m [2mwgpu_hal::vulkan::instance[0m[2m:[0m 	objects: (type: INSTANCE, hndl: 0xc9606c048540, name: ?)
[2m2026-08-01T08:01:07.316551Z[0m [32m INFO[0m [2mwgpu_hal::vulkan::instance[0m[2m:[0m GENERAL [Loader Message (0x0)]
	Removing driver /usr/lib/aarch64-linux-gnu/libvulkan_intel.so due to not having any physical devices
[2m2026-08-01T08:01:07.316562Z[0m [32m INFO[0m [2mwgpu_hal::vulkan::instance[0m[2m:[0m 	objects: (type: INSTANCE, hndl: 0xc9606c048540, name: ?)
[2m2026-08-01T08:01:07.316727Z[0m [32m INFO[0m [2mwgpu_hal::vulkan::instance[0m[2m:[0m GENERAL [Loader Message (0x0)]
	Removing driver /usr/lib/aarch64-linux-gnu/libvulkan_asahi.so due to not having any physical devices
[2m2026-08-01T08:01:07.316738Z[0m [32m INFO[0m [2mwgpu_hal::vulkan::instance[0m[2m:[0m 	objects: (type: INSTANCE, hndl: 0xc9606c048540, name: ?)
[2m2026-08-01T08:01:07.316842Z[0m [32m INFO[0m [2mwgpu_hal::vulkan::instance[0m[2m:[0m GENERAL [Loader Message (0x0)]
	Removing driver /usr/lib/aarch64-linux-gnu/libvulkan_virtio.so due to not having any physical devices
[2m2026-08-01T08:01:07.316862Z[0m [32m INFO[0m [2mwgpu_hal::vulkan::instance[0m[2m:[0m 	objects: (type: INSTANCE, hndl: 0xc9606c048540, name: ?)
[2m2026-08-01T08:01:07.316908Z[0m [32m INFO[0m [2mwgpu_hal::vulkan::instance[0m[2m:[0m GENERAL [Loader Message (0x0)]
	Removing driver /usr/lib/aarch64-linux-gnu/libvulkan_gfxstream.so due to not having any physical devices
[2m2026-08-01T08:01:07.316917Z[0m [32m INFO[0m [2mwgpu_hal::vulkan::instance[0m[2m:[0m 	objects: (type: INSTANCE, hndl: 0xc9606c048540, name: ?)
[2m2026-08-01T08:01:07.316967Z[0m [32m INFO[0m [2mwgpu_hal::vulkan::instance[0m[2m:[0m GENERAL [Loader Message (0x0)]
	Removing driver /usr/lib/aarch64-linux-gnu/libvulkan_freedreno.so due to not having any physical devices
[2m2026-08-01T08:01:07.316978Z[0m [32m INFO[0m [2mwgpu_hal::vulkan::instance[0m[2m:[0m 	objects: (type: INSTANCE, hndl: 0xc9606c048540, name: ?)
[2m2026-08-01T08:01:07.317071Z[0m [32m INFO[0m [2mwgpu_hal::vulkan::instance[0m[2m:[0m GENERAL [Loader Message (0x0)]
	Removing driver /usr/lib/aarch64-linux-gnu/libvulkan_panfrost.so due to not having any physical devices
[2m2026-08-01T08:01:07.317083Z[0m [32m INFO[0m [2mwgpu_hal::vulkan::instance[0m[2m:[0m 	objects: (type: INSTANCE, hndl: 0xc9606c048540, name: ?)
[2m2026-08-01T08:01:07.317195Z[0m [32m INFO[0m [2mwgpu_hal::vulkan::instance[0m[2m:[0m GENERAL [Loader Message (0x0)]
	Removing driver /usr/lib/aarch64-linux-gnu/libvulkan_broadcom.so due to not having any physical devices
[2m2026-08-01T08:01:07.317206Z[0m [32m INFO[0m [2mwgpu_hal::vulkan::instance[0m[2m:[0m 	objects: (type: INSTANCE, hndl: 0xc9606c048540, name: ?)
[2m2026-08-01T08:01:07.317322Z[0m [32m INFO[0m [2mwgpu_hal::vulkan::instance[0m[2m:[0m GENERAL [Loader Message (0x0)]
	Removing driver /usr/lib/aarch64-linux-gnu/libvulkan_nouveau.so due to not having any physical devices
[2m2026-08-01T08:01:07.317335Z[0m [32m INFO[0m [2mwgpu_hal::vulkan::instance[0m[2m:[0m 	objects: (type: INSTANCE, hndl: 0xc9606c048540, name: ?)
[slopos-compositor/drm] client disconnected
[2m2026-08-01T08:01:07.486645Z[0m [32m INFO[0m [2mwgpu_core::device::resource[0m[2m:[0m Device::maintain: waiting for submission index 0
[2m2026-08-01T08:01:07.507176Z[0m [32m INFO[0m [2mwgpu_core::instance[0m[2m:[0m Adapter Vulkan AdapterInfo { name: "llvmpipe (LLVM 21.1.8, 128 bits)", vendor: 65541, device: 0, device_type: Cpu, driver: "llvmpipe", driver_info: "Mesa 26.0.3-1ubuntu1 (LLVM 21.1.8)", backend: Vulkan }
[2m2026-08-01T08:01:07.507502Z[0m [32m INFO[0m [2mwgpu_hal::vulkan::instance[0m[2m:[0m GENERAL [Loader Message (0x0)]
	Failed to find vkGetDeviceProcAddr in layer "/usr/lib/aarch64-linux-gnu/libVkLayer_MESA_device_select.so"
[2m2026-08-01T08:01:07.507529Z[0m [32m INFO[0m [2mwgpu_hal::vulkan::instance[0m[2m:[0m 	objects: (type: INSTANCE, hndl: 0xc9606c048540, name: ?)
[2m2026-08-01T08:01:07.507543Z[0m [32m INFO[0m [2mwgpu_hal::vulkan::instance[0m[2m:[0m GENERAL [Loader Message (0x0)]
	vkCreateDevice layer callstack setup to:
[2m2026-08-01T08:01:07.507552Z[0m [32m INFO[0m [2mwgpu_hal::vulkan::instance[0m[2m:[0m 	objects: (type: INSTANCE, hndl: 0xc9606c048540, name: ?)
[2m2026-08-01T08:01:07.507558Z[0m [32m INFO[0m [2mwgpu_hal::vulkan::instance[0m[2m:[0m GENERAL [Loader Message (0x0)]
	   <Application>
[2m2026-08-01T08:01:07.507564Z[0m [32m INFO[0m [2mwgpu_hal::vulkan::instance[0m[2m:[0m 	objects: (type: INSTANCE, hndl: 0xc9606c048540, name: ?)
[2m2026-08-01T08:01:07.507570Z[0m [32m INFO[0m [2mwgpu_hal::vulkan::instance[0m[2m:[0m GENERAL [Loader Message (0x0)]
	     ||
[2m2026-08-01T08:01:07.507575Z[0m [32m INFO[0m [2mwgpu_hal::vulkan::instance[0m[2m:[0m 	objects: (type: INSTANCE, hndl: 0xc9606c048540, name: ?)
[2m2026-08-01T08:01:07.507581Z[0m [32m INFO[0m [2mwgpu_hal::vulkan::instance[0m[2m:[0m GENERAL [Loader Message (0x0)]
	   <Loader>
[2m2026-08-01T08:01:07.507605Z[0m [32m INFO[0m [2mwgpu_hal::vulkan::instance[0m[2m:[0m 	objects: (type: INSTANCE, hndl: 0xc9606c048540, name: ?)
[2m2026-08-01T08:01:07.507611Z[0m [32m INFO[0m [2mwgpu_hal::vulkan::instance[0m[2m:[0m GENERAL [Loader Message (0x0)]
	     ||
[2m2026-08-01T08:01:07.507617Z[0m [32m INFO[0m [2mwgpu_hal::vulkan::instance[0m[2m:[0m 	objects: (type: INSTANCE, hndl: 0xc9606c048540, name: ?)
[2m2026-08-01T08:01:07.507623Z[0m [32m INFO[0m [2mwgpu_hal::vulkan::instance[0m[2m:[0m GENERAL [Loader Message (0x0)]
	   <Device>
[2m2026-08-01T08:01:07.507628Z[0m [32m INFO[0m [2mwgpu_hal::vulkan::instance[0m[2m:[0m 	objects: (type: INSTANCE, hndl: 0xc9606c048540, name: ?)
[2m2026-08-01T08:01:07.507710Z[0m [32m INFO[0m [2mwgpu_hal::vulkan::instance[0m[2m:[0m GENERAL [Loader Message (0x0)]
	       Using "llvmpipe (LLVM 21.1.8, 128 bits)" with driver: "/usr/lib/aarch64-linux-gnu/libvulkan_lvp.so"
[2m2026-08-01T08:01:07.507718Z[0m [32m INFO[0m [2mwgpu_hal::vulkan::instance[0m[2m:[0m 	objects: (type: INSTANCE, hndl: 0xc9606c048540, name: ?)
[2m2026-08-01T08:01:07.565825Z[0m [32m INFO[0m [2mwgpu_core::device::resource[0m[2m:[0m Device::maintain: waiting for submission index 0
[2m2026-08-01T08:01:07.876323Z[0m [32m INFO[0m [2mwgpu_core::device::resource[0m[2m:[0m Device::maintain: waiting for submission index 0
[2m2026-08-01T08:01:07.941697Z[0m [33m WARN[0m [2mwgpu_hal::vulkan::instance[0m[2m:[0m InstanceFlags::VALIDATION requested, but unable to find layer: VK_LAYER_KHRONOS_validation
[2m2026-08-01T08:01:07.941749Z[0m [32m INFO[0m [2mwgpu_hal::vulkan::instance[0m[2m:[0m GENERAL [Loader Message (0x0)]
	No valid vk_loader_settings.json file found, no loader settings will be active
[2m2026-08-01T08:01:07.941768Z[0m [32m INFO[0m [2mwgpu_hal::vulkan::instance[0m[2m:[0m 	objects: (type: INSTANCE, hndl: 0xc96070dd2cb0, name: ?)
[2m2026-08-01T08:01:07.941777Z[0m [32m INFO[0m [2mwgpu_hal::vulkan::instance[0m[2m:[0m GENERAL [Loader Message (0x0)]
	Searching for implicit layer manifest files
[2m2026-08-01T08:01:07.941784Z[0m [32m INFO[0m [2mwgpu_hal::vulkan::instance[0m[2m:[0m 	objects: (type: INSTANCE, hndl: 0xc96070dd2cb0, name: ?)
[2m2026-08-01T08:01:07.941789Z[0m [32m INFO[0m [2mwgpu_hal::vulkan::instance[0m[2m:[0m GENERAL [Loader Message (0x0)]
	   In following locations:
[2m2026-08-01T08:01:07.941795Z[0m [32m INFO[0m [2mwgpu_hal::vulkan::instance[0m[2m:[0m 	objects: (type: INSTANCE, hndl: 0xc96070dd2cb0, name: ?)
[2m2026-08-01T08:01:07.941801Z[0m [32m INFO[0m [2mwgpu_hal::vulkan::instance[0m[2m:[0m GENERAL [Loader Message (0x0)]
	      /home/ubuntu/.config/vulkan/implicit_layer.d
[2m2026-08-01T08:01:07.941807Z[0m [32m INFO[0m [2mwgpu_hal::vulkan::instance[0m[2m:[0m 	objects: (type: INSTANCE, hndl: 0xc96070dd2cb0, name: ?)
[2m2026-08-01T08:01:07.941813Z[0m [32m INFO[0m [2mwgpu_hal::vulkan::instance[0m[2m:[0m GENERAL [Loader Message (0x0)]
	      /etc/xdg/vulkan/implicit_layer.d
[2m2026-08-01T08:01:07.941819Z[0m [32m INFO[0m [2mwgpu_hal::vulkan::instance[0m[2m:[0m 	objects: (type: INSTANCE, hndl: 0xc96070dd2cb0, name: ?)
[2m2026-08-01T08:01:07.941824Z[0m [32m INFO[0m [2mwgpu_hal::vulkan::instance[0m[2m:[0m GENERAL [Loader Message (0x0)]
	      /etc/vulkan/implicit_layer.d
[2m2026-08-01T08:01:07.941830Z[0m [32m INFO[0m [2mwgpu_hal::vulkan::instance[0m[2m:[0m 	objects: (type: INSTANCE, hndl: 0xc96070dd2cb0, name: ?)
[2m2026-08-01T08:01:07.941835Z[0m [32m INFO[0m [2mwgpu_hal::vulkan::instance[0m[2m:[0m GENERAL [Loader Message (0x0)]
	      /home/ubuntu/.local/share/vulkan/implicit_layer.d
[2m2026-08-01T08:01:07.941842Z[0m [32m INFO[0m [2mwgpu_hal::vulkan::instance[0m[2m:[0m 	objects: (type: INSTANCE, hndl: 0xc96070dd2cb0, name: ?)
[2m2026-08-01T08:01:07.941847Z[0m [32m INFO[0m [2mwgpu_hal::vulkan::instance[0m[2m:[0m GENERAL [Loader Message (0x0)]
	      /usr/local/share/vulkan/implicit_layer.d
[2m2026-08-01T08:01:07.941873Z[0m [32m INFO[0m [2mwgpu_hal::vulkan::instance[0m[2m:[0m 	objects: (type: INSTANCE, hndl: 0xc96070dd2cb0, name: ?)
[2m2026-08-01T08:01:07.941880Z[0m [32m INFO[0m [2mwgpu_hal::vulkan::instance[0m[2m:[0m GENERAL [Loader Message (0x0)]
	      /usr/share/vulkan/implicit_layer.d
[2m2026-08-01T08:01:07.941886Z[0m [32m INFO[0m [2mwgpu_hal::vulkan::instance[0m[2m:[0m 	objects: (type: INSTANCE, hndl: 0xc96070dd2cb0, name: ?)
[2m2026-08-01T08:01:07.941903Z[0m [32m INFO[0m [2mwgpu_hal::vulkan::instance[0m[2m:[0m GENERAL [Loader Message (0x0)]
	   Found the following files:
[2m2026-08-01T08:01:07.941909Z[0m [32m INFO[0m [2mwgpu_hal::vulkan::instance[0m[2m:[0m 	objects: (type: INSTANCE, hndl: 0xc96070dd2cb0, name: ?)
[2m2026-08-01T08:01:07.941915Z[0m [32m INFO[0m [2mwgpu_hal::vulkan::instance[0m[2m:[0m GENERAL [Loader Message (0x0)]
	      /usr/share/vulkan/implicit_layer.d/VkLayer_MESA_anti_lag.json
[2m2026-08-01T08:01:07.941921Z[0m [32m INFO[0m [2mwgpu_hal::vulkan::instance[0m[2m:[0m 	objects: (type: INSTANCE, hndl: 0xc96070dd2cb0, name: ?)
[2m2026-08-01T08:01:07.941927Z[0m [32m INFO[0m [2mwgpu_hal::vulkan::instance[0m[2m:[0m GENERAL [Loader Message (0x0)]
	      /usr/share/vulkan/implicit_layer.d/VkLayer_MESA_device_select.json
[2m2026-08-01T08:01:07.941933Z[0m [32m INFO[0m [2mwgpu_hal::vulkan::instance[0m[2m:[0m 	objects: (type: INSTANCE, hndl: 0xc96070dd2cb0, name: ?)
[2m2026-08-01T08:01:07.941945Z[0m [32m INFO[0m [2mwgpu_hal::vulkan::instance[0m[2m:[0m GENERAL [Loader Message (0x0)]
	Found manifest file /usr/share/vulkan/implicit_layer.d/VkLayer_MESA_anti_lag.json (file version 1.2.1)
[2m2026-08-01T08:01:07.941952Z[0m [32m INFO[0m [2mwgpu_hal::vulkan::instance[0m[2m:[0m 	objects: (type: INSTANCE, hndl: 0xc96070dd2cb0, name: ?)
[2m2026-08-01T08:01:07.941965Z[0m [32m INFO[0m [2mwgpu_hal::vulkan::instance[0m[2m:[0m GENERAL [Loader Message (0x0)]
	Found manifest file /usr/share/vulkan/implicit_layer.d/VkLayer_MESA_device_select.json (file version 1.0.0)
[2m2026-08-01T08:01:07.941973Z[0m [32m INFO[0m [2mwgpu_hal::vulkan::instance[0m[2m:[0m 	objects: (type: INSTANCE, hndl: 0xc96070dd2cb0, name: ?)
[2m2026-08-01T08:01:07.941984Z[0m [32m INFO[0m [2mwgpu_hal::vulkan::instance[0m[2m:[0m GENERAL [Loader Message (0x0)]
	Searching for explicit layer manifest files
[2m2026-08-01T08:01:07.941990Z[0m [32m INFO[0m [2mwgpu_hal::vulkan::instance[0m[2m:[0m 	objects: (type: INSTANCE, hndl: 0xc96070dd2cb0, name: ?)
[2m2026-08-01T08:01:07.941995Z[0m [32m INFO[0m [2mwgpu_hal::vulkan::instance[0m[2m:[0m GENERAL [Loader Message (0x0)]
	   In following locations:
[2m2026-08-01T08:01:07.942001Z[0m [32m INFO[0m [2mwgpu_hal::vulkan::instance[0m[2m:[0m 	objects: (type: INSTANCE, hndl: 0xc96070dd2cb0, name: ?)
[2m2026-08-01T08:01:07.942006Z[0m [32m INFO[0m [2mwgpu_hal::vulkan::instance[0m[2m:[0m GENERAL [Loader Message (0x0)]
	      /home/ubuntu/.config/vulkan/explicit_layer.d
[2m2026-08-01T08:01:07.942012Z[0m [32m INFO[0m [2mwgpu_hal::vulkan::instance[0m[2m:[0m 	objects: (type: INSTANCE, hndl: 0xc96070dd2cb0, name: ?)
[2m2026-08-01T08:01:07.942017Z[0m [32m INFO[0m [2mwgpu_hal::vulkan::instance[0m[2m:[0m GENERAL [Loader Message (0x0)]
	      /etc/xdg/vulkan/explicit_layer.d
[2m2026-08-01T08:01:07.942023Z[0m [32m INFO[0m [2mwgpu_hal::vulkan::instance[0m[2m:[0m 	objects: (type: INSTANCE, hndl: 0xc96070dd2cb0, name: ?)
[2m2026-08-01T08:01:07.942028Z[0m [32m INFO[0m [2mwgpu_hal::vulkan::instance[0m[2m:[0m GENERAL [Loader Message (0x0)]
	      /etc/vulkan/explicit_layer.d
[2m2026-08-01T08:01:07.942034Z[0m [32m INFO[0m [2mwgpu_hal::vulkan::instance[0m[2m:[0m 	objects: (type: INSTANCE, hndl: 0xc96070dd2cb0, name: ?)
[2m2026-08-01T08:01:07.942039Z[0m [32m INFO[0m [2mwgpu_hal::vulkan::instance[0m[2m:[0m GENERAL [Loader Message (0x0)]
	      /home/ubuntu/.local/share/vulkan/explicit_layer.d
[2m2026-08-01T08:01:07.942045Z[0m [32m INFO[0m [2mwgpu_hal::vulkan::instance[0m[2m:[0m 	objects: (type: INSTANCE, hndl: 0xc96070dd2cb0, name: ?)
[2m2026-08-01T08:01:07.942053Z[0m [32m INFO[0m [2mwgpu_hal::vulkan::instance[0m[2m:[0m GENERAL [Loader Message (0x0)]
	      /usr/local/share/vulkan/explicit_layer.d
[2m2026-08-01T08:01:07.942059Z[0m [32m INFO[0m [2mwgpu_hal::vulkan::instance[0m[2m:[0m 	objects: (type: INSTANCE, hndl: 0xc96070dd2cb0, name: ?)
[2m2026-08-01T08:01:07.942064Z[0m [32m INFO[0m [2mwgpu_hal::vulkan::instance[0m[2m:[0m GENERAL [Loader Message (0x0)]
	      /usr/share/vulkan/explicit_layer.d
[2m2026-08-01T08:01:07.942070Z[0m [32m INFO[0m [2mwgpu_hal::vulkan::instance[0m[2m:[0m 	objects: (type: INSTANCE, hndl: 0xc96070dd2cb0, name: ?)
[2m2026-08-01T08:01:07.942085Z[0m [32m INFO[0m [2mwgpu_hal::vulkan::instance[0m[2m:[0m GENERAL [Loader Message (0x0)]
	   Found the following files:
[2m2026-08-01T08:01:07.942091Z[0m [32m INFO[0m [2mwgpu_hal::vulkan::instance[0m[2m:[0m 	objects: (type: INSTANCE, hndl: 0xc96070dd2cb0, name: ?)
[2m2026-08-01T08:01:07.942097Z[0m [32m INFO[0m [2mwgpu_hal::vulkan::instance[0m[2m:[0m GENERAL [Loader Message (0x0)]
	      /usr/share/vulkan/explicit_layer.d/VkLayer_MESA_screenshot.json
[2m2026-08-01T08:01:07.942103Z[0m [32m INFO[0m [2mwgpu_hal::vulkan::instance[0m[2m:[0m 	objects: (type: INSTANCE, hndl: 0xc96070dd2cb0, name: ?)
[2m2026-08-01T08:01:07.942109Z[0m [32m INFO[0m [2mwgpu_hal::vulkan::instance[0m[2m:[0m GENERAL [Loader Message (0x0)]
	      /usr/share/vulkan/explicit_layer.d/VkLayer_MESA_overlay.json
[2m2026-08-01T08:01:07.942115Z[0m [32m INFO[0m [2mwgpu_hal::vulkan::instance[0m[2m:[0m 	objects: (type: INSTANCE, hndl: 0xc96070dd2cb0, name: ?)
[2m2026-08-01T08:01:07.942120Z[0m [32m INFO[0m [2mwgpu_hal::vulkan::instance[0m[2m:[0m GENERAL [Loader Message (0x0)]
	      /usr/share/vulkan/explicit_layer.d/VkLayer_INTEL_nullhw.json
[2m2026-08-01T08:01:07.942127Z[0m [32m INFO[0m [2mwgpu_hal::vulkan::instance[0m[2m:[0m 	objects: (type: INSTANCE, hndl: 0xc96070dd2cb0, name: ?)
[2m2026-08-01T08:01:07.942135Z[0m [32m INFO[0m [2mwgpu_hal::vulkan::instance[0m[2m:[0m GENERAL [Loader Message (0x0)]
	Found manifest file /usr/share/vulkan/explicit_layer.d/VkLayer_MESA_screenshot.json (file version 1.0.0)
[2m2026-08-01T08:01:07.942142Z[0m [32m INFO[0m [2mwgpu_hal::vulkan::instance[0m[2m:[0m 	objects: (type: INSTANCE, hndl: 0xc96070dd2cb0, name: ?)
[2m2026-08-01T08:01:07.942152Z[0m [32m INFO[0m [2mwgpu_hal::vulkan::instance[0m[2m:[0m GENERAL [Loader Message (0x0)]
	Found manifest file /usr/share/vulkan/explicit_layer.d/VkLayer_MESA_overlay.json (file version 1.0.0)
[2m2026-08-01T08:01:07.942159Z[0m [32m INFO[0m [2mwgpu_hal::vulkan::instance[0m[2m:[0m 	objects: (type: INSTANCE, hndl: 0xc96070dd2cb0, name: ?)
[2m2026-08-01T08:01:07.942167Z[0m [32m INFO[0m [2mwgpu_hal::vulkan::instance[0m[2m:[0m GENERAL [Loader Message (0x0)]
	Found manifest file /usr/share/vulkan/explicit_layer.d/VkLayer_INTEL_nullhw.json (file version 1.0.0)
[2m2026-08-01T08:01:07.942174Z[0m [32m INFO[0m [2mwgpu_hal::vulkan::instance[0m[2m:[0m 	objects: (type: INSTANCE, hndl: 0xc96070dd2cb0, name: ?)
[2m2026-08-01T08:01:07.942183Z[0m [32m INFO[0m [2mwgpu_hal::vulkan::instance[0m[2m:[0m GENERAL [Loader Message (0x0)]
	Searching for driver manifest files
[2m2026-08-01T08:01:07.942189Z[0m [32m INFO[0m [2mwgpu_hal::vulkan::instance[0m[2m:[0m 	objects: (type: INSTANCE, hndl: 0xc96070dd2cb0, name: ?)
[2m2026-08-01T08:01:07.942194Z[0m [32m INFO[0m [2mwgpu_hal::vulkan::instance[0m[2m:[0m GENERAL [Loader Message (0x0)]
	   In following locations:
[2m2026-08-01T08:01:07.942200Z[0m [32m INFO[0m [2mwgpu_hal::vulkan::instance[0m[2m:[0m 	objects: (type: INSTANCE, hndl: 0xc96070dd2cb0, name: ?)
[2m2026-08-01T08:01:07.942205Z[0m [32m INFO[0m [2mwgpu_hal::vulkan::instance[0m[2m:[0m GENERAL [Loader Message (0x0)]
	      /home/ubuntu/.config/vulkan/icd.d
[2m2026-08-01T08:01:07.942211Z[0m [32m INFO[0m [2mwgpu_hal::vulkan::instance[0m[2m:[0m 	objects: (type: INSTANCE, hndl: 0xc96070dd2cb0, name: ?)
[2m2026-08-01T08:01:07.942218Z[0m [32m INFO[0m [2mwgpu_hal::vulkan::instance[0m[2m:[0m GENERAL [Loader Message (0x0)]
	      /etc/xdg/vulkan/icd.d
[2m2026-08-01T08:01:07.942223Z[0m [32m INFO[0m [2mwgpu_hal::vulkan::instance[0m[2m:[0m 	objects: (type: INSTANCE, hndl: 0xc96070dd2cb0, name: ?)
[2m2026-08-01T08:01:07.942256Z[0m [32m INFO[0m [2mwgpu_hal::vulkan::instance[0m[2m:[0m GENERAL [Loader Message (0x0)]
	      /etc/vulkan/icd.d
[2m2026-08-01T08:01:07.942262Z[0m [32m INFO[0m [2mwgpu_hal::vulkan::instance[0m[2m:[0m 	objects: (type: INSTANCE, hndl: 0xc96070dd2cb0, name: ?)
[2m2026-08-01T08:01:07.942268Z[0m [32m INFO[0m [2mwgpu_hal::vulkan::instance[0m[2m:[0m GENERAL [Loader Message (0x0)]
	      /home/ubuntu/.local/share/vulkan/icd.d
[2m2026-08-01T08:01:07.942274Z[0m [32m INFO[0m [2mwgpu_hal::vulkan::instance[0m[2m:[0m 	objects: (type: INSTANCE, hndl: 0xc96070dd2cb0, name: ?)
[2m2026-08-01T08:01:07.942279Z[0m [32m INFO[0m [2mwgpu_hal::vulkan::instance[0m[2m:[0m GENERAL [Loader Message (0x0)]
	      /usr/local/share/vulkan/icd.d
[2m2026-08-01T08:01:07.942284Z[0m [32m INFO[0m [2mwgpu_hal::vulkan::instance[0m[2m:[0m 	objects: (type: INSTANCE, hndl: 0xc96070dd2cb0, name: ?)
[2m2026-08-01T08:01:07.942290Z[0m [32m INFO[0m [2mwgpu_hal::vulkan::instance[0m[2m:[0m GENERAL [Loader Message (0x0)]
	      /usr/share/vulkan/icd.d
[2m2026-08-01T08:01:07.942295Z[0m [32m INFO[0m [2mwgpu_hal::vulkan::instance[0m[2m:[0m 	objects: (type: INSTANCE, hndl: 0xc96070dd2cb0, name: ?)
[2m2026-08-01T08:01:07.942324Z[0m [32m INFO[0m [2mwgpu_hal::vulkan::instance[0m[2m:[0m GENERAL [Loader Message (0x0)]
	   Found the following files:
[2m2026-08-01T08:01:07.942330Z[0m [32m INFO[0m [2mwgpu_hal::vulkan::instance[0m[2m:[0m 	objects: (type: INSTANCE, hndl: 0xc96070dd2cb0, name: ?)
[2m2026-08-01T08:01:07.942336Z[0m [32m INFO[0m [2mwgpu_hal::vulkan::instance[0m[2m:[0m GENERAL [Loader Message (0x0)]
	      /usr/share/vulkan/icd.d/nouveau_icd.json
[2m2026-08-01T08:01:07.942342Z[0m [32m INFO[0m [2mwgpu_hal::vulkan::instance[0m[2m:[0m 	objects: (type: INSTANCE, hndl: 0xc96070dd2cb0, name: ?)
[2m2026-08-01T08:01:07.942347Z[0m [32m INFO[0m [2mwgpu_hal::vulkan::instance[0m[2m:[0m GENERAL [Loader Message (0x0)]
	      /usr/share/vulkan/icd.d/broadcom_icd.json
[2m2026-08-01T08:01:07.942353Z[0m [32m INFO[0m [2mwgpu_hal::vulkan::instance[0m[2m:[0m 	objects: (type: INSTANCE, hndl: 0xc96070dd2cb0, name: ?)
[2m2026-08-01T08:01:07.942358Z[0m [32m INFO[0m [2mwgpu_hal::vulkan::instance[0m[2m:[0m GENERAL [Loader Message (0x0)]
	      /usr/share/vulkan/icd.d/panfrost_icd.json
[2m2026-08-01T08:01:07.942364Z[0m [32m INFO[0m [2mwgpu_hal::vulkan::instance[0m[2m:[0m 	objects: (type: INSTANCE, hndl: 0xc96070dd2cb0, name: ?)
[2m2026-08-01T08:01:07.942370Z[0m [32m INFO[0m [2mwgpu_hal::vulkan::instance[0m[2m:[0m GENERAL [Loader Message (0x0)]
	      /usr/share/vulkan/icd.d/freedreno_icd.json
[2m2026-08-01T08:01:07.942376Z[0m [32m INFO[0m [2mwgpu_hal::vulkan::instance[0m[2m:[0m 	objects: (type: INSTANCE, hndl: 0xc96070dd2cb0, name: ?)
[2m2026-08-01T08:01:07.942381Z[0m [32m INFO[0m [2mwgpu_hal::vulkan::instance[0m[2m:[0m GENERAL [Loader Message (0x0)]
	      /usr/share/vulkan/icd.d/gfxstream_vk_icd.json
[2m2026-08-01T08:01:07.942387Z[0m [32m INFO[0m [2mwgpu_hal::vulkan::instance[0m[2m:[0m 	objects: (type: INSTANCE, hndl: 0xc96070dd2cb0, name: ?)
[2m2026-08-01T08:01:07.942392Z[0m [32m INFO[0m [2mwgpu_hal::vulkan::instance[0m[2m:[0m GENERAL [Loader Message (0x0)]
	      /usr/share/vulkan/icd.d/virtio_icd.json
[2m2026-08-01T08:01:07.942398Z[0m [32m INFO[0m [2mwgpu_hal::vulkan::instance[0m[2m:[0m 	objects: (type: INSTANCE, hndl: 0xc96070dd2cb0, name: ?)
[2m2026-08-01T08:01:07.942403Z[0m [32m INFO[0m [2mwgpu_hal::vulkan::instance[0m[2m:[0m GENERAL [Loader Message (0x0)]
	      /usr/share/vulkan/icd.d/asahi_icd.json
[2m2026-08-01T08:01:07.942411Z[0m [32m INFO[0m [2mwgpu_hal::vulkan::instance[0m[2m:[0m 	objects: (type: INSTANCE, hndl: 0xc96070dd2cb0, name: ?)
[2m2026-08-01T08:01:07.942416Z[0m [32m INFO[0m [2mwgpu_hal::vulkan::instance[0m[2m:[0m GENERAL [Loader Message (0x0)]
	      /usr/share/vulkan/icd.d/lvp_icd.json
[2m2026-08-01T08:01:07.942422Z[0m [32m INFO[0m [2mwgpu_hal::vulkan::instance[0m[2m:[0m 	objects: (type: INSTANCE, hndl: 0xc96070dd2cb0, name: ?)
[2m2026-08-01T08:01:07.942427Z[0m [32m INFO[0m [2mwgpu_hal::vulkan::instance[0m[2m:[0m GENERAL [Loader Message (0x0)]
	      /usr/share/vulkan/icd.d/intel_icd.json
[2m2026-08-01T08:01:07.942433Z[0m [32m INFO[0m [2mwgpu_hal::vulkan::instance[0m[2m:[0m 	objects: (type: INSTANCE, hndl: 0xc96070dd2cb0, name: ?)
[2m2026-08-01T08:01:07.942438Z[0m [32m INFO[0m [2mwgpu_hal::vulkan::instance[0m[2m:[0m GENERAL [Loader Message (0x0)]
	      /usr/share/vulkan/icd.d/powervr_mesa_icd.json
[2m2026-08-01T08:01:07.942444Z[0m [32m INFO[0m [2mwgpu_hal::vulkan::instance[0m[2m:[0m 	objects: (type: INSTANCE, hndl: 0xc96070dd2cb0, name: ?)
[2m2026-08-01T08:01:07.942449Z[0m [32m INFO[0m [2mwgpu_hal::vulkan::instance[0m[2m:[0m GENERAL [Loader Message (0x0)]
	      /usr/share/vulkan/icd.d/radeon_icd.json
[2m2026-08-01T08:01:07.942455Z[0m [32m INFO[0m [2mwgpu_hal::vulkan::instance[0m[2m:[0m 	objects: (type: INSTANCE, hndl: 0xc96070dd2cb0, name: ?)
[2m2026-08-01T08:01:07.942465Z[0m [32m INFO[0m [2mwgpu_hal::vulkan::instance[0m[2m:[0m GENERAL [Loader Message (0x0)]
	Found ICD manifest file /usr/share/vulkan/icd.d/nouveau_icd.json, version 1.0.1
[2m2026-08-01T08:01:07.942471Z[0m [32m INFO[0m [2mwgpu_hal::vulkan::instance[0m[2m:[0m 	objects: (type: INSTANCE, hndl: 0xc96070dd2cb0, name: ?)
[2m2026-08-01T08:01:07.942508Z[0m [32m INFO[0m [2mwgpu_hal::vulkan::instance[0m[2m:[0m GENERAL [Loader Message (0x0)]
	Found ICD manifest file /usr/share/vulkan/icd.d/broadcom_icd.json, version 1.0.1
[2m2026-08-01T08:01:07.942515Z[0m [32m INFO[0m [2mwgpu_hal::vulkan::instance[0m[2m:[0m 	objects: (type: INSTANCE, hndl: 0xc96070dd2cb0, name: ?)
[2m2026-08-01T08:01:07.942722Z[0m [32m INFO[0m [2mwgpu_hal::vulkan::instance[0m[2m:[0m GENERAL [Loader Message (0x0)]
	Found ICD manifest file /usr/share/vulkan/icd.d/panfrost_icd.json, version 1.0.1
[2m2026-08-01T08:01:07.942730Z[0m [32m INFO[0m [2mwgpu_hal::vulkan::instance[0m[2m:[0m 	objects: (type: INSTANCE, hndl: 0xc96070dd2cb0, name: ?)
[2m2026-08-01T08:01:07.942953Z[0m [32m INFO[0m [2mwgpu_hal::vulkan::instance[0m[2m:[0m GENERAL [Loader Message (0x0)]
	Found ICD manifest file /usr/share/vulkan/icd.d/freedreno_icd.json, version 1.0.1
[2m2026-08-01T08:01:07.942961Z[0m [32m INFO[0m [2mwgpu_hal::vulkan::instance[0m[2m:[0m 	objects: (type: INSTANCE, hndl: 0xc96070dd2cb0, name: ?)
[2m2026-08-01T08:01:07.943653Z[0m [32m INFO[0m [2mwgpu_hal::vulkan::instance[0m[2m:[0m GENERAL [Loader Message (0x0)]
	Found ICD manifest file /usr/share/vulkan/icd.d/gfxstream_vk_icd.json, version 1.0.1
[2m2026-08-01T08:01:07.943666Z[0m [32m INFO[0m [2mwgpu_hal::vulkan::instance[0m[2m:[0m 	objects: (type: INSTANCE, hndl: 0xc96070dd2cb0, name: ?)
[2m2026-08-01T08:01:07.943756Z[0m [32m INFO[0m [2mwgpu_hal::vulkan::instance[0m[2m:[0m GENERAL [Loader Message (0x0)]
	Found ICD manifest file /usr/share/vulkan/icd.d/virtio_icd.json, version 1.0.1
[2m2026-08-01T08:01:07.943764Z[0m [32m INFO[0m [2mwgpu_hal::vulkan::instance[0m[2m:[0m 	objects: (type: INSTANCE, hndl: 0xc96070dd2cb0, name: ?)
[2m2026-08-01T08:01:07.943850Z[0m [32m INFO[0m [2mwgpu_hal::vulkan::instance[0m[2m:[0m GENERAL [Loader Message (0x0)]
	Found ICD manifest file /usr/share/vulkan/icd.d/asahi_icd.json, version 1.0.1
[2m2026-08-01T08:01:07.943858Z[0m [32m INFO[0m [2mwgpu_hal::vulkan::instance[0m[2m:[0m 	objects: (type: INSTANCE, hndl: 0xc96070dd2cb0, name: ?)
[2m2026-08-01T08:01:07.944071Z[0m [32m INFO[0m [2mwgpu_hal::vulkan::instance[0m[2m:[0m GENERAL [Loader Message (0x0)]
	Found ICD manifest file /usr/share/vulkan/icd.d/lvp_icd.json, version 1.0.1
[2m2026-08-01T08:01:07.944081Z[0m [32m INFO[0m [2mwgpu_hal::vulkan::instance[0m[2m:[0m 	objects: (type: INSTANCE, hndl: 0xc96070dd2cb0, name: ?)
[2m2026-08-01T08:01:07.944097Z[0m [32m INFO[0m [2mwgpu_hal::vulkan::instance[0m[2m:[0m GENERAL [Loader Message (0x0)]
	Found ICD manifest file /usr/share/vulkan/icd.d/intel_icd.json, version 1.0.1
[2m2026-08-01T08:01:07.944104Z[0m [32m INFO[0m [2mwgpu_hal::vulkan::instance[0m[2m:[0m 	objects: (type: INSTANCE, hndl: 0xc96070dd2cb0, name: ?)
[2m2026-08-01T08:01:07.944465Z[0m [32m INFO[0m [2mwgpu_hal::vulkan::instance[0m[2m:[0m GENERAL [Loader Message (0x0)]
	Found ICD manifest file /usr/share/vulkan/icd.d/powervr_mesa_icd.json, version 1.0.1
[2m2026-08-01T08:01:07.944497Z[0m [32m INFO[0m [2mwgpu_hal::vulkan::instance[0m[2m:[0m 	objects: (type: INSTANCE, hndl: 0xc96070dd2cb0, name: ?)
[2m2026-08-01T08:01:07.944755Z[0m [32m INFO[0m [2mwgpu_hal::vulkan::instance[0m[2m:[0m GENERAL [Loader Message (0x0)]
	Found ICD manifest file /usr/share/vulkan/icd.d/radeon_icd.json, version 1.0.1
[2m2026-08-01T08:01:07.944766Z[0m [32m INFO[0m [2mwgpu_hal::vulkan::instance[0m[2m:[0m 	objects: (type: INSTANCE, hndl: 0xc96070dd2cb0, name: ?)
[2m2026-08-01T08:01:07.945320Z[0m [32m INFO[0m [2mwgpu_hal::vulkan::instance[0m[2m:[0m GENERAL [Loader Message (0x0)]
	Insert instance layer "VK_LAYER_MESA_device_select" (/usr/lib/aarch64-linux-gnu/libVkLayer_MESA_device_select.so)
[2m2026-08-01T08:01:07.945334Z[0m [32m INFO[0m [2mwgpu_hal::vulkan::instance[0m[2m:[0m 	objects: (type: INSTANCE, hndl: 0xc96070dd2cb0, name: ?)
[2m2026-08-01T08:01:07.945342Z[0m [32m INFO[0m [2mwgpu_hal::vulkan::instance[0m[2m:[0m GENERAL [Loader Message (0x0)]
	vkCreateInstance layer callstack setup to:
[2m2026-08-01T08:01:07.945349Z[0m [32m INFO[0m [2mwgpu_hal::vulkan::instance[0m[2m:[0m 	objects: (type: INSTANCE, hndl: 0xc96070dd2cb0, name: ?)
[2m2026-08-01T08:01:07.945354Z[0m [32m INFO[0m [2mwgpu_hal::vulkan::instance[0m[2m:[0m GENERAL [Loader Message (0x0)]
	   <Application>
[2m2026-08-01T08:01:07.945360Z[0m [32m INFO[0m [2mwgpu_hal::vulkan::instance[0m[2m:[0m 	objects: (type: INSTANCE, hndl: 0xc96070dd2cb0, name: ?)
[2m2026-08-01T08:01:07.945365Z[0m [32m INFO[0m [2mwgpu_hal::vulkan::instance[0m[2m:[0m GENERAL [Loader Message (0x0)]
	     ||
[2m2026-08-01T08:01:07.945371Z[0m [32m INFO[0m [2mwgpu_hal::vulkan::instance[0m[2m:[0m 	objects: (type: INSTANCE, hndl: 0xc96070dd2cb0, name: ?)
[2m2026-08-01T08:01:07.945376Z[0m [32m INFO[0m [2mwgpu_hal::vulkan::instance[0m[2m:[0m GENERAL [Loader Message (0x0)]
	   <Loader>
[2m2026-08-01T08:01:07.945382Z[0m [32m INFO[0m [2mwgpu_hal::vulkan::instance[0m[2m:[0m 	objects: (type: INSTANCE, hndl: 0xc96070dd2cb0, name: ?)
[2m2026-08-01T08:01:07.945387Z[0m [32m INFO[0m [2mwgpu_hal::vulkan::instance[0m[2m:[0m GENERAL [Loader Message (0x0)]
	     ||
[2m2026-08-01T08:01:07.945393Z[0m [32m INFO[0m [2mwgpu_hal::vulkan::instance[0m[2m:[0m 	objects: (type: INSTANCE, hndl: 0xc96070dd2cb0, name: ?)
[2m2026-08-01T08:01:07.945399Z[0m [32m INFO[0m [2mwgpu_hal::vulkan::instance[0m[2m:[0m GENERAL [Loader Message (0x0)]
	   VK_LAYER_MESA_device_select
[2m2026-08-01T08:01:07.945406Z[0m [32m INFO[0m [2mwgpu_hal::vulkan::instance[0m[2m:[0m 	objects: (type: INSTANCE, hndl: 0xc96070dd2cb0, name: ?)
[2m2026-08-01T08:01:07.945413Z[0m [32m INFO[0m [2mwgpu_hal::vulkan::instance[0m[2m:[0m GENERAL [Loader Message (0x0)]
	           Type: Implicit
[2m2026-08-01T08:01:07.945419Z[0m [32m INFO[0m [2mwgpu_hal::vulkan::instance[0m[2m:[0m 	objects: (type: INSTANCE, hndl: 0xc96070dd2cb0, name: ?)
[2m2026-08-01T08:01:07.945424Z[0m [32m INFO[0m [2mwgpu_hal::vulkan::instance[0m[2m:[0m GENERAL [Loader Message (0x0)]
	           Enabled By: Implicit Layer
[2m2026-08-01T08:01:07.945430Z[0m [32m INFO[0m [2mwgpu_hal::vulkan::instance[0m[2m:[0m 	objects: (type: INSTANCE, hndl: 0xc96070dd2cb0, name: ?)
[2m2026-08-01T08:01:07.945441Z[0m [32m INFO[0m [2mwgpu_hal::vulkan::instance[0m[2m:[0m GENERAL [Loader Message (0x0)]
	               Disable Env Var:  NODEVICE_SELECT
[2m2026-08-01T08:01:07.945447Z[0m [32m INFO[0m [2mwgpu_hal::vulkan::instance[0m[2m:[0m 	objects: (type: INSTANCE, hndl: 0xc96070dd2cb0, name: ?)
[2m2026-08-01T08:01:07.945453Z[0m [32m INFO[0m [2mwgpu_hal::vulkan::instance[0m[2m:[0m GENERAL [Loader Message (0x0)]
	           Manifest: /usr/share/vulkan/implicit_layer.d/VkLayer_MESA_device_select.json
[2m2026-08-01T08:01:07.945460Z[0m [32m INFO[0m [2mwgpu_hal::vulkan::instance[0m[2m:[0m 	objects: (type: INSTANCE, hndl: 0xc96070dd2cb0, name: ?)
[2m2026-08-01T08:01:07.945465Z[0m [32m INFO[0m [2mwgpu_hal::vulkan::instance[0m[2m:[0m GENERAL [Loader Message (0x0)]
	           Library:  /usr/lib/aarch64-linux-gnu/libVkLayer_MESA_device_select.so
[2m2026-08-01T08:01:07.945472Z[0m [32m INFO[0m [2mwgpu_hal::vulkan::instance[0m[2m:[0m 	objects: (type: INSTANCE, hndl: 0xc96070dd2cb0, name: ?)
[2m2026-08-01T08:01:07.945477Z[0m [32m INFO[0m [2mwgpu_hal::vulkan::instance[0m[2m:[0m GENERAL [Loader Message (0x0)]
	     ||
[2m2026-08-01T08:01:07.945482Z[0m [32m INFO[0m [2mwgpu_hal::vulkan::instance[0m[2m:[0m 	objects: (type: INSTANCE, hndl: 0xc96070dd2cb0, name: ?)
[2m2026-08-01T08:01:07.945488Z[0m [32m INFO[0m [2mwgpu_hal::vulkan::instance[0m[2m:[0m GENERAL [Loader Message (0x0)]
	   <Drivers>
[2m2026-08-01T08:01:07.945493Z[0m [32m INFO[0m [2mwgpu_hal::vulkan::instance[0m[2m:[0m 	objects: (type: INSTANCE, hndl: 0xc96070dd2cb0, name: ?)
[2m2026-08-01T08:01:07.951335Z[0m [32m INFO[0m [2mwgpu_hal::vulkan::instance[0m[2m:[0m Enabling debug utils
[2m2026-08-01T08:01:07.951597Z[0m [32m INFO[0m [2mwgpu_hal::gles::egl[0m[2m:[0m Using Wayland platform
[slopos-compositor/drm] client connected
[slopos-compositor/drm] client disconnected
[slopos-compositor/drm] client connected
[2m2026-08-01T08:01:07.985876Z[0m [33m WARN[0m [2mwgpu_hal::gles::egl[0m[2m:[0m Re-initializing Gles context due to Wayland window
[2m2026-08-01T08:01:08.000588Z[0m [32m INFO[0m [2mwgpu_hal::vulkan::instance[0m[2m:[0m GENERAL [Loader Message (0x0)]
	linux_read_sorted_physical_devices:
[2m2026-08-01T08:01:08.000617Z[0m [32m INFO[0m [2mwgpu_hal::vulkan::instance[0m[2m:[0m 	objects: (type: INSTANCE, hndl: 0xc96070dd2cb0, name: ?)
[2m2026-08-01T08:01:08.000625Z[0m [32m INFO[0m [2mwgpu_hal::vulkan::instance[0m[2m:[0m GENERAL [Loader Message (0x0)]
	     Original order:
[2m2026-08-01T08:01:08.000631Z[0m [32m INFO[0m [2mwgpu_hal::vulkan::instance[0m[2m:[0m 	objects: (type: INSTANCE, hndl: 0xc96070dd2cb0, name: ?)
[2m2026-08-01T08:01:08.000644Z[0m [32m INFO[0m [2mwgpu_hal::vulkan::instance[0m[2m:[0m GENERAL [Loader Message (0x0)]
	           [0] llvmpipe (LLVM 21.1.8, 128 bits)
[2m2026-08-01T08:01:08.000651Z[0m [32m INFO[0m [2mwgpu_hal::vulkan::instance[0m[2m:[0m 	objects: (type: INSTANCE, hndl: 0xc96070dd2cb0, name: ?)
[2m2026-08-01T08:01:08.000657Z[0m [32m INFO[0m [2mwgpu_hal::vulkan::instance[0m[2m:[0m GENERAL [Loader Message (0x0)]
	     Sorted order:
[2m2026-08-01T08:01:08.000663Z[0m [32m INFO[0m [2mwgpu_hal::vulkan::instance[0m[2m:[0m 	objects: (type: INSTANCE, hndl: 0xc96070dd2cb0, name: ?)
[2m2026-08-01T08:01:08.000669Z[0m [32m INFO[0m [2mwgpu_hal::vulkan::instance[0m[2m:[0m GENERAL [Loader Message (0x0)]
	           [0] llvmpipe (LLVM 21.1.8, 128 bits)  
[2m2026-08-01T08:01:08.000676Z[0m [32m INFO[0m [2mwgpu_hal::vulkan::instance[0m[2m:[0m 	objects: (type: INSTANCE, hndl: 0xc96070dd2cb0, name: ?)
[2m2026-08-01T08:01:08.000691Z[0m [32m INFO[0m [2mwgpu_hal::vulkan::instance[0m[2m:[0m GENERAL [Loader Message (0x0)]
	linux_read_sorted_physical_devices:
[2m2026-08-01T08:01:08.000697Z[0m [32m INFO[0m [2mwgpu_hal::vulkan::instance[0m[2m:[0m 	objects: (type: INSTANCE, hndl: 0xc96070dd2cb0, name: ?)
[2m2026-08-01T08:01:08.000717Z[0m [32m INFO[0m [2mwgpu_hal::vulkan::instance[0m[2m:[0m GENERAL [Loader Message (0x0)]
	     Original order:
[2m2026-08-01T08:01:08.000725Z[0m [32m INFO[0m [2mwgpu_hal::vulkan::instance[0m[2m:[0m 	objects: (type: INSTANCE, hndl: 0xc96070dd2cb0, name: ?)
[2m2026-08-01T08:01:08.000734Z[0m [32m INFO[0m [2mwgpu_hal::vulkan::instance[0m[2m:[0m GENERAL [Loader Message (0x0)]
	           [0] llvmpipe (LLVM 21.1.8, 128 bits)
[2m2026-08-01T08:01:08.000741Z[0m [32m INFO[0m [2mwgpu_hal::vulkan::instance[0m[2m:[0m 	objects: (type: INSTANCE, hndl: 0xc96070dd2cb0, name: ?)
[2m2026-08-01T08:01:08.000747Z[0m [32m INFO[0m [2mwgpu_hal::vulkan::instance[0m[2m:[0m GENERAL [Loader Message (0x0)]
	     Sorted order:
[2m2026-08-01T08:01:08.000752Z[0m [32m INFO[0m [2mwgpu_hal::vulkan::instance[0m[2m:[0m 	objects: (type: INSTANCE, hndl: 0xc96070dd2cb0, name: ?)
[2m2026-08-01T08:01:08.000758Z[0m [32m INFO[0m [2mwgpu_hal::vulkan::instance[0m[2m:[0m GENERAL [Loader Message (0x0)]
	           [0] llvmpipe (LLVM 21.1.8, 128 bits)  
[2m2026-08-01T08:01:08.000764Z[0m [32m INFO[0m [2mwgpu_hal::vulkan::instance[0m[2m:[0m 	objects: (type: INSTANCE, hndl: 0xc96070dd2cb0, name: ?)
[slopos-compositor/drm] client connected
[slopos-compositor/drm] client disconnected
[2m2026-08-01T08:01:08.018540Z[0m [32m INFO[0m [2mwgpu_hal::vulkan::instance[0m[2m:[0m GENERAL [Loader Message (0x0)]
	linux_read_sorted_physical_devices:
[2m2026-08-01T08:01:08.018560Z[0m [32m INFO[0m [2mwgpu_hal::vulkan::instance[0m[2m:[0m 	objects: (type: INSTANCE, hndl: 0xc96070dd2cb0, name: ?)
[2m2026-08-01T08:01:08.018567Z[0m [32m INFO[0m [2mwgpu_hal::vulkan::instance[0m[2m:[0m GENERAL [Loader Message (0x0)]
	     Original order:
[2m2026-08-01T08:01:08.018573Z[0m [32m INFO[0m [2mwgpu_hal::vulkan::instance[0m[2m:[0m 	objects: (type: INSTANCE, hndl: 0xc96070dd2cb0, name: ?)
[2m2026-08-01T08:01:08.018585Z[0m [32m INFO[0m [2mwgpu_hal::vulkan::instance[0m[2m:[0m GENERAL [Loader Message (0x0)]
	           [0] llvmpipe (LLVM 21.1.8, 128 bits)
[2m2026-08-01T08:01:08.018591Z[0m [32m INFO[0m [2mwgpu_hal::vulkan::instance[0m[2m:[0m 	objects: (type: INSTANCE, hndl: 0xc96070dd2cb0, name: ?)
[2m2026-08-01T08:01:08.018597Z[0m [32m INFO[0m [2mwgpu_hal::vulkan::instance[0m[2m:[0m GENERAL [Loader Message (0x0)]
	     Sorted order:
[2m2026-08-01T08:01:08.018603Z[0m [32m INFO[0m [2mwgpu_hal::vulkan::instance[0m[2m:[0m 	objects: (type: INSTANCE, hndl: 0xc96070dd2cb0, name: ?)
[2m2026-08-01T08:01:08.018609Z[0m [32m INFO[0m [2mwgpu_hal::vulkan::instance[0m[2m:[0m GENERAL [Loader Message (0x0)]
	           [0] llvmpipe (LLVM 21.1.8, 128 bits)  
[2m2026-08-01T08:01:08.018615Z[0m [32m INFO[0m [2mwgpu_hal::vulkan::instance[0m[2m:[0m 	objects: (type: INSTANCE, hndl: 0xc96070dd2cb0, name: ?)
[2m2026-08-01T08:01:08.018624Z[0m [32m INFO[0m [2mwgpu_hal::vulkan::instance[0m[2m:[0m GENERAL [Loader Message (0x0)]
	linux_read_sorted_physical_devices:
[2m2026-08-01T08:01:08.018631Z[0m [32m INFO[0m [2mwgpu_hal::vulkan::instance[0m[2m:[0m 	objects: (type: INSTANCE, hndl: 0xc96070dd2cb0, name: ?)
[2m2026-08-01T08:01:08.018636Z[0m [32m INFO[0m [2mwgpu_hal::vulkan::instance[0m[2m:[0m GENERAL [Loader Message (0x0)]
	     Original order:
[2m2026-08-01T08:01:08.018642Z[0m [32m INFO[0m [2mwgpu_hal::vulkan::instance[0m[2m:[0m 	objects: (type: INSTANCE, hndl: 0xc96070dd2cb0, name: ?)
[2m2026-08-01T08:01:08.018650Z[0m [32m INFO[0m [2mwgpu_hal::vulkan::instance[0m[2m:[0m GENERAL [Loader Message (0x0)]
	           [0] llvmpipe (LLVM 21.1.8, 128 bits)
[2m2026-08-01T08:01:08.018656Z[0m [32m INFO[0m [2mwgpu_hal::vulkan::instance[0m[2m:[0m 	objects: (type: INSTANCE, hndl: 0xc96070dd2cb0, name: ?)
[2m2026-08-01T08:01:08.018662Z[0m [32m INFO[0m [2mwgpu_hal::vulkan::instance[0m[2m:[0m GENERAL [Loader Message (0x0)]
	     Sorted order:
[2m2026-08-01T08:01:08.018675Z[0m [32m INFO[0m [2mwgpu_hal::vulkan::instance[0m[2m:[0m 	objects: (type: INSTANCE, hndl: 0xc96070dd2cb0, name: ?)
[2m2026-08-01T08:01:08.018690Z[0m [32m INFO[0m [2mwgpu_hal::vulkan::instance[0m[2m:[0m GENERAL [Loader Message (0x0)]
	           [0] llvmpipe (LLVM 21.1.8, 128 bits)  
[2m2026-08-01T08:01:08.018701Z[0m [32m INFO[0m [2mwgpu_hal::vulkan::instance[0m[2m:[0m 	objects: (type: INSTANCE, hndl: 0xc96070dd2cb0, name: ?)
[slopos-compositor/drm] client connected
[slopos-compositor/drm] client disconnected
[2m2026-08-01T08:01:08.037928Z[0m [32m INFO[0m [2mwgpu_hal::vulkan::instance[0m[2m:[0m GENERAL [Loader Message (0x0)]
	Removing driver /usr/lib/aarch64-linux-gnu/libvulkan_radeon.so due to not having any physical devices
[2m2026-08-01T08:01:08.037975Z[0m [32m INFO[0m [2mwgpu_hal::vulkan::instance[0m[2m:[0m 	objects: (type: INSTANCE, hndl: 0xc96070dd2cb0, name: ?)
[2m2026-08-01T08:01:08.038168Z[0m [32m INFO[0m [2mwgpu_hal::vulkan::instance[0m[2m:[0m GENERAL [Loader Message (0x0)]
	Removing driver /usr/lib/aarch64-linux-gnu/libvulkan_powervr_mesa.so due to not having any physical devices
[2m2026-08-01T08:01:08.038181Z[0m [32m INFO[0m [2mwgpu_hal::vulkan::instance[0m[2m:[0m 	objects: (type: INSTANCE, hndl: 0xc96070dd2cb0, name: ?)
[2m2026-08-01T08:01:08.038393Z[0m [32m INFO[0m [2mwgpu_hal::vulkan::instance[0m[2m:[0m GENERAL [Loader Message (0x0)]
	Removing driver /usr/lib/aarch64-linux-gnu/libvulkan_intel.so due to not having any physical devices
[2m2026-08-01T08:01:08.038410Z[0m [32m INFO[0m [2mwgpu_hal::vulkan::instance[0m[2m:[0m 	objects: (type: INSTANCE, hndl: 0xc96070dd2cb0, name: ?)
[2m2026-08-01T08:01:08.038543Z[0m [32m INFO[0m [2mwgpu_hal::vulkan::instance[0m[2m:[0m GENERAL [Loader Message (0x0)]
	Removing driver /usr/lib/aarch64-linux-gnu/libvulkan_asahi.so due to not having any physical devices
[2m2026-08-01T08:01:08.038556Z[0m [32m INFO[0m [2mwgpu_hal::vulkan::instance[0m[2m:[0m 	objects: (type: INSTANCE, hndl: 0xc96070dd2cb0, name: ?)
[2m2026-08-01T08:01:08.038645Z[0m [32m INFO[0m [2mwgpu_hal::vulkan::instance[0m[2m:[0m GENERAL [Loader Message (0x0)]
	Removing driver /usr/lib/aarch64-linux-gnu/libvulkan_virtio.so due to not having any physical devices
[2m2026-08-01T08:01:08.038654Z[0m [32m INFO[0m [2mwgpu_hal::vulkan::instance[0m[2m:[0m 	objects: (type: INSTANCE, hndl: 0xc96070dd2cb0, name: ?)
[2m2026-08-01T08:01:08.038700Z[0m [32m INFO[0m [2mwgpu_hal::vulkan::instance[0m[2m:[0m GENERAL [Loader Message (0x0)]
	Removing driver /usr/lib/aarch64-linux-gnu/libvulkan_gfxstream.so due to not having any physical devices
[2m2026-08-01T08:01:08.038709Z[0m [32m INFO[0m [2mwgpu_hal::vulkan::instance[0m[2m:[0m 	objects: (type: INSTANCE, hndl: 0xc96070dd2cb0, name: ?)
[2m2026-08-01T08:01:08.038755Z[0m [32m INFO[0m [2mwgpu_hal::vulkan::instance[0m[2m:[0m GENERAL [Loader Message (0x0)]
	Removing driver /usr/lib/aarch64-linux-gnu/libvulkan_freedreno.so due to not having any physical devices
[2m2026-08-01T08:01:08.038763Z[0m [32m INFO[0m [2mwgpu_hal::vulkan::instance[0m[2m:[0m 	objects: (type: INSTANCE, hndl: 0xc96070dd2cb0, name: ?)
[2m2026-08-01T08:01:08.038849Z[0m [32m INFO[0m [2mwgpu_hal::vulkan::instance[0m[2m:[0m GENERAL [Loader Message (0x0)]
	Removing driver /usr/lib/aarch64-linux-gnu/libvulkan_panfrost.so due to not having any physical devices
[2m2026-08-01T08:01:08.038859Z[0m [32m INFO[0m [2mwgpu_hal::vulkan::instance[0m[2m:[0m 	objects: (type: INSTANCE, hndl: 0xc96070dd2cb0, name: ?)
[2m2026-08-01T08:01:08.038952Z[0m [32m INFO[0m [2mwgpu_hal::vulkan::instance[0m[2m:[0m GENERAL [Loader Message (0x0)]
	Removing driver /usr/lib/aarch64-linux-gnu/libvulkan_broadcom.so due to not having any physical devices
[2m2026-08-01T08:01:08.038961Z[0m [32m INFO[0m [2mwgpu_hal::vulkan::instance[0m[2m:[0m 	objects: (type: INSTANCE, hndl: 0xc96070dd2cb0, name: ?)
[2m2026-08-01T08:01:08.039043Z[0m [32m INFO[0m [2mwgpu_hal::vulkan::instance[0m[2m:[0m GENERAL [Loader Message (0x0)]
	Removing driver /usr/lib/aarch64-linux-gnu/libvulkan_nouveau.so due to not having any physical devices
[2m2026-08-01T08:01:08.039063Z[0m [32m INFO[0m [2mwgpu_hal::vulkan::instance[0m[2m:[0m 	objects: (type: INSTANCE, hndl: 0xc96070dd2cb0, name: ?)
[slopos-compositor/drm] client disconnected
[2m2026-08-01T08:01:08.230193Z[0m [32m INFO[0m [2mwgpu_core::instance[0m[2m:[0m Adapter Vulkan AdapterInfo { name: "llvmpipe (LLVM 21.1.8, 128 bits)", vendor: 65541, device: 0, device_type: Cpu, driver: "llvmpipe", driver_info: "Mesa 26.0.3-1ubuntu1 (LLVM 21.1.8)", backend: Vulkan }
[2m2026-08-01T08:01:08.230827Z[0m [32m INFO[0m [2mwgpu_hal::vulkan::instance[0m[2m:[0m GENERAL [Loader Message (0x0)]
	Failed to find vkGetDeviceProcAddr in layer "/usr/lib/aarch64-linux-gnu/libVkLayer_MESA_device_select.so"
[2m2026-08-01T08:01:08.230879Z[0m [32m INFO[0m [2mwgpu_hal::vulkan::instance[0m[2m:[0m 	objects: (type: INSTANCE, hndl: 0xc96070dd2cb0, name: ?)
[2m2026-08-01T08:01:08.230908Z[0m [32m INFO[0m [2mwgpu_hal::vulkan::instance[0m[2m:[0m GENERAL [Loader Message (0x0)]
	vkCreateDevice layer callstack setup to:
[2m2026-08-01T08:01:08.230928Z[0m [32m INFO[0m [2mwgpu_hal::vulkan::instance[0m[2m:[0m 	objects: (type: INSTANCE, hndl: 0xc96070dd2cb0, name: ?)
[2m2026-08-01T08:01:08.230948Z[0m [32m INFO[0m [2mwgpu_hal::vulkan::instance[0m[2m:[0m GENERAL [Loader Message (0x0)]
	   <Application>
[2m2026-08-01T08:01:08.230975Z[0m [32m INFO[0m [2mwgpu_hal::vulkan::instance[0m[2m:[0m 	objects: (type: INSTANCE, hndl: 0xc96070dd2cb0, name: ?)
[2m2026-08-01T08:01:08.230996Z[0m [32m INFO[0m [2mwgpu_hal::vulkan::instance[0m[2m:[0m GENERAL [Loader Message (0x0)]
	     ||
[2m2026-08-01T08:01:08.231024Z[0m [32m INFO[0m [2mwgpu_hal::vulkan::instance[0m[2m:[0m 	objects: (type: INSTANCE, hndl: 0xc96070dd2cb0, name: ?)
[2m2026-08-01T08:01:08.231041Z[0m [32m INFO[0m [2mwgpu_hal::vulkan::instance[0m[2m:[0m GENERAL [Loader Message (0x0)]
	   <Loader>
[2m2026-08-01T08:01:08.231064Z[0m [32m INFO[0m [2mwgpu_hal::vulkan::instance[0m[2m:[0m 	objects: (type: INSTANCE, hndl: 0xc96070dd2cb0, name: ?)
[2m2026-08-01T08:01:08.231080Z[0m [32m INFO[0m [2mwgpu_hal::vulkan::instance[0m[2m:[0m GENERAL [Loader Message (0x0)]
	     ||
[2m2026-08-01T08:01:08.231096Z[0m [32m INFO[0m [2mwgpu_hal::vulkan::instance[0m[2m:[0m 	objects: (type: INSTANCE, hndl: 0xc96070dd2cb0, name: ?)
[2m2026-08-01T08:01:08.231112Z[0m [32m INFO[0m [2mwgpu_hal::vulkan::instance[0m[2m:[0m GENERAL [Loader Message (0x0)]
	   <Device>
[2m2026-08-01T08:01:08.231129Z[0m [32m INFO[0m [2mwgpu_hal::vulkan::instance[0m[2m:[0m 	objects: (type: INSTANCE, hndl: 0xc96070dd2cb0, name: ?)
[2m2026-08-01T08:01:08.231390Z[0m [32m INFO[0m [2mwgpu_hal::vulkan::instance[0m[2m:[0m GENERAL [Loader Message (0x0)]
	       Using "llvmpipe (LLVM 21.1.8, 128 bits)" with driver: "/usr/lib/aarch64-linux-gnu/libvulkan_lvp.so"
[2m2026-08-01T08:01:08.231429Z[0m [32m INFO[0m [2mwgpu_hal::vulkan::instance[0m[2m:[0m 	objects: (type: INSTANCE, hndl: 0xc96070dd2cb0, name: ?)
[2m2026-08-01T08:01:08.658207Z[0m [32m INFO[0m [2mwgpu_core::device::resource[0m[2m:[0m Device::maintain: waiting for submission index 0
[2m2026-08-01T08:01:08.718879Z[0m [33m WARN[0m [2mwgpu_hal::vulkan::instance[0m[2m:[0m InstanceFlags::VALIDATION requested, but unable to find layer: VK_LAYER_KHRONOS_validation
[2m2026-08-01T08:01:08.719001Z[0m [32m INFO[0m [2mwgpu_hal::vulkan::instance[0m[2m:[0m GENERAL [Loader Message (0x0)]
	No valid vk_loader_settings.json file found, no loader settings will be active
[2m2026-08-01T08:01:08.719043Z[0m [32m INFO[0m [2mwgpu_hal::vulkan::instance[0m[2m:[0m 	objects: (type: INSTANCE, hndl: 0xc9607400df70, name: ?)
[2m2026-08-01T08:01:08.719113Z[0m [32m INFO[0m [2mwgpu_hal::vulkan::instance[0m[2m:[0m GENERAL [Loader Message (0x0)]
	Searching for implicit layer manifest files
[2m2026-08-01T08:01:08.719136Z[0m [32m INFO[0m [2mwgpu_hal::vulkan::instance[0m[2m:[0m 	objects: (type: INSTANCE, hndl: 0xc9607400df70, name: ?)
[2m2026-08-01T08:01:08.719167Z[0m [32m INFO[0m [2mwgpu_hal::vulkan::instance[0m[2m:[0m GENERAL [Loader Message (0x0)]
	   In following locations:
[2m2026-08-01T08:01:08.719185Z[0m [32m INFO[0m [2mwgpu_hal::vulkan::instance[0m[2m:[0m 	objects: (type: INSTANCE, hndl: 0xc9607400df70, name: ?)
[2m2026-08-01T08:01:08.719202Z[0m [32m INFO[0m [2mwgpu_hal::vulkan::instance[0m[2m:[0m GENERAL [Loader Message (0x0)]
	      /home/ubuntu/.config/vulkan/implicit_layer.d
[2m2026-08-01T08:01:08.719221Z[0m [32m INFO[0m [2mwgpu_hal::vulkan::instance[0m[2m:[0m 	objects: (type: INSTANCE, hndl: 0xc9607400df70, name: ?)
[2m2026-08-01T08:01:08.719318Z[0m [32m INFO[0m [2mwgpu_hal::vulkan::instance[0m[2m:[0m GENERAL [Loader Message (0x0)]
	      /etc/xdg/vulkan/implicit_layer.d
[2m2026-08-01T08:01:08.719337Z[0m [32m INFO[0m [2mwgpu_hal::vulkan::instance[0m[2m:[0m 	objects: (type: INSTANCE, hndl: 0xc9607400df70, name: ?)
[2m2026-08-01T08:01:08.719353Z[0m [32m INFO[0m [2mwgpu_hal::vulkan::instance[0m[2m:[0m GENERAL [Loader Message (0x0)]
	      /etc/vulkan/implicit_layer.d
[2m2026-08-01T08:01:08.719371Z[0m [32m INFO[0m [2mwgpu_hal::vulkan::instance[0m[2m:[0m 	objects: (type: INSTANCE, hndl: 0xc9607400df70, name: ?)
[2m2026-08-01T08:01:08.719387Z[0m [32m INFO[0m [2mwgpu_hal::vulkan::instance[0m[2m:[0m GENERAL [Loader Message (0x0)]
	      /home/ubuntu/.local/share/vulkan/implicit_layer.d
[2m2026-08-01T08:01:08.719406Z[0m [32m INFO[0m [2mwgpu_hal::vulkan::instance[0m[2m:[0m 	objects: (type: INSTANCE, hndl: 0xc9607400df70, name: ?)
[2m2026-08-01T08:01:08.719422Z[0m [32m INFO[0m [2mwgpu_hal::vulkan::instance[0m[2m:[0m GENERAL [Loader Message (0x0)]
	      /usr/local/share/vulkan/implicit_layer.d
[2m2026-08-01T08:01:08.719441Z[0m [32m INFO[0m [2mwgpu_hal::vulkan::instance[0m[2m:[0m 	objects: (type: INSTANCE, hndl: 0xc9607400df70, name: ?)
[2m2026-08-01T08:01:08.719457Z[0m [32m INFO[0m [2mwgpu_hal::vulkan::instance[0m[2m:[0m GENERAL [Loader Message (0x0)]
	      /usr/share/vulkan/implicit_layer.d
[2m2026-08-01T08:01:08.719475Z[0m [32m INFO[0m [2mwgpu_hal::vulkan::instance[0m[2m:[0m 	objects: (type: INSTANCE, hndl: 0xc9607400df70, name: ?)
[2m2026-08-01T08:01:08.719519Z[0m [32m INFO[0m [2mwgpu_hal::vulkan::instance[0m[2m:[0m GENERAL [Loader Message (0x0)]
	   Found the following files:
[2m2026-08-01T08:01:08.719538Z[0m [32m INFO[0m [2mwgpu_hal::vulkan::instance[0m[2m:[0m 	objects: (type: INSTANCE, hndl: 0xc9607400df70, name: ?)
[2m2026-08-01T08:01:08.719554Z[0m [32m INFO[0m [2mwgpu_hal::vulkan::instance[0m[2m:[0m GENERAL [Loader Message (0x0)]
	      /usr/share/vulkan/implicit_layer.d/VkLayer_MESA_anti_lag.json
[2m2026-08-01T08:01:08.719575Z[0m [32m INFO[0m [2mwgpu_hal::vulkan::instance[0m[2m:[0m 	objects: (type: INSTANCE, hndl: 0xc9607400df70, name: ?)
[2m2026-08-01T08:01:08.719591Z[0m [32m INFO[0m [2mwgpu_hal::vulkan::instance[0m[2m:[0m GENERAL [Loader Message (0x0)]
	      /usr/share/vulkan/implicit_layer.d/VkLayer_MESA_device_select.json
[2m2026-08-01T08:01:08.719611Z[0m [32m INFO[0m [2mwgpu_hal::vulkan::instance[0m[2m:[0m 	objects: (type: INSTANCE, hndl: 0xc9607400df70, name: ?)
[2m2026-08-01T08:01:08.719640Z[0m [32m INFO[0m [2mwgpu_hal::vulkan::instance[0m[2m:[0m GENERAL [Loader Message (0x0)]
	Found manifest file /usr/share/vulkan/implicit_layer.d/VkLayer_MESA_anti_lag.json (file version 1.2.1)
[2m2026-08-01T08:01:08.719664Z[0m [32m INFO[0m [2mwgpu_hal::vulkan::instance[0m[2m:[0m 	objects: (type: INSTANCE, hndl: 0xc9607400df70, name: ?)
[2m2026-08-01T08:01:08.719697Z[0m [32m INFO[0m [2mwgpu_hal::vulkan::instance[0m[2m:[0m GENERAL [Loader Message (0x0)]
	Found manifest file /usr/share/vulkan/implicit_layer.d/VkLayer_MESA_device_select.json (file version 1.0.0)
[2m2026-08-01T08:01:08.719721Z[0m [32m INFO[0m [2mwgpu_hal::vulkan::instance[0m[2m:[0m 	objects: (type: INSTANCE, hndl: 0xc9607400df70, name: ?)
[2m2026-08-01T08:01:08.719750Z[0m [32m INFO[0m [2mwgpu_hal::vulkan::instance[0m[2m:[0m GENERAL [Loader Message (0x0)]
	Searching for explicit layer manifest files
[2m2026-08-01T08:01:08.719774Z[0m [32m INFO[0m [2mwgpu_hal::vulkan::instance[0m[2m:[0m 	objects: (type: INSTANCE, hndl: 0xc9607400df70, name: ?)
[2m2026-08-01T08:01:08.719790Z[0m [32m INFO[0m [2mwgpu_hal::vulkan::instance[0m[2m:[0m GENERAL [Loader Message (0x0)]
	   In following locations:
[2m2026-08-01T08:01:08.719807Z[0m [32m INFO[0m [2mwgpu_hal::vulkan::instance[0m[2m:[0m 	objects: (type: INSTANCE, hndl: 0xc9607400df70, name: ?)
[2m2026-08-01T08:01:08.719823Z[0m [32m INFO[0m [2mwgpu_hal::vulkan::instance[0m[2m:[0m GENERAL [Loader Message (0x0)]
	      /home/ubuntu/.config/vulkan/explicit_layer.d
[2m2026-08-01T08:01:08.719842Z[0m [32m INFO[0m [2mwgpu_hal::vulkan::instance[0m[2m:[0m 	objects: (type: INSTANCE, hndl: 0xc9607400df70, name: ?)
[2m2026-08-01T08:01:08.719858Z[0m [32m INFO[0m [2mwgpu_hal::vulkan::instance[0m[2m:[0m GENERAL [Loader Message (0x0)]
	      /etc/xdg/vulkan/explicit_layer.d
[2m2026-08-01T08:01:08.719876Z[0m [32m INFO[0m [2mwgpu_hal::vulkan::instance[0m[2m:[0m 	objects: (type: INSTANCE, hndl: 0xc9607400df70, name: ?)
[2m2026-08-01T08:01:08.719892Z[0m [32m INFO[0m [2mwgpu_hal::vulkan::instance[0m[2m:[0m GENERAL [Loader Message (0x0)]
	      /etc/vulkan/explicit_layer.d
[2m2026-08-01T08:01:08.719909Z[0m [32m INFO[0m [2mwgpu_hal::vulkan::instance[0m[2m:[0m 	objects: (type: INSTANCE, hndl: 0xc9607400df70, name: ?)
[2m2026-08-01T08:01:08.719925Z[0m [32m INFO[0m [2mwgpu_hal::vulkan::instance[0m[2m:[0m GENERAL [Loader Message (0x0)]
	      /home/ubuntu/.local/share/vulkan/explicit_layer.d
[2m2026-08-01T08:01:08.719945Z[0m [32m INFO[0m [2mwgpu_hal::vulkan::instance[0m[2m:[0m 	objects: (type: INSTANCE, hndl: 0xc9607400df70, name: ?)
[2m2026-08-01T08:01:08.719960Z[0m [32m INFO[0m [2mwgpu_hal::vulkan::instance[0m[2m:[0m GENERAL [Loader Message (0x0)]
	      /usr/local/share/vulkan/explicit_layer.d
[2m2026-08-01T08:01:08.719979Z[0m [32m INFO[0m [2mwgpu_hal::vulkan::instance[0m[2m:[0m 	objects: (type: INSTANCE, hndl: 0xc9607400df70, name: ?)
[2m2026-08-01T08:01:08.719994Z[0m [32m INFO[0m [2mwgpu_hal::vulkan::instance[0m[2m:[0m GENERAL [Loader Message (0x0)]
	      /usr/share/vulkan/explicit_layer.d
[2m2026-08-01T08:01:08.720012Z[0m [32m INFO[0m [2mwgpu_hal::vulkan::instance[0m[2m:[0m 	objects: (type: INSTANCE, hndl: 0xc9607400df70, name: ?)
[2m2026-08-01T08:01:08.720065Z[0m [32m INFO[0m [2mwgpu_hal::vulkan::instance[0m[2m:[0m GENERAL [Loader Message (0x0)]
	   Found the following files:
[2m2026-08-01T08:01:08.720083Z[0m [32m INFO[0m [2mwgpu_hal::vulkan::instance[0m[2m:[0m 	objects: (type: INSTANCE, hndl: 0xc9607400df70, name: ?)
[2m2026-08-01T08:01:08.720099Z[0m [32m INFO[0m [2mwgpu_hal::vulkan::instance[0m[2m:[0m GENERAL [Loader Message (0x0)]
	      /usr/share/vulkan/explicit_layer.d/VkLayer_MESA_screenshot.json
[2m2026-08-01T08:01:08.720125Z[0m [32m INFO[0m [2mwgpu_hal::vulkan::instance[0m[2m:[0m 	objects: (type: INSTANCE, hndl: 0xc9607400df70, name: ?)
[2m2026-08-01T08:01:08.720142Z[0m [32m INFO[0m [2mwgpu_hal::vulkan::instance[0m[2m:[0m GENERAL [Loader Message (0x0)]
	      /usr/share/vulkan/explicit_layer.d/VkLayer_MESA_overlay.json
[2m2026-08-01T08:01:08.720167Z[0m [32m INFO[0m [2mwgpu_hal::vulkan::instance[0m[2m:[0m 	objects: (type: INSTANCE, hndl: 0xc9607400df70, name: ?)
[2m2026-08-01T08:01:08.720183Z[0m [32m INFO[0m [2mwgpu_hal::vulkan::instance[0m[2m:[0m GENERAL [Loader Message (0x0)]
	      /usr/share/vulkan/explicit_layer.d/VkLayer_INTEL_nullhw.json
[2m2026-08-01T08:01:08.720203Z[0m [32m INFO[0m [2mwgpu_hal::vulkan::instance[0m[2m:[0m 	objects: (type: INSTANCE, hndl: 0xc9607400df70, name: ?)
[2m2026-08-01T08:01:08.720298Z[0m [32m INFO[0m [2mwgpu_hal::vulkan::instance[0m[2m:[0m GENERAL [Loader Message (0x0)]
	Found manifest file /usr/share/vulkan/explicit_layer.d/VkLayer_MESA_screenshot.json (file version 1.0.0)
[2m2026-08-01T08:01:08.720330Z[0m [32m INFO[0m [2mwgpu_hal::vulkan::instance[0m[2m:[0m 	objects: (type: INSTANCE, hndl: 0xc9607400df70, name: ?)
[2m2026-08-01T08:01:08.720356Z[0m [32m INFO[0m [2mwgpu_hal::vulkan::instance[0m[2m:[0m GENERAL [Loader Message (0x0)]
	Found manifest file /usr/share/vulkan/explicit_layer.d/VkLayer_MESA_overlay.json (file version 1.0.0)
[2m2026-08-01T08:01:08.720379Z[0m [32m INFO[0m [2mwgpu_hal::vulkan::instance[0m[2m:[0m 	objects: (type: INSTANCE, hndl: 0xc9607400df70, name: ?)
[2m2026-08-01T08:01:08.720404Z[0m [32m INFO[0m [2mwgpu_hal::vulkan::instance[0m[2m:[0m GENERAL [Loader Message (0x0)]
	Found manifest file /usr/share/vulkan/explicit_layer.d/VkLayer_INTEL_nullhw.json (file version 1.0.0)
[2m2026-08-01T08:01:08.720428Z[0m [32m INFO[0m [2mwgpu_hal::vulkan::instance[0m[2m:[0m 	objects: (type: INSTANCE, hndl: 0xc9607400df70, name: ?)
[2m2026-08-01T08:01:08.720452Z[0m [32m INFO[0m [2mwgpu_hal::vulkan::instance[0m[2m:[0m GENERAL [Loader Message (0x0)]
	Searching for driver manifest files
[2m2026-08-01T08:01:08.720470Z[0m [32m INFO[0m [2mwgpu_hal::vulkan::instance[0m[2m:[0m 	objects: (type: INSTANCE, hndl: 0xc9607400df70, name: ?)
[2m2026-08-01T08:01:08.720486Z[0m [32m INFO[0m [2mwgpu_hal::vulkan::instance[0m[2m:[0m GENERAL [Loader Message (0x0)]
	   In following locations:
[2m2026-08-01T08:01:08.720503Z[0m [32m INFO[0m [2mwgpu_hal::vulkan::instance[0m[2m:[0m 	objects: (type: INSTANCE, hndl: 0xc9607400df70, name: ?)
[2m2026-08-01T08:01:08.720519Z[0m [32m INFO[0m [2mwgpu_hal::vulkan::instance[0m[2m:[0m GENERAL [Loader Message (0x0)]
	      /home/ubuntu/.config/vulkan/icd.d
[2m2026-08-01T08:01:08.720542Z[0m [32m INFO[0m [2mwgpu_hal::vulkan::instance[0m[2m:[0m 	objects: (type: INSTANCE, hndl: 0xc9607400df70, name: ?)
[2m2026-08-01T08:01:08.720558Z[0m [32m INFO[0m [2mwgpu_hal::vulkan::instance[0m[2m:[0m GENERAL [Loader Message (0x0)]
	      /etc/xdg/vulkan/icd.d
[2m2026-08-01T08:01:08.720575Z[0m [32m INFO[0m [2mwgpu_hal::vulkan::instance[0m[2m:[0m 	objects: (type: INSTANCE, hndl: 0xc9607400df70, name: ?)
[2m2026-08-01T08:01:08.720591Z[0m [32m INFO[0m [2mwgpu_hal::vulkan::instance[0m[2m:[0m GENERAL [Loader Message (0x0)]
	      /etc/vulkan/icd.d
[2m2026-08-01T08:01:08.720608Z[0m [32m INFO[0m [2mwgpu_hal::vulkan::instance[0m[2m:[0m 	objects: (type: INSTANCE, hndl: 0xc9607400df70, name: ?)
[2m2026-08-01T08:01:08.720624Z[0m [32m INFO[0m [2mwgpu_hal::vulkan::instance[0m[2m:[0m GENERAL [Loader Message (0x0)]
	      /home/ubuntu/.local/share/vulkan/icd.d
[2m2026-08-01T08:01:08.720642Z[0m [32m INFO[0m [2mwgpu_hal::vulkan::instance[0m[2m:[0m 	objects: (type: INSTANCE, hndl: 0xc9607400df70, name: ?)
[2m2026-08-01T08:01:08.720658Z[0m [32m INFO[0m [2mwgpu_hal::vulkan::instance[0m[2m:[0m GENERAL [Loader Message (0x0)]
	      /usr/local/share/vulkan/icd.d
[2m2026-08-01T08:01:08.720676Z[0m [32m INFO[0m [2mwgpu_hal::vulkan::instance[0m[2m:[0m 	objects: (type: INSTANCE, hndl: 0xc9607400df70, name: ?)
[2m2026-08-01T08:01:08.720692Z[0m [32m INFO[0m [2mwgpu_hal::vulkan::instance[0m[2m:[0m GENERAL [Loader Message (0x0)]
	      /usr/share/vulkan/icd.d
[2m2026-08-01T08:01:08.720719Z[0m [32m INFO[0m [2mwgpu_hal::vulkan::instance[0m[2m:[0m 	objects: (type: INSTANCE, hndl: 0xc9607400df70, name: ?)
[2m2026-08-01T08:01:08.720779Z[0m [32m INFO[0m [2mwgpu_hal::vulkan::instance[0m[2m:[0m GENERAL [Loader Message (0x0)]
	   Found the following files:
[2m2026-08-01T08:01:08.720798Z[0m [32m INFO[0m [2mwgpu_hal::vulkan::instance[0m[2m:[0m 	objects: (type: INSTANCE, hndl: 0xc9607400df70, name: ?)
[2m2026-08-01T08:01:08.720814Z[0m [32m INFO[0m [2mwgpu_hal::vulkan::instance[0m[2m:[0m GENERAL [Loader Message (0x0)]
	      /usr/share/vulkan/icd.d/nouveau_icd.json
[2m2026-08-01T08:01:08.720832Z[0m [32m INFO[0m [2mwgpu_hal::vulkan::instance[0m[2m:[0m 	objects: (type: INSTANCE, hndl: 0xc9607400df70, name: ?)
[2m2026-08-01T08:01:08.720852Z[0m [32m INFO[0m [2mwgpu_hal::vulkan::instance[0m[2m:[0m GENERAL [Loader Message (0x0)]
	      /usr/share/vulkan/icd.d/broadcom_icd.json
[2m2026-08-01T08:01:08.720871Z[0m [32m INFO[0m [2mwgpu_hal::vulkan::instance[0m[2m:[0m 	objects: (type: INSTANCE, hndl: 0xc9607400df70, name: ?)
[2m2026-08-01T08:01:08.720886Z[0m [32m INFO[0m [2mwgpu_hal::vulkan::instance[0m[2m:[0m GENERAL [Loader Message (0x0)]
	      /usr/share/vulkan/icd.d/panfrost_icd.json
[2m2026-08-01T08:01:08.720905Z[0m [32m INFO[0m [2mwgpu_hal::vulkan::instance[0m[2m:[0m 	objects: (type: INSTANCE, hndl: 0xc9607400df70, name: ?)
[2m2026-08-01T08:01:08.720920Z[0m [32m INFO[0m [2mwgpu_hal::vulkan::instance[0m[2m:[0m GENERAL [Loader Message (0x0)]
	      /usr/share/vulkan/icd.d/freedreno_icd.json
[2m2026-08-01T08:01:08.720939Z[0m [32m INFO[0m [2mwgpu_hal::vulkan::instance[0m[2m:[0m 	objects: (type: INSTANCE, hndl: 0xc9607400df70, name: ?)
[2m2026-08-01T08:01:08.720955Z[0m [32m INFO[0m [2mwgpu_hal::vulkan::instance[0m[2m:[0m GENERAL [Loader Message (0x0)]
	      /usr/share/vulkan/icd.d/gfxstream_vk_icd.json
[2m2026-08-01T08:01:08.720973Z[0m [32m INFO[0m [2mwgpu_hal::vulkan::instance[0m[2m:[0m 	objects: (type: INSTANCE, hndl: 0xc9607400df70, name: ?)
[2m2026-08-01T08:01:08.720989Z[0m [32m INFO[0m [2mwgpu_hal::vulkan::instance[0m[2m:[0m GENERAL [Loader Message (0x0)]
	      /usr/share/vulkan/icd.d/virtio_icd.json
[2m2026-08-01T08:01:08.721007Z[0m [32m INFO[0m [2mwgpu_hal::vulkan::instance[0m[2m:[0m 	objects: (type: INSTANCE, hndl: 0xc9607400df70, name: ?)
[2m2026-08-01T08:01:08.721023Z[0m [32m INFO[0m [2mwgpu_hal::vulkan::instance[0m[2m:[0m GENERAL [Loader Message (0x0)]
	      /usr/share/vulkan/icd.d/asahi_icd.json
[2m2026-08-01T08:01:08.721041Z[0m [32m INFO[0m [2mwgpu_hal::vulkan::instance[0m[2m:[0m 	objects: (type: INSTANCE, hndl: 0xc9607400df70, name: ?)
[2m2026-08-01T08:01:08.721057Z[0m [32m INFO[0m [2mwgpu_hal::vulkan::instance[0m[2m:[0m GENERAL [Loader Message (0x0)]
	      /usr/share/vulkan/icd.d/lvp_icd.json
[2m2026-08-01T08:01:08.721075Z[0m [32m INFO[0m [2mwgpu_hal::vulkan::instance[0m[2m:[0m 	objects: (type: INSTANCE, hndl: 0xc9607400df70, name: ?)
[2m2026-08-01T08:01:08.721101Z[0m [32m INFO[0m [2mwgpu_hal::vulkan::instance[0m[2m:[0m GENERAL [Loader Message (0x0)]
	      /usr/share/vulkan/icd.d/intel_icd.json
[2m2026-08-01T08:01:08.721119Z[0m [32m INFO[0m [2mwgpu_hal::vulkan::instance[0m[2m:[0m 	objects: (type: INSTANCE, hndl: 0xc9607400df70, name: ?)
[2m2026-08-01T08:01:08.721135Z[0m [32m INFO[0m [2mwgpu_hal::vulkan::instance[0m[2m:[0m GENERAL [Loader Message (0x0)]
	      /usr/share/vulkan/icd.d/powervr_mesa_icd.json
[2m2026-08-01T08:01:08.721154Z[0m [32m INFO[0m [2mwgpu_hal::vulkan::instance[0m[2m:[0m 	objects: (type: INSTANCE, hndl: 0xc9607400df70, name: ?)
[2m2026-08-01T08:01:08.721170Z[0m [32m INFO[0m [2mwgpu_hal::vulkan::instance[0m[2m:[0m GENERAL [Loader Message (0x0)]
	      /usr/share/vulkan/icd.d/radeon_icd.json
[2m2026-08-01T08:01:08.721188Z[0m [32m INFO[0m [2mwgpu_hal::vulkan::instance[0m[2m:[0m 	objects: (type: INSTANCE, hndl: 0xc9607400df70, name: ?)
[2m2026-08-01T08:01:08.721212Z[0m [32m INFO[0m [2mwgpu_hal::vulkan::instance[0m[2m:[0m GENERAL [Loader Message (0x0)]
	Found ICD manifest file /usr/share/vulkan/icd.d/nouveau_icd.json, version 1.0.1
[2m2026-08-01T08:01:08.721263Z[0m [32m INFO[0m [2mwgpu_hal::vulkan::instance[0m[2m:[0m 	objects: (type: INSTANCE, hndl: 0xc9607400df70, name: ?)
[2m2026-08-01T08:01:08.721333Z[0m [32m INFO[0m [2mwgpu_hal::vulkan::instance[0m[2m:[0m GENERAL [Loader Message (0x0)]
	Found ICD manifest file /usr/share/vulkan/icd.d/broadcom_icd.json, version 1.0.1
[2m2026-08-01T08:01:08.721355Z[0m [32m INFO[0m [2mwgpu_hal::vulkan::instance[0m[2m:[0m 	objects: (type: INSTANCE, hndl: 0xc9607400df70, name: ?)
[2m2026-08-01T08:01:08.721742Z[0m [32m INFO[0m [2mwgpu_hal::vulkan::instance[0m[2m:[0m GENERAL [Loader Message (0x0)]
	Found ICD manifest file /usr/share/vulkan/icd.d/panfrost_icd.json, version 1.0.1
[2m2026-08-01T08:01:08.721770Z[0m [32m INFO[0m [2mwgpu_hal::vulkan::instance[0m[2m:[0m 	objects: (type: INSTANCE, hndl: 0xc9607400df70, name: ?)
[2m2026-08-01T08:01:08.722194Z[0m [32m INFO[0m [2mwgpu_hal::vulkan::instance[0m[2m:[0m GENERAL [Loader Message (0x0)]
	Found ICD manifest file /usr/share/vulkan/icd.d/freedreno_icd.json, version 1.0.1
[2m2026-08-01T08:01:08.722219Z[0m [32m INFO[0m [2mwgpu_hal::vulkan::instance[0m[2m:[0m 	objects: (type: INSTANCE, hndl: 0xc9607400df70, name: ?)
[2m2026-08-01T08:01:08.724034Z[0m [32m INFO[0m [2mwgpu_hal::vulkan::instance[0m[2m:[0m GENERAL [Loader Message (0x0)]
	Found ICD manifest file /usr/share/vulkan/icd.d/gfxstream_vk_icd.json, version 1.0.1
[2m2026-08-01T08:01:08.724098Z[0m [32m INFO[0m [2mwgpu_hal::vulkan::instance[0m[2m:[0m 	objects: (type: INSTANCE, hndl: 0xc9607400df70, name: ?)
[2m2026-08-01T08:01:08.724493Z[0m [32m INFO[0m [2mwgpu_hal::vulkan::instance[0m[2m:[0m GENERAL [Loader Message (0x0)]
	Found ICD manifest file /usr/share/vulkan/icd.d/virtio_icd.json, version 1.0.1
[2m2026-08-01T08:01:08.724527Z[0m [32m INFO[0m [2mwgpu_hal::vulkan::instance[0m[2m:[0m 	objects: (type: INSTANCE, hndl: 0xc9607400df70, name: ?)
[2m2026-08-01T08:01:08.724753Z[0m [32m INFO[0m [2mwgpu_hal::vulkan::instance[0m[2m:[0m GENERAL [Loader Message (0x0)]
	Found ICD manifest file /usr/share/vulkan/icd.d/asahi_icd.json, version 1.0.1
[2m2026-08-01T08:01:08.724778Z[0m [32m INFO[0m [2mwgpu_hal::vulkan::instance[0m[2m:[0m 	objects: (type: INSTANCE, hndl: 0xc9607400df70, name: ?)
[2m2026-08-01T08:01:08.725223Z[0m [32m INFO[0m [2mwgpu_hal::vulkan::instance[0m[2m:[0m GENERAL [Loader Message (0x0)]
	Found ICD manifest file /usr/share/vulkan/icd.d/lvp_icd.json, version 1.0.1
[2m2026-08-01T08:01:08.725297Z[0m [32m INFO[0m [2mwgpu_hal::vulkan::instance[0m[2m:[0m 	objects: (type: INSTANCE, hndl: 0xc9607400df70, name: ?)
[2m2026-08-01T08:01:08.725331Z[0m [32m INFO[0m [2mwgpu_hal::vulkan::instance[0m[2m:[0m GENERAL [Loader Message (0x0)]
	Found ICD manifest file /usr/share/vulkan/icd.d/intel_icd.json, version 1.0.1
[2m2026-08-01T08:01:08.725340Z[0m [32m INFO[0m [2mwgpu_hal::vulkan::instance[0m[2m:[0m 	objects: (type: INSTANCE, hndl: 0xc9607400df70, name: ?)
[2m2026-08-01T08:01:08.725610Z[0m [32m INFO[0m [2mwgpu_hal::vulkan::instance[0m[2m:[0m GENERAL [Loader Message (0x0)]
	Found ICD manifest file /usr/share/vulkan/icd.d/powervr_mesa_icd.json, version 1.0.1
[2m2026-08-01T08:01:08.725622Z[0m [32m INFO[0m [2mwgpu_hal::vulkan::instance[0m[2m:[0m 	objects: (type: INSTANCE, hndl: 0xc9607400df70, name: ?)
[2m2026-08-01T08:01:08.725832Z[0m [32m INFO[0m [2mwgpu_hal::vulkan::instance[0m[2m:[0m GENERAL [Loader Message (0x0)]
	Found ICD manifest file /usr/share/vulkan/icd.d/radeon_icd.json, version 1.0.1
[2m2026-08-01T08:01:08.725840Z[0m [32m INFO[0m [2mwgpu_hal::vulkan::instance[0m[2m:[0m 	objects: (type: INSTANCE, hndl: 0xc9607400df70, name: ?)
[2m2026-08-01T08:01:08.726383Z[0m [32m INFO[0m [2mwgpu_hal::vulkan::instance[0m[2m:[0m GENERAL [Loader Message (0x0)]
	Insert instance layer "VK_LAYER_MESA_device_select" (/usr/lib/aarch64-linux-gnu/libVkLayer_MESA_device_select.so)
[2m2026-08-01T08:01:08.726394Z[0m [32m INFO[0m [2mwgpu_hal::vulkan::instance[0m[2m:[0m 	objects: (type: INSTANCE, hndl: 0xc9607400df70, name: ?)
[2m2026-08-01T08:01:08.726401Z[0m [32m INFO[0m [2mwgpu_hal::vulkan::instance[0m[2m:[0m GENERAL [Loader Message (0x0)]
	vkCreateInstance layer callstack setup to:
[2m2026-08-01T08:01:08.726407Z[0m [32m INFO[0m [2mwgpu_hal::vulkan::instance[0m[2m:[0m 	objects: (type: INSTANCE, hndl: 0xc9607400df70, name: ?)
[2m2026-08-01T08:01:08.726413Z[0m [32m INFO[0m [2mwgpu_hal::vulkan::instance[0m[2m:[0m GENERAL [Loader Message (0x0)]
	   <Application>
[2m2026-08-01T08:01:08.726419Z[0m [32m INFO[0m [2mwgpu_hal::vulkan::instance[0m[2m:[0m 	objects: (type: INSTANCE, hndl: 0xc9607400df70, name: ?)
[2m2026-08-01T08:01:08.726432Z[0m [32m INFO[0m [2mwgpu_hal::vulkan::instance[0m[2m:[0m GENERAL [Loader Message (0x0)]
	     ||
[2m2026-08-01T08:01:08.726437Z[0m [32m INFO[0m [2mwgpu_hal::vulkan::instance[0m[2m:[0m 	objects: (type: INSTANCE, hndl: 0xc9607400df70, name: ?)
[2m2026-08-01T08:01:08.726443Z[0m [32m INFO[0m [2mwgpu_hal::vulkan::instance[0m[2m:[0m GENERAL [Loader Message (0x0)]
	   <Loader>
[2m2026-08-01T08:01:08.726448Z[0m [32m INFO[0m [2mwgpu_hal::vulkan::instance[0m[2m:[0m 	objects: (type: INSTANCE, hndl: 0xc9607400df70, name: ?)
[2m2026-08-01T08:01:08.726454Z[0m [32m INFO[0m [2mwgpu_hal::vulkan::instance[0m[2m:[0m GENERAL [Loader Message (0x0)]
	     ||
[2m2026-08-01T08:01:08.726459Z[0m [32m INFO[0m [2mwgpu_hal::vulkan::instance[0m[2m:[0m 	objects: (type: INSTANCE, hndl: 0xc9607400df70, name: ?)
[2m2026-08-01T08:01:08.726464Z[0m [32m INFO[0m [2mwgpu_hal::vulkan::instance[0m[2m:[0m GENERAL [Loader Message (0x0)]
	   VK_LAYER_MESA_device_select
[2m2026-08-01T08:01:08.726470Z[0m [32m INFO[0m [2mwgpu_hal::vulkan::instance[0m[2m:[0m 	objects: (type: INSTANCE, hndl: 0xc9607400df70, name: ?)
[2m2026-08-01T08:01:08.726477Z[0m [32m INFO[0m [2mwgpu_hal::vulkan::instance[0m[2m:[0m GENERAL [Loader Message (0x0)]
	           Type: Implicit
[2m2026-08-01T08:01:08.726484Z[0m [32m INFO[0m [2mwgpu_hal::vulkan::instance[0m[2m:[0m 	objects: (type: INSTANCE, hndl: 0xc9607400df70, name: ?)
[2m2026-08-01T08:01:08.726491Z[0m [32m INFO[0m [2mwgpu_hal::vulkan::instance[0m[2m:[0m GENERAL [Loader Message (0x0)]
	           Enabled By: Implicit Layer
[2m2026-08-01T08:01:08.726497Z[0m [32m INFO[0m [2mwgpu_hal::vulkan::instance[0m[2m:[0m 	objects: (type: INSTANCE, hndl: 0xc9607400df70, name: ?)
[2m2026-08-01T08:01:08.726503Z[0m [32m INFO[0m [2mwgpu_hal::vulkan::instance[0m[2m:[0m GENERAL [Loader Message (0x0)]
	               Disable Env Var:  NODEVICE_SELECT
[2m2026-08-01T08:01:08.726509Z[0m [32m INFO[0m [2mwgpu_hal::vulkan::instance[0m[2m:[0m 	objects: (type: INSTANCE, hndl: 0xc9607400df70, name: ?)
[2m2026-08-01T08:01:08.726515Z[0m [32m INFO[0m [2mwgpu_hal::vulkan::instance[0m[2m:[0m GENERAL [Loader Message (0x0)]
	           Manifest: /usr/share/vulkan/implicit_layer.d/VkLayer_MESA_device_select.json
[2m2026-08-01T08:01:08.726522Z[0m [32m INFO[0m [2mwgpu_hal::vulkan::instance[0m[2m:[0m 	objects: (type: INSTANCE, hndl: 0xc9607400df70, name: ?)
[2m2026-08-01T08:01:08.726531Z[0m [32m INFO[0m [2mwgpu_hal::vulkan::instance[0m[2m:[0m GENERAL [Loader Message (0x0)]
	           Library:  /usr/lib/aarch64-linux-gnu/libVkLayer_MESA_device_select.so
[2m2026-08-01T08:01:08.726538Z[0m [32m INFO[0m [2mwgpu_hal::vulkan::instance[0m[2m:[0m 	objects: (type: INSTANCE, hndl: 0xc9607400df70, name: ?)
[2m2026-08-01T08:01:08.726544Z[0m [32m INFO[0m [2mwgpu_hal::vulkan::instance[0m[2m:[0m GENERAL [Loader Message (0x0)]
	     ||
[2m2026-08-01T08:01:08.726549Z[0m [32m INFO[0m [2mwgpu_hal::vulkan::instance[0m[2m:[0m 	objects: (type: INSTANCE, hndl: 0xc9607400df70, name: ?)
[2m2026-08-01T08:01:08.726555Z[0m [32m INFO[0m [2mwgpu_hal::vulkan::instance[0m[2m:[0m GENERAL [Loader Message (0x0)]
	   <Drivers>
[2m2026-08-01T08:01:08.726562Z[0m [32m INFO[0m [2mwgpu_hal::vulkan::instance[0m[2m:[0m 	objects: (type: INSTANCE, hndl: 0xc9607400df70, name: ?)
[2m2026-08-01T08:01:08.732938Z[0m [32m INFO[0m [2mwgpu_hal::vulkan::instance[0m[2m:[0m Enabling debug utils
[slopos-compositor/drm] client connected
[2m2026-08-01T08:01:08.733351Z[0m [32m INFO[0m [2mwgpu_hal::gles::egl[0m[2m:[0m Using Wayland platform
[slopos-compositor/drm] client disconnected
[slopos-compositor/drm] client connected
[2m2026-08-01T08:01:08.819268Z[0m [33m WARN[0m [2mwgpu_hal::gles::egl[0m[2m:[0m Re-initializing Gles context due to Wayland window
[2m2026-08-01T08:01:08.911482Z[0m [32m INFO[0m [2mwgpu_hal::vulkan::instance[0m[2m:[0m GENERAL [Loader Message (0x0)]
	linux_read_sorted_physical_devices:
[2m2026-08-01T08:01:08.911612Z[0m [32m INFO[0m [2mwgpu_hal::vulkan::instance[0m[2m:[0m 	objects: (type: INSTANCE, hndl: 0xc9607400df70, name: ?)
[2m2026-08-01T08:01:08.911629Z[0m [32m INFO[0m [2mwgpu_hal::vulkan::instance[0m[2m:[0m GENERAL [Loader Message (0x0)]
	     Original order:
[2m2026-08-01T08:01:08.911639Z[0m [32m INFO[0m [2mwgpu_hal::vulkan::instance[0m[2m:[0m 	objects: (type: INSTANCE, hndl: 0xc9607400df70, name: ?)
[2m2026-08-01T08:01:08.911661Z[0m [32m INFO[0m [2mwgpu_hal::vulkan::instance[0m[2m:[0m GENERAL [Loader Message (0x0)]
	           [0] llvmpipe (LLVM 21.1.8, 128 bits)
[2m2026-08-01T08:01:08.911673Z[0m [32m INFO[0m [2mwgpu_hal::vulkan::instance[0m[2m:[0m 	objects: (type: INSTANCE, hndl: 0xc9607400df70, name: ?)
[2m2026-08-01T08:01:08.911682Z[0m [32m INFO[0m [2mwgpu_hal::vulkan::instance[0m[2m:[0m GENERAL [Loader Message (0x0)]
	     Sorted order:
[2m2026-08-01T08:01:08.911689Z[0m [32m INFO[0m [2mwgpu_hal::vulkan::instance[0m[2m:[0m 	objects: (type: INSTANCE, hndl: 0xc9607400df70, name: ?)
[2m2026-08-01T08:01:08.911697Z[0m [32m INFO[0m [2mwgpu_hal::vulkan::instance[0m[2m:[0m GENERAL [Loader Message (0x0)]
	           [0] llvmpipe (LLVM 21.1.8, 128 bits)  
[2m2026-08-01T08:01:08.911704Z[0m [32m INFO[0m [2mwgpu_hal::vulkan::instance[0m[2m:[0m 	objects: (type: INSTANCE, hndl: 0xc9607400df70, name: ?)
[2m2026-08-01T08:01:08.911716Z[0m [32m INFO[0m [2mwgpu_hal::vulkan::instance[0m[2m:[0m GENERAL [Loader Message (0x0)]
	linux_read_sorted_physical_devices:
[2m2026-08-01T08:01:08.911723Z[0m [32m INFO[0m [2mwgpu_hal::vulkan::instance[0m[2m:[0m 	objects: (type: INSTANCE, hndl: 0xc9607400df70, name: ?)
[2m2026-08-01T08:01:08.911728Z[0m [32m INFO[0m [2mwgpu_hal::vulkan::instance[0m[2m:[0m GENERAL [Loader Message (0x0)]
	     Original order:
[2m2026-08-01T08:01:08.911734Z[0m [32m INFO[0m [2mwgpu_hal::vulkan::instance[0m[2m:[0m 	objects: (type: INSTANCE, hndl: 0xc9607400df70, name: ?)
[2m2026-08-01T08:01:08.911743Z[0m [32m INFO[0m [2mwgpu_hal::vulkan::instance[0m[2m:[0m GENERAL [Loader Message (0x0)]
	           [0] llvmpipe (LLVM 21.1.8, 128 bits)
[2m2026-08-01T08:01:08.911750Z[0m [32m INFO[0m [2mwgpu_hal::vulkan::instance[0m[2m:[0m 	objects: (type: INSTANCE, hndl: 0xc9607400df70, name: ?)
[2m2026-08-01T08:01:08.911755Z[0m [32m INFO[0m [2mwgpu_hal::vulkan::instance[0m[2m:[0m GENERAL [Loader Message (0x0)]
	     Sorted order:
[2m2026-08-01T08:01:08.911761Z[0m [32m INFO[0m [2mwgpu_hal::vulkan::instance[0m[2m:[0m 	objects: (type: INSTANCE, hndl: 0xc9607400df70, name: ?)
[2m2026-08-01T08:01:08.911767Z[0m [32m INFO[0m [2mwgpu_hal::vulkan::instance[0m[2m:[0m GENERAL [Loader Message (0x0)]
	           [0] llvmpipe (LLVM 21.1.8, 128 bits)  
[2m2026-08-01T08:01:08.911773Z[0m [32m INFO[0m [2mwgpu_hal::vulkan::instance[0m[2m:[0m 	objects: (type: INSTANCE, hndl: 0xc9607400df70, name: ?)
[slopos-compositor/drm] client connected
[slopos-compositor/drm] client disconnected
[2m2026-08-01T08:01:08.928822Z[0m [32m INFO[0m [2mwgpu_hal::vulkan::instance[0m[2m:[0m GENERAL [Loader Message (0x0)]
	linux_read_sorted_physical_devices:
[2m2026-08-01T08:01:08.928861Z[0m [32m INFO[0m [2mwgpu_hal::vulkan::instance[0m[2m:[0m 	objects: (type: INSTANCE, hndl: 0xc9607400df70, name: ?)
[2m2026-08-01T08:01:08.928869Z[0m [32m INFO[0m [2mwgpu_hal::vulkan::instance[0m[2m:[0m GENERAL [Loader Message (0x0)]
	     Original order:
[2m2026-08-01T08:01:08.928876Z[0m [32m INFO[0m [2mwgpu_hal::vulkan::instance[0m[2m:[0m 	objects: (type: INSTANCE, hndl: 0xc9607400df70, name: ?)
[2m2026-08-01T08:01:08.928888Z[0m [32m INFO[0m [2mwgpu_hal::vulkan::instance[0m[2m:[0m GENERAL [Loader Message (0x0)]
	           [0] llvmpipe (LLVM 21.1.8, 128 bits)
[2m2026-08-01T08:01:08.928895Z[0m [32m INFO[0m [2mwgpu_hal::vulkan::instance[0m[2m:[0m 	objects: (type: INSTANCE, hndl: 0xc9607400df70, name: ?)
[2m2026-08-01T08:01:08.928910Z[0m [32m INFO[0m [2mwgpu_hal::vulkan::instance[0m[2m:[0m GENERAL [Loader Message (0x0)]
	     Sorted order:
[2m2026-08-01T08:01:08.928916Z[0m [32m INFO[0m [2mwgpu_hal::vulkan::instance[0m[2m:[0m 	objects: (type: INSTANCE, hndl: 0xc9607400df70, name: ?)
[2m2026-08-01T08:01:08.928923Z[0m [32m INFO[0m [2mwgpu_hal::vulkan::instance[0m[2m:[0m GENERAL [Loader Message (0x0)]
	           [0] llvmpipe (LLVM 21.1.8, 128 bits)  
[2m2026-08-01T08:01:08.928931Z[0m [32m INFO[0m [2mwgpu_hal::vulkan::instance[0m[2m:[0m 	objects: (type: INSTANCE, hndl: 0xc9607400df70, name: ?)
[2m2026-08-01T08:01:08.928943Z[0m [32m INFO[0m [2mwgpu_hal::vulkan::instance[0m[2m:[0m GENERAL [Loader Message (0x0)]
	linux_read_sorted_physical_devices:
[2m2026-08-01T08:01:08.928951Z[0m [32m INFO[0m [2mwgpu_hal::vulkan::instance[0m[2m:[0m 	objects: (type: INSTANCE, hndl: 0xc9607400df70, name: ?)
[2m2026-08-01T08:01:08.928957Z[0m [32m INFO[0m [2mwgpu_hal::vulkan::instance[0m[2m:[0m GENERAL [Loader Message (0x0)]
	     Original order:
[2m2026-08-01T08:01:08.928963Z[0m [32m INFO[0m [2mwgpu_hal::vulkan::instance[0m[2m:[0m 	objects: (type: INSTANCE, hndl: 0xc9607400df70, name: ?)
[2m2026-08-01T08:01:08.928972Z[0m [32m INFO[0m [2mwgpu_hal::vulkan::instance[0m[2m:[0m GENERAL [Loader Message (0x0)]
	           [0] llvmpipe (LLVM 21.1.8, 128 bits)
[2m2026-08-01T08:01:08.928978Z[0m [32m INFO[0m [2mwgpu_hal::vulkan::instance[0m[2m:[0m 	objects: (type: INSTANCE, hndl: 0xc9607400df70, name: ?)
[2m2026-08-01T08:01:08.928984Z[0m [32m INFO[0m [2mwgpu_hal::vulkan::instance[0m[2m:[0m GENERAL [Loader Message (0x0)]
	     Sorted order:
[2m2026-08-01T08:01:08.928990Z[0m [32m INFO[0m [2mwgpu_hal::vulkan::instance[0m[2m:[0m 	objects: (type: INSTANCE, hndl: 0xc9607400df70, name: ?)
[2m2026-08-01T08:01:08.928995Z[0m [32m INFO[0m [2mwgpu_hal::vulkan::instance[0m[2m:[0m GENERAL [Loader Message (0x0)]
	           [0] llvmpipe (LLVM 21.1.8, 128 bits)  
[2m2026-08-01T08:01:08.929002Z[0m [32m INFO[0m [2mwgpu_hal::vulkan::instance[0m[2m:[0m 	objects: (type: INSTANCE, hndl: 0xc9607400df70, name: ?)
[slopos-compositor/drm] client connected
[slopos-compositor/drm] client disconnected
[2m2026-08-01T08:01:08.945846Z[0m [32m INFO[0m [2mwgpu_hal::vulkan::instance[0m[2m:[0m GENERAL [Loader Message (0x0)]
	Removing driver /usr/lib/aarch64-linux-gnu/libvulkan_radeon.so due to not having any physical devices
[2m2026-08-01T08:01:08.945882Z[0m [32m INFO[0m [2mwgpu_hal::vulkan::instance[0m[2m:[0m 	objects: (type: INSTANCE, hndl: 0xc9607400df70, name: ?)
[2m2026-08-01T08:01:08.946132Z[0m [32m INFO[0m [2mwgpu_hal::vulkan::instance[0m[2m:[0m GENERAL [Loader Message (0x0)]
	Removing driver /usr/lib/aarch64-linux-gnu/libvulkan_powervr_mesa.so due to not having any physical devices
[2m2026-08-01T08:01:08.946143Z[0m [32m INFO[0m [2mwgpu_hal::vulkan::instance[0m[2m:[0m 	objects: (type: INSTANCE, hndl: 0xc9607400df70, name: ?)
[2m2026-08-01T08:01:08.946336Z[0m [32m INFO[0m [2mwgpu_hal::vulkan::instance[0m[2m:[0m GENERAL [Loader Message (0x0)]
	Removing driver /usr/lib/aarch64-linux-gnu/libvulkan_intel.so due to not having any physical devices
[2m2026-08-01T08:01:08.946349Z[0m [32m INFO[0m [2mwgpu_hal::vulkan::instance[0m[2m:[0m 	objects: (type: INSTANCE, hndl: 0xc9607400df70, name: ?)
[2m2026-08-01T08:01:08.946471Z[0m [32m INFO[0m [2mwgpu_hal::vulkan::instance[0m[2m:[0m GENERAL [Loader Message (0x0)]
	Removing driver /usr/lib/aarch64-linux-gnu/libvulkan_asahi.so due to not having any physical devices
[2m2026-08-01T08:01:08.946481Z[0m [32m INFO[0m [2mwgpu_hal::vulkan::instance[0m[2m:[0m 	objects: (type: INSTANCE, hndl: 0xc9607400df70, name: ?)
[2m2026-08-01T08:01:08.946563Z[0m [32m INFO[0m [2mwgpu_hal::vulkan::instance[0m[2m:[0m GENERAL [Loader Message (0x0)]
	Removing driver /usr/lib/aarch64-linux-gnu/libvulkan_virtio.so due to not having any physical devices
[2m2026-08-01T08:01:08.946573Z[0m [32m INFO[0m [2mwgpu_hal::vulkan::instance[0m[2m:[0m 	objects: (type: INSTANCE, hndl: 0xc9607400df70, name: ?)
[2m2026-08-01T08:01:08.946634Z[0m [32m INFO[0m [2mwgpu_hal::vulkan::instance[0m[2m:[0m GENERAL [Loader Message (0x0)]
	Removing driver /usr/lib/aarch64-linux-gnu/libvulkan_gfxstream.so due to not having any physical devices
[2m2026-08-01T08:01:08.946643Z[0m [32m INFO[0m [2mwgpu_hal::vulkan::instance[0m[2m:[0m 	objects: (type: INSTANCE, hndl: 0xc9607400df70, name: ?)
[2m2026-08-01T08:01:08.946687Z[0m [32m INFO[0m [2mwgpu_hal::vulkan::instance[0m[2m:[0m GENERAL [Loader Message (0x0)]
	Removing driver /usr/lib/aarch64-linux-gnu/libvulkan_freedreno.so due to not having any physical devices
[2m2026-08-01T08:01:08.946695Z[0m [32m INFO[0m [2mwgpu_hal::vulkan::instance[0m[2m:[0m 	objects: (type: INSTANCE, hndl: 0xc9607400df70, name: ?)
[2m2026-08-01T08:01:08.946766Z[0m [32m INFO[0m [2mwgpu_hal::vulkan::instance[0m[2m:[0m GENERAL [Loader Message (0x0)]
	Removing driver /usr/lib/aarch64-linux-gnu/libvulkan_panfrost.so due to not having any physical devices
[2m2026-08-01T08:01:08.946775Z[0m [32m INFO[0m [2mwgpu_hal::vulkan::instance[0m[2m:[0m 	objects: (type: INSTANCE, hndl: 0xc9607400df70, name: ?)
[2m2026-08-01T08:01:08.946855Z[0m [32m INFO[0m [2mwgpu_hal::vulkan::instance[0m[2m:[0m GENERAL [Loader Message (0x0)]
	Removing driver /usr/lib/aarch64-linux-gnu/libvulkan_broadcom.so due to not having any physical devices
[2m2026-08-01T08:01:08.946863Z[0m [32m INFO[0m [2mwgpu_hal::vulkan::instance[0m[2m:[0m 	objects: (type: INSTANCE, hndl: 0xc9607400df70, name: ?)
[2m2026-08-01T08:01:08.946920Z[0m [32m INFO[0m [2mwgpu_hal::vulkan::instance[0m[2m:[0m GENERAL [Loader Message (0x0)]
	Removing driver /usr/lib/aarch64-linux-gnu/libvulkan_nouveau.so due to not having any physical devices
[2m2026-08-01T08:01:08.946928Z[0m [32m INFO[0m [2mwgpu_hal::vulkan::instance[0m[2m:[0m 	objects: (type: INSTANCE, hndl: 0xc9607400df70, name: ?)
[slopos-compositor/drm] client disconnected
[2m2026-08-01T08:01:09.135100Z[0m [32m INFO[0m [2mwgpu_core::instance[0m[2m:[0m Adapter Vulkan AdapterInfo { name: "llvmpipe (LLVM 21.1.8, 128 bits)", vendor: 65541, device: 0, device_type: Cpu, driver: "llvmpipe", driver_info: "Mesa 26.0.3-1ubuntu1 (LLVM 21.1.8)", backend: Vulkan }
[2m2026-08-01T08:01:09.135415Z[0m [32m INFO[0m [2mwgpu_hal::vulkan::instance[0m[2m:[0m GENERAL [Loader Message (0x0)]
	Failed to find vkGetDeviceProcAddr in layer "/usr/lib/aarch64-linux-gnu/libVkLayer_MESA_device_select.so"
[2m2026-08-01T08:01:09.135440Z[0m [32m INFO[0m [2mwgpu_hal::vulkan::instance[0m[2m:[0m 	objects: (type: INSTANCE, hndl: 0xc9607400df70, name: ?)
[2m2026-08-01T08:01:09.135448Z[0m [32m INFO[0m [2mwgpu_hal::vulkan::instance[0m[2m:[0m GENERAL [Loader Message (0x0)]
	vkCreateDevice layer callstack setup to:
[2m2026-08-01T08:01:09.135455Z[0m [32m INFO[0m [2mwgpu_hal::vulkan::instance[0m[2m:[0m 	objects: (type: INSTANCE, hndl: 0xc9607400df70, name: ?)
[2m2026-08-01T08:01:09.135461Z[0m [32m INFO[0m [2mwgpu_hal::vulkan::instance[0m[2m:[0m GENERAL [Loader Message (0x0)]
	   <Application>
[2m2026-08-01T08:01:09.135467Z[0m [32m INFO[0m [2mwgpu_hal::vulkan::instance[0m[2m:[0m 	objects: (type: INSTANCE, hndl: 0xc9607400df70, name: ?)
[2m2026-08-01T08:01:09.135472Z[0m [32m INFO[0m [2mwgpu_hal::vulkan::instance[0m[2m:[0m GENERAL [Loader Message (0x0)]
	     ||
[2m2026-08-01T08:01:09.135478Z[0m [32m INFO[0m [2mwgpu_hal::vulkan::instance[0m[2m:[0m 	objects: (type: INSTANCE, hndl: 0xc9607400df70, name: ?)
[2m2026-08-01T08:01:09.135483Z[0m [32m INFO[0m [2mwgpu_hal::vulkan::instance[0m[2m:[0m GENERAL [Loader Message (0x0)]
	   <Loader>
[2m2026-08-01T08:01:09.135489Z[0m [32m INFO[0m [2mwgpu_hal::vulkan::instance[0m[2m:[0m 	objects: (type: INSTANCE, hndl: 0xc9607400df70, name: ?)
[2m2026-08-01T08:01:09.135494Z[0m [32m INFO[0m [2mwgpu_hal::vulkan::instance[0m[2m:[0m GENERAL [Loader Message (0x0)]
	     ||
[2m2026-08-01T08:01:09.135500Z[0m [32m INFO[0m [2mwgpu_hal::vulkan::instance[0m[2m:[0m 	objects: (type: INSTANCE, hndl: 0xc9607400df70, name: ?)
[2m2026-08-01T08:01:09.135515Z[0m [32m INFO[0m [2mwgpu_hal::vulkan::instance[0m[2m:[0m GENERAL [Loader Message (0x0)]
	   <Device>
[2m2026-08-01T08:01:09.135521Z[0m [32m INFO[0m [2mwgpu_hal::vulkan::instance[0m[2m:[0m 	objects: (type: INSTANCE, hndl: 0xc9607400df70, name: ?)
[2m2026-08-01T08:01:09.135588Z[0m [32m INFO[0m [2mwgpu_hal::vulkan::instance[0m[2m:[0m GENERAL [Loader Message (0x0)]
	       Using "llvmpipe (LLVM 21.1.8, 128 bits)" with driver: "/usr/lib/aarch64-linux-gnu/libvulkan_lvp.so"
[2m2026-08-01T08:01:09.135596Z[0m [32m INFO[0m [2mwgpu_hal::vulkan::instance[0m[2m:[0m 	objects: (type: INSTANCE, hndl: 0xc9607400df70, name: ?)
[2m2026-08-01T08:01:09.515593Z[0m [32m INFO[0m [2mwgpu_core::device::resource[0m[2m:[0m Device::maintain: waiting for submission index 0
[2m2026-08-01T08:01:09.557897Z[0m [32m INFO[0m [2mslopos_shell[0m[2m:[0m compositor owns ordinary application windows; shell background is chrome-only
[2m2026-08-01T08:01:09.717914Z[0m [32m INFO[0m [2mwgpu_core::device::resource[0m[2m:[0m Device::maintain: waiting for submission index 0
[2m2026-08-01T08:01:13.233526Z[0m [32m INFO[0m [2mwgpu_core::device::resource[0m[2m:[0m Device::maintain: waiting for submission index 0
[2m2026-08-01T08:01:17.021184Z[0m [32m INFO[0m [2mwgpu_core::device::resource[0m[2m:[0m Device::maintain: waiting for submission index 0
[2m2026-08-01T08:01:17.141843Z[0m [32m INFO[0m [2mwgpu_core::device::resource[0m[2m:[0m Device::maintain: waiting for submission index 0
[slopos-compositor/drm] client connected
[2m2026-08-01T08:01:17.562508Z[0m [32m INFO[0m [2mslopos_shell::foreign_toplevel_client[0m[2m:[0m foreign-toplevel-list synced from compositor [3mtoplevels[0m[2m=[0m2
[slopos-compositor/drm] client disconnected
[2m2026-08-01T08:01:17.711914Z[0m [32m INFO[0m [2mwgpu_core::device::resource[0m[2m:[0m Device::maintain: waiting for submission index 0
[2m2026-08-01T08:01:18.621884Z[0m [32m INFO[0m [2mwgpu_core::device::resource[0m[2m:[0m Device::maintain: waiting for submission index 1
[2m2026-08-01T08:01:19.454100Z[0m [32m INFO[0m [2mwgpu_core::device::resource[0m[2m:[0m Device::maintain: waiting for submission index 1
[2m2026-08-01T08:01:19.470195Z[0m [32m INFO[0m [2mwgpu_core::device::resource[0m[2m:[0m Device::maintain: waiting for submission index 1
[slopos-compositor/drm] client connected
[2m2026-08-01T08:01:19.792936Z[0m [32m INFO[0m [2mslopos_shell::foreign_toplevel_client[0m[2m:[0m foreign-toplevel-list synced from compositor [3mtoplevels[0m[2m=[0m2
[slopos-compositor/drm] client connected
[slopos-compositor/drm] client disconnected
[2m2026-08-01T08:01:20.104519Z[0m [32m INFO[0m [2mslopos_shell::foreign_toplevel_client[0m[2m:[0m foreign-toplevel-list synced from compositor [3mtoplevels[0m[2m=[0m2
[slopos-compositor/drm] client disconnected
[slopos-compositor/drm] client connected
[2m2026-08-01T08:01:21.426843Z[0m [32m INFO[0m [2mslopos_shell::foreign_toplevel_client[0m[2m:[0m foreign-toplevel-list synced from compositor [3mtoplevels[0m[2m=[0m2
[slopos-compositor/drm] client disconnected
[slopos-compositor/drm] client connected
[2m2026-08-01T08:01:22.823513Z[0m [32m INFO[0m [2mslopos_shell::foreign_toplevel_client[0m[2m:[0m foreign-toplevel-list synced from compositor [3mtoplevels[0m[2m=[0m2
[slopos-compositor/drm] client disconnected
[slopos-compositor/drm] client connected
[2m2026-08-01T08:01:24.169656Z[0m [32m INFO[0m [2mslopos_shell::foreign_toplevel_client[0m[2m:[0m foreign-toplevel-list synced from compositor [3mtoplevels[0m[2m=[0m2
[slopos-compositor/drm] client disconnected
[slopos-compositor/drm] client connected
[2m2026-08-01T08:01:25.511855Z[0m [32m INFO[0m [2mslopos_shell::foreign_toplevel_client[0m[2m:[0m foreign-toplevel-list synced from compositor [3mtoplevels[0m[2m=[0m2
[slopos-compositor/drm] client disconnected
[slopos-compositor/drm] client connected
[2m2026-08-01T08:01:26.840598Z[0m [32m INFO[0m [2mslopos_shell::foreign_toplevel_client[0m[2m:[0m foreign-toplevel-list synced from compositor [3mtoplevels[0m[2m=[0m2
[slopos-compositor/drm] client disconnected
[slopos-compositor/drm] client connected
[2m2026-08-01T08:01:28.182222Z[0m [32m INFO[0m [2mslopos_shell::foreign_toplevel_client[0m[2m:[0m foreign-toplevel-list synced from compositor [3mtoplevels[0m[2m=[0m2
[slopos-compositor/drm] client disconnected
[slopos-compositor/drm] client connected
[2m2026-08-01T08:01:29.509925Z[0m [32m INFO[0m [2mslopos_shell::foreign_toplevel_client[0m[2m:[0m foreign-toplevel-list synced from compositor [3mtoplevels[0m[2m=[0m2
[slopos-compositor/drm] client disconnected
[slopos-compositor/drm] client connected
[2m2026-08-01T08:01:30.829162Z[0m [32m INFO[0m [2mslopos_shell::foreign_toplevel_client[0m[2m:[0m foreign-toplevel-list synced from compositor [3mtoplevels[0m[2m=[0m2
[slopos-compositor/drm] client disconnected
[slopos-compositor/drm] client connected
[2m2026-08-01T08:01:32.162754Z[0m [32m INFO[0m [2mslopos_shell::foreign_toplevel_client[0m[2m:[0m foreign-toplevel-list synced from compositor [3mtoplevels[0m[2m=[0m2
[slopos-compositor/drm] client disconnected
[slopos-compositor/drm] client connected
[2m2026-08-01T08:01:33.530929Z[0m [32m INFO[0m [2mslopos_shell::foreign_toplevel_client[0m[2m:[0m foreign-toplevel-list synced from compositor [3mtoplevels[0m[2m=[0m2
[slopos-compositor/drm] client disconnected
[slopos-compositor/drm] client connected
[2m2026-08-01T08:01:34.862641Z[0m [32m INFO[0m [2mslopos_shell::foreign_toplevel_client[0m[2m:[0m foreign-toplevel-list synced from compositor [3mtoplevels[0m[2m=[0m2
[slopos-compositor/drm] client disconnected
[slopos-compositor/drm] client connected
[2m2026-08-01T08:01:36.179201Z[0m [32m INFO[0m [2mslopos_shell::foreign_toplevel_client[0m[2m:[0m foreign-toplevel-list synced from compositor [3mtoplevels[0m[2m=[0m2
[slopos-compositor/drm] client disconnected
[slopos-compositor/drm] client connected
[2m2026-08-01T08:01:37.498714Z[0m [32m INFO[0m [2mslopos_shell::foreign_toplevel_client[0m[2m:[0m foreign-toplevel-list synced from compositor [3mtoplevels[0m[2m=[0m2
[slopos-compositor/drm] client disconnected
[slopos-compositor/drm] client connected
[2m2026-08-01T08:01:38.867610Z[0m [32m INFO[0m [2mslopos_shell::foreign_toplevel_client[0m[2m:[0m foreign-toplevel-list synced from compositor [3mtoplevels[0m[2m=[0m2
[slopos-compositor/drm] client disconnected
[slopos-compositor/drm] client connected
[2m2026-08-01T08:01:40.183167Z[0m [32m INFO[0m [2mslopos_shell::foreign_toplevel_client[0m[2m:[0m foreign-toplevel-list synced from compositor [3mtoplevels[0m[2m=[0m2
[slopos-compositor/drm] client disconnected
[slopos-session] shutdown signal received; stopping session
[slopos-compositor/drm] client disconnected
