[slopos-session] visiond pid=308121 socket=/run/user/1000/slopos-i/session-18c7b5da6db8e5eb-308120/vision.sock models=/home/ubuntu/qa/2026-08-01-vision-session-r14/models/vision
[slopos-compositor] backend: SessionDrm (explicit)
[2m2026-08-01T14:48:47.045627Z[0m [32m INFO[0m [2mslopos_compositor::session_drm[0m[2m:[0m session_mode=session_drm (DRM/KMS seat path)
[slopos-compositor] starting DRM/KMS session path (session_mode=session_drm (DRM/KMS seat path))
[slopos-compositor] display policy: hdr_requested=false hdr_supported=false vrr_adaptive=false refresh=60hz color_space=srgb
[slopos-compositor] libseat seat=seat0
[2m2026-08-01T14:48:47.056157Z[0m [32m INFO[0m [1minput_seat[0m[1m{[0m[3mname[0m[2m=[0m"seat0"[1m}[0m[2m:[0m[1madd_keyboard[0m[1m{[0m[3mxkb_config[0m[2m=[0mXkbConfig { rules: "", model: "", layout: "", variant: "", options: None } [3mrepeat_delay[0m[2m=[0m200 [3mrepeat_rate[0m[2m=[0m25[1m}[0m[2m:[0m[1minput_keyboard[0m[2m:[0m [2msmithay::input::keyboard[0m[2m:[0m Initializing a xkbcommon handler with keymap query
[2m2026-08-01T14:48:47.069186Z[0m [32m INFO[0m [1minput_seat[0m[1m{[0m[3mname[0m[2m=[0m"seat0"[1m}[0m[2m:[0m[1madd_keyboard[0m[1m{[0m[3mxkb_config[0m[2m=[0mXkbConfig { rules: "", model: "", layout: "", variant: "", options: None } [3mrepeat_delay[0m[2m=[0m200 [3mrepeat_rate[0m[2m=[0m25[1m}[0m[2m:[0m[1minput_keyboard[0m[2m:[0m [2msmithay::input::keyboard[0m[2m:[0m Loaded Keymap [3mname[0m[2m=[0m"English (US)"
[slopos-compositor] opening DRM node /dev/dri/card0
[2m2026-08-01T14:48:47.072947Z[0m [33m WARN[0m [2msmithay::backend::drm::device::fd[0m[2m:[0m Unable to become drm master, assuming unprivileged mode
[2m2026-08-01T14:48:47.072962Z[0m [32m INFO[0m [2msmithay::backend::drm::device[0m[2m:[0m DrmDevice initializing
[2m2026-08-01T14:48:47.288419Z[0m [32m INFO[0m [2msmithay::backend::egl::display[0m[2m:[0m Successfully selected EGL platform: PLATFORM_GBM_KHR
[2m2026-08-01T14:48:47.289160Z[0m [32m INFO[0m [2msmithay::backend::egl::display[0m[2m:[0m EGL Initialized
[2m2026-08-01T14:48:47.289171Z[0m [32m INFO[0m [2msmithay::backend::egl::display[0m[2m:[0m EGL Version: (1, 5)
[2m2026-08-01T14:48:47.289191Z[0m [32m INFO[0m [2msmithay::backend::egl::display[0m[2m:[0m Supported EGL display extensions: ["EGL_ANDROID_blob_cache", "EGL_ANDROID_native_fence_sync", "EGL_EXT_buffer_age", "EGL_EXT_config_select_group", "EGL_EXT_image_dma_buf_import", "EGL_EXT_image_dma_buf_import_modifiers", "EGL_EXT_surface_compression", "EGL_KHR_cl_event2", "EGL_KHR_config_attribs", "EGL_KHR_context_flush_control", "EGL_KHR_create_context", "EGL_KHR_create_context_no_error", "EGL_KHR_fence_sync", "EGL_KHR_get_all_proc_addresses", "EGL_KHR_gl_colorspace", "EGL_KHR_gl_renderbuffer_image", "EGL_KHR_gl_texture_2D_image", "EGL_KHR_gl_texture_3D_image", "EGL_KHR_gl_texture_cubemap_image", "EGL_KHR_image", "EGL_KHR_image_base", "EGL_KHR_image_pixmap", "EGL_KHR_no_config_context", "EGL_KHR_reusable_sync", "EGL_KHR_surfaceless_context", "EGL_EXT_pixel_format_float", "EGL_KHR_wait_sync", "EGL_MESA_configless_context", "EGL_MESA_gl_interop", "EGL_MESA_image_dma_buf_export", "EGL_MESA_query_driver", "EGL_MESA_x11_native_visual_id", ""]
[2m2026-08-01T14:48:47.291101Z[0m [32m INFO[0m [1megl[0m[1m{[0m[3mnative[0m[2m=[0m"/dev/dri/card0" [3mplatform[0m[2m=[0m"PLATFORM_GBM_KHR" [3mversion[0m[2m=[0m(1, 5)[1m}[0m[2m:[0m[1megl_context[0m[1m{[0m[3mptr[0m[2m=[0m203709534707824[1m}[0m[2m:[0m [2msmithay::backend::egl::context[0m[2m:[0m EGL context created [3mpriority[0m[2m=[0mNone
[2m2026-08-01T14:48:47.292053Z[0m [32m INFO[0m [1megl[0m[1m{[0m[3mnative[0m[2m=[0m"/dev/dri/card0" [3mplatform[0m[2m=[0m"PLATFORM_GBM_KHR" [3mversion[0m[2m=[0m(1, 5)[1m}[0m[2m:[0m[1megl_context[0m[1m{[0m[3mptr[0m[2m=[0m203709534707824[1m}[0m[2m:[0m[1mrenderer_gles2[0m[2m:[0m [2msmithay::backend::renderer::gles[0m[2m:[0m Initializing OpenGL ES Renderer
[2m2026-08-01T14:48:47.292081Z[0m [32m INFO[0m [1megl[0m[1m{[0m[3mnative[0m[2m=[0m"/dev/dri/card0" [3mplatform[0m[2m=[0m"PLATFORM_GBM_KHR" [3mversion[0m[2m=[0m(1, 5)[1m}[0m[2m:[0m[1megl_context[0m[1m{[0m[3mptr[0m[2m=[0m203709534707824[1m}[0m[2m:[0m[1mrenderer_gles2[0m[2m:[0m [2msmithay::backend::renderer::gles[0m[2m:[0m GL Version: "OpenGL ES 2.0 Mesa 26.0.3-1ubuntu1"
[2m2026-08-01T14:48:47.292096Z[0m [32m INFO[0m [1megl[0m[1m{[0m[3mnative[0m[2m=[0m"/dev/dri/card0" [3mplatform[0m[2m=[0m"PLATFORM_GBM_KHR" [3mversion[0m[2m=[0m(1, 5)[1m}[0m[2m:[0m[1megl_context[0m[1m{[0m[3mptr[0m[2m=[0m203709534707824[1m}[0m[2m:[0m[1mrenderer_gles2[0m[2m:[0m [2msmithay::backend::renderer::gles[0m[2m:[0m GL Vendor: "Mesa"
[2m2026-08-01T14:48:47.292107Z[0m [32m INFO[0m [1megl[0m[1m{[0m[3mnative[0m[2m=[0m"/dev/dri/card0" [3mplatform[0m[2m=[0m"PLATFORM_GBM_KHR" [3mversion[0m[2m=[0m(1, 5)[1m}[0m[2m:[0m[1megl_context[0m[1m{[0m[3mptr[0m[2m=[0m203709534707824[1m}[0m[2m:[0m[1mrenderer_gles2[0m[2m:[0m [2msmithay::backend::renderer::gles[0m[2m:[0m GL Renderer: "virgl (ANGLE (Apple, ANGLE Metal Renderer: Apple M2 Pro, Ve...)"
[2m2026-08-01T14:48:47.292118Z[0m [32m INFO[0m [1megl[0m[1m{[0m[3mnative[0m[2m=[0m"/dev/dri/card0" [3mplatform[0m[2m=[0m"PLATFORM_GBM_KHR" [3mversion[0m[2m=[0m(1, 5)[1m}[0m[2m:[0m[1megl_context[0m[1m{[0m[3mptr[0m[2m=[0m203709534707824[1m}[0m[2m:[0m[1mrenderer_gles2[0m[2m:[0m [2msmithay::backend::renderer::gles[0m[2m:[0m Supported GL Extensions: ["GL_EXT_blend_minmax", "GL_EXT_multi_draw_arrays", "GL_EXT_texture_filter_anisotropic", "GL_EXT_texture_compression_s3tc", "GL_EXT_texture_compression_dxt1", "GL_EXT_texture_format_BGRA8888", "GL_OES_compressed_ETC1_RGB8_texture", "GL_OES_depth24", "GL_OES_element_index_uint", "GL_OES_fbo_render_mipmap", "GL_OES_mapbuffer", "GL_OES_rgb8_rgba8", "GL_OES_standard_derivatives", "GL_OES_stencil8", "GL_OES_texture_3D", "GL_OES_texture_float", "GL_OES_texture_float_linear", "GL_OES_texture_half_float", "GL_OES_texture_half_float_linear", "GL_OES_texture_npot", "GL_OES_vertex_half_float", "GL_EXT_draw_instanced", "GL_OES_EGL_image", "GL_OES_depth_texture", "GL_OES_packed_depth_stencil", "GL_EXT_texture_type_2_10_10_10_REV", "GL_OES_get_program_binary", "GL_APPLE_texture_max_level", "GL_EXT_discard_framebuffer", "GL_EXT_read_format_bgra", "GL_EXT_texture_storage", "GL_NV_pack_subimage", "GL_EXT_frag_depth", "GL_NV_fbo_color_attachments", "GL_OES_EGL_image_external", "GL_OES_EGL_sync", "GL_OES_vertex_array_object", "GL_ANGLE_pack_reverse_row_order", "GL_ANGLE_texture_compression_dxt3", "GL_ANGLE_texture_compression_dxt5", "GL_EXT_occlusion_query_boolean", "GL_EXT_sRGB", "GL_EXT_texture_rg", "GL_EXT_unpack_subimage", "GL_NV_draw_buffers", "GL_NV_read_buffer", "GL_NV_read_depth", "GL_NV_read_depth_stencil", "GL_NV_read_stencil", "GL_APPLE_sync", "GL_EXT_draw_buffers", "GL_EXT_instanced_arrays", "GL_EXT_map_buffer_range", "GL_EXT_shadow_samplers", "GL_KHR_debug", "GL_KHR_texture_compression_astc_ldr", "GL_NV_pixel_buffer_object", "GL_OES_depth_texture_cube_map", "GL_OES_required_internalformat", "GL_OES_surfaceless_context", "GL_EXT_debug_label", "GL_EXT_separate_shader_objects", "GL_EXT_compressed_ETC1_RGB8_sub_texture", "GL_EXT_draw_elements_base_vertex", "GL_EXT_polygon_offset_clamp", "GL_EXT_texture_border_clamp", "GL_KHR_context_flush_control", "GL_OES_draw_elements_base_vertex", "GL_OES_texture_border_clamp", "GL_EXT_blend_func_extended", "GL_KHR_no_error", "GL_KHR_texture_compression_astc_sliced_3d", "GL_EXT_texture_compression_s3tc_srgb", "GL_EXT_clip_control", "GL_EXT_color_buffer_half_float", "GL_KHR_parallel_shader_compile", "GL_EXT_depth_clamp", "GL_MESA_sampler_objects", "GL_MESA_bgra", ""]
[slopos-compositor] DRM modeset plan: connector=Virtual-1 1280x800@75000mhz crtcs=1 connectors=1
[slopos-compositor] output_scale=1/1 (1.00x) (DRM wl_output buffer scale=1 effective=output_scale=1/1 (1.00x) logical canvas=1280x800)
[slopos-compositor] connector HDR: hdr_metadata=false bt2020_colorspace=false max_bpc=n/a => hdr10_capable=false
[2m2026-08-01T14:48:47.305169Z[0m [32m INFO[0m [2mslopos_compositor::session_drm[0m[2m:[0m connector HDR capability probed from DRM properties [3mhdr_metadata[0m[2m=[0mfalse [3mbt2020[0m[2m=[0mfalse [3mmax_bpc[0m[2m=[0mNone [3mhdr10_capable[0m[2m=[0mfalse
[slopos-compositor] connector VRR: capable=false controllable=true enabled=false
[2m2026-08-01T14:48:47.306554Z[0m [32m INFO[0m [1mdrm_atomic[0m[2m:[0m[1mcreate_surface[0m[1m{[0m[3mcrtc[0m[2m=[0mcrtc::Handle(38) [3mmode[0m[2m=[0mMode { name: "1280x800", clock: 107300, size: (1280, 800), hsync: (1600, 1638, 1728), vsync: (804, 808, 828), hskew: 0, vscan: 0, vrefresh: 75, mode_type: ModeTypeFlags(PREFERRED | DRIVER) } [3mconnectors[0m[2m=[0m[connector::Handle(39)][1m}[0m[2m:[0m[1mdrm_atomic[0m[1m{[0m[3mcrtc[0m[2m=[0mcrtc::Handle(38)[1m}[0m[2m:[0m [2msmithay::backend::drm::surface::atomic[0m[2m:[0m Initializing drm surface (crtc::Handle(38):plane::Handle(34)) with mode Mode { name: "1280x800", clock: 107300, size: (1280, 800), hsync: (1600, 1638, 1728), vsync: (804, 808, 828), hskew: 0, vscan: 0, vrefresh: 75, mode_type: ModeTypeFlags(PREFERRED | DRIVER) } and connectors [connector::Handle(39)]
[slopos-compositor] DRM scanout surface created (crtc+connector modeset)
[2m2026-08-01T14:48:47.306634Z[0m [32m INFO[0m [2mslopos_compositor::session_drm[0m[2m:[0m DrmSurface ready for pageflip presentation [3mstage[0m[2m=[0m"create_drm_surface"
[2m2026-08-01T14:48:47.306654Z[0m [32m INFO[0m [1mnew[0m[1m{[0m[3mname[0m[2m=[0m"Virtual-1" [3mphysical[0m[2m=[0mPhysicalProperties { size: Size<smithay::utils::geometry::Raw> { w: 0, h: 0 }, subpixel: Unknown, make: "SLOPOS-I", model: "DRM" }[1m}[0m[2m:[0m [2msmithay::output[0m[2m:[0m Creating new Output [3mname[0m[2m=[0m"Virtual-1"
[slopos-compositor] DRM GL compositor ready (1280x800) — client surfaces will be composited
[2m2026-08-01T14:48:47.309099Z[0m [32m INFO[0m [2mslopos_compositor::session_drm[0m[2m:[0m DrmCompositor initialized; GL composition active [3mstage[0m[2m=[0m"pageflip_or_present"
[2m2026-08-01T14:48:47.309208Z[0m [32m INFO[0m [2msmithay::wayland::socket[0m[2m:[0m Created new socket [3mname[0m[2m=[0mSome("wayland-1")
[slopos-compositor] WAYLAND_DISPLAY=wayland-1 (DRM session)
WAYLAND_DISPLAY=wayland-1
[2m2026-08-01T14:48:47.309565Z[0m [32m INFO[0m [1mnew[0m[1m{[0m[3mname[0m[2m=[0m"Virtual-1" [3mphysical[0m[2m=[0mPhysicalProperties { size: Size<smithay::utils::geometry::Raw> { w: 0, h: 0 }, subpixel: Unknown, make: "SLOPOS-I", model: "DRM Output" }[1m}[0m[2m:[0m [2msmithay::output[0m[2m:[0m Creating new Output [3mname[0m[2m=[0m"Virtual-1"
[2m2026-08-01T14:48:47.309600Z[0m [32m INFO[0m [2msmithay::wayland::output[0m[2m:[0m Creating new wl_output [3moutput[0m[2m=[0m"Virtual-1"
[slopos-session] compositor pid=308122 backend=drm client_socket=wayland-1
[slopos-session] shell pid=308132
[2m2026-08-01T14:48:47.366934Z[0m [32m INFO[0m [2mslopos_shell[0m[2m:[0m Starting SLOPOS-I...
[2m2026-08-01T14:48:47.376407Z[0m [32m INFO[0m [2mslopos_kit::accessibility[0m[2m:[0m AT-SPI2 a11y bus unavailable; exporting on session bus [3mapp[0m[2m=[0m"SLOPOS-I" [3merror[0m[2m=[0morg.freedesktop.DBus.Error.ServiceUnknown: The name org.a11y.Bus was not provided by any .service files
[2m2026-08-01T14:48:47.382303Z[0m [33m WARN[0m [2mslopos_kit::accessibility[0m[2m:[0m AT-SPI2 objects exported but registry Embed failed (registry may be absent) [3mapp[0m[2m=[0m"SLOPOS-I" [3mbus[0m[2m=[0m:1.112 [3mbus_kind[0m[2m=[0m"session" [3mchildren[0m[2m=[0m5 [3merror[0m[2m=[0morg.freedesktop.DBus.Error.ServiceUnknown: The name org.a11y.atspi.Registry was not provided by any .service files
[2m2026-08-01T14:48:47.382327Z[0m [32m INFO[0m [2mslopos_kit::accessibility[0m[2m:[0m AT-SPI2 Accessible tree exported (Action on actionable roles; still Orca-incomplete) [3mapp[0m[2m=[0m"SLOPOS-I" [3mbus[0m[2m=[0m:1.112 [3mbus_kind[0m[2m=[0m"session" [3mroot[0m[2m=[0m"/org/a11y/atspi/accessible/root" [3mchildren[0m[2m=[0m5 [3membedded[0m[2m=[0mfalse
[2m2026-08-01T14:48:47.382360Z[0m [32m INFO[0m [2mslopos_shell[0m[2m:[0m AT-SPI2 accessibility registration active (shell chrome tree; event emit best-effort)
[2m2026-08-01T14:48:47.399898Z[0m [32m INFO[0m [2mslopos_shell[0m[2m:[0m shell menu locale applied [3mlocale[0m[2m=[0men-US
[2m2026-08-01T14:48:47.400108Z[0m [32m INFO[0m [2mslopos_shell[0m[2m:[0m display arrange plan applied (EmitLayoutEnv) [3mmode[0m[2m=[0mextend_right [3mscale[0m[2m=[0m100 [3menv[0m[2m=[0m[("SLOPOS_OUTPUTS_LAYOUT", "eDP-1:1920x1080@0,0:s100")]
[2m2026-08-01T14:48:47.403323Z[0m [32m INFO[0m [2mslopos_shell::fdo_notifications[0m[2m:[0m FreeDesktop Notifications daemon registered on session bus [3mbus[0m[2m=[0m"org.freedesktop.Notifications" [3mpath[0m[2m=[0m"/org/freedesktop/Notifications"
[2m2026-08-01T14:48:47.403370Z[0m [33m WARN[0m [2mslopos_shell::portal_dbus[0m[2m:[0m SLOPOS-I portal registration skipped [3merror[0m[2m=[0minvalid value: character `-`, expected an alphanumeric character, `_` or `/`
[2m2026-08-01T14:48:47.403394Z[0m [32m INFO[0m [2mslopos_shell[0m[2m:[0m SLOPOS-I initialized successfully
[2m2026-08-01T14:48:47.403401Z[0m [32m INFO[0m [2mslopos_shell[0m[2m:[0m Theme: platinum
[2m2026-08-01T14:48:47.403406Z[0m [32m INFO[0m [2mslopos_shell[0m[2m:[0m Applications found: 5
[2m2026-08-01T14:48:47.403411Z[0m [32m INFO[0m [2mslopos_shell[0m[2m:[0m Workspaces: 8
[2m2026-08-01T14:48:47.617446Z[0m [32m INFO[0m [2msmithay::backend::libinput[0m[2m:[0m Initializing a libinput backend
[2m2026-08-01T14:48:47.617566Z[0m [32m INFO[0m [2mslopos_compositor::session_drm[0m[2m:[0m DRM session entering protocol + seat event loop [3mstage[0m[2m=[0m"protocol_loop"
[slopos-compositor] DRM session loop running (Wayland + seat + udev + libinput + layer-shell + foreign-toplevel; scanout_armed=false)
[2m2026-08-01T14:48:47.635178Z[0m [32m INFO[0m [2msmithay::backend::drm::surface::atomic[0m[2m:[0m Adding connector: Virtual
[2m2026-08-01T14:48:47.635307Z[0m [32m INFO[0m [2msmithay::backend::drm::surface::atomic[0m[2m:[0m Setting new mode: "1280x800"
[2m2026-08-01T14:48:47.635506Z[0m [33m WARN[0m [2msmithay::backend::drm::surface::atomic[0m[2m:[0m Failed to destroy old mode property blob: No such file or directory (os error 2)
[slopos-compositor/drm] client connected
[slopos-compositor/drm] client disconnected
[2m2026-08-01T14:48:47.664614Z[0m [32m INFO[0m [2mslopos_shell::foreign_toplevel_client[0m[2m:[0m foreign-toplevel-list synced from compositor [3mtoplevels[0m[2m=[0m0
[2m2026-08-01T14:48:47.664639Z[0m [32m INFO[0m [2mslopos_shell[0m[2m:[0m shell synced foreign-toplevel-list [3mtoplevels[0m[2m=[0m0
[2m2026-08-01T14:48:47.665127Z[0m [32m INFO[0m [2mslopos_shell[0m[2m:[0m Launched multi-client app com.slopos.finder as pid 308143 (compositor-managed surface)
[slopos-compositor/drm] client connected
[slopos-compositor/drm] layer-shell surface namespace=slopos-i-desktop layer=Background
[slopos-compositor/drm] layer-shell surface namespace=slopos-i-menu layer=Top
[slopos-compositor/drm] layer-shell surface namespace=slopos-i-dock layer=Bottom
[slopos-compositor/drm] layer-shell surface namespace=slopos-i-menu-popup layer=Overlay
[2m2026-08-01T14:48:47.700185Z[0m [32m INFO[0m [2mslopos_sdk[0m[2m:[0m Application 'Finder' started
[slopos-compositor/drm] client connected
[slopos-compositor/drm] toplevel mapped at (64,64) size=640x480 title=Untitled app_id=slopos-i.app shell=false
[slopos-compositor/drm] workspace active=0/8 windows=1 visible=1 dist=[0:1,1:0,2:0,3:0,4:0,5:0,6:0,7:0] window_id=6FwQbmI7pwhwfFD2atxxZYmGYWy8aVm7 present=["6FwQbmI7pwhwfFD2atxxZYmGYWy8aVm7"]
[2m2026-08-01T14:48:47.714957Z[0m [31mERROR[0m [2msctk_adwaita::config[0m[2m:[0m XDG Settings Portal did not return response in time: timeout: 100ms, key: color-scheme
[2m2026-08-01T14:48:47.756684Z[0m [33m WARN[0m [2mwgpu_hal::vulkan::instance[0m[2m:[0m InstanceFlags::VALIDATION requested, but unable to find layer: VK_LAYER_KHRONOS_validation
[2m2026-08-01T14:48:47.756758Z[0m [32m INFO[0m [2mwgpu_hal::vulkan::instance[0m[2m:[0m GENERAL [Loader Message (0x0)]
	No valid vk_loader_settings.json file found, no loader settings will be active
[2m2026-08-01T14:48:47.756781Z[0m [32m INFO[0m [2mwgpu_hal::vulkan::instance[0m[2m:[0m 	objects: (type: INSTANCE, hndl: 0xb7a48bf57070, name: ?)
[2m2026-08-01T14:48:47.756791Z[0m [32m INFO[0m [2mwgpu_hal::vulkan::instance[0m[2m:[0m GENERAL [Loader Message (0x0)]
	Searching for implicit layer manifest files
[2m2026-08-01T14:48:47.756798Z[0m [32m INFO[0m [2mwgpu_hal::vulkan::instance[0m[2m:[0m 	objects: (type: INSTANCE, hndl: 0xb7a48bf57070, name: ?)
[2m2026-08-01T14:48:47.756804Z[0m [32m INFO[0m [2mwgpu_hal::vulkan::instance[0m[2m:[0m GENERAL [Loader Message (0x0)]
	   In following locations:
[2m2026-08-01T14:48:47.756810Z[0m [32m INFO[0m [2mwgpu_hal::vulkan::instance[0m[2m:[0m 	objects: (type: INSTANCE, hndl: 0xb7a48bf57070, name: ?)
[2m2026-08-01T14:48:47.756816Z[0m [32m INFO[0m [2mwgpu_hal::vulkan::instance[0m[2m:[0m GENERAL [Loader Message (0x0)]
	      /home/ubuntu/.config/vulkan/implicit_layer.d
[2m2026-08-01T14:48:47.756822Z[0m [32m INFO[0m [2mwgpu_hal::vulkan::instance[0m[2m:[0m 	objects: (type: INSTANCE, hndl: 0xb7a48bf57070, name: ?)
[2m2026-08-01T14:48:47.756828Z[0m [32m INFO[0m [2mwgpu_hal::vulkan::instance[0m[2m:[0m GENERAL [Loader Message (0x0)]
	      /etc/xdg/vulkan/implicit_layer.d
[2m2026-08-01T14:48:47.756834Z[0m [32m INFO[0m [2mwgpu_hal::vulkan::instance[0m[2m:[0m 	objects: (type: INSTANCE, hndl: 0xb7a48bf57070, name: ?)
[2m2026-08-01T14:48:47.756840Z[0m [32m INFO[0m [2mwgpu_hal::vulkan::instance[0m[2m:[0m GENERAL [Loader Message (0x0)]
	      /etc/vulkan/implicit_layer.d
[2m2026-08-01T14:48:47.756846Z[0m [32m INFO[0m [2mwgpu_hal::vulkan::instance[0m[2m:[0m 	objects: (type: INSTANCE, hndl: 0xb7a48bf57070, name: ?)
[2m2026-08-01T14:48:47.756851Z[0m [32m INFO[0m [2mwgpu_hal::vulkan::instance[0m[2m:[0m GENERAL [Loader Message (0x0)]
	      /home/ubuntu/.local/share/vulkan/implicit_layer.d
[2m2026-08-01T14:48:47.756858Z[0m [32m INFO[0m [2mwgpu_hal::vulkan::instance[0m[2m:[0m 	objects: (type: INSTANCE, hndl: 0xb7a48bf57070, name: ?)
[2m2026-08-01T14:48:47.756864Z[0m [32m INFO[0m [2mwgpu_hal::vulkan::instance[0m[2m:[0m GENERAL [Loader Message (0x0)]
	      /usr/local/share/vulkan/implicit_layer.d
[2m2026-08-01T14:48:47.756870Z[0m [32m INFO[0m [2mwgpu_hal::vulkan::instance[0m[2m:[0m 	objects: (type: INSTANCE, hndl: 0xb7a48bf57070, name: ?)
[2m2026-08-01T14:48:47.756876Z[0m [32m INFO[0m [2mwgpu_hal::vulkan::instance[0m[2m:[0m GENERAL [Loader Message (0x0)]
	      /usr/share/vulkan/implicit_layer.d
[2m2026-08-01T14:48:47.756882Z[0m [32m INFO[0m [2mwgpu_hal::vulkan::instance[0m[2m:[0m 	objects: (type: INSTANCE, hndl: 0xb7a48bf57070, name: ?)
[2m2026-08-01T14:48:47.756900Z[0m [32m INFO[0m [2mwgpu_hal::vulkan::instance[0m[2m:[0m GENERAL [Loader Message (0x0)]
	   Found the following files:
[2m2026-08-01T14:48:47.756907Z[0m [32m INFO[0m [2mwgpu_hal::vulkan::instance[0m[2m:[0m 	objects: (type: INSTANCE, hndl: 0xb7a48bf57070, name: ?)
[2m2026-08-01T14:48:47.756913Z[0m [32m INFO[0m [2mwgpu_hal::vulkan::instance[0m[2m:[0m GENERAL [Loader Message (0x0)]
	      /usr/share/vulkan/implicit_layer.d/VkLayer_MESA_anti_lag.json
[2m2026-08-01T14:48:47.756924Z[0m [32m INFO[0m [2mwgpu_hal::vulkan::instance[0m[2m:[0m 	objects: (type: INSTANCE, hndl: 0xb7a48bf57070, name: ?)
[2m2026-08-01T14:48:47.756930Z[0m [32m INFO[0m [2mwgpu_hal::vulkan::instance[0m[2m:[0m GENERAL [Loader Message (0x0)]
	      /usr/share/vulkan/implicit_layer.d/VkLayer_MESA_device_select.json
[2m2026-08-01T14:48:47.756937Z[0m [32m INFO[0m [2mwgpu_hal::vulkan::instance[0m[2m:[0m 	objects: (type: INSTANCE, hndl: 0xb7a48bf57070, name: ?)
[2m2026-08-01T14:48:47.756955Z[0m [32m INFO[0m [2mwgpu_hal::vulkan::instance[0m[2m:[0m GENERAL [Loader Message (0x0)]
	Found manifest file /usr/share/vulkan/implicit_layer.d/VkLayer_MESA_anti_lag.json (file version 1.2.1)
[2m2026-08-01T14:48:47.756964Z[0m [32m INFO[0m [2mwgpu_hal::vulkan::instance[0m[2m:[0m 	objects: (type: INSTANCE, hndl: 0xb7a48bf57070, name: ?)
[2m2026-08-01T14:48:47.756977Z[0m [32m INFO[0m [2mwgpu_hal::vulkan::instance[0m[2m:[0m GENERAL [Loader Message (0x0)]
	Found manifest file /usr/share/vulkan/implicit_layer.d/VkLayer_MESA_device_select.json (file version 1.0.0)
[2m2026-08-01T14:48:47.756985Z[0m [32m INFO[0m [2mwgpu_hal::vulkan::instance[0m[2m:[0m 	objects: (type: INSTANCE, hndl: 0xb7a48bf57070, name: ?)
[2m2026-08-01T14:48:47.756996Z[0m [32m INFO[0m [2mwgpu_hal::vulkan::instance[0m[2m:[0m GENERAL [Loader Message (0x0)]
	Searching for explicit layer manifest files
[2m2026-08-01T14:48:47.757002Z[0m [32m INFO[0m [2mwgpu_hal::vulkan::instance[0m[2m:[0m 	objects: (type: INSTANCE, hndl: 0xb7a48bf57070, name: ?)
[2m2026-08-01T14:48:47.757008Z[0m [32m INFO[0m [2mwgpu_hal::vulkan::instance[0m[2m:[0m GENERAL [Loader Message (0x0)]
	   In following locations:
[2m2026-08-01T14:48:47.757014Z[0m [32m INFO[0m [2mwgpu_hal::vulkan::instance[0m[2m:[0m 	objects: (type: INSTANCE, hndl: 0xb7a48bf57070, name: ?)
[2m2026-08-01T14:48:47.757020Z[0m [32m INFO[0m [2mwgpu_hal::vulkan::instance[0m[2m:[0m GENERAL [Loader Message (0x0)]
	      /home/ubuntu/.config/vulkan/explicit_layer.d
[2m2026-08-01T14:48:47.757026Z[0m [32m INFO[0m [2mwgpu_hal::vulkan::instance[0m[2m:[0m 	objects: (type: INSTANCE, hndl: 0xb7a48bf57070, name: ?)
[2m2026-08-01T14:48:47.757032Z[0m [32m INFO[0m [2mwgpu_hal::vulkan::instance[0m[2m:[0m GENERAL [Loader Message (0x0)]
	      /etc/xdg/vulkan/explicit_layer.d
[2m2026-08-01T14:48:47.757042Z[0m [32m INFO[0m [2mwgpu_hal::vulkan::instance[0m[2m:[0m 	objects: (type: INSTANCE, hndl: 0xb7a48bf57070, name: ?)
[2m2026-08-01T14:48:47.757048Z[0m [32m INFO[0m [2mwgpu_hal::vulkan::instance[0m[2m:[0m GENERAL [Loader Message (0x0)]
	      /etc/vulkan/explicit_layer.d
[2m2026-08-01T14:48:47.757054Z[0m [32m INFO[0m [2mwgpu_hal::vulkan::instance[0m[2m:[0m 	objects: (type: INSTANCE, hndl: 0xb7a48bf57070, name: ?)
[2m2026-08-01T14:48:47.757063Z[0m [32m INFO[0m [2mwgpu_hal::vulkan::instance[0m[2m:[0m GENERAL [Loader Message (0x0)]
	      /home/ubuntu/.local/share/vulkan/explicit_layer.d
[2m2026-08-01T14:48:47.757069Z[0m [32m INFO[0m [2mwgpu_hal::vulkan::instance[0m[2m:[0m 	objects: (type: INSTANCE, hndl: 0xb7a48bf57070, name: ?)
[2m2026-08-01T14:48:47.757075Z[0m [32m INFO[0m [2mwgpu_hal::vulkan::instance[0m[2m:[0m GENERAL [Loader Message (0x0)]
	      /usr/local/share/vulkan/explicit_layer.d
[2m2026-08-01T14:48:47.757081Z[0m [32m INFO[0m [2mwgpu_hal::vulkan::instance[0m[2m:[0m 	objects: (type: INSTANCE, hndl: 0xb7a48bf57070, name: ?)
[2m2026-08-01T14:48:47.757086Z[0m [32m INFO[0m [2mwgpu_hal::vulkan::instance[0m[2m:[0m GENERAL [Loader Message (0x0)]
	      /usr/share/vulkan/explicit_layer.d
[2m2026-08-01T14:48:47.757092Z[0m [32m INFO[0m [2mwgpu_hal::vulkan::instance[0m[2m:[0m 	objects: (type: INSTANCE, hndl: 0xb7a48bf57070, name: ?)
[2m2026-08-01T14:48:47.757110Z[0m [32m INFO[0m [2mwgpu_hal::vulkan::instance[0m[2m:[0m GENERAL [Loader Message (0x0)]
	   Found the following files:
[2m2026-08-01T14:48:47.757117Z[0m [32m INFO[0m [2mwgpu_hal::vulkan::instance[0m[2m:[0m 	objects: (type: INSTANCE, hndl: 0xb7a48bf57070, name: ?)
[2m2026-08-01T14:48:47.757123Z[0m [32m INFO[0m [2mwgpu_hal::vulkan::instance[0m[2m:[0m GENERAL [Loader Message (0x0)]
	      /usr/share/vulkan/explicit_layer.d/VkLayer_MESA_screenshot.json
[2m2026-08-01T14:48:47.757129Z[0m [32m INFO[0m [2mwgpu_hal::vulkan::instance[0m[2m:[0m 	objects: (type: INSTANCE, hndl: 0xb7a48bf57070, name: ?)
[2m2026-08-01T14:48:47.757138Z[0m [32m INFO[0m [2mwgpu_hal::vulkan::instance[0m[2m:[0m GENERAL [Loader Message (0x0)]
	      /usr/share/vulkan/explicit_layer.d/VkLayer_MESA_overlay.json
[2m2026-08-01T14:48:47.757144Z[0m [32m INFO[0m [2mwgpu_hal::vulkan::instance[0m[2m:[0m 	objects: (type: INSTANCE, hndl: 0xb7a48bf57070, name: ?)
[2m2026-08-01T14:48:47.757150Z[0m [32m INFO[0m [2mwgpu_hal::vulkan::instance[0m[2m:[0m GENERAL [Loader Message (0x0)]
	      /usr/share/vulkan/explicit_layer.d/VkLayer_INTEL_nullhw.json
[2m2026-08-01T14:48:47.757156Z[0m [32m INFO[0m [2mwgpu_hal::vulkan::instance[0m[2m:[0m 	objects: (type: INSTANCE, hndl: 0xb7a48bf57070, name: ?)
[2m2026-08-01T14:48:47.757166Z[0m [32m INFO[0m [2mwgpu_hal::vulkan::instance[0m[2m:[0m GENERAL [Loader Message (0x0)]
	Found manifest file /usr/share/vulkan/explicit_layer.d/VkLayer_MESA_screenshot.json (file version 1.0.0)
[2m2026-08-01T14:48:47.757174Z[0m [32m INFO[0m [2mwgpu_hal::vulkan::instance[0m[2m:[0m 	objects: (type: INSTANCE, hndl: 0xb7a48bf57070, name: ?)
[2m2026-08-01T14:48:47.757184Z[0m [32m INFO[0m [2mwgpu_hal::vulkan::instance[0m[2m:[0m GENERAL [Loader Message (0x0)]
	Found manifest file /usr/share/vulkan/explicit_layer.d/VkLayer_MESA_overlay.json (file version 1.0.0)
[2m2026-08-01T14:48:47.757191Z[0m [32m INFO[0m [2mwgpu_hal::vulkan::instance[0m[2m:[0m 	objects: (type: INSTANCE, hndl: 0xb7a48bf57070, name: ?)
[2m2026-08-01T14:48:47.757201Z[0m [32m INFO[0m [2mwgpu_hal::vulkan::instance[0m[2m:[0m GENERAL [Loader Message (0x0)]
	Found manifest file /usr/share/vulkan/explicit_layer.d/VkLayer_INTEL_nullhw.json (file version 1.0.0)
[2m2026-08-01T14:48:47.757358Z[0m [32m INFO[0m [2mwgpu_hal::vulkan::instance[0m[2m:[0m 	objects: (type: INSTANCE, hndl: 0xb7a48bf57070, name: ?)
[2m2026-08-01T14:48:47.757373Z[0m [32m INFO[0m [2mwgpu_hal::vulkan::instance[0m[2m:[0m GENERAL [Loader Message (0x0)]
	Searching for driver manifest files
[2m2026-08-01T14:48:47.757380Z[0m [32m INFO[0m [2mwgpu_hal::vulkan::instance[0m[2m:[0m 	objects: (type: INSTANCE, hndl: 0xb7a48bf57070, name: ?)
[2m2026-08-01T14:48:47.757390Z[0m [32m INFO[0m [2mwgpu_hal::vulkan::instance[0m[2m:[0m GENERAL [Loader Message (0x0)]
	   In following locations:
[2m2026-08-01T14:48:47.757397Z[0m [32m INFO[0m [2mwgpu_hal::vulkan::instance[0m[2m:[0m 	objects: (type: INSTANCE, hndl: 0xb7a48bf57070, name: ?)
[2m2026-08-01T14:48:47.757403Z[0m [32m INFO[0m [2mwgpu_hal::vulkan::instance[0m[2m:[0m GENERAL [Loader Message (0x0)]
	      /home/ubuntu/.config/vulkan/icd.d
[2m2026-08-01T14:48:47.757410Z[0m [32m INFO[0m [2mwgpu_hal::vulkan::instance[0m[2m:[0m 	objects: (type: INSTANCE, hndl: 0xb7a48bf57070, name: ?)
[2m2026-08-01T14:48:47.757416Z[0m [32m INFO[0m [2mwgpu_hal::vulkan::instance[0m[2m:[0m GENERAL [Loader Message (0x0)]
	      /etc/xdg/vulkan/icd.d
[2m2026-08-01T14:48:47.757422Z[0m [32m INFO[0m [2mwgpu_hal::vulkan::instance[0m[2m:[0m 	objects: (type: INSTANCE, hndl: 0xb7a48bf57070, name: ?)
[2m2026-08-01T14:48:47.757427Z[0m [32m INFO[0m [2mwgpu_hal::vulkan::instance[0m[2m:[0m GENERAL [Loader Message (0x0)]
	      /etc/vulkan/icd.d
[2m2026-08-01T14:48:47.757433Z[0m [32m INFO[0m [2mwgpu_hal::vulkan::instance[0m[2m:[0m 	objects: (type: INSTANCE, hndl: 0xb7a48bf57070, name: ?)
[2m2026-08-01T14:48:47.757439Z[0m [32m INFO[0m [2mwgpu_hal::vulkan::instance[0m[2m:[0m GENERAL [Loader Message (0x0)]
	      /home/ubuntu/.local/share/vulkan/icd.d
[2m2026-08-01T14:48:47.757464Z[0m [32m INFO[0m [2mwgpu_hal::vulkan::instance[0m[2m:[0m 	objects: (type: INSTANCE, hndl: 0xb7a48bf57070, name: ?)
[2m2026-08-01T14:48:47.757471Z[0m [32m INFO[0m [2mwgpu_hal::vulkan::instance[0m[2m:[0m GENERAL [Loader Message (0x0)]
	      /usr/local/share/vulkan/icd.d
[2m2026-08-01T14:48:47.757477Z[0m [32m INFO[0m [2mwgpu_hal::vulkan::instance[0m[2m:[0m 	objects: (type: INSTANCE, hndl: 0xb7a48bf57070, name: ?)
[2m2026-08-01T14:48:47.757484Z[0m [32m INFO[0m [2mwgpu_hal::vulkan::instance[0m[2m:[0m GENERAL [Loader Message (0x0)]
	      /usr/share/vulkan/icd.d
[2m2026-08-01T14:48:47.757490Z[0m [32m INFO[0m [2mwgpu_hal::vulkan::instance[0m[2m:[0m 	objects: (type: INSTANCE, hndl: 0xb7a48bf57070, name: ?)
[2m2026-08-01T14:48:47.757516Z[0m [32m INFO[0m [2mwgpu_hal::vulkan::instance[0m[2m:[0m GENERAL [Loader Message (0x0)]
	   Found the following files:
[2m2026-08-01T14:48:47.757522Z[0m [32m INFO[0m [2mwgpu_hal::vulkan::instance[0m[2m:[0m 	objects: (type: INSTANCE, hndl: 0xb7a48bf57070, name: ?)
[2m2026-08-01T14:48:47.757528Z[0m [32m INFO[0m [2mwgpu_hal::vulkan::instance[0m[2m:[0m GENERAL [Loader Message (0x0)]
	      /usr/share/vulkan/icd.d/nouveau_icd.json
[2m2026-08-01T14:48:47.757534Z[0m [32m INFO[0m [2mwgpu_hal::vulkan::instance[0m[2m:[0m 	objects: (type: INSTANCE, hndl: 0xb7a48bf57070, name: ?)
[2m2026-08-01T14:48:47.757540Z[0m [32m INFO[0m [2mwgpu_hal::vulkan::instance[0m[2m:[0m GENERAL [Loader Message (0x0)]
	      /usr/share/vulkan/icd.d/broadcom_icd.json
[2m2026-08-01T14:48:47.757549Z[0m [32m INFO[0m [2mwgpu_hal::vulkan::instance[0m[2m:[0m 	objects: (type: INSTANCE, hndl: 0xb7a48bf57070, name: ?)
[2m2026-08-01T14:48:47.757556Z[0m [32m INFO[0m [2mwgpu_hal::vulkan::instance[0m[2m:[0m GENERAL [Loader Message (0x0)]
	      /usr/share/vulkan/icd.d/panfrost_icd.json
[2m2026-08-01T14:48:47.757562Z[0m [32m INFO[0m [2mwgpu_hal::vulkan::instance[0m[2m:[0m 	objects: (type: INSTANCE, hndl: 0xb7a48bf57070, name: ?)
[2m2026-08-01T14:48:47.757568Z[0m [32m INFO[0m [2mwgpu_hal::vulkan::instance[0m[2m:[0m GENERAL [Loader Message (0x0)]
	      /usr/share/vulkan/icd.d/freedreno_icd.json
[2m2026-08-01T14:48:47.757574Z[0m [32m INFO[0m [2mwgpu_hal::vulkan::instance[0m[2m:[0m 	objects: (type: INSTANCE, hndl: 0xb7a48bf57070, name: ?)
[2m2026-08-01T14:48:47.757580Z[0m [32m INFO[0m [2mwgpu_hal::vulkan::instance[0m[2m:[0m GENERAL [Loader Message (0x0)]
	      /usr/share/vulkan/icd.d/gfxstream_vk_icd.json
[2m2026-08-01T14:48:47.757586Z[0m [32m INFO[0m [2mwgpu_hal::vulkan::instance[0m[2m:[0m 	objects: (type: INSTANCE, hndl: 0xb7a48bf57070, name: ?)
[2m2026-08-01T14:48:47.757592Z[0m [32m INFO[0m [2mwgpu_hal::vulkan::instance[0m[2m:[0m GENERAL [Loader Message (0x0)]
	      /usr/share/vulkan/icd.d/virtio_icd.json
[2m2026-08-01T14:48:47.757598Z[0m [32m INFO[0m [2mwgpu_hal::vulkan::instance[0m[2m:[0m 	objects: (type: INSTANCE, hndl: 0xb7a48bf57070, name: ?)
[2m2026-08-01T14:48:47.757604Z[0m [32m INFO[0m [2mwgpu_hal::vulkan::instance[0m[2m:[0m GENERAL [Loader Message (0x0)]
	      /usr/share/vulkan/icd.d/asahi_icd.json
[2m2026-08-01T14:48:47.757610Z[0m [32m INFO[0m [2mwgpu_hal::vulkan::instance[0m[2m:[0m 	objects: (type: INSTANCE, hndl: 0xb7a48bf57070, name: ?)
[2m2026-08-01T14:48:47.757615Z[0m [32m INFO[0m [2mwgpu_hal::vulkan::instance[0m[2m:[0m GENERAL [Loader Message (0x0)]
	      /usr/share/vulkan/icd.d/lvp_icd.json
[2m2026-08-01T14:48:47.757621Z[0m [32m INFO[0m [2mwgpu_hal::vulkan::instance[0m[2m:[0m 	objects: (type: INSTANCE, hndl: 0xb7a48bf57070, name: ?)
[2m2026-08-01T14:48:47.757627Z[0m [32m INFO[0m [2mwgpu_hal::vulkan::instance[0m[2m:[0m GENERAL [Loader Message (0x0)]
	      /usr/share/vulkan/icd.d/intel_icd.json
[2m2026-08-01T14:48:47.757633Z[0m [32m INFO[0m [2mwgpu_hal::vulkan::instance[0m[2m:[0m 	objects: (type: INSTANCE, hndl: 0xb7a48bf57070, name: ?)
[2m2026-08-01T14:48:47.757639Z[0m [32m INFO[0m [2mwgpu_hal::vulkan::instance[0m[2m:[0m GENERAL [Loader Message (0x0)]
	      /usr/share/vulkan/icd.d/powervr_mesa_icd.json
[2m2026-08-01T14:48:47.757645Z[0m [32m INFO[0m [2mwgpu_hal::vulkan::instance[0m[2m:[0m 	objects: (type: INSTANCE, hndl: 0xb7a48bf57070, name: ?)
[2m2026-08-01T14:48:47.757650Z[0m [32m INFO[0m [2mwgpu_hal::vulkan::instance[0m[2m:[0m GENERAL [Loader Message (0x0)]
	      /usr/share/vulkan/icd.d/radeon_icd.json
[2m2026-08-01T14:48:47.757657Z[0m [32m INFO[0m [2mwgpu_hal::vulkan::instance[0m[2m:[0m 	objects: (type: INSTANCE, hndl: 0xb7a48bf57070, name: ?)
[2m2026-08-01T14:48:47.757715Z[0m [32m INFO[0m [2mwgpu_hal::vulkan::instance[0m[2m:[0m GENERAL [Loader Message (0x0)]
	Found ICD manifest file /usr/share/vulkan/icd.d/nouveau_icd.json, version 1.0.1
[2m2026-08-01T14:48:47.757738Z[0m [32m INFO[0m [2mwgpu_hal::vulkan::instance[0m[2m:[0m 	objects: (type: INSTANCE, hndl: 0xb7a48bf57070, name: ?)
[2m2026-08-01T14:48:47.757777Z[0m [32m INFO[0m [2mwgpu_hal::vulkan::instance[0m[2m:[0m GENERAL [Loader Message (0x0)]
	Found ICD manifest file /usr/share/vulkan/icd.d/broadcom_icd.json, version 1.0.1
[2m2026-08-01T14:48:47.757786Z[0m [32m INFO[0m [2mwgpu_hal::vulkan::instance[0m[2m:[0m 	objects: (type: INSTANCE, hndl: 0xb7a48bf57070, name: ?)
[2m2026-08-01T14:48:47.757803Z[0m [32m INFO[0m [2mwgpu_hal::vulkan::instance[0m[2m:[0m GENERAL [Loader Message (0x0)]
	Found ICD manifest file /usr/share/vulkan/icd.d/panfrost_icd.json, version 1.0.1
[2m2026-08-01T14:48:47.757811Z[0m [32m INFO[0m [2mwgpu_hal::vulkan::instance[0m[2m:[0m 	objects: (type: INSTANCE, hndl: 0xb7a48bf57070, name: ?)
[2m2026-08-01T14:48:47.757827Z[0m [32m INFO[0m [2mwgpu_hal::vulkan::instance[0m[2m:[0m GENERAL [Loader Message (0x0)]
	Found ICD manifest file /usr/share/vulkan/icd.d/freedreno_icd.json, version 1.0.1
[2m2026-08-01T14:48:47.757835Z[0m [32m INFO[0m [2mwgpu_hal::vulkan::instance[0m[2m:[0m 	objects: (type: INSTANCE, hndl: 0xb7a48bf57070, name: ?)
[2m2026-08-01T14:48:47.757850Z[0m [32m INFO[0m [2mwgpu_hal::vulkan::instance[0m[2m:[0m GENERAL [Loader Message (0x0)]
	Found ICD manifest file /usr/share/vulkan/icd.d/gfxstream_vk_icd.json, version 1.0.1
[2m2026-08-01T14:48:47.757858Z[0m [32m INFO[0m [2mwgpu_hal::vulkan::instance[0m[2m:[0m 	objects: (type: INSTANCE, hndl: 0xb7a48bf57070, name: ?)
[2m2026-08-01T14:48:47.757873Z[0m [32m INFO[0m [2mwgpu_hal::vulkan::instance[0m[2m:[0m GENERAL [Loader Message (0x0)]
	Found ICD manifest file /usr/share/vulkan/icd.d/virtio_icd.json, version 1.0.1
[2m2026-08-01T14:48:47.757880Z[0m [32m INFO[0m [2mwgpu_hal::vulkan::instance[0m[2m:[0m 	objects: (type: INSTANCE, hndl: 0xb7a48bf57070, name: ?)
[2m2026-08-01T14:48:47.757895Z[0m [32m INFO[0m [2mwgpu_hal::vulkan::instance[0m[2m:[0m GENERAL [Loader Message (0x0)]
	Found ICD manifest file /usr/share/vulkan/icd.d/asahi_icd.json, version 1.0.1
[2m2026-08-01T14:48:47.757902Z[0m [32m INFO[0m [2mwgpu_hal::vulkan::instance[0m[2m:[0m 	objects: (type: INSTANCE, hndl: 0xb7a48bf57070, name: ?)
[2m2026-08-01T14:48:47.757918Z[0m [32m INFO[0m [2mwgpu_hal::vulkan::instance[0m[2m:[0m GENERAL [Loader Message (0x0)]
	Found ICD manifest file /usr/share/vulkan/icd.d/lvp_icd.json, version 1.0.1
[2m2026-08-01T14:48:47.757926Z[0m [32m INFO[0m [2mwgpu_hal::vulkan::instance[0m[2m:[0m 	objects: (type: INSTANCE, hndl: 0xb7a48bf57070, name: ?)
[2m2026-08-01T14:48:47.757941Z[0m [32m INFO[0m [2mwgpu_hal::vulkan::instance[0m[2m:[0m GENERAL [Loader Message (0x0)]
	Found ICD manifest file /usr/share/vulkan/icd.d/intel_icd.json, version 1.0.1
[2m2026-08-01T14:48:47.757949Z[0m [32m INFO[0m [2mwgpu_hal::vulkan::instance[0m[2m:[0m 	objects: (type: INSTANCE, hndl: 0xb7a48bf57070, name: ?)
[2m2026-08-01T14:48:47.757963Z[0m [32m INFO[0m [2mwgpu_hal::vulkan::instance[0m[2m:[0m GENERAL [Loader Message (0x0)]
	Found ICD manifest file /usr/share/vulkan/icd.d/powervr_mesa_icd.json, version 1.0.1
[2m2026-08-01T14:48:47.757971Z[0m [32m INFO[0m [2mwgpu_hal::vulkan::instance[0m[2m:[0m 	objects: (type: INSTANCE, hndl: 0xb7a48bf57070, name: ?)
[2m2026-08-01T14:48:47.757985Z[0m [32m INFO[0m [2mwgpu_hal::vulkan::instance[0m[2m:[0m GENERAL [Loader Message (0x0)]
	Found ICD manifest file /usr/share/vulkan/icd.d/radeon_icd.json, version 1.0.1
[2m2026-08-01T14:48:47.757992Z[0m [32m INFO[0m [2mwgpu_hal::vulkan::instance[0m[2m:[0m 	objects: (type: INSTANCE, hndl: 0xb7a48bf57070, name: ?)
[2m2026-08-01T14:48:47.758835Z[0m [32m INFO[0m [2mwgpu_hal::vulkan::instance[0m[2m:[0m GENERAL [Loader Message (0x0)]
	Insert instance layer "VK_LAYER_MESA_device_select" (/usr/lib/aarch64-linux-gnu/libVkLayer_MESA_device_select.so)
[2m2026-08-01T14:48:47.758848Z[0m [32m INFO[0m [2mwgpu_hal::vulkan::instance[0m[2m:[0m 	objects: (type: INSTANCE, hndl: 0xb7a48bf57070, name: ?)
[2m2026-08-01T14:48:47.758858Z[0m [32m INFO[0m [2mwgpu_hal::vulkan::instance[0m[2m:[0m GENERAL [Loader Message (0x0)]
	vkCreateInstance layer callstack setup to:
[2m2026-08-01T14:48:47.758865Z[0m [32m INFO[0m [2mwgpu_hal::vulkan::instance[0m[2m:[0m 	objects: (type: INSTANCE, hndl: 0xb7a48bf57070, name: ?)
[2m2026-08-01T14:48:47.758871Z[0m [32m INFO[0m [2mwgpu_hal::vulkan::instance[0m[2m:[0m GENERAL [Loader Message (0x0)]
	   <Application>
[2m2026-08-01T14:48:47.758876Z[0m [32m INFO[0m [2mwgpu_hal::vulkan::instance[0m[2m:[0m 	objects: (type: INSTANCE, hndl: 0xb7a48bf57070, name: ?)
[2m2026-08-01T14:48:47.758882Z[0m [32m INFO[0m [2mwgpu_hal::vulkan::instance[0m[2m:[0m GENERAL [Loader Message (0x0)]
	     ||
[2m2026-08-01T14:48:47.758888Z[0m [32m INFO[0m [2mwgpu_hal::vulkan::instance[0m[2m:[0m 	objects: (type: INSTANCE, hndl: 0xb7a48bf57070, name: ?)
[2m2026-08-01T14:48:47.758893Z[0m [32m INFO[0m [2mwgpu_hal::vulkan::instance[0m[2m:[0m GENERAL [Loader Message (0x0)]
	   <Loader>
[2m2026-08-01T14:48:47.758899Z[0m [32m INFO[0m [2mwgpu_hal::vulkan::instance[0m[2m:[0m 	objects: (type: INSTANCE, hndl: 0xb7a48bf57070, name: ?)
[2m2026-08-01T14:48:47.758904Z[0m [32m INFO[0m [2mwgpu_hal::vulkan::instance[0m[2m:[0m GENERAL [Loader Message (0x0)]
	     ||
[2m2026-08-01T14:48:47.758910Z[0m [32m INFO[0m [2mwgpu_hal::vulkan::instance[0m[2m:[0m 	objects: (type: INSTANCE, hndl: 0xb7a48bf57070, name: ?)
[2m2026-08-01T14:48:47.758915Z[0m [32m INFO[0m [2mwgpu_hal::vulkan::instance[0m[2m:[0m GENERAL [Loader Message (0x0)]
	   VK_LAYER_MESA_device_select
[2m2026-08-01T14:48:47.758921Z[0m [32m INFO[0m [2mwgpu_hal::vulkan::instance[0m[2m:[0m 	objects: (type: INSTANCE, hndl: 0xb7a48bf57070, name: ?)
[2m2026-08-01T14:48:47.758927Z[0m [32m INFO[0m [2mwgpu_hal::vulkan::instance[0m[2m:[0m GENERAL [Loader Message (0x0)]
	           Type: Implicit
[2m2026-08-01T14:48:47.758933Z[0m [32m INFO[0m [2mwgpu_hal::vulkan::instance[0m[2m:[0m 	objects: (type: INSTANCE, hndl: 0xb7a48bf57070, name: ?)
[2m2026-08-01T14:48:47.758938Z[0m [32m INFO[0m [2mwgpu_hal::vulkan::instance[0m[2m:[0m GENERAL [Loader Message (0x0)]
	           Enabled By: Implicit Layer
[2m2026-08-01T14:48:47.758944Z[0m [32m INFO[0m [2mwgpu_hal::vulkan::instance[0m[2m:[0m 	objects: (type: INSTANCE, hndl: 0xb7a48bf57070, name: ?)
[2m2026-08-01T14:48:47.758950Z[0m [32m INFO[0m [2mwgpu_hal::vulkan::instance[0m[2m:[0m GENERAL [Loader Message (0x0)]
	               Disable Env Var:  NODEVICE_SELECT
[2m2026-08-01T14:48:47.758956Z[0m [32m INFO[0m [2mwgpu_hal::vulkan::instance[0m[2m:[0m 	objects: (type: INSTANCE, hndl: 0xb7a48bf57070, name: ?)
[2m2026-08-01T14:48:47.758962Z[0m [32m INFO[0m [2mwgpu_hal::vulkan::instance[0m[2m:[0m GENERAL [Loader Message (0x0)]
	           Manifest: /usr/share/vulkan/implicit_layer.d/VkLayer_MESA_device_select.json
[2m2026-08-01T14:48:47.758969Z[0m [32m INFO[0m [2mwgpu_hal::vulkan::instance[0m[2m:[0m 	objects: (type: INSTANCE, hndl: 0xb7a48bf57070, name: ?)
[2m2026-08-01T14:48:47.758974Z[0m [32m INFO[0m [2mwgpu_hal::vulkan::instance[0m[2m:[0m GENERAL [Loader Message (0x0)]
	           Library:  /usr/lib/aarch64-linux-gnu/libVkLayer_MESA_device_select.so
[2m2026-08-01T14:48:47.758981Z[0m [32m INFO[0m [2mwgpu_hal::vulkan::instance[0m[2m:[0m 	objects: (type: INSTANCE, hndl: 0xb7a48bf57070, name: ?)
[2m2026-08-01T14:48:47.758987Z[0m [32m INFO[0m [2mwgpu_hal::vulkan::instance[0m[2m:[0m GENERAL [Loader Message (0x0)]
	     ||
[2m2026-08-01T14:48:47.758992Z[0m [32m INFO[0m [2mwgpu_hal::vulkan::instance[0m[2m:[0m 	objects: (type: INSTANCE, hndl: 0xb7a48bf57070, name: ?)
[2m2026-08-01T14:48:47.759001Z[0m [32m INFO[0m [2mwgpu_hal::vulkan::instance[0m[2m:[0m GENERAL [Loader Message (0x0)]
	   <Drivers>
[2m2026-08-01T14:48:47.759006Z[0m [32m INFO[0m [2mwgpu_hal::vulkan::instance[0m[2m:[0m 	objects: (type: INSTANCE, hndl: 0xb7a48bf57070, name: ?)
[2m2026-08-01T14:48:47.769719Z[0m [32m INFO[0m [2mwgpu_hal::vulkan::instance[0m[2m:[0m Enabling debug utils
[slopos-compositor/drm] client connected
[slopos-compositor/drm] client disconnected
[2m2026-08-01T14:48:47.772516Z[0m [32m INFO[0m [2mwgpu_hal::gles::egl[0m[2m:[0m Using Wayland platform
[slopos-compositor/drm] client connected
[2m2026-08-01T14:48:47.788743Z[0m [33m WARN[0m [2mwgpu_hal::vulkan::instance[0m[2m:[0m InstanceFlags::VALIDATION requested, but unable to find layer: VK_LAYER_KHRONOS_validation
[2m2026-08-01T14:48:47.788818Z[0m [32m INFO[0m [2mwgpu_hal::vulkan::instance[0m[2m:[0m GENERAL [Loader Message (0x0)]
	No valid vk_loader_settings.json file found, no loader settings will be active
[2m2026-08-01T14:48:47.788835Z[0m [32m INFO[0m [2mwgpu_hal::vulkan::instance[0m[2m:[0m 	objects: (type: INSTANCE, hndl: 0xb84444d18660, name: ?)
[2m2026-08-01T14:48:47.788850Z[0m [32m INFO[0m [2mwgpu_hal::vulkan::instance[0m[2m:[0m GENERAL [Loader Message (0x0)]
	Searching for implicit layer manifest files
[2m2026-08-01T14:48:47.788857Z[0m [32m INFO[0m [2mwgpu_hal::vulkan::instance[0m[2m:[0m 	objects: (type: INSTANCE, hndl: 0xb84444d18660, name: ?)
[2m2026-08-01T14:48:47.788863Z[0m [32m INFO[0m [2mwgpu_hal::vulkan::instance[0m[2m:[0m GENERAL [Loader Message (0x0)]
	   In following locations:
[2m2026-08-01T14:48:47.788869Z[0m [32m INFO[0m [2mwgpu_hal::vulkan::instance[0m[2m:[0m 	objects: (type: INSTANCE, hndl: 0xb84444d18660, name: ?)
[2m2026-08-01T14:48:47.788875Z[0m [32m INFO[0m [2mwgpu_hal::vulkan::instance[0m[2m:[0m GENERAL [Loader Message (0x0)]
	      /home/ubuntu/.config/vulkan/implicit_layer.d
[2m2026-08-01T14:48:47.788881Z[0m [32m INFO[0m [2mwgpu_hal::vulkan::instance[0m[2m:[0m 	objects: (type: INSTANCE, hndl: 0xb84444d18660, name: ?)
[2m2026-08-01T14:48:47.788887Z[0m [32m INFO[0m [2mwgpu_hal::vulkan::instance[0m[2m:[0m GENERAL [Loader Message (0x0)]
	      /etc/xdg/vulkan/implicit_layer.d
[2m2026-08-01T14:48:47.788893Z[0m [32m INFO[0m [2mwgpu_hal::vulkan::instance[0m[2m:[0m 	objects: (type: INSTANCE, hndl: 0xb84444d18660, name: ?)
[2m2026-08-01T14:48:47.788898Z[0m [32m INFO[0m [2mwgpu_hal::vulkan::instance[0m[2m:[0m GENERAL [Loader Message (0x0)]
	      /etc/vulkan/implicit_layer.d
[2m2026-08-01T14:48:47.788904Z[0m [32m INFO[0m [2mwgpu_hal::vulkan::instance[0m[2m:[0m 	objects: (type: INSTANCE, hndl: 0xb84444d18660, name: ?)
[2m2026-08-01T14:48:47.788909Z[0m [32m INFO[0m [2mwgpu_hal::vulkan::instance[0m[2m:[0m GENERAL [Loader Message (0x0)]
	      /home/ubuntu/.local/share/vulkan/implicit_layer.d
[2m2026-08-01T14:48:47.788916Z[0m [32m INFO[0m [2mwgpu_hal::vulkan::instance[0m[2m:[0m 	objects: (type: INSTANCE, hndl: 0xb84444d18660, name: ?)
[2m2026-08-01T14:48:47.788921Z[0m [32m INFO[0m [2mwgpu_hal::vulkan::instance[0m[2m:[0m GENERAL [Loader Message (0x0)]
	      /usr/local/share/vulkan/implicit_layer.d
[2m2026-08-01T14:48:47.788927Z[0m [32m INFO[0m [2mwgpu_hal::vulkan::instance[0m[2m:[0m 	objects: (type: INSTANCE, hndl: 0xb84444d18660, name: ?)
[2m2026-08-01T14:48:47.788933Z[0m [32m INFO[0m [2mwgpu_hal::vulkan::instance[0m[2m:[0m GENERAL [Loader Message (0x0)]
	      /usr/share/vulkan/implicit_layer.d
[2m2026-08-01T14:48:47.788939Z[0m [32m INFO[0m [2mwgpu_hal::vulkan::instance[0m[2m:[0m 	objects: (type: INSTANCE, hndl: 0xb84444d18660, name: ?)
[2m2026-08-01T14:48:47.788956Z[0m [32m INFO[0m [2mwgpu_hal::vulkan::instance[0m[2m:[0m GENERAL [Loader Message (0x0)]
	   Found the following files:
[2m2026-08-01T14:48:47.788963Z[0m [32m INFO[0m [2mwgpu_hal::vulkan::instance[0m[2m:[0m 	objects: (type: INSTANCE, hndl: 0xb84444d18660, name: ?)
[2m2026-08-01T14:48:47.788983Z[0m [32m INFO[0m [2mwgpu_hal::vulkan::instance[0m[2m:[0m GENERAL [Loader Message (0x0)]
	      /usr/share/vulkan/implicit_layer.d/VkLayer_MESA_anti_lag.json
[2m2026-08-01T14:48:47.788990Z[0m [32m INFO[0m [2mwgpu_hal::vulkan::instance[0m[2m:[0m 	objects: (type: INSTANCE, hndl: 0xb84444d18660, name: ?)
[2m2026-08-01T14:48:47.788996Z[0m [32m INFO[0m [2mwgpu_hal::vulkan::instance[0m[2m:[0m GENERAL [Loader Message (0x0)]
	      /usr/share/vulkan/implicit_layer.d/VkLayer_MESA_device_select.json
[2m2026-08-01T14:48:47.789003Z[0m [32m INFO[0m [2mwgpu_hal::vulkan::instance[0m[2m:[0m 	objects: (type: INSTANCE, hndl: 0xb84444d18660, name: ?)
[2m2026-08-01T14:48:47.789014Z[0m [32m INFO[0m [2mwgpu_hal::vulkan::instance[0m[2m:[0m GENERAL [Loader Message (0x0)]
	Found manifest file /usr/share/vulkan/implicit_layer.d/VkLayer_MESA_anti_lag.json (file version 1.2.1)
[2m2026-08-01T14:48:47.789022Z[0m [32m INFO[0m [2mwgpu_hal::vulkan::instance[0m[2m:[0m 	objects: (type: INSTANCE, hndl: 0xb84444d18660, name: ?)
[2m2026-08-01T14:48:47.789038Z[0m [32m INFO[0m [2mwgpu_hal::vulkan::instance[0m[2m:[0m GENERAL [Loader Message (0x0)]
	Found manifest file /usr/share/vulkan/implicit_layer.d/VkLayer_MESA_device_select.json (file version 1.0.0)
[2m2026-08-01T14:48:47.789045Z[0m [32m INFO[0m [2mwgpu_hal::vulkan::instance[0m[2m:[0m 	objects: (type: INSTANCE, hndl: 0xb84444d18660, name: ?)
[2m2026-08-01T14:48:47.789062Z[0m [32m INFO[0m [2mwgpu_hal::vulkan::instance[0m[2m:[0m GENERAL [Loader Message (0x0)]
	Searching for explicit layer manifest files
[2m2026-08-01T14:48:47.789069Z[0m [32m INFO[0m [2mwgpu_hal::vulkan::instance[0m[2m:[0m 	objects: (type: INSTANCE, hndl: 0xb84444d18660, name: ?)
[2m2026-08-01T14:48:47.789074Z[0m [32m INFO[0m [2mwgpu_hal::vulkan::instance[0m[2m:[0m GENERAL [Loader Message (0x0)]
	   In following locations:
[2m2026-08-01T14:48:47.789080Z[0m [32m INFO[0m [2mwgpu_hal::vulkan::instance[0m[2m:[0m 	objects: (type: INSTANCE, hndl: 0xb84444d18660, name: ?)
[2m2026-08-01T14:48:47.789086Z[0m [32m INFO[0m [2mwgpu_hal::vulkan::instance[0m[2m:[0m GENERAL [Loader Message (0x0)]
	      /home/ubuntu/.config/vulkan/explicit_layer.d
[2m2026-08-01T14:48:47.789092Z[0m [32m INFO[0m [2mwgpu_hal::vulkan::instance[0m[2m:[0m 	objects: (type: INSTANCE, hndl: 0xb84444d18660, name: ?)
[2m2026-08-01T14:48:47.789097Z[0m [32m INFO[0m [2mwgpu_hal::vulkan::instance[0m[2m:[0m GENERAL [Loader Message (0x0)]
	      /etc/xdg/vulkan/explicit_layer.d
[2m2026-08-01T14:48:47.789103Z[0m [32m INFO[0m [2mwgpu_hal::vulkan::instance[0m[2m:[0m 	objects: (type: INSTANCE, hndl: 0xb84444d18660, name: ?)
[2m2026-08-01T14:48:47.789109Z[0m [32m INFO[0m [2mwgpu_hal::vulkan::instance[0m[2m:[0m GENERAL [Loader Message (0x0)]
	      /etc/vulkan/explicit_layer.d
[2m2026-08-01T14:48:47.789114Z[0m [32m INFO[0m [2mwgpu_hal::vulkan::instance[0m[2m:[0m 	objects: (type: INSTANCE, hndl: 0xb84444d18660, name: ?)
[2m2026-08-01T14:48:47.789120Z[0m [32m INFO[0m [2mwgpu_hal::vulkan::instance[0m[2m:[0m GENERAL [Loader Message (0x0)]
	      /home/ubuntu/.local/share/vulkan/explicit_layer.d
[2m2026-08-01T14:48:47.789125Z[0m [32m INFO[0m [2mwgpu_hal::vulkan::instance[0m[2m:[0m 	objects: (type: INSTANCE, hndl: 0xb84444d18660, name: ?)
[2m2026-08-01T14:48:47.789131Z[0m [32m INFO[0m [2mwgpu_hal::vulkan::instance[0m[2m:[0m GENERAL [Loader Message (0x0)]
	      /usr/local/share/vulkan/explicit_layer.d
[2m2026-08-01T14:48:47.789137Z[0m [32m INFO[0m [2mwgpu_hal::vulkan::instance[0m[2m:[0m 	objects: (type: INSTANCE, hndl: 0xb84444d18660, name: ?)
[2m2026-08-01T14:48:47.789142Z[0m [32m INFO[0m [2mwgpu_hal::vulkan::instance[0m[2m:[0m GENERAL [Loader Message (0x0)]
	      /usr/share/vulkan/explicit_layer.d
[2m2026-08-01T14:48:47.789148Z[0m [32m INFO[0m [2mwgpu_hal::vulkan::instance[0m[2m:[0m 	objects: (type: INSTANCE, hndl: 0xb84444d18660, name: ?)
[2m2026-08-01T14:48:47.789174Z[0m [32m INFO[0m [2mwgpu_hal::vulkan::instance[0m[2m:[0m GENERAL [Loader Message (0x0)]
	   Found the following files:
[2m2026-08-01T14:48:47.789181Z[0m [32m INFO[0m [2mwgpu_hal::vulkan::instance[0m[2m:[0m 	objects: (type: INSTANCE, hndl: 0xb84444d18660, name: ?)
[2m2026-08-01T14:48:47.789187Z[0m [32m INFO[0m [2mwgpu_hal::vulkan::instance[0m[2m:[0m GENERAL [Loader Message (0x0)]
	      /usr/share/vulkan/explicit_layer.d/VkLayer_MESA_screenshot.json
[2m2026-08-01T14:48:47.789193Z[0m [32m INFO[0m [2mwgpu_hal::vulkan::instance[0m[2m:[0m 	objects: (type: INSTANCE, hndl: 0xb84444d18660, name: ?)
[2m2026-08-01T14:48:47.789198Z[0m [32m INFO[0m [2mwgpu_hal::vulkan::instance[0m[2m:[0m GENERAL [Loader Message (0x0)]
	      /usr/share/vulkan/explicit_layer.d/VkLayer_MESA_overlay.json
[2m2026-08-01T14:48:47.789205Z[0m [32m INFO[0m [2mwgpu_hal::vulkan::instance[0m[2m:[0m 	objects: (type: INSTANCE, hndl: 0xb84444d18660, name: ?)
[2m2026-08-01T14:48:47.789210Z[0m [32m INFO[0m [2mwgpu_hal::vulkan::instance[0m[2m:[0m GENERAL [Loader Message (0x0)]
	      /usr/share/vulkan/explicit_layer.d/VkLayer_INTEL_nullhw.json
[2m2026-08-01T14:48:47.789216Z[0m [32m INFO[0m [2mwgpu_hal::vulkan::instance[0m[2m:[0m 	objects: (type: INSTANCE, hndl: 0xb84444d18660, name: ?)
[2m2026-08-01T14:48:47.789270Z[0m [32m INFO[0m [2mwgpu_hal::vulkan::instance[0m[2m:[0m GENERAL [Loader Message (0x0)]
	Found manifest file /usr/share/vulkan/explicit_layer.d/VkLayer_MESA_screenshot.json (file version 1.0.0)
[2m2026-08-01T14:48:47.789280Z[0m [32m INFO[0m [2mwgpu_hal::vulkan::instance[0m[2m:[0m 	objects: (type: INSTANCE, hndl: 0xb84444d18660, name: ?)
[2m2026-08-01T14:48:47.789290Z[0m [32m INFO[0m [2mwgpu_hal::vulkan::instance[0m[2m:[0m GENERAL [Loader Message (0x0)]
	Found manifest file /usr/share/vulkan/explicit_layer.d/VkLayer_MESA_overlay.json (file version 1.0.0)
[2m2026-08-01T14:48:47.789298Z[0m [32m INFO[0m [2mwgpu_hal::vulkan::instance[0m[2m:[0m 	objects: (type: INSTANCE, hndl: 0xb84444d18660, name: ?)
[2m2026-08-01T14:48:47.789307Z[0m [32m INFO[0m [2mwgpu_hal::vulkan::instance[0m[2m:[0m GENERAL [Loader Message (0x0)]
	Found manifest file /usr/share/vulkan/explicit_layer.d/VkLayer_INTEL_nullhw.json (file version 1.0.0)
[2m2026-08-01T14:48:47.789314Z[0m [32m INFO[0m [2mwgpu_hal::vulkan::instance[0m[2m:[0m 	objects: (type: INSTANCE, hndl: 0xb84444d18660, name: ?)
[2m2026-08-01T14:48:47.789323Z[0m [32m INFO[0m [2mwgpu_hal::vulkan::instance[0m[2m:[0m GENERAL [Loader Message (0x0)]
	Searching for driver manifest files
[2m2026-08-01T14:48:47.789329Z[0m [32m INFO[0m [2mwgpu_hal::vulkan::instance[0m[2m:[0m 	objects: (type: INSTANCE, hndl: 0xb84444d18660, name: ?)
[2m2026-08-01T14:48:47.789335Z[0m [32m INFO[0m [2mwgpu_hal::vulkan::instance[0m[2m:[0m GENERAL [Loader Message (0x0)]
	   In following locations:
[2m2026-08-01T14:48:47.789340Z[0m [32m INFO[0m [2mwgpu_hal::vulkan::instance[0m[2m:[0m 	objects: (type: INSTANCE, hndl: 0xb84444d18660, name: ?)
[2m2026-08-01T14:48:47.789346Z[0m [32m INFO[0m [2mwgpu_hal::vulkan::instance[0m[2m:[0m GENERAL [Loader Message (0x0)]
	      /home/ubuntu/.config/vulkan/icd.d
[2m2026-08-01T14:48:47.789352Z[0m [32m INFO[0m [2mwgpu_hal::vulkan::instance[0m[2m:[0m 	objects: (type: INSTANCE, hndl: 0xb84444d18660, name: ?)
[2m2026-08-01T14:48:47.789357Z[0m [32m INFO[0m [2mwgpu_hal::vulkan::instance[0m[2m:[0m GENERAL [Loader Message (0x0)]
	      /etc/xdg/vulkan/icd.d
[2m2026-08-01T14:48:47.789363Z[0m [32m INFO[0m [2mwgpu_hal::vulkan::instance[0m[2m:[0m 	objects: (type: INSTANCE, hndl: 0xb84444d18660, name: ?)
[2m2026-08-01T14:48:47.789368Z[0m [32m INFO[0m [2mwgpu_hal::vulkan::instance[0m[2m:[0m GENERAL [Loader Message (0x0)]
	      /etc/vulkan/icd.d
[2m2026-08-01T14:48:47.789374Z[0m [32m INFO[0m [2mwgpu_hal::vulkan::instance[0m[2m:[0m 	objects: (type: INSTANCE, hndl: 0xb84444d18660, name: ?)
[2m2026-08-01T14:48:47.789380Z[0m [32m INFO[0m [2mwgpu_hal::vulkan::instance[0m[2m:[0m GENERAL [Loader Message (0x0)]
	      /home/ubuntu/.local/share/vulkan/icd.d
[2m2026-08-01T14:48:47.789396Z[0m [32m INFO[0m [2mwgpu_hal::vulkan::instance[0m[2m:[0m 	objects: (type: INSTANCE, hndl: 0xb84444d18660, name: ?)
[2m2026-08-01T14:48:47.789401Z[0m [32m INFO[0m [2mwgpu_hal::vulkan::instance[0m[2m:[0m GENERAL [Loader Message (0x0)]
	      /usr/local/share/vulkan/icd.d
[2m2026-08-01T14:48:47.789407Z[0m [32m INFO[0m [2mwgpu_hal::vulkan::instance[0m[2m:[0m 	objects: (type: INSTANCE, hndl: 0xb84444d18660, name: ?)
[2m2026-08-01T14:48:47.789413Z[0m [32m INFO[0m [2mwgpu_hal::vulkan::instance[0m[2m:[0m GENERAL [Loader Message (0x0)]
	      /usr/share/vulkan/icd.d
[2m2026-08-01T14:48:47.789418Z[0m [32m INFO[0m [2mwgpu_hal::vulkan::instance[0m[2m:[0m 	objects: (type: INSTANCE, hndl: 0xb84444d18660, name: ?)
[2m2026-08-01T14:48:47.789440Z[0m [32m INFO[0m [2mwgpu_hal::vulkan::instance[0m[2m:[0m GENERAL [Loader Message (0x0)]
	   Found the following files:
[2m2026-08-01T14:48:47.789446Z[0m [32m INFO[0m [2mwgpu_hal::vulkan::instance[0m[2m:[0m 	objects: (type: INSTANCE, hndl: 0xb84444d18660, name: ?)
[2m2026-08-01T14:48:47.789452Z[0m [32m INFO[0m [2mwgpu_hal::vulkan::instance[0m[2m:[0m GENERAL [Loader Message (0x0)]
	      /usr/share/vulkan/icd.d/nouveau_icd.json
[2m2026-08-01T14:48:47.789458Z[0m [32m INFO[0m [2mwgpu_hal::vulkan::instance[0m[2m:[0m 	objects: (type: INSTANCE, hndl: 0xb84444d18660, name: ?)
[2m2026-08-01T14:48:47.789463Z[0m [32m INFO[0m [2mwgpu_hal::vulkan::instance[0m[2m:[0m GENERAL [Loader Message (0x0)]
	      /usr/share/vulkan/icd.d/broadcom_icd.json
[2m2026-08-01T14:48:47.789470Z[0m [32m INFO[0m [2mwgpu_hal::vulkan::instance[0m[2m:[0m 	objects: (type: INSTANCE, hndl: 0xb84444d18660, name: ?)
[2m2026-08-01T14:48:47.789475Z[0m [32m INFO[0m [2mwgpu_hal::vulkan::instance[0m[2m:[0m GENERAL [Loader Message (0x0)]
	      /usr/share/vulkan/icd.d/panfrost_icd.json
[2m2026-08-01T14:48:47.789482Z[0m [32m INFO[0m [2mwgpu_hal::vulkan::instance[0m[2m:[0m 	objects: (type: INSTANCE, hndl: 0xb84444d18660, name: ?)
[2m2026-08-01T14:48:47.789487Z[0m [32m INFO[0m [2mwgpu_hal::vulkan::instance[0m[2m:[0m GENERAL [Loader Message (0x0)]
	      /usr/share/vulkan/icd.d/freedreno_icd.json
[2m2026-08-01T14:48:47.789493Z[0m [32m INFO[0m [2mwgpu_hal::vulkan::instance[0m[2m:[0m 	objects: (type: INSTANCE, hndl: 0xb84444d18660, name: ?)
[2m2026-08-01T14:48:47.789498Z[0m [32m INFO[0m [2mwgpu_hal::vulkan::instance[0m[2m:[0m GENERAL [Loader Message (0x0)]
	      /usr/share/vulkan/icd.d/gfxstream_vk_icd.json
[2m2026-08-01T14:48:47.789504Z[0m [32m INFO[0m [2mwgpu_hal::vulkan::instance[0m[2m:[0m 	objects: (type: INSTANCE, hndl: 0xb84444d18660, name: ?)
[2m2026-08-01T14:48:47.789510Z[0m [32m INFO[0m [2mwgpu_hal::vulkan::instance[0m[2m:[0m GENERAL [Loader Message (0x0)]
	      /usr/share/vulkan/icd.d/virtio_icd.json
[2m2026-08-01T14:48:47.789516Z[0m [32m INFO[0m [2mwgpu_hal::vulkan::instance[0m[2m:[0m 	objects: (type: INSTANCE, hndl: 0xb84444d18660, name: ?)
[2m2026-08-01T14:48:47.789521Z[0m [32m INFO[0m [2mwgpu_hal::vulkan::instance[0m[2m:[0m GENERAL [Loader Message (0x0)]
	      /usr/share/vulkan/icd.d/asahi_icd.json
[2m2026-08-01T14:48:47.789527Z[0m [32m INFO[0m [2mwgpu_hal::vulkan::instance[0m[2m:[0m 	objects: (type: INSTANCE, hndl: 0xb84444d18660, name: ?)
[2m2026-08-01T14:48:47.789532Z[0m [32m INFO[0m [2mwgpu_hal::vulkan::instance[0m[2m:[0m GENERAL [Loader Message (0x0)]
	      /usr/share/vulkan/icd.d/lvp_icd.json
[2m2026-08-01T14:48:47.789538Z[0m [32m INFO[0m [2mwgpu_hal::vulkan::instance[0m[2m:[0m 	objects: (type: INSTANCE, hndl: 0xb84444d18660, name: ?)
[2m2026-08-01T14:48:47.789543Z[0m [32m INFO[0m [2mwgpu_hal::vulkan::instance[0m[2m:[0m GENERAL [Loader Message (0x0)]
	      /usr/share/vulkan/icd.d/intel_icd.json
[2m2026-08-01T14:48:47.789549Z[0m [32m INFO[0m [2mwgpu_hal::vulkan::instance[0m[2m:[0m 	objects: (type: INSTANCE, hndl: 0xb84444d18660, name: ?)
[2m2026-08-01T14:48:47.789561Z[0m [32m INFO[0m [2mwgpu_hal::vulkan::instance[0m[2m:[0m GENERAL [Loader Message (0x0)]
	      /usr/share/vulkan/icd.d/powervr_mesa_icd.json
[2m2026-08-01T14:48:47.789567Z[0m [32m INFO[0m [2mwgpu_hal::vulkan::instance[0m[2m:[0m 	objects: (type: INSTANCE, hndl: 0xb84444d18660, name: ?)
[2m2026-08-01T14:48:47.789573Z[0m [32m INFO[0m [2mwgpu_hal::vulkan::instance[0m[2m:[0m GENERAL [Loader Message (0x0)]
	      /usr/share/vulkan/icd.d/radeon_icd.json
[2m2026-08-01T14:48:47.789579Z[0m [32m INFO[0m [2mwgpu_hal::vulkan::instance[0m[2m:[0m 	objects: (type: INSTANCE, hndl: 0xb84444d18660, name: ?)
[2m2026-08-01T14:48:47.789587Z[0m [32m INFO[0m [2mwgpu_hal::vulkan::instance[0m[2m:[0m GENERAL [Loader Message (0x0)]
	Found ICD manifest file /usr/share/vulkan/icd.d/nouveau_icd.json, version 1.0.1
[2m2026-08-01T14:48:47.789594Z[0m [32m INFO[0m [2mwgpu_hal::vulkan::instance[0m[2m:[0m 	objects: (type: INSTANCE, hndl: 0xb84444d18660, name: ?)
[2m2026-08-01T14:48:47.789622Z[0m [32m INFO[0m [2mwgpu_hal::vulkan::instance[0m[2m:[0m GENERAL [Loader Message (0x0)]
	Found ICD manifest file /usr/share/vulkan/icd.d/broadcom_icd.json, version 1.0.1
[2m2026-08-01T14:48:47.789629Z[0m [32m INFO[0m [2mwgpu_hal::vulkan::instance[0m[2m:[0m 	objects: (type: INSTANCE, hndl: 0xb84444d18660, name: ?)
[2m2026-08-01T14:48:47.789642Z[0m [32m INFO[0m [2mwgpu_hal::vulkan::instance[0m[2m:[0m GENERAL [Loader Message (0x0)]
	Found ICD manifest file /usr/share/vulkan/icd.d/panfrost_icd.json, version 1.0.1
[2m2026-08-01T14:48:47.789649Z[0m [32m INFO[0m [2mwgpu_hal::vulkan::instance[0m[2m:[0m 	objects: (type: INSTANCE, hndl: 0xb84444d18660, name: ?)
[2m2026-08-01T14:48:47.789662Z[0m [32m INFO[0m [2mwgpu_hal::vulkan::instance[0m[2m:[0m GENERAL [Loader Message (0x0)]
	Found ICD manifest file /usr/share/vulkan/icd.d/freedreno_icd.json, version 1.0.1
[2m2026-08-01T14:48:47.789669Z[0m [32m INFO[0m [2mwgpu_hal::vulkan::instance[0m[2m:[0m 	objects: (type: INSTANCE, hndl: 0xb84444d18660, name: ?)
[2m2026-08-01T14:48:47.789681Z[0m [32m INFO[0m [2mwgpu_hal::vulkan::instance[0m[2m:[0m GENERAL [Loader Message (0x0)]
	Found ICD manifest file /usr/share/vulkan/icd.d/gfxstream_vk_icd.json, version 1.0.1
[2m2026-08-01T14:48:47.789689Z[0m [32m INFO[0m [2mwgpu_hal::vulkan::instance[0m[2m:[0m 	objects: (type: INSTANCE, hndl: 0xb84444d18660, name: ?)
[2m2026-08-01T14:48:47.789701Z[0m [32m INFO[0m [2mwgpu_hal::vulkan::instance[0m[2m:[0m GENERAL [Loader Message (0x0)]
	Found ICD manifest file /usr/share/vulkan/icd.d/virtio_icd.json, version 1.0.1
[2m2026-08-01T14:48:47.789708Z[0m [32m INFO[0m [2mwgpu_hal::vulkan::instance[0m[2m:[0m 	objects: (type: INSTANCE, hndl: 0xb84444d18660, name: ?)
[2m2026-08-01T14:48:47.789720Z[0m [32m INFO[0m [2mwgpu_hal::vulkan::instance[0m[2m:[0m GENERAL [Loader Message (0x0)]
	Found ICD manifest file /usr/share/vulkan/icd.d/asahi_icd.json, version 1.0.1
[2m2026-08-01T14:48:47.789727Z[0m [32m INFO[0m [2mwgpu_hal::vulkan::instance[0m[2m:[0m 	objects: (type: INSTANCE, hndl: 0xb84444d18660, name: ?)
[2m2026-08-01T14:48:47.789741Z[0m [32m INFO[0m [2mwgpu_hal::vulkan::instance[0m[2m:[0m GENERAL [Loader Message (0x0)]
	Found ICD manifest file /usr/share/vulkan/icd.d/lvp_icd.json, version 1.0.1
[2m2026-08-01T14:48:47.789751Z[0m [32m INFO[0m [2mwgpu_hal::vulkan::instance[0m[2m:[0m 	objects: (type: INSTANCE, hndl: 0xb84444d18660, name: ?)
[2m2026-08-01T14:48:47.789769Z[0m [32m INFO[0m [2mwgpu_hal::vulkan::instance[0m[2m:[0m GENERAL [Loader Message (0x0)]
	Found ICD manifest file /usr/share/vulkan/icd.d/intel_icd.json, version 1.0.1
[2m2026-08-01T14:48:47.789777Z[0m [32m INFO[0m [2mwgpu_hal::vulkan::instance[0m[2m:[0m 	objects: (type: INSTANCE, hndl: 0xb84444d18660, name: ?)
[2m2026-08-01T14:48:47.789789Z[0m [32m INFO[0m [2mwgpu_hal::vulkan::instance[0m[2m:[0m GENERAL [Loader Message (0x0)]
	Found ICD manifest file /usr/share/vulkan/icd.d/powervr_mesa_icd.json, version 1.0.1
[2m2026-08-01T14:48:47.789804Z[0m [32m INFO[0m [2mwgpu_hal::vulkan::instance[0m[2m:[0m 	objects: (type: INSTANCE, hndl: 0xb84444d18660, name: ?)
[2m2026-08-01T14:48:47.789819Z[0m [32m INFO[0m [2mwgpu_hal::vulkan::instance[0m[2m:[0m GENERAL [Loader Message (0x0)]
	Found ICD manifest file /usr/share/vulkan/icd.d/radeon_icd.json, version 1.0.1
[2m2026-08-01T14:48:47.789826Z[0m [32m INFO[0m [2mwgpu_hal::vulkan::instance[0m[2m:[0m 	objects: (type: INSTANCE, hndl: 0xb84444d18660, name: ?)
[2m2026-08-01T14:48:47.790036Z[0m [32m INFO[0m [2mwgpu_hal::vulkan::instance[0m[2m:[0m GENERAL [Loader Message (0x0)]
	Insert instance layer "VK_LAYER_MESA_device_select" (/usr/lib/aarch64-linux-gnu/libVkLayer_MESA_device_select.so)
[2m2026-08-01T14:48:47.790044Z[0m [32m INFO[0m [2mwgpu_hal::vulkan::instance[0m[2m:[0m 	objects: (type: INSTANCE, hndl: 0xb84444d18660, name: ?)
[2m2026-08-01T14:48:47.790050Z[0m [32m INFO[0m [2mwgpu_hal::vulkan::instance[0m[2m:[0m GENERAL [Loader Message (0x0)]
	vkCreateInstance layer callstack setup to:
[2m2026-08-01T14:48:47.790056Z[0m [32m INFO[0m [2mwgpu_hal::vulkan::instance[0m[2m:[0m 	objects: (type: INSTANCE, hndl: 0xb84444d18660, name: ?)
[2m2026-08-01T14:48:47.790062Z[0m [32m INFO[0m [2mwgpu_hal::vulkan::instance[0m[2m:[0m GENERAL [Loader Message (0x0)]
	   <Application>
[2m2026-08-01T14:48:47.790067Z[0m [32m INFO[0m [2mwgpu_hal::vulkan::instance[0m[2m:[0m 	objects: (type: INSTANCE, hndl: 0xb84444d18660, name: ?)
[2m2026-08-01T14:48:47.790072Z[0m [32m INFO[0m [2mwgpu_hal::vulkan::instance[0m[2m:[0m GENERAL [Loader Message (0x0)]
	     ||
[2m2026-08-01T14:48:47.790077Z[0m [32m INFO[0m [2mwgpu_hal::vulkan::instance[0m[2m:[0m 	objects: (type: INSTANCE, hndl: 0xb84444d18660, name: ?)
[2m2026-08-01T14:48:47.790083Z[0m [32m INFO[0m [2mwgpu_hal::vulkan::instance[0m[2m:[0m GENERAL [Loader Message (0x0)]
	   <Loader>
[2m2026-08-01T14:48:47.790088Z[0m [32m INFO[0m [2mwgpu_hal::vulkan::instance[0m[2m:[0m 	objects: (type: INSTANCE, hndl: 0xb84444d18660, name: ?)
[2m2026-08-01T14:48:47.790093Z[0m [32m INFO[0m [2mwgpu_hal::vulkan::instance[0m[2m:[0m GENERAL [Loader Message (0x0)]
	     ||
[2m2026-08-01T14:48:47.790099Z[0m [32m INFO[0m [2mwgpu_hal::vulkan::instance[0m[2m:[0m 	objects: (type: INSTANCE, hndl: 0xb84444d18660, name: ?)
[2m2026-08-01T14:48:47.790104Z[0m [32m INFO[0m [2mwgpu_hal::vulkan::instance[0m[2m:[0m GENERAL [Loader Message (0x0)]
	   VK_LAYER_MESA_device_select
[2m2026-08-01T14:48:47.790110Z[0m [32m INFO[0m [2mwgpu_hal::vulkan::instance[0m[2m:[0m 	objects: (type: INSTANCE, hndl: 0xb84444d18660, name: ?)
[2m2026-08-01T14:48:47.790115Z[0m [32m INFO[0m [2mwgpu_hal::vulkan::instance[0m[2m:[0m GENERAL [Loader Message (0x0)]
	           Type: Implicit
[2m2026-08-01T14:48:47.790121Z[0m [32m INFO[0m [2mwgpu_hal::vulkan::instance[0m[2m:[0m 	objects: (type: INSTANCE, hndl: 0xb84444d18660, name: ?)
[2m2026-08-01T14:48:47.790126Z[0m [32m INFO[0m [2mwgpu_hal::vulkan::instance[0m[2m:[0m GENERAL [Loader Message (0x0)]
	           Enabled By: Implicit Layer
[2m2026-08-01T14:48:47.790132Z[0m [32m INFO[0m [2mwgpu_hal::vulkan::instance[0m[2m:[0m 	objects: (type: INSTANCE, hndl: 0xb84444d18660, name: ?)
[2m2026-08-01T14:48:47.790137Z[0m [32m INFO[0m [2mwgpu_hal::vulkan::instance[0m[2m:[0m GENERAL [Loader Message (0x0)]
	               Disable Env Var:  NODEVICE_SELECT
[2m2026-08-01T14:48:47.790143Z[0m [32m INFO[0m [2mwgpu_hal::vulkan::instance[0m[2m:[0m 	objects: (type: INSTANCE, hndl: 0xb84444d18660, name: ?)
[2m2026-08-01T14:48:47.790149Z[0m [32m INFO[0m [2mwgpu_hal::vulkan::instance[0m[2m:[0m GENERAL [Loader Message (0x0)]
	           Manifest: /usr/share/vulkan/implicit_layer.d/VkLayer_MESA_device_select.json
[2m2026-08-01T14:48:47.790155Z[0m [32m INFO[0m [2mwgpu_hal::vulkan::instance[0m[2m:[0m 	objects: (type: INSTANCE, hndl: 0xb84444d18660, name: ?)
[2m2026-08-01T14:48:47.790167Z[0m [32m INFO[0m [2mwgpu_hal::vulkan::instance[0m[2m:[0m GENERAL [Loader Message (0x0)]
	           Library:  /usr/lib/aarch64-linux-gnu/libVkLayer_MESA_device_select.so
[2m2026-08-01T14:48:47.790174Z[0m [32m INFO[0m [2mwgpu_hal::vulkan::instance[0m[2m:[0m 	objects: (type: INSTANCE, hndl: 0xb84444d18660, name: ?)
[2m2026-08-01T14:48:47.790179Z[0m [32m INFO[0m [2mwgpu_hal::vulkan::instance[0m[2m:[0m GENERAL [Loader Message (0x0)]
	     ||
[2m2026-08-01T14:48:47.790184Z[0m [32m INFO[0m [2mwgpu_hal::vulkan::instance[0m[2m:[0m 	objects: (type: INSTANCE, hndl: 0xb84444d18660, name: ?)
[2m2026-08-01T14:48:47.790190Z[0m [32m INFO[0m [2mwgpu_hal::vulkan::instance[0m[2m:[0m GENERAL [Loader Message (0x0)]
	   <Drivers>
[2m2026-08-01T14:48:47.790195Z[0m [32m INFO[0m [2mwgpu_hal::vulkan::instance[0m[2m:[0m 	objects: (type: INSTANCE, hndl: 0xb84444d18660, name: ?)
[2m2026-08-01T14:48:47.796416Z[0m [32m INFO[0m [2mwgpu_hal::vulkan::instance[0m[2m:[0m Enabling debug utils
[slopos-compositor/drm] client connected
[2m2026-08-01T14:48:47.802706Z[0m [32m INFO[0m [2mwgpu_hal::gles::egl[0m[2m:[0m Using Wayland platform
[slopos-compositor/drm] client disconnected
[slopos-compositor/drm] client connected
[2m2026-08-01T14:48:47.819079Z[0m [33m WARN[0m [2mwgpu_hal::gles::egl[0m[2m:[0m Re-initializing Gles context due to Wayland window
[2m2026-08-01T14:48:47.854073Z[0m [33m WARN[0m [2mwgpu_hal::gles::egl[0m[2m:[0m Re-initializing Gles context due to Wayland window
[slopos-compositor/drm] client disconnected
[2m2026-08-01T14:48:47.957681Z[0m [32m INFO[0m [2mwgpu_hal::vulkan::instance[0m[2m:[0m GENERAL [Loader Message (0x0)]
	linux_read_sorted_physical_devices:
[2m2026-08-01T14:48:47.957726Z[0m [32m INFO[0m [2mwgpu_hal::vulkan::instance[0m[2m:[0m 	objects: (type: INSTANCE, hndl: 0xb7a48bf57070, name: ?)
[2m2026-08-01T14:48:47.957735Z[0m [32m INFO[0m [2mwgpu_hal::vulkan::instance[0m[2m:[0m GENERAL [Loader Message (0x0)]
	     Original order:
[2m2026-08-01T14:48:47.957742Z[0m [32m INFO[0m [2mwgpu_hal::vulkan::instance[0m[2m:[0m 	objects: (type: INSTANCE, hndl: 0xb7a48bf57070, name: ?)
[2m2026-08-01T14:48:47.959048Z[0m [32m INFO[0m [2mwgpu_hal::vulkan::instance[0m[2m:[0m GENERAL [Loader Message (0x0)]
	           [0] llvmpipe (LLVM 21.1.8, 128 bits)
[2m2026-08-01T14:48:47.959166Z[0m [32m INFO[0m [2mwgpu_hal::vulkan::instance[0m[2m:[0m 	objects: (type: INSTANCE, hndl: 0xb7a48bf57070, name: ?)
[2m2026-08-01T14:48:47.959219Z[0m [32m INFO[0m [2mwgpu_hal::vulkan::instance[0m[2m:[0m GENERAL [Loader Message (0x0)]
	     Sorted order:
[2m2026-08-01T14:48:47.959312Z[0m [32m INFO[0m [2mwgpu_hal::vulkan::instance[0m[2m:[0m 	objects: (type: INSTANCE, hndl: 0xb7a48bf57070, name: ?)
[2m2026-08-01T14:48:47.959320Z[0m [32m INFO[0m [2mwgpu_hal::vulkan::instance[0m[2m:[0m GENERAL [Loader Message (0x0)]
	           [0] llvmpipe (LLVM 21.1.8, 128 bits)  
[2m2026-08-01T14:48:47.959327Z[0m [32m INFO[0m [2mwgpu_hal::vulkan::instance[0m[2m:[0m 	objects: (type: INSTANCE, hndl: 0xb7a48bf57070, name: ?)
[2m2026-08-01T14:48:47.959340Z[0m [32m INFO[0m [2mwgpu_hal::vulkan::instance[0m[2m:[0m GENERAL [Loader Message (0x0)]
	linux_read_sorted_physical_devices:
[2m2026-08-01T14:48:47.959348Z[0m [32m INFO[0m [2mwgpu_hal::vulkan::instance[0m[2m:[0m 	objects: (type: INSTANCE, hndl: 0xb7a48bf57070, name: ?)
[2m2026-08-01T14:48:47.959355Z[0m [32m INFO[0m [2mwgpu_hal::vulkan::instance[0m[2m:[0m GENERAL [Loader Message (0x0)]
	     Original order:
[2m2026-08-01T14:48:47.959368Z[0m [32m INFO[0m [2mwgpu_hal::vulkan::instance[0m[2m:[0m 	objects: (type: INSTANCE, hndl: 0xb7a48bf57070, name: ?)
[2m2026-08-01T14:48:47.959391Z[0m [32m INFO[0m [2mwgpu_hal::vulkan::instance[0m[2m:[0m GENERAL [Loader Message (0x0)]
	           [0] llvmpipe (LLVM 21.1.8, 128 bits)
[2m2026-08-01T14:48:47.959404Z[0m [32m INFO[0m [2mwgpu_hal::vulkan::instance[0m[2m:[0m 	objects: (type: INSTANCE, hndl: 0xb7a48bf57070, name: ?)
[2m2026-08-01T14:48:47.959427Z[0m [32m INFO[0m [2mwgpu_hal::vulkan::instance[0m[2m:[0m GENERAL [Loader Message (0x0)]
	     Sorted order:
[2m2026-08-01T14:48:47.959436Z[0m [32m INFO[0m [2mwgpu_hal::vulkan::instance[0m[2m:[0m 	objects: (type: INSTANCE, hndl: 0xb7a48bf57070, name: ?)
[2m2026-08-01T14:48:47.959443Z[0m [32m INFO[0m [2mwgpu_hal::vulkan::instance[0m[2m:[0m GENERAL [Loader Message (0x0)]
	           [0] llvmpipe (LLVM 21.1.8, 128 bits)  
[2m2026-08-01T14:48:47.959453Z[0m [32m INFO[0m [2mwgpu_hal::vulkan::instance[0m[2m:[0m 	objects: (type: INSTANCE, hndl: 0xb7a48bf57070, name: ?)
[slopos-compositor/drm] client connected
[slopos-compositor/drm] client disconnected
[2m2026-08-01T14:48:47.959812Z[0m [32m INFO[0m [2mwgpu_hal::vulkan::instance[0m[2m:[0m GENERAL [Loader Message (0x0)]
	linux_read_sorted_physical_devices:
[2m2026-08-01T14:48:47.959821Z[0m [32m INFO[0m [2mwgpu_hal::vulkan::instance[0m[2m:[0m 	objects: (type: INSTANCE, hndl: 0xb7a48bf57070, name: ?)
[2m2026-08-01T14:48:47.959827Z[0m [32m INFO[0m [2mwgpu_hal::vulkan::instance[0m[2m:[0m GENERAL [Loader Message (0x0)]
	     Original order:
[2m2026-08-01T14:48:47.959834Z[0m [32m INFO[0m [2mwgpu_hal::vulkan::instance[0m[2m:[0m 	objects: (type: INSTANCE, hndl: 0xb7a48bf57070, name: ?)
[2m2026-08-01T14:48:47.959843Z[0m [32m INFO[0m [2mwgpu_hal::vulkan::instance[0m[2m:[0m GENERAL [Loader Message (0x0)]
	           [0] llvmpipe (LLVM 21.1.8, 128 bits)
[2m2026-08-01T14:48:47.959850Z[0m [32m INFO[0m [2mwgpu_hal::vulkan::instance[0m[2m:[0m 	objects: (type: INSTANCE, hndl: 0xb7a48bf57070, name: ?)
[2m2026-08-01T14:48:47.959856Z[0m [32m INFO[0m [2mwgpu_hal::vulkan::instance[0m[2m:[0m GENERAL [Loader Message (0x0)]
	     Sorted order:
[2m2026-08-01T14:48:47.959861Z[0m [32m INFO[0m [2mwgpu_hal::vulkan::instance[0m[2m:[0m 	objects: (type: INSTANCE, hndl: 0xb7a48bf57070, name: ?)
[2m2026-08-01T14:48:47.959867Z[0m [32m INFO[0m [2mwgpu_hal::vulkan::instance[0m[2m:[0m GENERAL [Loader Message (0x0)]
	           [0] llvmpipe (LLVM 21.1.8, 128 bits)  
[2m2026-08-01T14:48:47.959873Z[0m [32m INFO[0m [2mwgpu_hal::vulkan::instance[0m[2m:[0m 	objects: (type: INSTANCE, hndl: 0xb7a48bf57070, name: ?)
[2m2026-08-01T14:48:47.959882Z[0m [32m INFO[0m [2mwgpu_hal::vulkan::instance[0m[2m:[0m GENERAL [Loader Message (0x0)]
	linux_read_sorted_physical_devices:
[2m2026-08-01T14:48:47.959888Z[0m [32m INFO[0m [2mwgpu_hal::vulkan::instance[0m[2m:[0m 	objects: (type: INSTANCE, hndl: 0xb7a48bf57070, name: ?)
[2m2026-08-01T14:48:47.959894Z[0m [32m INFO[0m [2mwgpu_hal::vulkan::instance[0m[2m:[0m GENERAL [Loader Message (0x0)]
	     Original order:
[2m2026-08-01T14:48:47.959900Z[0m [32m INFO[0m [2mwgpu_hal::vulkan::instance[0m[2m:[0m 	objects: (type: INSTANCE, hndl: 0xb7a48bf57070, name: ?)
[2m2026-08-01T14:48:47.959908Z[0m [32m INFO[0m [2mwgpu_hal::vulkan::instance[0m[2m:[0m GENERAL [Loader Message (0x0)]
	           [0] llvmpipe (LLVM 21.1.8, 128 bits)
[2m2026-08-01T14:48:47.959914Z[0m [32m INFO[0m [2mwgpu_hal::vulkan::instance[0m[2m:[0m 	objects: (type: INSTANCE, hndl: 0xb7a48bf57070, name: ?)
[2m2026-08-01T14:48:47.959920Z[0m [32m INFO[0m [2mwgpu_hal::vulkan::instance[0m[2m:[0m GENERAL [Loader Message (0x0)]
	     Sorted order:
[2m2026-08-01T14:48:47.959926Z[0m [32m INFO[0m [2mwgpu_hal::vulkan::instance[0m[2m:[0m 	objects: (type: INSTANCE, hndl: 0xb7a48bf57070, name: ?)
[2m2026-08-01T14:48:47.959932Z[0m [32m INFO[0m [2mwgpu_hal::vulkan::instance[0m[2m:[0m GENERAL [Loader Message (0x0)]
	           [0] llvmpipe (LLVM 21.1.8, 128 bits)  
[2m2026-08-01T14:48:47.959939Z[0m [32m INFO[0m [2mwgpu_hal::vulkan::instance[0m[2m:[0m 	objects: (type: INSTANCE, hndl: 0xb7a48bf57070, name: ?)
[slopos-compositor/drm] client connected
[slopos-compositor/drm] client disconnected
[2m2026-08-01T14:48:47.960084Z[0m [32m INFO[0m [2mwgpu_hal::vulkan::instance[0m[2m:[0m GENERAL [Loader Message (0x0)]
	Removing driver /usr/lib/aarch64-linux-gnu/libvulkan_radeon.so due to not having any physical devices
[2m2026-08-01T14:48:47.960101Z[0m [32m INFO[0m [2mwgpu_hal::vulkan::instance[0m[2m:[0m 	objects: (type: INSTANCE, hndl: 0xb7a48bf57070, name: ?)
[2m2026-08-01T14:48:47.960656Z[0m [32m INFO[0m [2mwgpu_hal::vulkan::instance[0m[2m:[0m GENERAL [Loader Message (0x0)]
	Removing driver /usr/lib/aarch64-linux-gnu/libvulkan_powervr_mesa.so due to not having any physical devices
[2m2026-08-01T14:48:47.960678Z[0m [32m INFO[0m [2mwgpu_hal::vulkan::instance[0m[2m:[0m 	objects: (type: INSTANCE, hndl: 0xb7a48bf57070, name: ?)
[2m2026-08-01T14:48:47.960841Z[0m [32m INFO[0m [2mwgpu_hal::vulkan::instance[0m[2m:[0m GENERAL [Loader Message (0x0)]
	Removing driver /usr/lib/aarch64-linux-gnu/libvulkan_intel.so due to not having any physical devices
[2m2026-08-01T14:48:47.960856Z[0m [32m INFO[0m [2mwgpu_hal::vulkan::instance[0m[2m:[0m 	objects: (type: INSTANCE, hndl: 0xb7a48bf57070, name: ?)
[2m2026-08-01T14:48:47.961192Z[0m [32m INFO[0m [2mwgpu_hal::vulkan::instance[0m[2m:[0m GENERAL [Loader Message (0x0)]
	Removing driver /usr/lib/aarch64-linux-gnu/libvulkan_asahi.so due to not having any physical devices
[2m2026-08-01T14:48:47.961202Z[0m [32m INFO[0m [2mwgpu_hal::vulkan::instance[0m[2m:[0m 	objects: (type: INSTANCE, hndl: 0xb7a48bf57070, name: ?)
[2m2026-08-01T14:48:47.961673Z[0m [32m INFO[0m [2mwgpu_hal::vulkan::instance[0m[2m:[0m GENERAL [Loader Message (0x0)]
	Removing driver /usr/lib/aarch64-linux-gnu/libvulkan_virtio.so due to not having any physical devices
[2m2026-08-01T14:48:47.961706Z[0m [32m INFO[0m [2mwgpu_hal::vulkan::instance[0m[2m:[0m 	objects: (type: INSTANCE, hndl: 0xb7a48bf57070, name: ?)
[2m2026-08-01T14:48:47.961998Z[0m [32m INFO[0m [2mwgpu_hal::vulkan::instance[0m[2m:[0m GENERAL [Loader Message (0x0)]
	Removing driver /usr/lib/aarch64-linux-gnu/libvulkan_gfxstream.so due to not having any physical devices
[2m2026-08-01T14:48:47.962009Z[0m [32m INFO[0m [2mwgpu_hal::vulkan::instance[0m[2m:[0m 	objects: (type: INSTANCE, hndl: 0xb7a48bf57070, name: ?)
[2m2026-08-01T14:48:47.962128Z[0m [32m INFO[0m [2mwgpu_hal::vulkan::instance[0m[2m:[0m GENERAL [Loader Message (0x0)]
	Removing driver /usr/lib/aarch64-linux-gnu/libvulkan_freedreno.so due to not having any physical devices
[2m2026-08-01T14:48:47.962138Z[0m [32m INFO[0m [2mwgpu_hal::vulkan::instance[0m[2m:[0m 	objects: (type: INSTANCE, hndl: 0xb7a48bf57070, name: ?)
[2m2026-08-01T14:48:47.962508Z[0m [32m INFO[0m [2mwgpu_hal::vulkan::instance[0m[2m:[0m GENERAL [Loader Message (0x0)]
	Removing driver /usr/lib/aarch64-linux-gnu/libvulkan_panfrost.so due to not having any physical devices
[2m2026-08-01T14:48:47.962526Z[0m [32m INFO[0m [2mwgpu_hal::vulkan::instance[0m[2m:[0m 	objects: (type: INSTANCE, hndl: 0xb7a48bf57070, name: ?)
[2m2026-08-01T14:48:47.963110Z[0m [32m INFO[0m [2mwgpu_hal::vulkan::instance[0m[2m:[0m GENERAL [Loader Message (0x0)]
	Removing driver /usr/lib/aarch64-linux-gnu/libvulkan_broadcom.so due to not having any physical devices
[2m2026-08-01T14:48:47.963120Z[0m [32m INFO[0m [2mwgpu_hal::vulkan::instance[0m[2m:[0m 	objects: (type: INSTANCE, hndl: 0xb7a48bf57070, name: ?)
[2m2026-08-01T14:48:47.963706Z[0m [32m INFO[0m [2mwgpu_hal::vulkan::instance[0m[2m:[0m GENERAL [Loader Message (0x0)]
	Removing driver /usr/lib/aarch64-linux-gnu/libvulkan_nouveau.so due to not having any physical devices
[2m2026-08-01T14:48:47.963726Z[0m [32m INFO[0m [2mwgpu_hal::vulkan::instance[0m[2m:[0m 	objects: (type: INSTANCE, hndl: 0xb7a48bf57070, name: ?)
[2m2026-08-01T14:48:47.967031Z[0m [32m INFO[0m [2mwgpu_core::instance[0m[2m:[0m Adapter Vulkan AdapterInfo { name: "llvmpipe (LLVM 21.1.8, 128 bits)", vendor: 65541, device: 0, device_type: Cpu, driver: "llvmpipe", driver_info: "Mesa 26.0.3-1ubuntu1 (LLVM 21.1.8)", backend: Vulkan }
[2m2026-08-01T14:48:47.967937Z[0m [32m INFO[0m [2mwgpu_hal::vulkan::instance[0m[2m:[0m GENERAL [Loader Message (0x0)]
	Failed to find vkGetDeviceProcAddr in layer "/usr/lib/aarch64-linux-gnu/libVkLayer_MESA_device_select.so"
[2m2026-08-01T14:48:47.967961Z[0m [32m INFO[0m [2mwgpu_hal::vulkan::instance[0m[2m:[0m 	objects: (type: INSTANCE, hndl: 0xb7a48bf57070, name: ?)
[2m2026-08-01T14:48:47.967975Z[0m [32m INFO[0m [2mwgpu_hal::vulkan::instance[0m[2m:[0m GENERAL [Loader Message (0x0)]
	vkCreateDevice layer callstack setup to:
[2m2026-08-01T14:48:47.967984Z[0m [32m INFO[0m [2mwgpu_hal::vulkan::instance[0m[2m:[0m 	objects: (type: INSTANCE, hndl: 0xb7a48bf57070, name: ?)
[2m2026-08-01T14:48:47.967990Z[0m [32m INFO[0m [2mwgpu_hal::vulkan::instance[0m[2m:[0m GENERAL [Loader Message (0x0)]
	   <Application>
[2m2026-08-01T14:48:47.967996Z[0m [32m INFO[0m [2mwgpu_hal::vulkan::instance[0m[2m:[0m 	objects: (type: INSTANCE, hndl: 0xb7a48bf57070, name: ?)
[2m2026-08-01T14:48:47.968002Z[0m [32m INFO[0m [2mwgpu_hal::vulkan::instance[0m[2m:[0m GENERAL [Loader Message (0x0)]
	     ||
[2m2026-08-01T14:48:47.968008Z[0m [32m INFO[0m [2mwgpu_hal::vulkan::instance[0m[2m:[0m 	objects: (type: INSTANCE, hndl: 0xb7a48bf57070, name: ?)
[2m2026-08-01T14:48:47.968013Z[0m [32m INFO[0m [2mwgpu_hal::vulkan::instance[0m[2m:[0m GENERAL [Loader Message (0x0)]
	   <Loader>
[2m2026-08-01T14:48:47.968019Z[0m [32m INFO[0m [2mwgpu_hal::vulkan::instance[0m[2m:[0m 	objects: (type: INSTANCE, hndl: 0xb7a48bf57070, name: ?)
[2m2026-08-01T14:48:47.968025Z[0m [32m INFO[0m [2mwgpu_hal::vulkan::instance[0m[2m:[0m GENERAL [Loader Message (0x0)]
	     ||
[2m2026-08-01T14:48:47.968031Z[0m [32m INFO[0m [2mwgpu_hal::vulkan::instance[0m[2m:[0m 	objects: (type: INSTANCE, hndl: 0xb7a48bf57070, name: ?)
[2m2026-08-01T14:48:47.968036Z[0m [32m INFO[0m [2mwgpu_hal::vulkan::instance[0m[2m:[0m GENERAL [Loader Message (0x0)]
	   <Device>
[2m2026-08-01T14:48:47.968043Z[0m [32m INFO[0m [2mwgpu_hal::vulkan::instance[0m[2m:[0m 	objects: (type: INSTANCE, hndl: 0xb7a48bf57070, name: ?)
[2m2026-08-01T14:48:47.968112Z[0m [32m INFO[0m [2mwgpu_hal::vulkan::instance[0m[2m:[0m GENERAL [Loader Message (0x0)]
	       Using "llvmpipe (LLVM 21.1.8, 128 bits)" with driver: "/usr/lib/aarch64-linux-gnu/libvulkan_lvp.so"
[2m2026-08-01T14:48:47.968121Z[0m [32m INFO[0m [2mwgpu_hal::vulkan::instance[0m[2m:[0m 	objects: (type: INSTANCE, hndl: 0xb7a48bf57070, name: ?)
[2m2026-08-01T14:48:47.998562Z[0m [32m INFO[0m [2mwgpu_core::device::resource[0m[2m:[0m Device::maintain: waiting for submission index 0
[2m2026-08-01T14:48:48.010744Z[0m [33m WARN[0m [2mwgpu_hal::vulkan::instance[0m[2m:[0m InstanceFlags::VALIDATION requested, but unable to find layer: VK_LAYER_KHRONOS_validation
[2m2026-08-01T14:48:48.010793Z[0m [32m INFO[0m [2mwgpu_hal::vulkan::instance[0m[2m:[0m GENERAL [Loader Message (0x0)]
	No valid vk_loader_settings.json file found, no loader settings will be active
[2m2026-08-01T14:48:48.010820Z[0m [32m INFO[0m [2mwgpu_hal::vulkan::instance[0m[2m:[0m 	objects: (type: INSTANCE, hndl: 0xb7a48c917fa0, name: ?)
[2m2026-08-01T14:48:48.010829Z[0m [32m INFO[0m [2mwgpu_hal::vulkan::instance[0m[2m:[0m GENERAL [Loader Message (0x0)]
	Searching for implicit layer manifest files
[2m2026-08-01T14:48:48.010837Z[0m [32m INFO[0m [2mwgpu_hal::vulkan::instance[0m[2m:[0m 	objects: (type: INSTANCE, hndl: 0xb7a48c917fa0, name: ?)
[2m2026-08-01T14:48:48.010842Z[0m [32m INFO[0m [2mwgpu_hal::vulkan::instance[0m[2m:[0m GENERAL [Loader Message (0x0)]
	   In following locations:
[2m2026-08-01T14:48:48.010849Z[0m [32m INFO[0m [2mwgpu_hal::vulkan::instance[0m[2m:[0m 	objects: (type: INSTANCE, hndl: 0xb7a48c917fa0, name: ?)
[2m2026-08-01T14:48:48.010855Z[0m [32m INFO[0m [2mwgpu_hal::vulkan::instance[0m[2m:[0m GENERAL [Loader Message (0x0)]
	      /home/ubuntu/.config/vulkan/implicit_layer.d
[2m2026-08-01T14:48:48.010861Z[0m [32m INFO[0m [2mwgpu_hal::vulkan::instance[0m[2m:[0m 	objects: (type: INSTANCE, hndl: 0xb7a48c917fa0, name: ?)
[2m2026-08-01T14:48:48.010875Z[0m [32m INFO[0m [2mwgpu_hal::vulkan::instance[0m[2m:[0m GENERAL [Loader Message (0x0)]
	      /etc/xdg/vulkan/implicit_layer.d
[2m2026-08-01T14:48:48.010882Z[0m [32m INFO[0m [2mwgpu_hal::vulkan::instance[0m[2m:[0m 	objects: (type: INSTANCE, hndl: 0xb7a48c917fa0, name: ?)
[2m2026-08-01T14:48:48.010887Z[0m [32m INFO[0m [2mwgpu_hal::vulkan::instance[0m[2m:[0m GENERAL [Loader Message (0x0)]
	      /etc/vulkan/implicit_layer.d
[2m2026-08-01T14:48:48.010893Z[0m [32m INFO[0m [2mwgpu_hal::vulkan::instance[0m[2m:[0m 	objects: (type: INSTANCE, hndl: 0xb7a48c917fa0, name: ?)
[2m2026-08-01T14:48:48.010899Z[0m [32m INFO[0m [2mwgpu_hal::vulkan::instance[0m[2m:[0m GENERAL [Loader Message (0x0)]
	      /home/ubuntu/.local/share/vulkan/implicit_layer.d
[2m2026-08-01T14:48:48.010906Z[0m [32m INFO[0m [2mwgpu_hal::vulkan::instance[0m[2m:[0m 	objects: (type: INSTANCE, hndl: 0xb7a48c917fa0, name: ?)
[2m2026-08-01T14:48:48.010912Z[0m [32m INFO[0m [2mwgpu_hal::vulkan::instance[0m[2m:[0m GENERAL [Loader Message (0x0)]
	      /usr/local/share/vulkan/implicit_layer.d
[2m2026-08-01T14:48:48.010918Z[0m [32m INFO[0m [2mwgpu_hal::vulkan::instance[0m[2m:[0m 	objects: (type: INSTANCE, hndl: 0xb7a48c917fa0, name: ?)
[2m2026-08-01T14:48:48.010924Z[0m [32m INFO[0m [2mwgpu_hal::vulkan::instance[0m[2m:[0m GENERAL [Loader Message (0x0)]
	      /usr/share/vulkan/implicit_layer.d
[2m2026-08-01T14:48:48.010930Z[0m [32m INFO[0m [2mwgpu_hal::vulkan::instance[0m[2m:[0m 	objects: (type: INSTANCE, hndl: 0xb7a48c917fa0, name: ?)
[2m2026-08-01T14:48:48.010946Z[0m [32m INFO[0m [2mwgpu_hal::vulkan::instance[0m[2m:[0m GENERAL [Loader Message (0x0)]
	   Found the following files:
[2m2026-08-01T14:48:48.010953Z[0m [32m INFO[0m [2mwgpu_hal::vulkan::instance[0m[2m:[0m 	objects: (type: INSTANCE, hndl: 0xb7a48c917fa0, name: ?)
[2m2026-08-01T14:48:48.010959Z[0m [32m INFO[0m [2mwgpu_hal::vulkan::instance[0m[2m:[0m GENERAL [Loader Message (0x0)]
	      /usr/share/vulkan/implicit_layer.d/VkLayer_MESA_anti_lag.json
[2m2026-08-01T14:48:48.010966Z[0m [32m INFO[0m [2mwgpu_hal::vulkan::instance[0m[2m:[0m 	objects: (type: INSTANCE, hndl: 0xb7a48c917fa0, name: ?)
[2m2026-08-01T14:48:48.010972Z[0m [32m INFO[0m [2mwgpu_hal::vulkan::instance[0m[2m:[0m GENERAL [Loader Message (0x0)]
	      /usr/share/vulkan/implicit_layer.d/VkLayer_MESA_device_select.json
[2m2026-08-01T14:48:48.010978Z[0m [32m INFO[0m [2mwgpu_hal::vulkan::instance[0m[2m:[0m 	objects: (type: INSTANCE, hndl: 0xb7a48c917fa0, name: ?)
[2m2026-08-01T14:48:48.010989Z[0m [32m INFO[0m [2mwgpu_hal::vulkan::instance[0m[2m:[0m GENERAL [Loader Message (0x0)]
	Found manifest file /usr/share/vulkan/implicit_layer.d/VkLayer_MESA_anti_lag.json (file version 1.2.1)
[2m2026-08-01T14:48:48.010997Z[0m [32m INFO[0m [2mwgpu_hal::vulkan::instance[0m[2m:[0m 	objects: (type: INSTANCE, hndl: 0xb7a48c917fa0, name: ?)
[2m2026-08-01T14:48:48.011010Z[0m [32m INFO[0m [2mwgpu_hal::vulkan::instance[0m[2m:[0m GENERAL [Loader Message (0x0)]
	Found manifest file /usr/share/vulkan/implicit_layer.d/VkLayer_MESA_device_select.json (file version 1.0.0)
[2m2026-08-01T14:48:48.011019Z[0m [32m INFO[0m [2mwgpu_hal::vulkan::instance[0m[2m:[0m 	objects: (type: INSTANCE, hndl: 0xb7a48c917fa0, name: ?)
[2m2026-08-01T14:48:48.011029Z[0m [32m INFO[0m [2mwgpu_hal::vulkan::instance[0m[2m:[0m GENERAL [Loader Message (0x0)]
	Searching for explicit layer manifest files
[2m2026-08-01T14:48:48.011035Z[0m [32m INFO[0m [2mwgpu_hal::vulkan::instance[0m[2m:[0m 	objects: (type: INSTANCE, hndl: 0xb7a48c917fa0, name: ?)
[2m2026-08-01T14:48:48.011041Z[0m [32m INFO[0m [2mwgpu_hal::vulkan::instance[0m[2m:[0m GENERAL [Loader Message (0x0)]
	   In following locations:
[2m2026-08-01T14:48:48.011047Z[0m [32m INFO[0m [2mwgpu_hal::vulkan::instance[0m[2m:[0m 	objects: (type: INSTANCE, hndl: 0xb7a48c917fa0, name: ?)
[2m2026-08-01T14:48:48.011053Z[0m [32m INFO[0m [2mwgpu_hal::vulkan::instance[0m[2m:[0m GENERAL [Loader Message (0x0)]
	      /home/ubuntu/.config/vulkan/explicit_layer.d
[2m2026-08-01T14:48:48.011061Z[0m [32m INFO[0m [2mwgpu_hal::vulkan::instance[0m[2m:[0m 	objects: (type: INSTANCE, hndl: 0xb7a48c917fa0, name: ?)
[2m2026-08-01T14:48:48.011067Z[0m [32m INFO[0m [2mwgpu_hal::vulkan::instance[0m[2m:[0m GENERAL [Loader Message (0x0)]
	      /etc/xdg/vulkan/explicit_layer.d
[2m2026-08-01T14:48:48.011073Z[0m [32m INFO[0m [2mwgpu_hal::vulkan::instance[0m[2m:[0m 	objects: (type: INSTANCE, hndl: 0xb7a48c917fa0, name: ?)
[2m2026-08-01T14:48:48.011079Z[0m [32m INFO[0m [2mwgpu_hal::vulkan::instance[0m[2m:[0m GENERAL [Loader Message (0x0)]
	      /etc/vulkan/explicit_layer.d
[2m2026-08-01T14:48:48.011085Z[0m [32m INFO[0m [2mwgpu_hal::vulkan::instance[0m[2m:[0m 	objects: (type: INSTANCE, hndl: 0xb7a48c917fa0, name: ?)
[2m2026-08-01T14:48:48.011091Z[0m [32m INFO[0m [2mwgpu_hal::vulkan::instance[0m[2m:[0m GENERAL [Loader Message (0x0)]
	      /home/ubuntu/.local/share/vulkan/explicit_layer.d
[2m2026-08-01T14:48:48.011097Z[0m [32m INFO[0m [2mwgpu_hal::vulkan::instance[0m[2m:[0m 	objects: (type: INSTANCE, hndl: 0xb7a48c917fa0, name: ?)
[2m2026-08-01T14:48:48.011103Z[0m [32m INFO[0m [2mwgpu_hal::vulkan::instance[0m[2m:[0m GENERAL [Loader Message (0x0)]
	      /usr/local/share/vulkan/explicit_layer.d
[2m2026-08-01T14:48:48.011109Z[0m [32m INFO[0m [2mwgpu_hal::vulkan::instance[0m[2m:[0m 	objects: (type: INSTANCE, hndl: 0xb7a48c917fa0, name: ?)
[2m2026-08-01T14:48:48.011115Z[0m [32m INFO[0m [2mwgpu_hal::vulkan::instance[0m[2m:[0m GENERAL [Loader Message (0x0)]
	      /usr/share/vulkan/explicit_layer.d
[2m2026-08-01T14:48:48.011121Z[0m [32m INFO[0m [2mwgpu_hal::vulkan::instance[0m[2m:[0m 	objects: (type: INSTANCE, hndl: 0xb7a48c917fa0, name: ?)
[2m2026-08-01T14:48:48.011136Z[0m [32m INFO[0m [2mwgpu_hal::vulkan::instance[0m[2m:[0m GENERAL [Loader Message (0x0)]
	   Found the following files:
[2m2026-08-01T14:48:48.011143Z[0m [32m INFO[0m [2mwgpu_hal::vulkan::instance[0m[2m:[0m 	objects: (type: INSTANCE, hndl: 0xb7a48c917fa0, name: ?)
[2m2026-08-01T14:48:48.011148Z[0m [32m INFO[0m [2mwgpu_hal::vulkan::instance[0m[2m:[0m GENERAL [Loader Message (0x0)]
	      /usr/share/vulkan/explicit_layer.d/VkLayer_MESA_screenshot.json
[2m2026-08-01T14:48:48.011155Z[0m [32m INFO[0m [2mwgpu_hal::vulkan::instance[0m[2m:[0m 	objects: (type: INSTANCE, hndl: 0xb7a48c917fa0, name: ?)
[2m2026-08-01T14:48:48.011161Z[0m [32m INFO[0m [2mwgpu_hal::vulkan::instance[0m[2m:[0m GENERAL [Loader Message (0x0)]
	      /usr/share/vulkan/explicit_layer.d/VkLayer_MESA_overlay.json
[2m2026-08-01T14:48:48.011167Z[0m [32m INFO[0m [2mwgpu_hal::vulkan::instance[0m[2m:[0m 	objects: (type: INSTANCE, hndl: 0xb7a48c917fa0, name: ?)
[2m2026-08-01T14:48:48.011173Z[0m [32m INFO[0m [2mwgpu_hal::vulkan::instance[0m[2m:[0m GENERAL [Loader Message (0x0)]
	      /usr/share/vulkan/explicit_layer.d/VkLayer_INTEL_nullhw.json
[2m2026-08-01T14:48:48.011180Z[0m [32m INFO[0m [2mwgpu_hal::vulkan::instance[0m[2m:[0m 	objects: (type: INSTANCE, hndl: 0xb7a48c917fa0, name: ?)
[2m2026-08-01T14:48:48.011189Z[0m [32m INFO[0m [2mwgpu_hal::vulkan::instance[0m[2m:[0m GENERAL [Loader Message (0x0)]
	Found manifest file /usr/share/vulkan/explicit_layer.d/VkLayer_MESA_screenshot.json (file version 1.0.0)
[2m2026-08-01T14:48:48.011197Z[0m [32m INFO[0m [2mwgpu_hal::vulkan::instance[0m[2m:[0m 	objects: (type: INSTANCE, hndl: 0xb7a48c917fa0, name: ?)
[2m2026-08-01T14:48:48.011206Z[0m [32m INFO[0m [2mwgpu_hal::vulkan::instance[0m[2m:[0m GENERAL [Loader Message (0x0)]
	Found manifest file /usr/share/vulkan/explicit_layer.d/VkLayer_MESA_overlay.json (file version 1.0.0)
[2m2026-08-01T14:48:48.011214Z[0m [32m INFO[0m [2mwgpu_hal::vulkan::instance[0m[2m:[0m 	objects: (type: INSTANCE, hndl: 0xb7a48c917fa0, name: ?)
[2m2026-08-01T14:48:48.011223Z[0m [32m INFO[0m [2mwgpu_hal::vulkan::instance[0m[2m:[0m GENERAL [Loader Message (0x0)]
	Found manifest file /usr/share/vulkan/explicit_layer.d/VkLayer_INTEL_nullhw.json (file version 1.0.0)
[2m2026-08-01T14:48:48.011255Z[0m [32m INFO[0m [2mwgpu_hal::vulkan::instance[0m[2m:[0m 	objects: (type: INSTANCE, hndl: 0xb7a48c917fa0, name: ?)
[2m2026-08-01T14:48:48.011264Z[0m [32m INFO[0m [2mwgpu_hal::vulkan::instance[0m[2m:[0m GENERAL [Loader Message (0x0)]
	Searching for driver manifest files
[2m2026-08-01T14:48:48.011271Z[0m [32m INFO[0m [2mwgpu_hal::vulkan::instance[0m[2m:[0m 	objects: (type: INSTANCE, hndl: 0xb7a48c917fa0, name: ?)
[2m2026-08-01T14:48:48.011276Z[0m [32m INFO[0m [2mwgpu_hal::vulkan::instance[0m[2m:[0m GENERAL [Loader Message (0x0)]
	   In following locations:
[2m2026-08-01T14:48:48.011282Z[0m [32m INFO[0m [2mwgpu_hal::vulkan::instance[0m[2m:[0m 	objects: (type: INSTANCE, hndl: 0xb7a48c917fa0, name: ?)
[2m2026-08-01T14:48:48.011288Z[0m [32m INFO[0m [2mwgpu_hal::vulkan::instance[0m[2m:[0m GENERAL [Loader Message (0x0)]
	      /home/ubuntu/.config/vulkan/icd.d
[2m2026-08-01T14:48:48.011294Z[0m [32m INFO[0m [2mwgpu_hal::vulkan::instance[0m[2m:[0m 	objects: (type: INSTANCE, hndl: 0xb7a48c917fa0, name: ?)
[2m2026-08-01T14:48:48.011299Z[0m [32m INFO[0m [2mwgpu_hal::vulkan::instance[0m[2m:[0m GENERAL [Loader Message (0x0)]
	      /etc/xdg/vulkan/icd.d
[2m2026-08-01T14:48:48.011305Z[0m [32m INFO[0m [2mwgpu_hal::vulkan::instance[0m[2m:[0m 	objects: (type: INSTANCE, hndl: 0xb7a48c917fa0, name: ?)
[2m2026-08-01T14:48:48.011311Z[0m [32m INFO[0m [2mwgpu_hal::vulkan::instance[0m[2m:[0m GENERAL [Loader Message (0x0)]
	      /etc/vulkan/icd.d
[2m2026-08-01T14:48:48.011319Z[0m [32m INFO[0m [2mwgpu_hal::vulkan::instance[0m[2m:[0m 	objects: (type: INSTANCE, hndl: 0xb7a48c917fa0, name: ?)
[2m2026-08-01T14:48:48.011325Z[0m [32m INFO[0m [2mwgpu_hal::vulkan::instance[0m[2m:[0m GENERAL [Loader Message (0x0)]
	      /home/ubuntu/.local/share/vulkan/icd.d
[2m2026-08-01T14:48:48.011331Z[0m [32m INFO[0m [2mwgpu_hal::vulkan::instance[0m[2m:[0m 	objects: (type: INSTANCE, hndl: 0xb7a48c917fa0, name: ?)
[2m2026-08-01T14:48:48.011337Z[0m [32m INFO[0m [2mwgpu_hal::vulkan::instance[0m[2m:[0m GENERAL [Loader Message (0x0)]
	      /usr/local/share/vulkan/icd.d
[2m2026-08-01T14:48:48.011343Z[0m [32m INFO[0m [2mwgpu_hal::vulkan::instance[0m[2m:[0m 	objects: (type: INSTANCE, hndl: 0xb7a48c917fa0, name: ?)
[2m2026-08-01T14:48:48.011349Z[0m [32m INFO[0m [2mwgpu_hal::vulkan::instance[0m[2m:[0m GENERAL [Loader Message (0x0)]
	      /usr/share/vulkan/icd.d
[2m2026-08-01T14:48:48.011355Z[0m [32m INFO[0m [2mwgpu_hal::vulkan::instance[0m[2m:[0m 	objects: (type: INSTANCE, hndl: 0xb7a48c917fa0, name: ?)
[2m2026-08-01T14:48:48.011379Z[0m [32m INFO[0m [2mwgpu_hal::vulkan::instance[0m[2m:[0m GENERAL [Loader Message (0x0)]
	   Found the following files:
[2m2026-08-01T14:48:48.011386Z[0m [32m INFO[0m [2mwgpu_hal::vulkan::instance[0m[2m:[0m 	objects: (type: INSTANCE, hndl: 0xb7a48c917fa0, name: ?)
[2m2026-08-01T14:48:48.011392Z[0m [32m INFO[0m [2mwgpu_hal::vulkan::instance[0m[2m:[0m GENERAL [Loader Message (0x0)]
	      /usr/share/vulkan/icd.d/nouveau_icd.json
[2m2026-08-01T14:48:48.011398Z[0m [32m INFO[0m [2mwgpu_hal::vulkan::instance[0m[2m:[0m 	objects: (type: INSTANCE, hndl: 0xb7a48c917fa0, name: ?)
[2m2026-08-01T14:48:48.011404Z[0m [32m INFO[0m [2mwgpu_hal::vulkan::instance[0m[2m:[0m GENERAL [Loader Message (0x0)]
	      /usr/share/vulkan/icd.d/broadcom_icd.json
[2m2026-08-01T14:48:48.011410Z[0m [32m INFO[0m [2mwgpu_hal::vulkan::instance[0m[2m:[0m 	objects: (type: INSTANCE, hndl: 0xb7a48c917fa0, name: ?)
[2m2026-08-01T14:48:48.011416Z[0m [32m INFO[0m [2mwgpu_hal::vulkan::instance[0m[2m:[0m GENERAL [Loader Message (0x0)]
	      /usr/share/vulkan/icd.d/panfrost_icd.json
[2m2026-08-01T14:48:48.011422Z[0m [32m INFO[0m [2mwgpu_hal::vulkan::instance[0m[2m:[0m 	objects: (type: INSTANCE, hndl: 0xb7a48c917fa0, name: ?)
[2m2026-08-01T14:48:48.011429Z[0m [32m INFO[0m [2mwgpu_hal::vulkan::instance[0m[2m:[0m GENERAL [Loader Message (0x0)]
	      /usr/share/vulkan/icd.d/freedreno_icd.json
[2m2026-08-01T14:48:48.011435Z[0m [32m INFO[0m [2mwgpu_hal::vulkan::instance[0m[2m:[0m 	objects: (type: INSTANCE, hndl: 0xb7a48c917fa0, name: ?)
[2m2026-08-01T14:48:48.011441Z[0m [32m INFO[0m [2mwgpu_hal::vulkan::instance[0m[2m:[0m GENERAL [Loader Message (0x0)]
	      /usr/share/vulkan/icd.d/gfxstream_vk_icd.json
[2m2026-08-01T14:48:48.011447Z[0m [32m INFO[0m [2mwgpu_hal::vulkan::instance[0m[2m:[0m 	objects: (type: INSTANCE, hndl: 0xb7a48c917fa0, name: ?)
[2m2026-08-01T14:48:48.011453Z[0m [32m INFO[0m [2mwgpu_hal::vulkan::instance[0m[2m:[0m GENERAL [Loader Message (0x0)]
	      /usr/share/vulkan/icd.d/virtio_icd.json
[2m2026-08-01T14:48:48.011460Z[0m [32m INFO[0m [2mwgpu_hal::vulkan::instance[0m[2m:[0m 	objects: (type: INSTANCE, hndl: 0xb7a48c917fa0, name: ?)
[2m2026-08-01T14:48:48.011465Z[0m [32m INFO[0m [2mwgpu_hal::vulkan::instance[0m[2m:[0m GENERAL [Loader Message (0x0)]
	      /usr/share/vulkan/icd.d/asahi_icd.json
[2m2026-08-01T14:48:48.011472Z[0m [32m INFO[0m [2mwgpu_hal::vulkan::instance[0m[2m:[0m 	objects: (type: INSTANCE, hndl: 0xb7a48c917fa0, name: ?)
[2m2026-08-01T14:48:48.011477Z[0m [32m INFO[0m [2mwgpu_hal::vulkan::instance[0m[2m:[0m GENERAL [Loader Message (0x0)]
	      /usr/share/vulkan/icd.d/lvp_icd.json
[2m2026-08-01T14:48:48.011484Z[0m [32m INFO[0m [2mwgpu_hal::vulkan::instance[0m[2m:[0m 	objects: (type: INSTANCE, hndl: 0xb7a48c917fa0, name: ?)
[2m2026-08-01T14:48:48.011489Z[0m [32m INFO[0m [2mwgpu_hal::vulkan::instance[0m[2m:[0m GENERAL [Loader Message (0x0)]
	      /usr/share/vulkan/icd.d/intel_icd.json
[2m2026-08-01T14:48:48.011496Z[0m [32m INFO[0m [2mwgpu_hal::vulkan::instance[0m[2m:[0m 	objects: (type: INSTANCE, hndl: 0xb7a48c917fa0, name: ?)
[2m2026-08-01T14:48:48.011501Z[0m [32m INFO[0m [2mwgpu_hal::vulkan::instance[0m[2m:[0m GENERAL [Loader Message (0x0)]
	      /usr/share/vulkan/icd.d/powervr_mesa_icd.json
[2m2026-08-01T14:48:48.011507Z[0m [32m INFO[0m [2mwgpu_hal::vulkan::instance[0m[2m:[0m 	objects: (type: INSTANCE, hndl: 0xb7a48c917fa0, name: ?)
[2m2026-08-01T14:48:48.011513Z[0m [32m INFO[0m [2mwgpu_hal::vulkan::instance[0m[2m:[0m GENERAL [Loader Message (0x0)]
	      /usr/share/vulkan/icd.d/radeon_icd.json
[2m2026-08-01T14:48:48.011519Z[0m [32m INFO[0m [2mwgpu_hal::vulkan::instance[0m[2m:[0m 	objects: (type: INSTANCE, hndl: 0xb7a48c917fa0, name: ?)
[2m2026-08-01T14:48:48.011529Z[0m [32m INFO[0m [2mwgpu_hal::vulkan::instance[0m[2m:[0m GENERAL [Loader Message (0x0)]
	Found ICD manifest file /usr/share/vulkan/icd.d/nouveau_icd.json, version 1.0.1
[2m2026-08-01T14:48:48.011536Z[0m [32m INFO[0m [2mwgpu_hal::vulkan::instance[0m[2m:[0m 	objects: (type: INSTANCE, hndl: 0xb7a48c917fa0, name: ?)
[2m2026-08-01T14:48:48.011568Z[0m [32m INFO[0m [2mwgpu_hal::vulkan::instance[0m[2m:[0m GENERAL [Loader Message (0x0)]
	Found ICD manifest file /usr/share/vulkan/icd.d/broadcom_icd.json, version 1.0.1
[2m2026-08-01T14:48:48.011576Z[0m [32m INFO[0m [2mwgpu_hal::vulkan::instance[0m[2m:[0m 	objects: (type: INSTANCE, hndl: 0xb7a48c917fa0, name: ?)
[2m2026-08-01T14:48:48.011744Z[0m [32m INFO[0m [2mwgpu_hal::vulkan::instance[0m[2m:[0m GENERAL [Loader Message (0x0)]
	Found ICD manifest file /usr/share/vulkan/icd.d/panfrost_icd.json, version 1.0.1
[2m2026-08-01T14:48:48.011753Z[0m [32m INFO[0m [2mwgpu_hal::vulkan::instance[0m[2m:[0m 	objects: (type: INSTANCE, hndl: 0xb7a48c917fa0, name: ?)
[2m2026-08-01T14:48:48.011998Z[0m [32m INFO[0m [2mwgpu_hal::vulkan::instance[0m[2m:[0m GENERAL [Loader Message (0x0)]
	Found ICD manifest file /usr/share/vulkan/icd.d/freedreno_icd.json, version 1.0.1
[2m2026-08-01T14:48:48.012008Z[0m [32m INFO[0m [2mwgpu_hal::vulkan::instance[0m[2m:[0m 	objects: (type: INSTANCE, hndl: 0xb7a48c917fa0, name: ?)
[2m2026-08-01T14:48:48.012821Z[0m [32m INFO[0m [2mwgpu_hal::vulkan::instance[0m[2m:[0m GENERAL [Loader Message (0x0)]
	Found ICD manifest file /usr/share/vulkan/icd.d/gfxstream_vk_icd.json, version 1.0.1
[2m2026-08-01T14:48:48.012840Z[0m [32m INFO[0m [2mwgpu_hal::vulkan::instance[0m[2m:[0m 	objects: (type: INSTANCE, hndl: 0xb7a48c917fa0, name: ?)
[2m2026-08-01T14:48:48.012956Z[0m [32m INFO[0m [2mwgpu_hal::vulkan::instance[0m[2m:[0m GENERAL [Loader Message (0x0)]
	Found ICD manifest file /usr/share/vulkan/icd.d/virtio_icd.json, version 1.0.1
[2m2026-08-01T14:48:48.012967Z[0m [32m INFO[0m [2mwgpu_hal::vulkan::instance[0m[2m:[0m 	objects: (type: INSTANCE, hndl: 0xb7a48c917fa0, name: ?)
[2m2026-08-01T14:48:48.013849Z[0m [32m INFO[0m [2mwgpu_hal::vulkan::instance[0m[2m:[0m GENERAL [Loader Message (0x0)]
	Found ICD manifest file /usr/share/vulkan/icd.d/asahi_icd.json, version 1.0.1
[2m2026-08-01T14:48:48.013887Z[0m [32m INFO[0m [2mwgpu_hal::vulkan::instance[0m[2m:[0m 	objects: (type: INSTANCE, hndl: 0xb7a48c917fa0, name: ?)
[2m2026-08-01T14:48:48.014327Z[0m [32m INFO[0m [2mwgpu_hal::vulkan::instance[0m[2m:[0m GENERAL [Loader Message (0x0)]
	Found ICD manifest file /usr/share/vulkan/icd.d/lvp_icd.json, version 1.0.1
[2m2026-08-01T14:48:48.014339Z[0m [32m INFO[0m [2mwgpu_hal::vulkan::instance[0m[2m:[0m 	objects: (type: INSTANCE, hndl: 0xb7a48c917fa0, name: ?)
[2m2026-08-01T14:48:48.014356Z[0m [32m INFO[0m [2mwgpu_hal::vulkan::instance[0m[2m:[0m GENERAL [Loader Message (0x0)]
	Found ICD manifest file /usr/share/vulkan/icd.d/intel_icd.json, version 1.0.1
[2m2026-08-01T14:48:48.014363Z[0m [32m INFO[0m [2mwgpu_hal::vulkan::instance[0m[2m:[0m 	objects: (type: INSTANCE, hndl: 0xb7a48c917fa0, name: ?)
[2m2026-08-01T14:48:48.015385Z[0m [32m INFO[0m [2mwgpu_hal::vulkan::instance[0m[2m:[0m GENERAL [Loader Message (0x0)]
	Found ICD manifest file /usr/share/vulkan/icd.d/powervr_mesa_icd.json, version 1.0.1
[2m2026-08-01T14:48:48.015395Z[0m [32m INFO[0m [2mwgpu_hal::vulkan::instance[0m[2m:[0m 	objects: (type: INSTANCE, hndl: 0xb7a48c917fa0, name: ?)
[2m2026-08-01T14:48:48.015631Z[0m [32m INFO[0m [2mwgpu_hal::vulkan::instance[0m[2m:[0m GENERAL [Loader Message (0x0)]
	Found ICD manifest file /usr/share/vulkan/icd.d/radeon_icd.json, version 1.0.1
[2m2026-08-01T14:48:48.015643Z[0m [32m INFO[0m [2mwgpu_hal::vulkan::instance[0m[2m:[0m 	objects: (type: INSTANCE, hndl: 0xb7a48c917fa0, name: ?)
[2m2026-08-01T14:48:48.016031Z[0m [32m INFO[0m [2mwgpu_hal::vulkan::instance[0m[2m:[0m GENERAL [Loader Message (0x0)]
	Insert instance layer "VK_LAYER_MESA_device_select" (/usr/lib/aarch64-linux-gnu/libVkLayer_MESA_device_select.so)
[2m2026-08-01T14:48:48.016040Z[0m [32m INFO[0m [2mwgpu_hal::vulkan::instance[0m[2m:[0m 	objects: (type: INSTANCE, hndl: 0xb7a48c917fa0, name: ?)
[2m2026-08-01T14:48:48.016047Z[0m [32m INFO[0m [2mwgpu_hal::vulkan::instance[0m[2m:[0m GENERAL [Loader Message (0x0)]
	vkCreateInstance layer callstack setup to:
[2m2026-08-01T14:48:48.016053Z[0m [32m INFO[0m [2mwgpu_hal::vulkan::instance[0m[2m:[0m 	objects: (type: INSTANCE, hndl: 0xb7a48c917fa0, name: ?)
[2m2026-08-01T14:48:48.016059Z[0m [32m INFO[0m [2mwgpu_hal::vulkan::instance[0m[2m:[0m GENERAL [Loader Message (0x0)]
	   <Application>
[2m2026-08-01T14:48:48.016065Z[0m [32m INFO[0m [2mwgpu_hal::vulkan::instance[0m[2m:[0m 	objects: (type: INSTANCE, hndl: 0xb7a48c917fa0, name: ?)
[2m2026-08-01T14:48:48.016071Z[0m [32m INFO[0m [2mwgpu_hal::vulkan::instance[0m[2m:[0m GENERAL [Loader Message (0x0)]
	     ||
[2m2026-08-01T14:48:48.016076Z[0m [32m INFO[0m [2mwgpu_hal::vulkan::instance[0m[2m:[0m 	objects: (type: INSTANCE, hndl: 0xb7a48c917fa0, name: ?)
[2m2026-08-01T14:48:48.016082Z[0m [32m INFO[0m [2mwgpu_hal::vulkan::instance[0m[2m:[0m GENERAL [Loader Message (0x0)]
	   <Loader>
[2m2026-08-01T14:48:48.016087Z[0m [32m INFO[0m [2mwgpu_hal::vulkan::instance[0m[2m:[0m 	objects: (type: INSTANCE, hndl: 0xb7a48c917fa0, name: ?)
[2m2026-08-01T14:48:48.016096Z[0m [32m INFO[0m [2mwgpu_hal::vulkan::instance[0m[2m:[0m GENERAL [Loader Message (0x0)]
	     ||
[2m2026-08-01T14:48:48.016101Z[0m [32m INFO[0m [2mwgpu_hal::vulkan::instance[0m[2m:[0m 	objects: (type: INSTANCE, hndl: 0xb7a48c917fa0, name: ?)
[2m2026-08-01T14:48:48.016107Z[0m [32m INFO[0m [2mwgpu_hal::vulkan::instance[0m[2m:[0m GENERAL [Loader Message (0x0)]
	   VK_LAYER_MESA_device_select
[2m2026-08-01T14:48:48.016113Z[0m [32m INFO[0m [2mwgpu_hal::vulkan::instance[0m[2m:[0m 	objects: (type: INSTANCE, hndl: 0xb7a48c917fa0, name: ?)
[2m2026-08-01T14:48:48.016118Z[0m [32m INFO[0m [2mwgpu_hal::vulkan::instance[0m[2m:[0m GENERAL [Loader Message (0x0)]
	           Type: Implicit
[2m2026-08-01T14:48:48.016125Z[0m [32m INFO[0m [2mwgpu_hal::vulkan::instance[0m[2m:[0m 	objects: (type: INSTANCE, hndl: 0xb7a48c917fa0, name: ?)
[2m2026-08-01T14:48:48.016131Z[0m [32m INFO[0m [2mwgpu_hal::vulkan::instance[0m[2m:[0m GENERAL [Loader Message (0x0)]
	           Enabled By: Implicit Layer
[2m2026-08-01T14:48:48.016137Z[0m [32m INFO[0m [2mwgpu_hal::vulkan::instance[0m[2m:[0m 	objects: (type: INSTANCE, hndl: 0xb7a48c917fa0, name: ?)
[2m2026-08-01T14:48:48.016143Z[0m [32m INFO[0m [2mwgpu_hal::vulkan::instance[0m[2m:[0m GENERAL [Loader Message (0x0)]
	               Disable Env Var:  NODEVICE_SELECT
[2m2026-08-01T14:48:48.016149Z[0m [32m INFO[0m [2mwgpu_hal::vulkan::instance[0m[2m:[0m 	objects: (type: INSTANCE, hndl: 0xb7a48c917fa0, name: ?)
[2m2026-08-01T14:48:48.016154Z[0m [32m INFO[0m [2mwgpu_hal::vulkan::instance[0m[2m:[0m GENERAL [Loader Message (0x0)]
	           Manifest: /usr/share/vulkan/implicit_layer.d/VkLayer_MESA_device_select.json
[2m2026-08-01T14:48:48.016161Z[0m [32m INFO[0m [2mwgpu_hal::vulkan::instance[0m[2m:[0m 	objects: (type: INSTANCE, hndl: 0xb7a48c917fa0, name: ?)
[2m2026-08-01T14:48:48.016167Z[0m [32m INFO[0m [2mwgpu_hal::vulkan::instance[0m[2m:[0m GENERAL [Loader Message (0x0)]
	           Library:  /usr/lib/aarch64-linux-gnu/libVkLayer_MESA_device_select.so
[2m2026-08-01T14:48:48.016174Z[0m [32m INFO[0m [2mwgpu_hal::vulkan::instance[0m[2m:[0m 	objects: (type: INSTANCE, hndl: 0xb7a48c917fa0, name: ?)
[2m2026-08-01T14:48:48.016180Z[0m [32m INFO[0m [2mwgpu_hal::vulkan::instance[0m[2m:[0m GENERAL [Loader Message (0x0)]
	     ||
[2m2026-08-01T14:48:48.016185Z[0m [32m INFO[0m [2mwgpu_hal::vulkan::instance[0m[2m:[0m 	objects: (type: INSTANCE, hndl: 0xb7a48c917fa0, name: ?)
[2m2026-08-01T14:48:48.016191Z[0m [32m INFO[0m [2mwgpu_hal::vulkan::instance[0m[2m:[0m GENERAL [Loader Message (0x0)]
	   <Drivers>
[2m2026-08-01T14:48:48.016197Z[0m [32m INFO[0m [2mwgpu_hal::vulkan::instance[0m[2m:[0m 	objects: (type: INSTANCE, hndl: 0xb7a48c917fa0, name: ?)
[2m2026-08-01T14:48:48.022717Z[0m [32m INFO[0m [2mwgpu_hal::vulkan::instance[0m[2m:[0m Enabling debug utils
[2m2026-08-01T14:48:48.022948Z[0m [32m INFO[0m [2mwgpu_hal::gles::egl[0m[2m:[0m Using Wayland platform
[slopos-compositor/drm] client connected
[slopos-compositor/drm] client connected
[slopos-compositor/drm] client disconnected
[slopos-compositor/drm] client disconnected
[2m2026-08-01T14:48:48.033710Z[0m [32m INFO[0m [2mwgpu_hal::vulkan::instance[0m[2m:[0m GENERAL [Loader Message (0x0)]
	linux_read_sorted_physical_devices:
[2m2026-08-01T14:48:48.033771Z[0m [32m INFO[0m [2mwgpu_hal::vulkan::instance[0m[2m:[0m 	objects: (type: INSTANCE, hndl: 0xb84444d18660, name: ?)
[2m2026-08-01T14:48:48.033780Z[0m [32m INFO[0m [2mwgpu_hal::vulkan::instance[0m[2m:[0m GENERAL [Loader Message (0x0)]
	     Original order:
[2m2026-08-01T14:48:48.033787Z[0m [32m INFO[0m [2mwgpu_hal::vulkan::instance[0m[2m:[0m 	objects: (type: INSTANCE, hndl: 0xb84444d18660, name: ?)
[2m2026-08-01T14:48:48.033799Z[0m [32m INFO[0m [2mwgpu_hal::vulkan::instance[0m[2m:[0m GENERAL [Loader Message (0x0)]
	           [0] llvmpipe (LLVM 21.1.8, 128 bits)
[2m2026-08-01T14:48:48.033806Z[0m [32m INFO[0m [2mwgpu_hal::vulkan::instance[0m[2m:[0m 	objects: (type: INSTANCE, hndl: 0xb84444d18660, name: ?)
[2m2026-08-01T14:48:48.033830Z[0m [32m INFO[0m [2mwgpu_hal::vulkan::instance[0m[2m:[0m GENERAL [Loader Message (0x0)]
	     Sorted order:
[2m2026-08-01T14:48:48.033837Z[0m [32m INFO[0m [2mwgpu_hal::vulkan::instance[0m[2m:[0m 	objects: (type: INSTANCE, hndl: 0xb84444d18660, name: ?)
[2m2026-08-01T14:48:48.033843Z[0m [32m INFO[0m [2mwgpu_hal::vulkan::instance[0m[2m:[0m GENERAL [Loader Message (0x0)]
	           [0] llvmpipe (LLVM 21.1.8, 128 bits)  
[2m2026-08-01T14:48:48.033849Z[0m [32m INFO[0m [2mwgpu_hal::vulkan::instance[0m[2m:[0m 	objects: (type: INSTANCE, hndl: 0xb84444d18660, name: ?)
[2m2026-08-01T14:48:48.033859Z[0m [32m INFO[0m [2mwgpu_hal::vulkan::instance[0m[2m:[0m GENERAL [Loader Message (0x0)]
	linux_read_sorted_physical_devices:
[2m2026-08-01T14:48:48.033865Z[0m [32m INFO[0m [2mwgpu_hal::vulkan::instance[0m[2m:[0m 	objects: (type: INSTANCE, hndl: 0xb84444d18660, name: ?)
[2m2026-08-01T14:48:48.033871Z[0m [32m INFO[0m [2mwgpu_hal::vulkan::instance[0m[2m:[0m GENERAL [Loader Message (0x0)]
	     Original order:
[2m2026-08-01T14:48:48.033876Z[0m [32m INFO[0m [2mwgpu_hal::vulkan::instance[0m[2m:[0m 	objects: (type: INSTANCE, hndl: 0xb84444d18660, name: ?)
[2m2026-08-01T14:48:48.033885Z[0m [32m INFO[0m [2mwgpu_hal::vulkan::instance[0m[2m:[0m GENERAL [Loader Message (0x0)]
	           [0] llvmpipe (LLVM 21.1.8, 128 bits)
[2m2026-08-01T14:48:48.033891Z[0m [32m INFO[0m [2mwgpu_hal::vulkan::instance[0m[2m:[0m 	objects: (type: INSTANCE, hndl: 0xb84444d18660, name: ?)
[2m2026-08-01T14:48:48.033897Z[0m [32m INFO[0m [2mwgpu_hal::vulkan::instance[0m[2m:[0m GENERAL [Loader Message (0x0)]
	     Sorted order:
[2m2026-08-01T14:48:48.033902Z[0m [32m INFO[0m [2mwgpu_hal::vulkan::instance[0m[2m:[0m 	objects: (type: INSTANCE, hndl: 0xb84444d18660, name: ?)
[2m2026-08-01T14:48:48.033908Z[0m [32m INFO[0m [2mwgpu_hal::vulkan::instance[0m[2m:[0m GENERAL [Loader Message (0x0)]
	           [0] llvmpipe (LLVM 21.1.8, 128 bits)  
[2m2026-08-01T14:48:48.033914Z[0m [32m INFO[0m [2mwgpu_hal::vulkan::instance[0m[2m:[0m 	objects: (type: INSTANCE, hndl: 0xb84444d18660, name: ?)
[slopos-compositor/drm] client connected
[2m2026-08-01T14:48:48.034154Z[0m [32m INFO[0m [2mwgpu_hal::vulkan::instance[0m[2m:[0m GENERAL [Loader Message (0x0)]
	linux_read_sorted_physical_devices:
[2m2026-08-01T14:48:48.034165Z[0m [32m INFO[0m [2mwgpu_hal::vulkan::instance[0m[2m:[0m 	objects: (type: INSTANCE, hndl: 0xb84444d18660, name: ?)
[2m2026-08-01T14:48:48.034171Z[0m [32m INFO[0m [2mwgpu_hal::vulkan::instance[0m[2m:[0m GENERAL [Loader Message (0x0)]
	     Original order:
[2m2026-08-01T14:48:48.034176Z[0m [32m INFO[0m [2mwgpu_hal::vulkan::instance[0m[2m:[0m 	objects: (type: INSTANCE, hndl: 0xb84444d18660, name: ?)
[2m2026-08-01T14:48:48.034186Z[0m [32m INFO[0m [2mwgpu_hal::vulkan::instance[0m[2m:[0m GENERAL [Loader Message (0x0)]
	           [0] llvmpipe (LLVM 21.1.8, 128 bits)
[2m2026-08-01T14:48:48.034192Z[0m [32m INFO[0m [2mwgpu_hal::vulkan::instance[0m[2m:[0m 	objects: (type: INSTANCE, hndl: 0xb84444d18660, name: ?)
[2m2026-08-01T14:48:48.034198Z[0m [32m INFO[0m [2mwgpu_hal::vulkan::instance[0m[2m:[0m GENERAL [Loader Message (0x0)]
	     Sorted order:
[2m2026-08-01T14:48:48.034203Z[0m [32m INFO[0m [2mwgpu_hal::vulkan::instance[0m[2m:[0m 	objects: (type: INSTANCE, hndl: 0xb84444d18660, name: ?)
[2m2026-08-01T14:48:48.034209Z[0m [32m INFO[0m [2mwgpu_hal::vulkan::instance[0m[2m:[0m GENERAL [Loader Message (0x0)]
	           [0] llvmpipe (LLVM 21.1.8, 128 bits)  
[2m2026-08-01T14:48:48.034215Z[0m [32m INFO[0m [2mwgpu_hal::vulkan::instance[0m[2m:[0m 	objects: (type: INSTANCE, hndl: 0xb84444d18660, name: ?)
[2m2026-08-01T14:48:48.034224Z[0m [32m INFO[0m [2mwgpu_hal::vulkan::instance[0m[2m:[0m GENERAL [Loader Message (0x0)]
	linux_read_sorted_physical_devices:
[2m2026-08-01T14:48:48.034616Z[0m [32m INFO[0m [2mwgpu_hal::vulkan::instance[0m[2m:[0m 	objects: (type: INSTANCE, hndl: 0xb84444d18660, name: ?)
[2m2026-08-01T14:48:48.034628Z[0m [32m INFO[0m [2mwgpu_hal::vulkan::instance[0m[2m:[0m GENERAL [Loader Message (0x0)]
	     Original order:
[2m2026-08-01T14:48:48.034635Z[0m [32m INFO[0m [2mwgpu_hal::vulkan::instance[0m[2m:[0m 	objects: (type: INSTANCE, hndl: 0xb84444d18660, name: ?)
[2m2026-08-01T14:48:48.034648Z[0m [32m INFO[0m [2mwgpu_hal::vulkan::instance[0m[2m:[0m GENERAL [Loader Message (0x0)]
	           [0] llvmpipe (LLVM 21.1.8, 128 bits)
[2m2026-08-01T14:48:48.034655Z[0m [32m INFO[0m [2mwgpu_hal::vulkan::instance[0m[2m:[0m 	objects: (type: INSTANCE, hndl: 0xb84444d18660, name: ?)
[2m2026-08-01T14:48:48.034661Z[0m [32m INFO[0m [2mwgpu_hal::vulkan::instance[0m[2m:[0m GENERAL [Loader Message (0x0)]
	     Sorted order:
[2m2026-08-01T14:48:48.034667Z[0m [32m INFO[0m [2mwgpu_hal::vulkan::instance[0m[2m:[0m 	objects: (type: INSTANCE, hndl: 0xb84444d18660, name: ?)
[2m2026-08-01T14:48:48.034672Z[0m [32m INFO[0m [2mwgpu_hal::vulkan::instance[0m[2m:[0m GENERAL [Loader Message (0x0)]
	           [0] llvmpipe (LLVM 21.1.8, 128 bits)  
[2m2026-08-01T14:48:48.034679Z[0m [32m INFO[0m [2mwgpu_hal::vulkan::instance[0m[2m:[0m 	objects: (type: INSTANCE, hndl: 0xb84444d18660, name: ?)
[slopos-compositor/drm] client disconnected
[slopos-compositor/drm] client connected
[2m2026-08-01T14:48:48.035186Z[0m [32m INFO[0m [2mwgpu_hal::vulkan::instance[0m[2m:[0m GENERAL [Loader Message (0x0)]
	Removing driver /usr/lib/aarch64-linux-gnu/libvulkan_radeon.so due to not having any physical devices
[2m2026-08-01T14:48:48.035204Z[0m [32m INFO[0m [2mwgpu_hal::vulkan::instance[0m[2m:[0m 	objects: (type: INSTANCE, hndl: 0xb84444d18660, name: ?)
[slopos-compositor/drm] client disconnected
[2m2026-08-01T14:48:48.035642Z[0m [32m INFO[0m [2mwgpu_hal::vulkan::instance[0m[2m:[0m GENERAL [Loader Message (0x0)]
	Removing driver /usr/lib/aarch64-linux-gnu/libvulkan_powervr_mesa.so due to not having any physical devices
[2m2026-08-01T14:48:48.035661Z[0m [32m INFO[0m [2mwgpu_hal::vulkan::instance[0m[2m:[0m 	objects: (type: INSTANCE, hndl: 0xb84444d18660, name: ?)
[2m2026-08-01T14:48:48.035769Z[0m [32m INFO[0m [2mwgpu_hal::vulkan::instance[0m[2m:[0m GENERAL [Loader Message (0x0)]
	Removing driver /usr/lib/aarch64-linux-gnu/libvulkan_intel.so due to not having any physical devices
[2m2026-08-01T14:48:48.035780Z[0m [32m INFO[0m [2mwgpu_hal::vulkan::instance[0m[2m:[0m 	objects: (type: INSTANCE, hndl: 0xb84444d18660, name: ?)
[2m2026-08-01T14:48:48.035919Z[0m [32m INFO[0m [2mwgpu_hal::vulkan::instance[0m[2m:[0m GENERAL [Loader Message (0x0)]
	Removing driver /usr/lib/aarch64-linux-gnu/libvulkan_asahi.so due to not having any physical devices
[2m2026-08-01T14:48:48.035930Z[0m [32m INFO[0m [2mwgpu_hal::vulkan::instance[0m[2m:[0m 	objects: (type: INSTANCE, hndl: 0xb84444d18660, name: ?)
[2m2026-08-01T14:48:48.036069Z[0m [32m INFO[0m [2mwgpu_hal::vulkan::instance[0m[2m:[0m GENERAL [Loader Message (0x0)]
	Removing driver /usr/lib/aarch64-linux-gnu/libvulkan_virtio.so due to not having any physical devices
[2m2026-08-01T14:48:48.036088Z[0m [32m INFO[0m [2mwgpu_hal::vulkan::instance[0m[2m:[0m 	objects: (type: INSTANCE, hndl: 0xb84444d18660, name: ?)
[2m2026-08-01T14:48:48.036171Z[0m [32m INFO[0m [2mwgpu_hal::vulkan::instance[0m[2m:[0m GENERAL [Loader Message (0x0)]
	Removing driver /usr/lib/aarch64-linux-gnu/libvulkan_gfxstream.so due to not having any physical devices
[2m2026-08-01T14:48:48.036187Z[0m [32m INFO[0m [2mwgpu_hal::vulkan::instance[0m[2m:[0m 	objects: (type: INSTANCE, hndl: 0xb84444d18660, name: ?)
[2m2026-08-01T14:48:48.036447Z[0m [32m INFO[0m [2mwgpu_hal::vulkan::instance[0m[2m:[0m GENERAL [Loader Message (0x0)]
	Removing driver /usr/lib/aarch64-linux-gnu/libvulkan_freedreno.so due to not having any physical devices
[2m2026-08-01T14:48:48.036461Z[0m [32m INFO[0m [2mwgpu_hal::vulkan::instance[0m[2m:[0m 	objects: (type: INSTANCE, hndl: 0xb84444d18660, name: ?)
[2m2026-08-01T14:48:48.036547Z[0m [32m INFO[0m [2mwgpu_hal::vulkan::instance[0m[2m:[0m GENERAL [Loader Message (0x0)]
	Removing driver /usr/lib/aarch64-linux-gnu/libvulkan_panfrost.so due to not having any physical devices
[2m2026-08-01T14:48:48.036557Z[0m [32m INFO[0m [2mwgpu_hal::vulkan::instance[0m[2m:[0m 	objects: (type: INSTANCE, hndl: 0xb84444d18660, name: ?)
[2m2026-08-01T14:48:48.036671Z[0m [32m INFO[0m [2mwgpu_hal::vulkan::instance[0m[2m:[0m GENERAL [Loader Message (0x0)]
	Removing driver /usr/lib/aarch64-linux-gnu/libvulkan_broadcom.so due to not having any physical devices
[2m2026-08-01T14:48:48.036681Z[0m [32m INFO[0m [2mwgpu_hal::vulkan::instance[0m[2m:[0m 	objects: (type: INSTANCE, hndl: 0xb84444d18660, name: ?)
[2m2026-08-01T14:48:48.036755Z[0m [32m INFO[0m [2mwgpu_hal::vulkan::instance[0m[2m:[0m GENERAL [Loader Message (0x0)]
	Removing driver /usr/lib/aarch64-linux-gnu/libvulkan_nouveau.so due to not having any physical devices
[2m2026-08-01T14:48:48.036765Z[0m [32m INFO[0m [2mwgpu_hal::vulkan::instance[0m[2m:[0m 	objects: (type: INSTANCE, hndl: 0xb84444d18660, name: ?)
[2m2026-08-01T14:48:48.041178Z[0m [32m INFO[0m [2mwgpu_core::instance[0m[2m:[0m Adapter Vulkan AdapterInfo { name: "llvmpipe (LLVM 21.1.8, 128 bits)", vendor: 65541, device: 0, device_type: Cpu, driver: "llvmpipe", driver_info: "Mesa 26.0.3-1ubuntu1 (LLVM 21.1.8)", backend: Vulkan }
[2m2026-08-01T14:48:48.041575Z[0m [32m INFO[0m [2mwgpu_hal::vulkan::instance[0m[2m:[0m GENERAL [Loader Message (0x0)]
	Failed to find vkGetDeviceProcAddr in layer "/usr/lib/aarch64-linux-gnu/libVkLayer_MESA_device_select.so"
[2m2026-08-01T14:48:48.041602Z[0m [32m INFO[0m [2mwgpu_hal::vulkan::instance[0m[2m:[0m 	objects: (type: INSTANCE, hndl: 0xb84444d18660, name: ?)
[2m2026-08-01T14:48:48.041610Z[0m [32m INFO[0m [2mwgpu_hal::vulkan::instance[0m[2m:[0m GENERAL [Loader Message (0x0)]
	vkCreateDevice layer callstack setup to:
[2m2026-08-01T14:48:48.041616Z[0m [32m INFO[0m [2mwgpu_hal::vulkan::instance[0m[2m:[0m 	objects: (type: INSTANCE, hndl: 0xb84444d18660, name: ?)
[2m2026-08-01T14:48:48.041662Z[0m [32m INFO[0m [2mwgpu_hal::vulkan::instance[0m[2m:[0m GENERAL [Loader Message (0x0)]
	   <Application>
[2m2026-08-01T14:48:48.041674Z[0m [32m INFO[0m [2mwgpu_hal::vulkan::instance[0m[2m:[0m 	objects: (type: INSTANCE, hndl: 0xb84444d18660, name: ?)
[2m2026-08-01T14:48:48.041680Z[0m [32m INFO[0m [2mwgpu_hal::vulkan::instance[0m[2m:[0m GENERAL [Loader Message (0x0)]
	     ||
[2m2026-08-01T14:48:48.041687Z[0m [32m INFO[0m [2mwgpu_hal::vulkan::instance[0m[2m:[0m 	objects: (type: INSTANCE, hndl: 0xb84444d18660, name: ?)
[2m2026-08-01T14:48:48.041693Z[0m [32m INFO[0m [2mwgpu_hal::vulkan::instance[0m[2m:[0m GENERAL [Loader Message (0x0)]
	   <Loader>
[2m2026-08-01T14:48:48.041698Z[0m [32m INFO[0m [2mwgpu_hal::vulkan::instance[0m[2m:[0m 	objects: (type: INSTANCE, hndl: 0xb84444d18660, name: ?)
[2m2026-08-01T14:48:48.041704Z[0m [32m INFO[0m [2mwgpu_hal::vulkan::instance[0m[2m:[0m GENERAL [Loader Message (0x0)]
	     ||
[2m2026-08-01T14:48:48.041709Z[0m [32m INFO[0m [2mwgpu_hal::vulkan::instance[0m[2m:[0m 	objects: (type: INSTANCE, hndl: 0xb84444d18660, name: ?)
[2m2026-08-01T14:48:48.041718Z[0m [32m INFO[0m [2mwgpu_hal::vulkan::instance[0m[2m:[0m GENERAL [Loader Message (0x0)]
	   <Device>
[2m2026-08-01T14:48:48.041726Z[0m [32m INFO[0m [2mwgpu_hal::vulkan::instance[0m[2m:[0m 	objects: (type: INSTANCE, hndl: 0xb84444d18660, name: ?)
[2m2026-08-01T14:48:48.041793Z[0m [32m INFO[0m [2mwgpu_hal::vulkan::instance[0m[2m:[0m GENERAL [Loader Message (0x0)]
	       Using "llvmpipe (LLVM 21.1.8, 128 bits)" with driver: "/usr/lib/aarch64-linux-gnu/libvulkan_lvp.so"
[2m2026-08-01T14:48:48.041806Z[0m [32m INFO[0m [2mwgpu_hal::vulkan::instance[0m[2m:[0m 	objects: (type: INSTANCE, hndl: 0xb84444d18660, name: ?)
[2m2026-08-01T14:48:48.054732Z[0m [32m INFO[0m [2mwgpu_core::device::resource[0m[2m:[0m Device::maintain: waiting for submission index 0
[2m2026-08-01T14:48:48.058459Z[0m [32m INFO[0m [2mwgpu_core::device::resource[0m[2m:[0m Device::maintain: waiting for submission index 0
[2m2026-08-01T14:48:48.080783Z[0m [33m WARN[0m [2mwgpu_hal::gles::egl[0m[2m:[0m Re-initializing Gles context due to Wayland window
[slopos-compositor/drm] client disconnected
[2m2026-08-01T14:48:48.110961Z[0m [32m INFO[0m [2mwgpu_hal::vulkan::instance[0m[2m:[0m GENERAL [Loader Message (0x0)]
	linux_read_sorted_physical_devices:
[2m2026-08-01T14:48:48.110990Z[0m [32m INFO[0m [2mwgpu_hal::vulkan::instance[0m[2m:[0m 	objects: (type: INSTANCE, hndl: 0xb7a48c917fa0, name: ?)
[2m2026-08-01T14:48:48.110999Z[0m [32m INFO[0m [2mwgpu_hal::vulkan::instance[0m[2m:[0m GENERAL [Loader Message (0x0)]
	     Original order:
[2m2026-08-01T14:48:48.111011Z[0m [32m INFO[0m [2mwgpu_hal::vulkan::instance[0m[2m:[0m 	objects: (type: INSTANCE, hndl: 0xb7a48c917fa0, name: ?)
[2m2026-08-01T14:48:48.111024Z[0m [32m INFO[0m [2mwgpu_hal::vulkan::instance[0m[2m:[0m GENERAL [Loader Message (0x0)]
	           [0] llvmpipe (LLVM 21.1.8, 128 bits)
[2m2026-08-01T14:48:48.111031Z[0m [32m INFO[0m [2mwgpu_hal::vulkan::instance[0m[2m:[0m 	objects: (type: INSTANCE, hndl: 0xb7a48c917fa0, name: ?)
[2m2026-08-01T14:48:48.111037Z[0m [32m INFO[0m [2mwgpu_hal::vulkan::instance[0m[2m:[0m GENERAL [Loader Message (0x0)]
	     Sorted order:
[2m2026-08-01T14:48:48.111043Z[0m [32m INFO[0m [2mwgpu_hal::vulkan::instance[0m[2m:[0m 	objects: (type: INSTANCE, hndl: 0xb7a48c917fa0, name: ?)
[2m2026-08-01T14:48:48.111051Z[0m [32m INFO[0m [2mwgpu_hal::vulkan::instance[0m[2m:[0m GENERAL [Loader Message (0x0)]
	           [0] llvmpipe (LLVM 21.1.8, 128 bits)  
[2m2026-08-01T14:48:48.111060Z[0m [32m INFO[0m [2mwgpu_hal::vulkan::instance[0m[2m:[0m 	objects: (type: INSTANCE, hndl: 0xb7a48c917fa0, name: ?)
[2m2026-08-01T14:48:48.111070Z[0m [32m INFO[0m [2mwgpu_hal::vulkan::instance[0m[2m:[0m GENERAL [Loader Message (0x0)]
	linux_read_sorted_physical_devices:
[2m2026-08-01T14:48:48.111076Z[0m [32m INFO[0m [2mwgpu_hal::vulkan::instance[0m[2m:[0m 	objects: (type: INSTANCE, hndl: 0xb7a48c917fa0, name: ?)
[2m2026-08-01T14:48:48.111084Z[0m [32m INFO[0m [2mwgpu_hal::vulkan::instance[0m[2m:[0m GENERAL [Loader Message (0x0)]
	     Original order:
[2m2026-08-01T14:48:48.111092Z[0m [32m INFO[0m [2mwgpu_hal::vulkan::instance[0m[2m:[0m 	objects: (type: INSTANCE, hndl: 0xb7a48c917fa0, name: ?)
[2m2026-08-01T14:48:48.111104Z[0m [32m INFO[0m [2mwgpu_hal::vulkan::instance[0m[2m:[0m GENERAL [Loader Message (0x0)]
	           [0] llvmpipe (LLVM 21.1.8, 128 bits)
[2m2026-08-01T14:48:48.111111Z[0m [32m INFO[0m [2mwgpu_hal::vulkan::instance[0m[2m:[0m 	objects: (type: INSTANCE, hndl: 0xb7a48c917fa0, name: ?)
[2m2026-08-01T14:48:48.111121Z[0m [32m INFO[0m [2mwgpu_hal::vulkan::instance[0m[2m:[0m GENERAL [Loader Message (0x0)]
	     Sorted order:
[2m2026-08-01T14:48:48.111127Z[0m [32m INFO[0m [2mwgpu_hal::vulkan::instance[0m[2m:[0m 	objects: (type: INSTANCE, hndl: 0xb7a48c917fa0, name: ?)
[2m2026-08-01T14:48:48.111133Z[0m [32m INFO[0m [2mwgpu_hal::vulkan::instance[0m[2m:[0m GENERAL [Loader Message (0x0)]
	           [0] llvmpipe (LLVM 21.1.8, 128 bits)  
[2m2026-08-01T14:48:48.111139Z[0m [32m INFO[0m [2mwgpu_hal::vulkan::instance[0m[2m:[0m 	objects: (type: INSTANCE, hndl: 0xb7a48c917fa0, name: ?)
[slopos-compositor/drm] client connected
[slopos-compositor/drm] client disconnected
[2m2026-08-01T14:48:48.112542Z[0m [32m INFO[0m [2mwgpu_hal::vulkan::instance[0m[2m:[0m GENERAL [Loader Message (0x0)]
	linux_read_sorted_physical_devices:
[2m2026-08-01T14:48:48.112564Z[0m [32m INFO[0m [2mwgpu_hal::vulkan::instance[0m[2m:[0m 	objects: (type: INSTANCE, hndl: 0xb7a48c917fa0, name: ?)
[2m2026-08-01T14:48:48.112572Z[0m [32m INFO[0m [2mwgpu_hal::vulkan::instance[0m[2m:[0m GENERAL [Loader Message (0x0)]
	     Original order:
[2m2026-08-01T14:48:48.112593Z[0m [32m INFO[0m [2mwgpu_hal::vulkan::instance[0m[2m:[0m 	objects: (type: INSTANCE, hndl: 0xb7a48c917fa0, name: ?)
[2m2026-08-01T14:48:48.112605Z[0m [32m INFO[0m [2mwgpu_hal::vulkan::instance[0m[2m:[0m GENERAL [Loader Message (0x0)]
	           [0] llvmpipe (LLVM 21.1.8, 128 bits)
[2m2026-08-01T14:48:48.112612Z[0m [32m INFO[0m [2mwgpu_hal::vulkan::instance[0m[2m:[0m 	objects: (type: INSTANCE, hndl: 0xb7a48c917fa0, name: ?)
[2m2026-08-01T14:48:48.112618Z[0m [32m INFO[0m [2mwgpu_hal::vulkan::instance[0m[2m:[0m GENERAL [Loader Message (0x0)]
	     Sorted order:
[2m2026-08-01T14:48:48.112624Z[0m [32m INFO[0m [2mwgpu_hal::vulkan::instance[0m[2m:[0m 	objects: (type: INSTANCE, hndl: 0xb7a48c917fa0, name: ?)
[2m2026-08-01T14:48:48.112630Z[0m [32m INFO[0m [2mwgpu_hal::vulkan::instance[0m[2m:[0m GENERAL [Loader Message (0x0)]
	           [0] llvmpipe (LLVM 21.1.8, 128 bits)  
[2m2026-08-01T14:48:48.112636Z[0m [32m INFO[0m [2mwgpu_hal::vulkan::instance[0m[2m:[0m 	objects: (type: INSTANCE, hndl: 0xb7a48c917fa0, name: ?)
[2m2026-08-01T14:48:48.112646Z[0m [32m INFO[0m [2mwgpu_hal::vulkan::instance[0m[2m:[0m GENERAL [Loader Message (0x0)]
	linux_read_sorted_physical_devices:
[2m2026-08-01T14:48:48.112653Z[0m [32m INFO[0m [2mwgpu_hal::vulkan::instance[0m[2m:[0m 	objects: (type: INSTANCE, hndl: 0xb7a48c917fa0, name: ?)
[2m2026-08-01T14:48:48.112659Z[0m [32m INFO[0m [2mwgpu_hal::vulkan::instance[0m[2m:[0m GENERAL [Loader Message (0x0)]
	     Original order:
[2m2026-08-01T14:48:48.112665Z[0m [32m INFO[0m [2mwgpu_hal::vulkan::instance[0m[2m:[0m 	objects: (type: INSTANCE, hndl: 0xb7a48c917fa0, name: ?)
[2m2026-08-01T14:48:48.112673Z[0m [32m INFO[0m [2mwgpu_hal::vulkan::instance[0m[2m:[0m GENERAL [Loader Message (0x0)]
	           [0] llvmpipe (LLVM 21.1.8, 128 bits)
[2m2026-08-01T14:48:48.112680Z[0m [32m INFO[0m [2mwgpu_hal::vulkan::instance[0m[2m:[0m 	objects: (type: INSTANCE, hndl: 0xb7a48c917fa0, name: ?)
[2m2026-08-01T14:48:48.112685Z[0m [32m INFO[0m [2mwgpu_hal::vulkan::instance[0m[2m:[0m GENERAL [Loader Message (0x0)]
	     Sorted order:
[2m2026-08-01T14:48:48.112691Z[0m [32m INFO[0m [2mwgpu_hal::vulkan::instance[0m[2m:[0m 	objects: (type: INSTANCE, hndl: 0xb7a48c917fa0, name: ?)
[2m2026-08-01T14:48:48.112697Z[0m [32m INFO[0m [2mwgpu_hal::vulkan::instance[0m[2m:[0m GENERAL [Loader Message (0x0)]
	           [0] llvmpipe (LLVM 21.1.8, 128 bits)  
[2m2026-08-01T14:48:48.112704Z[0m [32m INFO[0m [2mwgpu_hal::vulkan::instance[0m[2m:[0m 	objects: (type: INSTANCE, hndl: 0xb7a48c917fa0, name: ?)
[slopos-compositor/drm] client connected
[2m2026-08-01T14:48:48.113563Z[0m [32m INFO[0m [2mwgpu_hal::vulkan::instance[0m[2m:[0m GENERAL [Loader Message (0x0)]
	Removing driver /usr/lib/aarch64-linux-gnu/libvulkan_radeon.so due to not having any physical devices
[2m2026-08-01T14:48:48.113581Z[0m [32m INFO[0m [2mwgpu_hal::vulkan::instance[0m[2m:[0m 	objects: (type: INSTANCE, hndl: 0xb7a48c917fa0, name: ?)
[slopos-compositor/drm] client disconnected
[2m2026-08-01T14:48:48.113727Z[0m [32m INFO[0m [2mwgpu_hal::vulkan::instance[0m[2m:[0m GENERAL [Loader Message (0x0)]
	Removing driver /usr/lib/aarch64-linux-gnu/libvulkan_powervr_mesa.so due to not having any physical devices
[2m2026-08-01T14:48:48.113741Z[0m [32m INFO[0m [2mwgpu_hal::vulkan::instance[0m[2m:[0m 	objects: (type: INSTANCE, hndl: 0xb7a48c917fa0, name: ?)
[2m2026-08-01T14:48:48.113850Z[0m [32m INFO[0m [2mwgpu_hal::vulkan::instance[0m[2m:[0m GENERAL [Loader Message (0x0)]
	Removing driver /usr/lib/aarch64-linux-gnu/libvulkan_intel.so due to not having any physical devices
[2m2026-08-01T14:48:48.113862Z[0m [32m INFO[0m [2mwgpu_hal::vulkan::instance[0m[2m:[0m 	objects: (type: INSTANCE, hndl: 0xb7a48c917fa0, name: ?)
[2m2026-08-01T14:48:48.113962Z[0m [32m INFO[0m [2mwgpu_hal::vulkan::instance[0m[2m:[0m GENERAL [Loader Message (0x0)]
	Removing driver /usr/lib/aarch64-linux-gnu/libvulkan_asahi.so due to not having any physical devices
[2m2026-08-01T14:48:48.113976Z[0m [32m INFO[0m [2mwgpu_hal::vulkan::instance[0m[2m:[0m 	objects: (type: INSTANCE, hndl: 0xb7a48c917fa0, name: ?)
[2m2026-08-01T14:48:48.114097Z[0m [32m INFO[0m [2mwgpu_hal::vulkan::instance[0m[2m:[0m GENERAL [Loader Message (0x0)]
	Removing driver /usr/lib/aarch64-linux-gnu/libvulkan_virtio.so due to not having any physical devices
[2m2026-08-01T14:48:48.114108Z[0m [32m INFO[0m [2mwgpu_hal::vulkan::instance[0m[2m:[0m 	objects: (type: INSTANCE, hndl: 0xb7a48c917fa0, name: ?)
[2m2026-08-01T14:48:48.114183Z[0m [32m INFO[0m [2mwgpu_hal::vulkan::instance[0m[2m:[0m GENERAL [Loader Message (0x0)]
	Removing driver /usr/lib/aarch64-linux-gnu/libvulkan_gfxstream.so due to not having any physical devices
[2m2026-08-01T14:48:48.114197Z[0m [32m INFO[0m [2mwgpu_hal::vulkan::instance[0m[2m:[0m 	objects: (type: INSTANCE, hndl: 0xb7a48c917fa0, name: ?)
[2m2026-08-01T14:48:48.114527Z[0m [32m INFO[0m [2mwgpu_hal::vulkan::instance[0m[2m:[0m GENERAL [Loader Message (0x0)]
	Removing driver /usr/lib/aarch64-linux-gnu/libvulkan_freedreno.so due to not having any physical devices
[2m2026-08-01T14:48:48.114539Z[0m [32m INFO[0m [2mwgpu_hal::vulkan::instance[0m[2m:[0m 	objects: (type: INSTANCE, hndl: 0xb7a48c917fa0, name: ?)
[2m2026-08-01T14:48:48.114634Z[0m [32m INFO[0m [2mwgpu_hal::vulkan::instance[0m[2m:[0m GENERAL [Loader Message (0x0)]
	Removing driver /usr/lib/aarch64-linux-gnu/libvulkan_panfrost.so due to not having any physical devices
[2m2026-08-01T14:48:48.114643Z[0m [32m INFO[0m [2mwgpu_hal::vulkan::instance[0m[2m:[0m 	objects: (type: INSTANCE, hndl: 0xb7a48c917fa0, name: ?)
[2m2026-08-01T14:48:48.114778Z[0m [32m INFO[0m [2mwgpu_hal::vulkan::instance[0m[2m:[0m GENERAL [Loader Message (0x0)]
	Removing driver /usr/lib/aarch64-linux-gnu/libvulkan_broadcom.so due to not having any physical devices
[2m2026-08-01T14:48:48.114788Z[0m [32m INFO[0m [2mwgpu_hal::vulkan::instance[0m[2m:[0m 	objects: (type: INSTANCE, hndl: 0xb7a48c917fa0, name: ?)
[2m2026-08-01T14:48:48.114890Z[0m [32m INFO[0m [2mwgpu_hal::vulkan::instance[0m[2m:[0m GENERAL [Loader Message (0x0)]
	Removing driver /usr/lib/aarch64-linux-gnu/libvulkan_nouveau.so due to not having any physical devices
[2m2026-08-01T14:48:48.114903Z[0m [32m INFO[0m [2mwgpu_hal::vulkan::instance[0m[2m:[0m 	objects: (type: INSTANCE, hndl: 0xb7a48c917fa0, name: ?)
[2m2026-08-01T14:48:48.121735Z[0m [32m INFO[0m [2mwgpu_core::instance[0m[2m:[0m Adapter Vulkan AdapterInfo { name: "llvmpipe (LLVM 21.1.8, 128 bits)", vendor: 65541, device: 0, device_type: Cpu, driver: "llvmpipe", driver_info: "Mesa 26.0.3-1ubuntu1 (LLVM 21.1.8)", backend: Vulkan }
[2m2026-08-01T14:48:48.121944Z[0m [32m INFO[0m [2mwgpu_hal::vulkan::instance[0m[2m:[0m GENERAL [Loader Message (0x0)]
	Failed to find vkGetDeviceProcAddr in layer "/usr/lib/aarch64-linux-gnu/libVkLayer_MESA_device_select.so"
[2m2026-08-01T14:48:48.121962Z[0m [32m INFO[0m [2mwgpu_hal::vulkan::instance[0m[2m:[0m 	objects: (type: INSTANCE, hndl: 0xb7a48c917fa0, name: ?)
[2m2026-08-01T14:48:48.121969Z[0m [32m INFO[0m [2mwgpu_hal::vulkan::instance[0m[2m:[0m GENERAL [Loader Message (0x0)]
	vkCreateDevice layer callstack setup to:
[2m2026-08-01T14:48:48.121976Z[0m [32m INFO[0m [2mwgpu_hal::vulkan::instance[0m[2m:[0m 	objects: (type: INSTANCE, hndl: 0xb7a48c917fa0, name: ?)
[2m2026-08-01T14:48:48.121982Z[0m [32m INFO[0m [2mwgpu_hal::vulkan::instance[0m[2m:[0m GENERAL [Loader Message (0x0)]
	   <Application>
[2m2026-08-01T14:48:48.121993Z[0m [32m INFO[0m [2mwgpu_hal::vulkan::instance[0m[2m:[0m 	objects: (type: INSTANCE, hndl: 0xb7a48c917fa0, name: ?)
[2m2026-08-01T14:48:48.122000Z[0m [32m INFO[0m [2mwgpu_hal::vulkan::instance[0m[2m:[0m GENERAL [Loader Message (0x0)]
	     ||
[2m2026-08-01T14:48:48.122005Z[0m [32m INFO[0m [2mwgpu_hal::vulkan::instance[0m[2m:[0m 	objects: (type: INSTANCE, hndl: 0xb7a48c917fa0, name: ?)
[2m2026-08-01T14:48:48.122025Z[0m [32m INFO[0m [2mwgpu_hal::vulkan::instance[0m[2m:[0m GENERAL [Loader Message (0x0)]
	   <Loader>
[2m2026-08-01T14:48:48.122034Z[0m [32m INFO[0m [2mwgpu_hal::vulkan::instance[0m[2m:[0m 	objects: (type: INSTANCE, hndl: 0xb7a48c917fa0, name: ?)
[2m2026-08-01T14:48:48.122040Z[0m [32m INFO[0m [2mwgpu_hal::vulkan::instance[0m[2m:[0m GENERAL [Loader Message (0x0)]
	     ||
[2m2026-08-01T14:48:48.122045Z[0m [32m INFO[0m [2mwgpu_hal::vulkan::instance[0m[2m:[0m 	objects: (type: INSTANCE, hndl: 0xb7a48c917fa0, name: ?)
[2m2026-08-01T14:48:48.122051Z[0m [32m INFO[0m [2mwgpu_hal::vulkan::instance[0m[2m:[0m GENERAL [Loader Message (0x0)]
	   <Device>
[2m2026-08-01T14:48:48.122058Z[0m [32m INFO[0m [2mwgpu_hal::vulkan::instance[0m[2m:[0m 	objects: (type: INSTANCE, hndl: 0xb7a48c917fa0, name: ?)
[2m2026-08-01T14:48:48.122203Z[0m [32m INFO[0m [2mwgpu_hal::vulkan::instance[0m[2m:[0m GENERAL [Loader Message (0x0)]
	       Using "llvmpipe (LLVM 21.1.8, 128 bits)" with driver: "/usr/lib/aarch64-linux-gnu/libvulkan_lvp.so"
[2m2026-08-01T14:48:48.122214Z[0m [32m INFO[0m [2mwgpu_hal::vulkan::instance[0m[2m:[0m 	objects: (type: INSTANCE, hndl: 0xb7a48c917fa0, name: ?)
[2m2026-08-01T14:48:48.150467Z[0m [32m INFO[0m [2mwgpu_core::device::resource[0m[2m:[0m Device::maintain: waiting for submission index 0
[2m2026-08-01T14:48:48.164506Z[0m [33m WARN[0m [2mwgpu_hal::vulkan::instance[0m[2m:[0m InstanceFlags::VALIDATION requested, but unable to find layer: VK_LAYER_KHRONOS_validation
[2m2026-08-01T14:48:48.164553Z[0m [32m INFO[0m [2mwgpu_hal::vulkan::instance[0m[2m:[0m GENERAL [Loader Message (0x0)]
	No valid vk_loader_settings.json file found, no loader settings will be active
[2m2026-08-01T14:48:48.164570Z[0m [32m INFO[0m [2mwgpu_hal::vulkan::instance[0m[2m:[0m 	objects: (type: INSTANCE, hndl: 0xb7a4907cf400, name: ?)
[2m2026-08-01T14:48:48.164579Z[0m [32m INFO[0m [2mwgpu_hal::vulkan::instance[0m[2m:[0m GENERAL [Loader Message (0x0)]
	Searching for implicit layer manifest files
[2m2026-08-01T14:48:48.164586Z[0m [32m INFO[0m [2mwgpu_hal::vulkan::instance[0m[2m:[0m 	objects: (type: INSTANCE, hndl: 0xb7a4907cf400, name: ?)
[2m2026-08-01T14:48:48.164592Z[0m [32m INFO[0m [2mwgpu_hal::vulkan::instance[0m[2m:[0m GENERAL [Loader Message (0x0)]
	   In following locations:
[2m2026-08-01T14:48:48.164598Z[0m [32m INFO[0m [2mwgpu_hal::vulkan::instance[0m[2m:[0m 	objects: (type: INSTANCE, hndl: 0xb7a4907cf400, name: ?)
[2m2026-08-01T14:48:48.164604Z[0m [32m INFO[0m [2mwgpu_hal::vulkan::instance[0m[2m:[0m GENERAL [Loader Message (0x0)]
	      /home/ubuntu/.config/vulkan/implicit_layer.d
[2m2026-08-01T14:48:48.164611Z[0m [32m INFO[0m [2mwgpu_hal::vulkan::instance[0m[2m:[0m 	objects: (type: INSTANCE, hndl: 0xb7a4907cf400, name: ?)
[2m2026-08-01T14:48:48.164617Z[0m [32m INFO[0m [2mwgpu_hal::vulkan::instance[0m[2m:[0m GENERAL [Loader Message (0x0)]
	      /etc/xdg/vulkan/implicit_layer.d
[2m2026-08-01T14:48:48.164623Z[0m [32m INFO[0m [2mwgpu_hal::vulkan::instance[0m[2m:[0m 	objects: (type: INSTANCE, hndl: 0xb7a4907cf400, name: ?)
[2m2026-08-01T14:48:48.164629Z[0m [32m INFO[0m [2mwgpu_hal::vulkan::instance[0m[2m:[0m GENERAL [Loader Message (0x0)]
	      /etc/vulkan/implicit_layer.d
[2m2026-08-01T14:48:48.164635Z[0m [32m INFO[0m [2mwgpu_hal::vulkan::instance[0m[2m:[0m 	objects: (type: INSTANCE, hndl: 0xb7a4907cf400, name: ?)
[2m2026-08-01T14:48:48.164641Z[0m [32m INFO[0m [2mwgpu_hal::vulkan::instance[0m[2m:[0m GENERAL [Loader Message (0x0)]
	      /home/ubuntu/.local/share/vulkan/implicit_layer.d
[2m2026-08-01T14:48:48.164648Z[0m [32m INFO[0m [2mwgpu_hal::vulkan::instance[0m[2m:[0m 	objects: (type: INSTANCE, hndl: 0xb7a4907cf400, name: ?)
[2m2026-08-01T14:48:48.164653Z[0m [32m INFO[0m [2mwgpu_hal::vulkan::instance[0m[2m:[0m GENERAL [Loader Message (0x0)]
	      /usr/local/share/vulkan/implicit_layer.d
[2m2026-08-01T14:48:48.164667Z[0m [32m INFO[0m [2mwgpu_hal::vulkan::instance[0m[2m:[0m 	objects: (type: INSTANCE, hndl: 0xb7a4907cf400, name: ?)
[2m2026-08-01T14:48:48.164674Z[0m [32m INFO[0m [2mwgpu_hal::vulkan::instance[0m[2m:[0m GENERAL [Loader Message (0x0)]
	      /usr/share/vulkan/implicit_layer.d
[2m2026-08-01T14:48:48.164681Z[0m [32m INFO[0m [2mwgpu_hal::vulkan::instance[0m[2m:[0m 	objects: (type: INSTANCE, hndl: 0xb7a4907cf400, name: ?)
[2m2026-08-01T14:48:48.164698Z[0m [32m INFO[0m [2mwgpu_hal::vulkan::instance[0m[2m:[0m GENERAL [Loader Message (0x0)]
	   Found the following files:
[2m2026-08-01T14:48:48.164705Z[0m [32m INFO[0m [2mwgpu_hal::vulkan::instance[0m[2m:[0m 	objects: (type: INSTANCE, hndl: 0xb7a4907cf400, name: ?)
[2m2026-08-01T14:48:48.164733Z[0m [32m INFO[0m [2mwgpu_hal::vulkan::instance[0m[2m:[0m GENERAL [Loader Message (0x0)]
	      /usr/share/vulkan/implicit_layer.d/VkLayer_MESA_anti_lag.json
[2m2026-08-01T14:48:48.164744Z[0m [32m INFO[0m [2mwgpu_hal::vulkan::instance[0m[2m:[0m 	objects: (type: INSTANCE, hndl: 0xb7a4907cf400, name: ?)
[2m2026-08-01T14:48:48.164750Z[0m [32m INFO[0m [2mwgpu_hal::vulkan::instance[0m[2m:[0m GENERAL [Loader Message (0x0)]
	      /usr/share/vulkan/implicit_layer.d/VkLayer_MESA_device_select.json
[2m2026-08-01T14:48:48.164757Z[0m [32m INFO[0m [2mwgpu_hal::vulkan::instance[0m[2m:[0m 	objects: (type: INSTANCE, hndl: 0xb7a4907cf400, name: ?)
[2m2026-08-01T14:48:48.164772Z[0m [32m INFO[0m [2mwgpu_hal::vulkan::instance[0m[2m:[0m GENERAL [Loader Message (0x0)]
	Found manifest file /usr/share/vulkan/implicit_layer.d/VkLayer_MESA_anti_lag.json (file version 1.2.1)
[2m2026-08-01T14:48:48.164780Z[0m [32m INFO[0m [2mwgpu_hal::vulkan::instance[0m[2m:[0m 	objects: (type: INSTANCE, hndl: 0xb7a4907cf400, name: ?)
[2m2026-08-01T14:48:48.164795Z[0m [32m INFO[0m [2mwgpu_hal::vulkan::instance[0m[2m:[0m GENERAL [Loader Message (0x0)]
	Found manifest file /usr/share/vulkan/implicit_layer.d/VkLayer_MESA_device_select.json (file version 1.0.0)
[2m2026-08-01T14:48:48.164804Z[0m [32m INFO[0m [2mwgpu_hal::vulkan::instance[0m[2m:[0m 	objects: (type: INSTANCE, hndl: 0xb7a4907cf400, name: ?)
[2m2026-08-01T14:48:48.164819Z[0m [32m INFO[0m [2mwgpu_hal::vulkan::instance[0m[2m:[0m GENERAL [Loader Message (0x0)]
	Searching for explicit layer manifest files
[2m2026-08-01T14:48:48.164826Z[0m [32m INFO[0m [2mwgpu_hal::vulkan::instance[0m[2m:[0m 	objects: (type: INSTANCE, hndl: 0xb7a4907cf400, name: ?)
[2m2026-08-01T14:48:48.164832Z[0m [32m INFO[0m [2mwgpu_hal::vulkan::instance[0m[2m:[0m GENERAL [Loader Message (0x0)]
	   In following locations:
[2m2026-08-01T14:48:48.164838Z[0m [32m INFO[0m [2mwgpu_hal::vulkan::instance[0m[2m:[0m 	objects: (type: INSTANCE, hndl: 0xb7a4907cf400, name: ?)
[2m2026-08-01T14:48:48.164844Z[0m [32m INFO[0m [2mwgpu_hal::vulkan::instance[0m[2m:[0m GENERAL [Loader Message (0x0)]
	      /home/ubuntu/.config/vulkan/explicit_layer.d
[2m2026-08-01T14:48:48.164851Z[0m [32m INFO[0m [2mwgpu_hal::vulkan::instance[0m[2m:[0m 	objects: (type: INSTANCE, hndl: 0xb7a4907cf400, name: ?)
[2m2026-08-01T14:48:48.164856Z[0m [32m INFO[0m [2mwgpu_hal::vulkan::instance[0m[2m:[0m GENERAL [Loader Message (0x0)]
	      /etc/xdg/vulkan/explicit_layer.d
[2m2026-08-01T14:48:48.164862Z[0m [32m INFO[0m [2mwgpu_hal::vulkan::instance[0m[2m:[0m 	objects: (type: INSTANCE, hndl: 0xb7a4907cf400, name: ?)
[2m2026-08-01T14:48:48.164868Z[0m [32m INFO[0m [2mwgpu_hal::vulkan::instance[0m[2m:[0m GENERAL [Loader Message (0x0)]
	      /etc/vulkan/explicit_layer.d
[2m2026-08-01T14:48:48.164874Z[0m [32m INFO[0m [2mwgpu_hal::vulkan::instance[0m[2m:[0m 	objects: (type: INSTANCE, hndl: 0xb7a4907cf400, name: ?)
[2m2026-08-01T14:48:48.164880Z[0m [32m INFO[0m [2mwgpu_hal::vulkan::instance[0m[2m:[0m GENERAL [Loader Message (0x0)]
	      /home/ubuntu/.local/share/vulkan/explicit_layer.d
[2m2026-08-01T14:48:48.164894Z[0m [32m INFO[0m [2mwgpu_hal::vulkan::instance[0m[2m:[0m 	objects: (type: INSTANCE, hndl: 0xb7a4907cf400, name: ?)
[2m2026-08-01T14:48:48.164900Z[0m [32m INFO[0m [2mwgpu_hal::vulkan::instance[0m[2m:[0m GENERAL [Loader Message (0x0)]
	      /usr/local/share/vulkan/explicit_layer.d
[2m2026-08-01T14:48:48.164906Z[0m [32m INFO[0m [2mwgpu_hal::vulkan::instance[0m[2m:[0m 	objects: (type: INSTANCE, hndl: 0xb7a4907cf400, name: ?)
[2m2026-08-01T14:48:48.164912Z[0m [32m INFO[0m [2mwgpu_hal::vulkan::instance[0m[2m:[0m GENERAL [Loader Message (0x0)]
	      /usr/share/vulkan/explicit_layer.d
[2m2026-08-01T14:48:48.164918Z[0m [32m INFO[0m [2mwgpu_hal::vulkan::instance[0m[2m:[0m 	objects: (type: INSTANCE, hndl: 0xb7a4907cf400, name: ?)
[2m2026-08-01T14:48:48.164938Z[0m [32m INFO[0m [2mwgpu_hal::vulkan::instance[0m[2m:[0m GENERAL [Loader Message (0x0)]
	   Found the following files:
[2m2026-08-01T14:48:48.164945Z[0m [32m INFO[0m [2mwgpu_hal::vulkan::instance[0m[2m:[0m 	objects: (type: INSTANCE, hndl: 0xb7a4907cf400, name: ?)
[2m2026-08-01T14:48:48.164950Z[0m [32m INFO[0m [2mwgpu_hal::vulkan::instance[0m[2m:[0m GENERAL [Loader Message (0x0)]
	      /usr/share/vulkan/explicit_layer.d/VkLayer_MESA_screenshot.json
[2m2026-08-01T14:48:48.164957Z[0m [32m INFO[0m [2mwgpu_hal::vulkan::instance[0m[2m:[0m 	objects: (type: INSTANCE, hndl: 0xb7a4907cf400, name: ?)
[2m2026-08-01T14:48:48.164963Z[0m [32m INFO[0m [2mwgpu_hal::vulkan::instance[0m[2m:[0m GENERAL [Loader Message (0x0)]
	      /usr/share/vulkan/explicit_layer.d/VkLayer_MESA_overlay.json
[2m2026-08-01T14:48:48.164970Z[0m [32m INFO[0m [2mwgpu_hal::vulkan::instance[0m[2m:[0m 	objects: (type: INSTANCE, hndl: 0xb7a4907cf400, name: ?)
[2m2026-08-01T14:48:48.164976Z[0m [32m INFO[0m [2mwgpu_hal::vulkan::instance[0m[2m:[0m GENERAL [Loader Message (0x0)]
	      /usr/share/vulkan/explicit_layer.d/VkLayer_INTEL_nullhw.json
[2m2026-08-01T14:48:48.164982Z[0m [32m INFO[0m [2mwgpu_hal::vulkan::instance[0m[2m:[0m 	objects: (type: INSTANCE, hndl: 0xb7a4907cf400, name: ?)
[2m2026-08-01T14:48:48.164992Z[0m [32m INFO[0m [2mwgpu_hal::vulkan::instance[0m[2m:[0m GENERAL [Loader Message (0x0)]
	Found manifest file /usr/share/vulkan/explicit_layer.d/VkLayer_MESA_screenshot.json (file version 1.0.0)
[2m2026-08-01T14:48:48.165000Z[0m [32m INFO[0m [2mwgpu_hal::vulkan::instance[0m[2m:[0m 	objects: (type: INSTANCE, hndl: 0xb7a4907cf400, name: ?)
[2m2026-08-01T14:48:48.165022Z[0m [32m INFO[0m [2mwgpu_hal::vulkan::instance[0m[2m:[0m GENERAL [Loader Message (0x0)]
	Found manifest file /usr/share/vulkan/explicit_layer.d/VkLayer_MESA_overlay.json (file version 1.0.0)
[2m2026-08-01T14:48:48.165029Z[0m [32m INFO[0m [2mwgpu_hal::vulkan::instance[0m[2m:[0m 	objects: (type: INSTANCE, hndl: 0xb7a4907cf400, name: ?)
[2m2026-08-01T14:48:48.165039Z[0m [32m INFO[0m [2mwgpu_hal::vulkan::instance[0m[2m:[0m GENERAL [Loader Message (0x0)]
	Found manifest file /usr/share/vulkan/explicit_layer.d/VkLayer_INTEL_nullhw.json (file version 1.0.0)
[2m2026-08-01T14:48:48.165047Z[0m [32m INFO[0m [2mwgpu_hal::vulkan::instance[0m[2m:[0m 	objects: (type: INSTANCE, hndl: 0xb7a4907cf400, name: ?)
[2m2026-08-01T14:48:48.165057Z[0m [32m INFO[0m [2mwgpu_hal::vulkan::instance[0m[2m:[0m GENERAL [Loader Message (0x0)]
	Searching for driver manifest files
[2m2026-08-01T14:48:48.165063Z[0m [32m INFO[0m [2mwgpu_hal::vulkan::instance[0m[2m:[0m 	objects: (type: INSTANCE, hndl: 0xb7a4907cf400, name: ?)
[2m2026-08-01T14:48:48.165069Z[0m [32m INFO[0m [2mwgpu_hal::vulkan::instance[0m[2m:[0m GENERAL [Loader Message (0x0)]
	   In following locations:
[2m2026-08-01T14:48:48.165075Z[0m [32m INFO[0m [2mwgpu_hal::vulkan::instance[0m[2m:[0m 	objects: (type: INSTANCE, hndl: 0xb7a4907cf400, name: ?)
[2m2026-08-01T14:48:48.165080Z[0m [32m INFO[0m [2mwgpu_hal::vulkan::instance[0m[2m:[0m GENERAL [Loader Message (0x0)]
	      /home/ubuntu/.config/vulkan/icd.d
[2m2026-08-01T14:48:48.165093Z[0m [32m INFO[0m [2mwgpu_hal::vulkan::instance[0m[2m:[0m 	objects: (type: INSTANCE, hndl: 0xb7a4907cf400, name: ?)
[2m2026-08-01T14:48:48.165099Z[0m [32m INFO[0m [2mwgpu_hal::vulkan::instance[0m[2m:[0m GENERAL [Loader Message (0x0)]
	      /etc/xdg/vulkan/icd.d
[2m2026-08-01T14:48:48.165105Z[0m [32m INFO[0m [2mwgpu_hal::vulkan::instance[0m[2m:[0m 	objects: (type: INSTANCE, hndl: 0xb7a4907cf400, name: ?)
[2m2026-08-01T14:48:48.165111Z[0m [32m INFO[0m [2mwgpu_hal::vulkan::instance[0m[2m:[0m GENERAL [Loader Message (0x0)]
	      /etc/vulkan/icd.d
[2m2026-08-01T14:48:48.165117Z[0m [32m INFO[0m [2mwgpu_hal::vulkan::instance[0m[2m:[0m 	objects: (type: INSTANCE, hndl: 0xb7a4907cf400, name: ?)
[2m2026-08-01T14:48:48.165122Z[0m [32m INFO[0m [2mwgpu_hal::vulkan::instance[0m[2m:[0m GENERAL [Loader Message (0x0)]
	      /home/ubuntu/.local/share/vulkan/icd.d
[2m2026-08-01T14:48:48.165129Z[0m [32m INFO[0m [2mwgpu_hal::vulkan::instance[0m[2m:[0m 	objects: (type: INSTANCE, hndl: 0xb7a4907cf400, name: ?)
[2m2026-08-01T14:48:48.165134Z[0m [32m INFO[0m [2mwgpu_hal::vulkan::instance[0m[2m:[0m GENERAL [Loader Message (0x0)]
	      /usr/local/share/vulkan/icd.d
[2m2026-08-01T14:48:48.165140Z[0m [32m INFO[0m [2mwgpu_hal::vulkan::instance[0m[2m:[0m 	objects: (type: INSTANCE, hndl: 0xb7a4907cf400, name: ?)
[2m2026-08-01T14:48:48.165146Z[0m [32m INFO[0m [2mwgpu_hal::vulkan::instance[0m[2m:[0m GENERAL [Loader Message (0x0)]
	      /usr/share/vulkan/icd.d
[2m2026-08-01T14:48:48.165152Z[0m [32m INFO[0m [2mwgpu_hal::vulkan::instance[0m[2m:[0m 	objects: (type: INSTANCE, hndl: 0xb7a4907cf400, name: ?)
[2m2026-08-01T14:48:48.165183Z[0m [32m INFO[0m [2mwgpu_hal::vulkan::instance[0m[2m:[0m GENERAL [Loader Message (0x0)]
	   Found the following files:
[2m2026-08-01T14:48:48.165190Z[0m [32m INFO[0m [2mwgpu_hal::vulkan::instance[0m[2m:[0m 	objects: (type: INSTANCE, hndl: 0xb7a4907cf400, name: ?)
[2m2026-08-01T14:48:48.165196Z[0m [32m INFO[0m [2mwgpu_hal::vulkan::instance[0m[2m:[0m GENERAL [Loader Message (0x0)]
	      /usr/share/vulkan/icd.d/nouveau_icd.json
[2m2026-08-01T14:48:48.165202Z[0m [32m INFO[0m [2mwgpu_hal::vulkan::instance[0m[2m:[0m 	objects: (type: INSTANCE, hndl: 0xb7a4907cf400, name: ?)
[2m2026-08-01T14:48:48.165208Z[0m [32m INFO[0m [2mwgpu_hal::vulkan::instance[0m[2m:[0m GENERAL [Loader Message (0x0)]
	      /usr/share/vulkan/icd.d/broadcom_icd.json
[2m2026-08-01T14:48:48.165214Z[0m [32m INFO[0m [2mwgpu_hal::vulkan::instance[0m[2m:[0m 	objects: (type: INSTANCE, hndl: 0xb7a4907cf400, name: ?)
[2m2026-08-01T14:48:48.165220Z[0m [32m INFO[0m [2mwgpu_hal::vulkan::instance[0m[2m:[0m GENERAL [Loader Message (0x0)]
	      /usr/share/vulkan/icd.d/panfrost_icd.json
[2m2026-08-01T14:48:48.165278Z[0m [32m INFO[0m [2mwgpu_hal::vulkan::instance[0m[2m:[0m 	objects: (type: INSTANCE, hndl: 0xb7a4907cf400, name: ?)
[2m2026-08-01T14:48:48.165284Z[0m [32m INFO[0m [2mwgpu_hal::vulkan::instance[0m[2m:[0m GENERAL [Loader Message (0x0)]
	      /usr/share/vulkan/icd.d/freedreno_icd.json
[2m2026-08-01T14:48:48.165291Z[0m [32m INFO[0m [2mwgpu_hal::vulkan::instance[0m[2m:[0m 	objects: (type: INSTANCE, hndl: 0xb7a4907cf400, name: ?)
[2m2026-08-01T14:48:48.165296Z[0m [32m INFO[0m [2mwgpu_hal::vulkan::instance[0m[2m:[0m GENERAL [Loader Message (0x0)]
	      /usr/share/vulkan/icd.d/gfxstream_vk_icd.json
[2m2026-08-01T14:48:48.165303Z[0m [32m INFO[0m [2mwgpu_hal::vulkan::instance[0m[2m:[0m 	objects: (type: INSTANCE, hndl: 0xb7a4907cf400, name: ?)
[2m2026-08-01T14:48:48.165308Z[0m [32m INFO[0m [2mwgpu_hal::vulkan::instance[0m[2m:[0m GENERAL [Loader Message (0x0)]
	      /usr/share/vulkan/icd.d/virtio_icd.json
[2m2026-08-01T14:48:48.165315Z[0m [32m INFO[0m [2mwgpu_hal::vulkan::instance[0m[2m:[0m 	objects: (type: INSTANCE, hndl: 0xb7a4907cf400, name: ?)
[2m2026-08-01T14:48:48.165320Z[0m [32m INFO[0m [2mwgpu_hal::vulkan::instance[0m[2m:[0m GENERAL [Loader Message (0x0)]
	      /usr/share/vulkan/icd.d/asahi_icd.json
[2m2026-08-01T14:48:48.165329Z[0m [32m INFO[0m [2mwgpu_hal::vulkan::instance[0m[2m:[0m 	objects: (type: INSTANCE, hndl: 0xb7a4907cf400, name: ?)
[2m2026-08-01T14:48:48.165335Z[0m [32m INFO[0m [2mwgpu_hal::vulkan::instance[0m[2m:[0m GENERAL [Loader Message (0x0)]
	      /usr/share/vulkan/icd.d/lvp_icd.json
[2m2026-08-01T14:48:48.165341Z[0m [32m INFO[0m [2mwgpu_hal::vulkan::instance[0m[2m:[0m 	objects: (type: INSTANCE, hndl: 0xb7a4907cf400, name: ?)
[2m2026-08-01T14:48:48.165346Z[0m [32m INFO[0m [2mwgpu_hal::vulkan::instance[0m[2m:[0m GENERAL [Loader Message (0x0)]
	      /usr/share/vulkan/icd.d/intel_icd.json
[2m2026-08-01T14:48:48.165353Z[0m [32m INFO[0m [2mwgpu_hal::vulkan::instance[0m[2m:[0m 	objects: (type: INSTANCE, hndl: 0xb7a4907cf400, name: ?)
[2m2026-08-01T14:48:48.165358Z[0m [32m INFO[0m [2mwgpu_hal::vulkan::instance[0m[2m:[0m GENERAL [Loader Message (0x0)]
	      /usr/share/vulkan/icd.d/powervr_mesa_icd.json
[2m2026-08-01T14:48:48.165365Z[0m [32m INFO[0m [2mwgpu_hal::vulkan::instance[0m[2m:[0m 	objects: (type: INSTANCE, hndl: 0xb7a4907cf400, name: ?)
[2m2026-08-01T14:48:48.165370Z[0m [32m INFO[0m [2mwgpu_hal::vulkan::instance[0m[2m:[0m GENERAL [Loader Message (0x0)]
	      /usr/share/vulkan/icd.d/radeon_icd.json
[2m2026-08-01T14:48:48.165376Z[0m [32m INFO[0m [2mwgpu_hal::vulkan::instance[0m[2m:[0m 	objects: (type: INSTANCE, hndl: 0xb7a4907cf400, name: ?)
[2m2026-08-01T14:48:48.165391Z[0m [32m INFO[0m [2mwgpu_hal::vulkan::instance[0m[2m:[0m GENERAL [Loader Message (0x0)]
	Found ICD manifest file /usr/share/vulkan/icd.d/nouveau_icd.json, version 1.0.1
[2m2026-08-01T14:48:48.165398Z[0m [32m INFO[0m [2mwgpu_hal::vulkan::instance[0m[2m:[0m 	objects: (type: INSTANCE, hndl: 0xb7a4907cf400, name: ?)
[2m2026-08-01T14:48:48.165431Z[0m [32m INFO[0m [2mwgpu_hal::vulkan::instance[0m[2m:[0m GENERAL [Loader Message (0x0)]
	Found ICD manifest file /usr/share/vulkan/icd.d/broadcom_icd.json, version 1.0.1
[2m2026-08-01T14:48:48.165439Z[0m [32m INFO[0m [2mwgpu_hal::vulkan::instance[0m[2m:[0m 	objects: (type: INSTANCE, hndl: 0xb7a4907cf400, name: ?)
[2m2026-08-01T14:48:48.165669Z[0m [32m INFO[0m [2mwgpu_hal::vulkan::instance[0m[2m:[0m GENERAL [Loader Message (0x0)]
	Found ICD manifest file /usr/share/vulkan/icd.d/panfrost_icd.json, version 1.0.1
[2m2026-08-01T14:48:48.165678Z[0m [32m INFO[0m [2mwgpu_hal::vulkan::instance[0m[2m:[0m 	objects: (type: INSTANCE, hndl: 0xb7a4907cf400, name: ?)
[2m2026-08-01T14:48:48.165970Z[0m [32m INFO[0m [2mwgpu_hal::vulkan::instance[0m[2m:[0m GENERAL [Loader Message (0x0)]
	Found ICD manifest file /usr/share/vulkan/icd.d/freedreno_icd.json, version 1.0.1
[2m2026-08-01T14:48:48.165979Z[0m [32m INFO[0m [2mwgpu_hal::vulkan::instance[0m[2m:[0m 	objects: (type: INSTANCE, hndl: 0xb7a4907cf400, name: ?)
[2m2026-08-01T14:48:48.166717Z[0m [32m INFO[0m [2mwgpu_hal::vulkan::instance[0m[2m:[0m GENERAL [Loader Message (0x0)]
	Found ICD manifest file /usr/share/vulkan/icd.d/gfxstream_vk_icd.json, version 1.0.1
[2m2026-08-01T14:48:48.166729Z[0m [32m INFO[0m [2mwgpu_hal::vulkan::instance[0m[2m:[0m 	objects: (type: INSTANCE, hndl: 0xb7a4907cf400, name: ?)
[2m2026-08-01T14:48:48.166848Z[0m [32m INFO[0m [2mwgpu_hal::vulkan::instance[0m[2m:[0m GENERAL [Loader Message (0x0)]
	Found ICD manifest file /usr/share/vulkan/icd.d/virtio_icd.json, version 1.0.1
[2m2026-08-01T14:48:48.166856Z[0m [32m INFO[0m [2mwgpu_hal::vulkan::instance[0m[2m:[0m 	objects: (type: INSTANCE, hndl: 0xb7a4907cf400, name: ?)
[2m2026-08-01T14:48:48.166954Z[0m [32m INFO[0m [2mwgpu_hal::vulkan::instance[0m[2m:[0m GENERAL [Loader Message (0x0)]
	Found ICD manifest file /usr/share/vulkan/icd.d/asahi_icd.json, version 1.0.1
[2m2026-08-01T14:48:48.166962Z[0m [32m INFO[0m [2mwgpu_hal::vulkan::instance[0m[2m:[0m 	objects: (type: INSTANCE, hndl: 0xb7a4907cf400, name: ?)
[2m2026-08-01T14:48:48.167211Z[0m [32m INFO[0m [2mwgpu_hal::vulkan::instance[0m[2m:[0m GENERAL [Loader Message (0x0)]
	Found ICD manifest file /usr/share/vulkan/icd.d/lvp_icd.json, version 1.0.1
[2m2026-08-01T14:48:48.167221Z[0m [32m INFO[0m [2mwgpu_hal::vulkan::instance[0m[2m:[0m 	objects: (type: INSTANCE, hndl: 0xb7a4907cf400, name: ?)
[2m2026-08-01T14:48:48.167291Z[0m [32m INFO[0m [2mwgpu_hal::vulkan::instance[0m[2m:[0m GENERAL [Loader Message (0x0)]
	Found ICD manifest file /usr/share/vulkan/icd.d/intel_icd.json, version 1.0.1
[2m2026-08-01T14:48:48.167299Z[0m [32m INFO[0m [2mwgpu_hal::vulkan::instance[0m[2m:[0m 	objects: (type: INSTANCE, hndl: 0xb7a4907cf400, name: ?)
[2m2026-08-01T14:48:48.167493Z[0m [32m INFO[0m [2mwgpu_hal::vulkan::instance[0m[2m:[0m GENERAL [Loader Message (0x0)]
	Found ICD manifest file /usr/share/vulkan/icd.d/powervr_mesa_icd.json, version 1.0.1
[2m2026-08-01T14:48:48.167501Z[0m [32m INFO[0m [2mwgpu_hal::vulkan::instance[0m[2m:[0m 	objects: (type: INSTANCE, hndl: 0xb7a4907cf400, name: ?)
[2m2026-08-01T14:48:48.167671Z[0m [32m INFO[0m [2mwgpu_hal::vulkan::instance[0m[2m:[0m GENERAL [Loader Message (0x0)]
	Found ICD manifest file /usr/share/vulkan/icd.d/radeon_icd.json, version 1.0.1
[2m2026-08-01T14:48:48.167680Z[0m [32m INFO[0m [2mwgpu_hal::vulkan::instance[0m[2m:[0m 	objects: (type: INSTANCE, hndl: 0xb7a4907cf400, name: ?)
[2m2026-08-01T14:48:48.168163Z[0m [32m INFO[0m [2mwgpu_hal::vulkan::instance[0m[2m:[0m GENERAL [Loader Message (0x0)]
	Insert instance layer "VK_LAYER_MESA_device_select" (/usr/lib/aarch64-linux-gnu/libVkLayer_MESA_device_select.so)
[2m2026-08-01T14:48:48.168172Z[0m [32m INFO[0m [2mwgpu_hal::vulkan::instance[0m[2m:[0m 	objects: (type: INSTANCE, hndl: 0xb7a4907cf400, name: ?)
[2m2026-08-01T14:48:48.168181Z[0m [32m INFO[0m [2mwgpu_hal::vulkan::instance[0m[2m:[0m GENERAL [Loader Message (0x0)]
	vkCreateInstance layer callstack setup to:
[2m2026-08-01T14:48:48.168188Z[0m [32m INFO[0m [2mwgpu_hal::vulkan::instance[0m[2m:[0m 	objects: (type: INSTANCE, hndl: 0xb7a4907cf400, name: ?)
[2m2026-08-01T14:48:48.168193Z[0m [32m INFO[0m [2mwgpu_hal::vulkan::instance[0m[2m:[0m GENERAL [Loader Message (0x0)]
	   <Application>
[2m2026-08-01T14:48:48.168199Z[0m [32m INFO[0m [2mwgpu_hal::vulkan::instance[0m[2m:[0m 	objects: (type: INSTANCE, hndl: 0xb7a4907cf400, name: ?)
[2m2026-08-01T14:48:48.168204Z[0m [32m INFO[0m [2mwgpu_hal::vulkan::instance[0m[2m:[0m GENERAL [Loader Message (0x0)]
	     ||
[2m2026-08-01T14:48:48.168210Z[0m [32m INFO[0m [2mwgpu_hal::vulkan::instance[0m[2m:[0m 	objects: (type: INSTANCE, hndl: 0xb7a4907cf400, name: ?)
[2m2026-08-01T14:48:48.168215Z[0m [32m INFO[0m [2mwgpu_hal::vulkan::instance[0m[2m:[0m GENERAL [Loader Message (0x0)]
	   <Loader>
[2m2026-08-01T14:48:48.168221Z[0m [32m INFO[0m [2mwgpu_hal::vulkan::instance[0m[2m:[0m 	objects: (type: INSTANCE, hndl: 0xb7a4907cf400, name: ?)
[2m2026-08-01T14:48:48.168331Z[0m [32m INFO[0m [2mwgpu_hal::vulkan::instance[0m[2m:[0m GENERAL [Loader Message (0x0)]
	     ||
[2m2026-08-01T14:48:48.168342Z[0m [32m INFO[0m [2mwgpu_hal::vulkan::instance[0m[2m:[0m 	objects: (type: INSTANCE, hndl: 0xb7a4907cf400, name: ?)
[2m2026-08-01T14:48:48.168348Z[0m [32m INFO[0m [2mwgpu_hal::vulkan::instance[0m[2m:[0m GENERAL [Loader Message (0x0)]
	   VK_LAYER_MESA_device_select
[2m2026-08-01T14:48:48.168355Z[0m [32m INFO[0m [2mwgpu_hal::vulkan::instance[0m[2m:[0m 	objects: (type: INSTANCE, hndl: 0xb7a4907cf400, name: ?)
[2m2026-08-01T14:48:48.168361Z[0m [32m INFO[0m [2mwgpu_hal::vulkan::instance[0m[2m:[0m GENERAL [Loader Message (0x0)]
	           Type: Implicit
[2m2026-08-01T14:48:48.168367Z[0m [32m INFO[0m [2mwgpu_hal::vulkan::instance[0m[2m:[0m 	objects: (type: INSTANCE, hndl: 0xb7a4907cf400, name: ?)
[2m2026-08-01T14:48:48.168373Z[0m [32m INFO[0m [2mwgpu_hal::vulkan::instance[0m[2m:[0m GENERAL [Loader Message (0x0)]
	           Enabled By: Implicit Layer
[2m2026-08-01T14:48:48.168379Z[0m [32m INFO[0m [2mwgpu_hal::vulkan::instance[0m[2m:[0m 	objects: (type: INSTANCE, hndl: 0xb7a4907cf400, name: ?)
[2m2026-08-01T14:48:48.168396Z[0m [32m INFO[0m [2mwgpu_hal::vulkan::instance[0m[2m:[0m GENERAL [Loader Message (0x0)]
	               Disable Env Var:  NODEVICE_SELECT
[2m2026-08-01T14:48:48.168403Z[0m [32m INFO[0m [2mwgpu_hal::vulkan::instance[0m[2m:[0m 	objects: (type: INSTANCE, hndl: 0xb7a4907cf400, name: ?)
[2m2026-08-01T14:48:48.168409Z[0m [32m INFO[0m [2mwgpu_hal::vulkan::instance[0m[2m:[0m GENERAL [Loader Message (0x0)]
	           Manifest: /usr/share/vulkan/implicit_layer.d/VkLayer_MESA_device_select.json
[2m2026-08-01T14:48:48.168417Z[0m [32m INFO[0m [2mwgpu_hal::vulkan::instance[0m[2m:[0m 	objects: (type: INSTANCE, hndl: 0xb7a4907cf400, name: ?)
[2m2026-08-01T14:48:48.168422Z[0m [32m INFO[0m [2mwgpu_hal::vulkan::instance[0m[2m:[0m GENERAL [Loader Message (0x0)]
	           Library:  /usr/lib/aarch64-linux-gnu/libVkLayer_MESA_device_select.so
[2m2026-08-01T14:48:48.168429Z[0m [32m INFO[0m [2mwgpu_hal::vulkan::instance[0m[2m:[0m 	objects: (type: INSTANCE, hndl: 0xb7a4907cf400, name: ?)
[2m2026-08-01T14:48:48.168435Z[0m [32m INFO[0m [2mwgpu_hal::vulkan::instance[0m[2m:[0m GENERAL [Loader Message (0x0)]
	     ||
[2m2026-08-01T14:48:48.168440Z[0m [32m INFO[0m [2mwgpu_hal::vulkan::instance[0m[2m:[0m 	objects: (type: INSTANCE, hndl: 0xb7a4907cf400, name: ?)
[2m2026-08-01T14:48:48.168446Z[0m [32m INFO[0m [2mwgpu_hal::vulkan::instance[0m[2m:[0m GENERAL [Loader Message (0x0)]
	   <Drivers>
[2m2026-08-01T14:48:48.168451Z[0m [32m INFO[0m [2mwgpu_hal::vulkan::instance[0m[2m:[0m 	objects: (type: INSTANCE, hndl: 0xb7a4907cf400, name: ?)
[2m2026-08-01T14:48:48.174080Z[0m [32m INFO[0m [2mwgpu_hal::vulkan::instance[0m[2m:[0m Enabling debug utils
[2m2026-08-01T14:48:48.174314Z[0m [32m INFO[0m [2mwgpu_hal::gles::egl[0m[2m:[0m Using Wayland platform
[slopos-compositor/drm] client connected
[slopos-compositor/drm] client disconnected
[slopos-compositor/drm] client connected
[2m2026-08-01T14:48:48.196656Z[0m [32m INFO[0m [2mwgpu_core::device::resource[0m[2m:[0m Device::maintain: waiting for submission index 0
[2m2026-08-01T14:48:48.205084Z[0m [33m WARN[0m [2mwgpu_hal::gles::egl[0m[2m:[0m Re-initializing Gles context due to Wayland window
[2m2026-08-01T14:48:48.281148Z[0m [32m INFO[0m [2mwgpu_hal::vulkan::instance[0m[2m:[0m GENERAL [Loader Message (0x0)]
	linux_read_sorted_physical_devices:
[2m2026-08-01T14:48:48.281222Z[0m [32m INFO[0m [2mwgpu_hal::vulkan::instance[0m[2m:[0m 	objects: (type: INSTANCE, hndl: 0xb7a4907cf400, name: ?)
[2m2026-08-01T14:48:48.281371Z[0m [32m INFO[0m [2mwgpu_hal::vulkan::instance[0m[2m:[0m GENERAL [Loader Message (0x0)]
	     Original order:
[2m2026-08-01T14:48:48.281382Z[0m [32m INFO[0m [2mwgpu_hal::vulkan::instance[0m[2m:[0m 	objects: (type: INSTANCE, hndl: 0xb7a4907cf400, name: ?)
[2m2026-08-01T14:48:48.281397Z[0m [32m INFO[0m [2mwgpu_hal::vulkan::instance[0m[2m:[0m GENERAL [Loader Message (0x0)]
	           [0] llvmpipe (LLVM 21.1.8, 128 bits)
[2m2026-08-01T14:48:48.281405Z[0m [32m INFO[0m [2mwgpu_hal::vulkan::instance[0m[2m:[0m 	objects: (type: INSTANCE, hndl: 0xb7a4907cf400, name: ?)
[2m2026-08-01T14:48:48.281412Z[0m [32m INFO[0m [2mwgpu_hal::vulkan::instance[0m[2m:[0m GENERAL [Loader Message (0x0)]
	     Sorted order:
[2m2026-08-01T14:48:48.281421Z[0m [32m INFO[0m [2mwgpu_hal::vulkan::instance[0m[2m:[0m 	objects: (type: INSTANCE, hndl: 0xb7a4907cf400, name: ?)
[2m2026-08-01T14:48:48.281428Z[0m [32m INFO[0m [2mwgpu_hal::vulkan::instance[0m[2m:[0m GENERAL [Loader Message (0x0)]
	           [0] llvmpipe (LLVM 21.1.8, 128 bits)  
[2m2026-08-01T14:48:48.281435Z[0m [32m INFO[0m [2mwgpu_hal::vulkan::instance[0m[2m:[0m 	objects: (type: INSTANCE, hndl: 0xb7a4907cf400, name: ?)
[2m2026-08-01T14:48:48.281448Z[0m [32m INFO[0m [2mwgpu_hal::vulkan::instance[0m[2m:[0m GENERAL [Loader Message (0x0)]
	linux_read_sorted_physical_devices:
[2m2026-08-01T14:48:48.281470Z[0m [32m INFO[0m [2mwgpu_hal::vulkan::instance[0m[2m:[0m 	objects: (type: INSTANCE, hndl: 0xb7a4907cf400, name: ?)
[2m2026-08-01T14:48:48.281477Z[0m [32m INFO[0m [2mwgpu_hal::vulkan::instance[0m[2m:[0m GENERAL [Loader Message (0x0)]
	     Original order:
[2m2026-08-01T14:48:48.281483Z[0m [32m INFO[0m [2mwgpu_hal::vulkan::instance[0m[2m:[0m 	objects: (type: INSTANCE, hndl: 0xb7a4907cf400, name: ?)
[2m2026-08-01T14:48:48.281493Z[0m [32m INFO[0m [2mwgpu_hal::vulkan::instance[0m[2m:[0m GENERAL [Loader Message (0x0)]
	           [0] llvmpipe (LLVM 21.1.8, 128 bits)
[2m2026-08-01T14:48:48.281500Z[0m [32m INFO[0m [2mwgpu_hal::vulkan::instance[0m[2m:[0m 	objects: (type: INSTANCE, hndl: 0xb7a4907cf400, name: ?)
[2m2026-08-01T14:48:48.281506Z[0m [32m INFO[0m [2mwgpu_hal::vulkan::instance[0m[2m:[0m GENERAL [Loader Message (0x0)]
	     Sorted order:
[2m2026-08-01T14:48:48.281512Z[0m [32m INFO[0m [2mwgpu_hal::vulkan::instance[0m[2m:[0m 	objects: (type: INSTANCE, hndl: 0xb7a4907cf400, name: ?)
[2m2026-08-01T14:48:48.281518Z[0m [32m INFO[0m [2mwgpu_hal::vulkan::instance[0m[2m:[0m GENERAL [Loader Message (0x0)]
	           [0] llvmpipe (LLVM 21.1.8, 128 bits)  
[2m2026-08-01T14:48:48.281524Z[0m [32m INFO[0m [2mwgpu_hal::vulkan::instance[0m[2m:[0m 	objects: (type: INSTANCE, hndl: 0xb7a4907cf400, name: ?)
[slopos-compositor/drm] client disconnected
[slopos-compositor/drm] client connected
[slopos-compositor/drm] client disconnected
[2m2026-08-01T14:48:48.298118Z[0m [32m INFO[0m [2mwgpu_hal::vulkan::instance[0m[2m:[0m GENERAL [Loader Message (0x0)]
	linux_read_sorted_physical_devices:
[2m2026-08-01T14:48:48.298197Z[0m [32m INFO[0m [2mwgpu_hal::vulkan::instance[0m[2m:[0m 	objects: (type: INSTANCE, hndl: 0xb7a4907cf400, name: ?)
[2m2026-08-01T14:48:48.298210Z[0m [32m INFO[0m [2mwgpu_hal::vulkan::instance[0m[2m:[0m GENERAL [Loader Message (0x0)]
	     Original order:
[2m2026-08-01T14:48:48.298217Z[0m [32m INFO[0m [2mwgpu_hal::vulkan::instance[0m[2m:[0m 	objects: (type: INSTANCE, hndl: 0xb7a4907cf400, name: ?)
[2m2026-08-01T14:48:48.298354Z[0m [32m INFO[0m [2mwgpu_hal::vulkan::instance[0m[2m:[0m GENERAL [Loader Message (0x0)]
	           [0] llvmpipe (LLVM 21.1.8, 128 bits)
[2m2026-08-01T14:48:48.298369Z[0m [32m INFO[0m [2mwgpu_hal::vulkan::instance[0m[2m:[0m 	objects: (type: INSTANCE, hndl: 0xb7a4907cf400, name: ?)
[2m2026-08-01T14:48:48.298382Z[0m [32m INFO[0m [2mwgpu_hal::vulkan::instance[0m[2m:[0m GENERAL [Loader Message (0x0)]
	     Sorted order:
[2m2026-08-01T14:48:48.298389Z[0m [32m INFO[0m [2mwgpu_hal::vulkan::instance[0m[2m:[0m 	objects: (type: INSTANCE, hndl: 0xb7a4907cf400, name: ?)
[2m2026-08-01T14:48:48.298396Z[0m [32m INFO[0m [2mwgpu_hal::vulkan::instance[0m[2m:[0m GENERAL [Loader Message (0x0)]
	           [0] llvmpipe (LLVM 21.1.8, 128 bits)  
[2m2026-08-01T14:48:48.298402Z[0m [32m INFO[0m [2mwgpu_hal::vulkan::instance[0m[2m:[0m 	objects: (type: INSTANCE, hndl: 0xb7a4907cf400, name: ?)
[2m2026-08-01T14:48:48.298416Z[0m [32m INFO[0m [2mwgpu_hal::vulkan::instance[0m[2m:[0m GENERAL [Loader Message (0x0)]
	linux_read_sorted_physical_devices:
[2m2026-08-01T14:48:48.298424Z[0m [32m INFO[0m [2mwgpu_hal::vulkan::instance[0m[2m:[0m 	objects: (type: INSTANCE, hndl: 0xb7a4907cf400, name: ?)
[2m2026-08-01T14:48:48.298429Z[0m [32m INFO[0m [2mwgpu_hal::vulkan::instance[0m[2m:[0m GENERAL [Loader Message (0x0)]
	     Original order:
[2m2026-08-01T14:48:48.298436Z[0m [32m INFO[0m [2mwgpu_hal::vulkan::instance[0m[2m:[0m 	objects: (type: INSTANCE, hndl: 0xb7a4907cf400, name: ?)
[2m2026-08-01T14:48:48.298445Z[0m [32m INFO[0m [2mwgpu_hal::vulkan::instance[0m[2m:[0m GENERAL [Loader Message (0x0)]
	           [0] llvmpipe (LLVM 21.1.8, 128 bits)
[2m2026-08-01T14:48:48.298451Z[0m [32m INFO[0m [2mwgpu_hal::vulkan::instance[0m[2m:[0m 	objects: (type: INSTANCE, hndl: 0xb7a4907cf400, name: ?)
[2m2026-08-01T14:48:48.298465Z[0m [32m INFO[0m [2mwgpu_hal::vulkan::instance[0m[2m:[0m GENERAL [Loader Message (0x0)]
	     Sorted order:
[2m2026-08-01T14:48:48.298471Z[0m [32m INFO[0m [2mwgpu_hal::vulkan::instance[0m[2m:[0m 	objects: (type: INSTANCE, hndl: 0xb7a4907cf400, name: ?)
[2m2026-08-01T14:48:48.298477Z[0m [32m INFO[0m [2mwgpu_hal::vulkan::instance[0m[2m:[0m GENERAL [Loader Message (0x0)]
	           [0] llvmpipe (LLVM 21.1.8, 128 bits)  
[2m2026-08-01T14:48:48.298484Z[0m [32m INFO[0m [2mwgpu_hal::vulkan::instance[0m[2m:[0m 	objects: (type: INSTANCE, hndl: 0xb7a4907cf400, name: ?)
[slopos-compositor/drm] client connected
[slopos-compositor/drm] client disconnected
[2m2026-08-01T14:48:48.299801Z[0m [32m INFO[0m [2mwgpu_hal::vulkan::instance[0m[2m:[0m GENERAL [Loader Message (0x0)]
	Removing driver /usr/lib/aarch64-linux-gnu/libvulkan_radeon.so due to not having any physical devices
[2m2026-08-01T14:48:48.299830Z[0m [32m INFO[0m [2mwgpu_hal::vulkan::instance[0m[2m:[0m 	objects: (type: INSTANCE, hndl: 0xb7a4907cf400, name: ?)
[2m2026-08-01T14:48:48.300125Z[0m [32m INFO[0m [2mwgpu_hal::vulkan::instance[0m[2m:[0m GENERAL [Loader Message (0x0)]
	Removing driver /usr/lib/aarch64-linux-gnu/libvulkan_powervr_mesa.so due to not having any physical devices
[2m2026-08-01T14:48:48.300142Z[0m [32m INFO[0m [2mwgpu_hal::vulkan::instance[0m[2m:[0m 	objects: (type: INSTANCE, hndl: 0xb7a4907cf400, name: ?)
[2m2026-08-01T14:48:48.300471Z[0m [32m INFO[0m [2mwgpu_hal::vulkan::instance[0m[2m:[0m GENERAL [Loader Message (0x0)]
	Removing driver /usr/lib/aarch64-linux-gnu/libvulkan_intel.so due to not having any physical devices
[2m2026-08-01T14:48:48.300487Z[0m [32m INFO[0m [2mwgpu_hal::vulkan::instance[0m[2m:[0m 	objects: (type: INSTANCE, hndl: 0xb7a4907cf400, name: ?)
[2m2026-08-01T14:48:48.300699Z[0m [32m INFO[0m [2mwgpu_hal::vulkan::instance[0m[2m:[0m GENERAL [Loader Message (0x0)]
	Removing driver /usr/lib/aarch64-linux-gnu/libvulkan_asahi.so due to not having any physical devices
[2m2026-08-01T14:48:48.300712Z[0m [32m INFO[0m [2mwgpu_hal::vulkan::instance[0m[2m:[0m 	objects: (type: INSTANCE, hndl: 0xb7a4907cf400, name: ?)
[2m2026-08-01T14:48:48.300868Z[0m [32m INFO[0m [2mwgpu_hal::vulkan::instance[0m[2m:[0m GENERAL [Loader Message (0x0)]
	Removing driver /usr/lib/aarch64-linux-gnu/libvulkan_virtio.so due to not having any physical devices
[2m2026-08-01T14:48:48.300879Z[0m [32m INFO[0m [2mwgpu_hal::vulkan::instance[0m[2m:[0m 	objects: (type: INSTANCE, hndl: 0xb7a4907cf400, name: ?)
[2m2026-08-01T14:48:48.300990Z[0m [32m INFO[0m [2mwgpu_hal::vulkan::instance[0m[2m:[0m GENERAL [Loader Message (0x0)]
	Removing driver /usr/lib/aarch64-linux-gnu/libvulkan_gfxstream.so due to not having any physical devices
[2m2026-08-01T14:48:48.301001Z[0m [32m INFO[0m [2mwgpu_hal::vulkan::instance[0m[2m:[0m 	objects: (type: INSTANCE, hndl: 0xb7a4907cf400, name: ?)
[2m2026-08-01T14:48:48.301107Z[0m [32m INFO[0m [2mwgpu_hal::vulkan::instance[0m[2m:[0m GENERAL [Loader Message (0x0)]
	Removing driver /usr/lib/aarch64-linux-gnu/libvulkan_freedreno.so due to not having any physical devices
[2m2026-08-01T14:48:48.301118Z[0m [32m INFO[0m [2mwgpu_hal::vulkan::instance[0m[2m:[0m 	objects: (type: INSTANCE, hndl: 0xb7a4907cf400, name: ?)
[2m2026-08-01T14:48:48.302361Z[0m [32m INFO[0m [2mwgpu_hal::vulkan::instance[0m[2m:[0m GENERAL [Loader Message (0x0)]
	Removing driver /usr/lib/aarch64-linux-gnu/libvulkan_panfrost.so due to not having any physical devices
[2m2026-08-01T14:48:48.302381Z[0m [32m INFO[0m [2mwgpu_hal::vulkan::instance[0m[2m:[0m 	objects: (type: INSTANCE, hndl: 0xb7a4907cf400, name: ?)
[2m2026-08-01T14:48:48.302593Z[0m [32m INFO[0m [2mwgpu_hal::vulkan::instance[0m[2m:[0m GENERAL [Loader Message (0x0)]
	Removing driver /usr/lib/aarch64-linux-gnu/libvulkan_broadcom.so due to not having any physical devices
[2m2026-08-01T14:48:48.302605Z[0m [32m INFO[0m [2mwgpu_hal::vulkan::instance[0m[2m:[0m 	objects: (type: INSTANCE, hndl: 0xb7a4907cf400, name: ?)
[2m2026-08-01T14:48:48.302748Z[0m [32m INFO[0m [2mwgpu_hal::vulkan::instance[0m[2m:[0m GENERAL [Loader Message (0x0)]
	Removing driver /usr/lib/aarch64-linux-gnu/libvulkan_nouveau.so due to not having any physical devices
[2m2026-08-01T14:48:48.302760Z[0m [32m INFO[0m [2mwgpu_hal::vulkan::instance[0m[2m:[0m 	objects: (type: INSTANCE, hndl: 0xb7a4907cf400, name: ?)
[2m2026-08-01T14:48:48.309451Z[0m [32m INFO[0m [2mwgpu_core::instance[0m[2m:[0m Adapter Vulkan AdapterInfo { name: "llvmpipe (LLVM 21.1.8, 128 bits)", vendor: 65541, device: 0, device_type: Cpu, driver: "llvmpipe", driver_info: "Mesa 26.0.3-1ubuntu1 (LLVM 21.1.8)", backend: Vulkan }
[2m2026-08-01T14:48:48.309696Z[0m [32m INFO[0m [2mwgpu_hal::vulkan::instance[0m[2m:[0m GENERAL [Loader Message (0x0)]
	Failed to find vkGetDeviceProcAddr in layer "/usr/lib/aarch64-linux-gnu/libVkLayer_MESA_device_select.so"
[2m2026-08-01T14:48:48.309711Z[0m [32m INFO[0m [2mwgpu_hal::vulkan::instance[0m[2m:[0m 	objects: (type: INSTANCE, hndl: 0xb7a4907cf400, name: ?)
[2m2026-08-01T14:48:48.309719Z[0m [32m INFO[0m [2mwgpu_hal::vulkan::instance[0m[2m:[0m GENERAL [Loader Message (0x0)]
	vkCreateDevice layer callstack setup to:
[2m2026-08-01T14:48:48.309725Z[0m [32m INFO[0m [2mwgpu_hal::vulkan::instance[0m[2m:[0m 	objects: (type: INSTANCE, hndl: 0xb7a4907cf400, name: ?)
[2m2026-08-01T14:48:48.309732Z[0m [32m INFO[0m [2mwgpu_hal::vulkan::instance[0m[2m:[0m GENERAL [Loader Message (0x0)]
	   <Application>
[2m2026-08-01T14:48:48.309737Z[0m [32m INFO[0m [2mwgpu_hal::vulkan::instance[0m[2m:[0m 	objects: (type: INSTANCE, hndl: 0xb7a4907cf400, name: ?)
[2m2026-08-01T14:48:48.309744Z[0m [32m INFO[0m [2mwgpu_hal::vulkan::instance[0m[2m:[0m GENERAL [Loader Message (0x0)]
	     ||
[2m2026-08-01T14:48:48.309749Z[0m [32m INFO[0m [2mwgpu_hal::vulkan::instance[0m[2m:[0m 	objects: (type: INSTANCE, hndl: 0xb7a4907cf400, name: ?)
[2m2026-08-01T14:48:48.309755Z[0m [32m INFO[0m [2mwgpu_hal::vulkan::instance[0m[2m:[0m GENERAL [Loader Message (0x0)]
	   <Loader>
[2m2026-08-01T14:48:48.309761Z[0m [32m INFO[0m [2mwgpu_hal::vulkan::instance[0m[2m:[0m 	objects: (type: INSTANCE, hndl: 0xb7a4907cf400, name: ?)
[2m2026-08-01T14:48:48.309767Z[0m [32m INFO[0m [2mwgpu_hal::vulkan::instance[0m[2m:[0m GENERAL [Loader Message (0x0)]
	     ||
[2m2026-08-01T14:48:48.309772Z[0m [32m INFO[0m [2mwgpu_hal::vulkan::instance[0m[2m:[0m 	objects: (type: INSTANCE, hndl: 0xb7a4907cf400, name: ?)
[2m2026-08-01T14:48:48.309778Z[0m [32m INFO[0m [2mwgpu_hal::vulkan::instance[0m[2m:[0m GENERAL [Loader Message (0x0)]
	   <Device>
[2m2026-08-01T14:48:48.309785Z[0m [32m INFO[0m [2mwgpu_hal::vulkan::instance[0m[2m:[0m 	objects: (type: INSTANCE, hndl: 0xb7a4907cf400, name: ?)
[2m2026-08-01T14:48:48.309865Z[0m [32m INFO[0m [2mwgpu_hal::vulkan::instance[0m[2m:[0m GENERAL [Loader Message (0x0)]
	       Using "llvmpipe (LLVM 21.1.8, 128 bits)" with driver: "/usr/lib/aarch64-linux-gnu/libvulkan_lvp.so"
[2m2026-08-01T14:48:48.309876Z[0m [32m INFO[0m [2mwgpu_hal::vulkan::instance[0m[2m:[0m 	objects: (type: INSTANCE, hndl: 0xb7a4907cf400, name: ?)
[2m2026-08-01T14:48:48.333489Z[0m [32m INFO[0m [2mwgpu_core::device::resource[0m[2m:[0m Device::maintain: waiting for submission index 0
[2m2026-08-01T14:48:48.351932Z[0m [33m WARN[0m [2mwgpu_hal::vulkan::instance[0m[2m:[0m InstanceFlags::VALIDATION requested, but unable to find layer: VK_LAYER_KHRONOS_validation
[2m2026-08-01T14:48:48.351979Z[0m [32m INFO[0m [2mwgpu_hal::vulkan::instance[0m[2m:[0m GENERAL [Loader Message (0x0)]
	No valid vk_loader_settings.json file found, no loader settings will be active
[2m2026-08-01T14:48:48.351996Z[0m [32m INFO[0m [2mwgpu_hal::vulkan::instance[0m[2m:[0m 	objects: (type: INSTANCE, hndl: 0xb7a494fddf70, name: ?)
[2m2026-08-01T14:48:48.352005Z[0m [32m INFO[0m [2mwgpu_hal::vulkan::instance[0m[2m:[0m GENERAL [Loader Message (0x0)]
	Searching for implicit layer manifest files
[2m2026-08-01T14:48:48.352019Z[0m [32m INFO[0m [2mwgpu_hal::vulkan::instance[0m[2m:[0m 	objects: (type: INSTANCE, hndl: 0xb7a494fddf70, name: ?)
[2m2026-08-01T14:48:48.352025Z[0m [32m INFO[0m [2mwgpu_hal::vulkan::instance[0m[2m:[0m GENERAL [Loader Message (0x0)]
	   In following locations:
[2m2026-08-01T14:48:48.352031Z[0m [32m INFO[0m [2mwgpu_hal::vulkan::instance[0m[2m:[0m 	objects: (type: INSTANCE, hndl: 0xb7a494fddf70, name: ?)
[2m2026-08-01T14:48:48.352037Z[0m [32m INFO[0m [2mwgpu_hal::vulkan::instance[0m[2m:[0m GENERAL [Loader Message (0x0)]
	      /home/ubuntu/.config/vulkan/implicit_layer.d
[2m2026-08-01T14:48:48.352044Z[0m [32m INFO[0m [2mwgpu_hal::vulkan::instance[0m[2m:[0m 	objects: (type: INSTANCE, hndl: 0xb7a494fddf70, name: ?)
[2m2026-08-01T14:48:48.352049Z[0m [32m INFO[0m [2mwgpu_hal::vulkan::instance[0m[2m:[0m GENERAL [Loader Message (0x0)]
	      /etc/xdg/vulkan/implicit_layer.d
[2m2026-08-01T14:48:48.352056Z[0m [32m INFO[0m [2mwgpu_hal::vulkan::instance[0m[2m:[0m 	objects: (type: INSTANCE, hndl: 0xb7a494fddf70, name: ?)
[2m2026-08-01T14:48:48.352062Z[0m [32m INFO[0m [2mwgpu_hal::vulkan::instance[0m[2m:[0m GENERAL [Loader Message (0x0)]
	      /etc/vulkan/implicit_layer.d
[2m2026-08-01T14:48:48.352068Z[0m [32m INFO[0m [2mwgpu_hal::vulkan::instance[0m[2m:[0m 	objects: (type: INSTANCE, hndl: 0xb7a494fddf70, name: ?)
[2m2026-08-01T14:48:48.352074Z[0m [32m INFO[0m [2mwgpu_hal::vulkan::instance[0m[2m:[0m GENERAL [Loader Message (0x0)]
	      /home/ubuntu/.local/share/vulkan/implicit_layer.d
[2m2026-08-01T14:48:48.352080Z[0m [32m INFO[0m [2mwgpu_hal::vulkan::instance[0m[2m:[0m 	objects: (type: INSTANCE, hndl: 0xb7a494fddf70, name: ?)
[2m2026-08-01T14:48:48.352087Z[0m [32m INFO[0m [2mwgpu_hal::vulkan::instance[0m[2m:[0m GENERAL [Loader Message (0x0)]
	      /usr/local/share/vulkan/implicit_layer.d
[2m2026-08-01T14:48:48.352093Z[0m [32m INFO[0m [2mwgpu_hal::vulkan::instance[0m[2m:[0m 	objects: (type: INSTANCE, hndl: 0xb7a494fddf70, name: ?)
[2m2026-08-01T14:48:48.352099Z[0m [32m INFO[0m [2mwgpu_hal::vulkan::instance[0m[2m:[0m GENERAL [Loader Message (0x0)]
	      /usr/share/vulkan/implicit_layer.d
[2m2026-08-01T14:48:48.352111Z[0m [32m INFO[0m [2mwgpu_hal::vulkan::instance[0m[2m:[0m 	objects: (type: INSTANCE, hndl: 0xb7a494fddf70, name: ?)
[2m2026-08-01T14:48:48.352130Z[0m [32m INFO[0m [2mwgpu_hal::vulkan::instance[0m[2m:[0m GENERAL [Loader Message (0x0)]
	   Found the following files:
[2m2026-08-01T14:48:48.352137Z[0m [32m INFO[0m [2mwgpu_hal::vulkan::instance[0m[2m:[0m 	objects: (type: INSTANCE, hndl: 0xb7a494fddf70, name: ?)
[2m2026-08-01T14:48:48.352144Z[0m [32m INFO[0m [2mwgpu_hal::vulkan::instance[0m[2m:[0m GENERAL [Loader Message (0x0)]
	      /usr/share/vulkan/implicit_layer.d/VkLayer_MESA_anti_lag.json
[2m2026-08-01T14:48:48.352151Z[0m [32m INFO[0m [2mwgpu_hal::vulkan::instance[0m[2m:[0m 	objects: (type: INSTANCE, hndl: 0xb7a494fddf70, name: ?)
[2m2026-08-01T14:48:48.352161Z[0m [32m INFO[0m [2mwgpu_hal::vulkan::instance[0m[2m:[0m GENERAL [Loader Message (0x0)]
	      /usr/share/vulkan/implicit_layer.d/VkLayer_MESA_device_select.json
[2m2026-08-01T14:48:48.352169Z[0m [32m INFO[0m [2mwgpu_hal::vulkan::instance[0m[2m:[0m 	objects: (type: INSTANCE, hndl: 0xb7a494fddf70, name: ?)
[2m2026-08-01T14:48:48.352181Z[0m [32m INFO[0m [2mwgpu_hal::vulkan::instance[0m[2m:[0m GENERAL [Loader Message (0x0)]
	Found manifest file /usr/share/vulkan/implicit_layer.d/VkLayer_MESA_anti_lag.json (file version 1.2.1)
[2m2026-08-01T14:48:48.352189Z[0m [32m INFO[0m [2mwgpu_hal::vulkan::instance[0m[2m:[0m 	objects: (type: INSTANCE, hndl: 0xb7a494fddf70, name: ?)
[2m2026-08-01T14:48:48.352203Z[0m [32m INFO[0m [2mwgpu_hal::vulkan::instance[0m[2m:[0m GENERAL [Loader Message (0x0)]
	Found manifest file /usr/share/vulkan/implicit_layer.d/VkLayer_MESA_device_select.json (file version 1.0.0)
[2m2026-08-01T14:48:48.352214Z[0m [32m INFO[0m [2mwgpu_hal::vulkan::instance[0m[2m:[0m 	objects: (type: INSTANCE, hndl: 0xb7a494fddf70, name: ?)
[2m2026-08-01T14:48:48.352545Z[0m [32m INFO[0m [2mwgpu_hal::vulkan::instance[0m[2m:[0m GENERAL [Loader Message (0x0)]
	Searching for explicit layer manifest files
[2m2026-08-01T14:48:48.352578Z[0m [32m INFO[0m [2mwgpu_hal::vulkan::instance[0m[2m:[0m 	objects: (type: INSTANCE, hndl: 0xb7a494fddf70, name: ?)
[2m2026-08-01T14:48:48.352586Z[0m [32m INFO[0m [2mwgpu_hal::vulkan::instance[0m[2m:[0m GENERAL [Loader Message (0x0)]
	   In following locations:
[2m2026-08-01T14:48:48.352593Z[0m [32m INFO[0m [2mwgpu_hal::vulkan::instance[0m[2m:[0m 	objects: (type: INSTANCE, hndl: 0xb7a494fddf70, name: ?)
[2m2026-08-01T14:48:48.352599Z[0m [32m INFO[0m [2mwgpu_hal::vulkan::instance[0m[2m:[0m GENERAL [Loader Message (0x0)]
	      /home/ubuntu/.config/vulkan/explicit_layer.d
[2m2026-08-01T14:48:48.352606Z[0m [32m INFO[0m [2mwgpu_hal::vulkan::instance[0m[2m:[0m 	objects: (type: INSTANCE, hndl: 0xb7a494fddf70, name: ?)
[2m2026-08-01T14:48:48.352625Z[0m [32m INFO[0m [2mwgpu_hal::vulkan::instance[0m[2m:[0m GENERAL [Loader Message (0x0)]
	      /etc/xdg/vulkan/explicit_layer.d
[2m2026-08-01T14:48:48.352644Z[0m [32m INFO[0m [2mwgpu_hal::vulkan::instance[0m[2m:[0m 	objects: (type: INSTANCE, hndl: 0xb7a494fddf70, name: ?)
[2m2026-08-01T14:48:48.352653Z[0m [32m INFO[0m [2mwgpu_hal::vulkan::instance[0m[2m:[0m GENERAL [Loader Message (0x0)]
	      /etc/vulkan/explicit_layer.d
[2m2026-08-01T14:48:48.352659Z[0m [32m INFO[0m [2mwgpu_hal::vulkan::instance[0m[2m:[0m 	objects: (type: INSTANCE, hndl: 0xb7a494fddf70, name: ?)
[2m2026-08-01T14:48:48.352665Z[0m [32m INFO[0m [2mwgpu_hal::vulkan::instance[0m[2m:[0m GENERAL [Loader Message (0x0)]
	      /home/ubuntu/.local/share/vulkan/explicit_layer.d
[2m2026-08-01T14:48:48.352694Z[0m [32m INFO[0m [2mwgpu_hal::vulkan::instance[0m[2m:[0m 	objects: (type: INSTANCE, hndl: 0xb7a494fddf70, name: ?)
[2m2026-08-01T14:48:48.352704Z[0m [32m INFO[0m [2mwgpu_hal::vulkan::instance[0m[2m:[0m GENERAL [Loader Message (0x0)]
	      /usr/local/share/vulkan/explicit_layer.d
[2m2026-08-01T14:48:48.352712Z[0m [32m INFO[0m [2mwgpu_hal::vulkan::instance[0m[2m:[0m 	objects: (type: INSTANCE, hndl: 0xb7a494fddf70, name: ?)
[2m2026-08-01T14:48:48.352719Z[0m [32m INFO[0m [2mwgpu_hal::vulkan::instance[0m[2m:[0m GENERAL [Loader Message (0x0)]
	      /usr/share/vulkan/explicit_layer.d
[2m2026-08-01T14:48:48.352725Z[0m [32m INFO[0m [2mwgpu_hal::vulkan::instance[0m[2m:[0m 	objects: (type: INSTANCE, hndl: 0xb7a494fddf70, name: ?)
[2m2026-08-01T14:48:48.352745Z[0m [32m INFO[0m [2mwgpu_hal::vulkan::instance[0m[2m:[0m GENERAL [Loader Message (0x0)]
	   Found the following files:
[2m2026-08-01T14:48:48.352752Z[0m [32m INFO[0m [2mwgpu_hal::vulkan::instance[0m[2m:[0m 	objects: (type: INSTANCE, hndl: 0xb7a494fddf70, name: ?)
[2m2026-08-01T14:48:48.352758Z[0m [32m INFO[0m [2mwgpu_hal::vulkan::instance[0m[2m:[0m GENERAL [Loader Message (0x0)]
	      /usr/share/vulkan/explicit_layer.d/VkLayer_MESA_screenshot.json
[2m2026-08-01T14:48:48.352765Z[0m [32m INFO[0m [2mwgpu_hal::vulkan::instance[0m[2m:[0m 	objects: (type: INSTANCE, hndl: 0xb7a494fddf70, name: ?)
[2m2026-08-01T14:48:48.352771Z[0m [32m INFO[0m [2mwgpu_hal::vulkan::instance[0m[2m:[0m GENERAL [Loader Message (0x0)]
	      /usr/share/vulkan/explicit_layer.d/VkLayer_MESA_overlay.json
[2m2026-08-01T14:48:48.352778Z[0m [32m INFO[0m [2mwgpu_hal::vulkan::instance[0m[2m:[0m 	objects: (type: INSTANCE, hndl: 0xb7a494fddf70, name: ?)
[2m2026-08-01T14:48:48.352784Z[0m [32m INFO[0m [2mwgpu_hal::vulkan::instance[0m[2m:[0m GENERAL [Loader Message (0x0)]
	      /usr/share/vulkan/explicit_layer.d/VkLayer_INTEL_nullhw.json
[2m2026-08-01T14:48:48.352791Z[0m [32m INFO[0m [2mwgpu_hal::vulkan::instance[0m[2m:[0m 	objects: (type: INSTANCE, hndl: 0xb7a494fddf70, name: ?)
[2m2026-08-01T14:48:48.352805Z[0m [32m INFO[0m [2mwgpu_hal::vulkan::instance[0m[2m:[0m GENERAL [Loader Message (0x0)]
	Found manifest file /usr/share/vulkan/explicit_layer.d/VkLayer_MESA_screenshot.json (file version 1.0.0)
[2m2026-08-01T14:48:48.352814Z[0m [32m INFO[0m [2mwgpu_hal::vulkan::instance[0m[2m:[0m 	objects: (type: INSTANCE, hndl: 0xb7a494fddf70, name: ?)
[2m2026-08-01T14:48:48.352825Z[0m [32m INFO[0m [2mwgpu_hal::vulkan::instance[0m[2m:[0m GENERAL [Loader Message (0x0)]
	Found manifest file /usr/share/vulkan/explicit_layer.d/VkLayer_MESA_overlay.json (file version 1.0.0)
[2m2026-08-01T14:48:48.352833Z[0m [32m INFO[0m [2mwgpu_hal::vulkan::instance[0m[2m:[0m 	objects: (type: INSTANCE, hndl: 0xb7a494fddf70, name: ?)
[2m2026-08-01T14:48:48.352843Z[0m [32m INFO[0m [2mwgpu_hal::vulkan::instance[0m[2m:[0m GENERAL [Loader Message (0x0)]
	Found manifest file /usr/share/vulkan/explicit_layer.d/VkLayer_INTEL_nullhw.json (file version 1.0.0)
[2m2026-08-01T14:48:48.352851Z[0m [32m INFO[0m [2mwgpu_hal::vulkan::instance[0m[2m:[0m 	objects: (type: INSTANCE, hndl: 0xb7a494fddf70, name: ?)
[2m2026-08-01T14:48:48.352861Z[0m [32m INFO[0m [2mwgpu_hal::vulkan::instance[0m[2m:[0m GENERAL [Loader Message (0x0)]
	Searching for driver manifest files
[2m2026-08-01T14:48:48.352868Z[0m [32m INFO[0m [2mwgpu_hal::vulkan::instance[0m[2m:[0m 	objects: (type: INSTANCE, hndl: 0xb7a494fddf70, name: ?)
[2m2026-08-01T14:48:48.352874Z[0m [32m INFO[0m [2mwgpu_hal::vulkan::instance[0m[2m:[0m GENERAL [Loader Message (0x0)]
	   In following locations:
[2m2026-08-01T14:48:48.352880Z[0m [32m INFO[0m [2mwgpu_hal::vulkan::instance[0m[2m:[0m 	objects: (type: INSTANCE, hndl: 0xb7a494fddf70, name: ?)
[2m2026-08-01T14:48:48.352886Z[0m [32m INFO[0m [2mwgpu_hal::vulkan::instance[0m[2m:[0m GENERAL [Loader Message (0x0)]
	      /home/ubuntu/.config/vulkan/icd.d
[2m2026-08-01T14:48:48.352892Z[0m [32m INFO[0m [2mwgpu_hal::vulkan::instance[0m[2m:[0m 	objects: (type: INSTANCE, hndl: 0xb7a494fddf70, name: ?)
[2m2026-08-01T14:48:48.352898Z[0m [32m INFO[0m [2mwgpu_hal::vulkan::instance[0m[2m:[0m GENERAL [Loader Message (0x0)]
	      /etc/xdg/vulkan/icd.d
[2m2026-08-01T14:48:48.352904Z[0m [32m INFO[0m [2mwgpu_hal::vulkan::instance[0m[2m:[0m 	objects: (type: INSTANCE, hndl: 0xb7a494fddf70, name: ?)
[2m2026-08-01T14:48:48.352909Z[0m [32m INFO[0m [2mwgpu_hal::vulkan::instance[0m[2m:[0m GENERAL [Loader Message (0x0)]
	      /etc/vulkan/icd.d
[2m2026-08-01T14:48:48.352915Z[0m [32m INFO[0m [2mwgpu_hal::vulkan::instance[0m[2m:[0m 	objects: (type: INSTANCE, hndl: 0xb7a494fddf70, name: ?)
[2m2026-08-01T14:48:48.352921Z[0m [32m INFO[0m [2mwgpu_hal::vulkan::instance[0m[2m:[0m GENERAL [Loader Message (0x0)]
	      /home/ubuntu/.local/share/vulkan/icd.d
[2m2026-08-01T14:48:48.352927Z[0m [32m INFO[0m [2mwgpu_hal::vulkan::instance[0m[2m:[0m 	objects: (type: INSTANCE, hndl: 0xb7a494fddf70, name: ?)
[2m2026-08-01T14:48:48.352933Z[0m [32m INFO[0m [2mwgpu_hal::vulkan::instance[0m[2m:[0m GENERAL [Loader Message (0x0)]
	      /usr/local/share/vulkan/icd.d
[2m2026-08-01T14:48:48.352939Z[0m [32m INFO[0m [2mwgpu_hal::vulkan::instance[0m[2m:[0m 	objects: (type: INSTANCE, hndl: 0xb7a494fddf70, name: ?)
[2m2026-08-01T14:48:48.352945Z[0m [32m INFO[0m [2mwgpu_hal::vulkan::instance[0m[2m:[0m GENERAL [Loader Message (0x0)]
	      /usr/share/vulkan/icd.d
[2m2026-08-01T14:48:48.352951Z[0m [32m INFO[0m [2mwgpu_hal::vulkan::instance[0m[2m:[0m 	objects: (type: INSTANCE, hndl: 0xb7a494fddf70, name: ?)
[2m2026-08-01T14:48:48.352978Z[0m [32m INFO[0m [2mwgpu_hal::vulkan::instance[0m[2m:[0m GENERAL [Loader Message (0x0)]
	   Found the following files:
[2m2026-08-01T14:48:48.352985Z[0m [32m INFO[0m [2mwgpu_hal::vulkan::instance[0m[2m:[0m 	objects: (type: INSTANCE, hndl: 0xb7a494fddf70, name: ?)
[2m2026-08-01T14:48:48.352991Z[0m [32m INFO[0m [2mwgpu_hal::vulkan::instance[0m[2m:[0m GENERAL [Loader Message (0x0)]
	      /usr/share/vulkan/icd.d/nouveau_icd.json
[2m2026-08-01T14:48:48.352999Z[0m [32m INFO[0m [2mwgpu_hal::vulkan::instance[0m[2m:[0m 	objects: (type: INSTANCE, hndl: 0xb7a494fddf70, name: ?)
[2m2026-08-01T14:48:48.353005Z[0m [32m INFO[0m [2mwgpu_hal::vulkan::instance[0m[2m:[0m GENERAL [Loader Message (0x0)]
	      /usr/share/vulkan/icd.d/broadcom_icd.json
[2m2026-08-01T14:48:48.353011Z[0m [32m INFO[0m [2mwgpu_hal::vulkan::instance[0m[2m:[0m 	objects: (type: INSTANCE, hndl: 0xb7a494fddf70, name: ?)
[2m2026-08-01T14:48:48.353017Z[0m [32m INFO[0m [2mwgpu_hal::vulkan::instance[0m[2m:[0m GENERAL [Loader Message (0x0)]
	      /usr/share/vulkan/icd.d/panfrost_icd.json
[2m2026-08-01T14:48:48.353023Z[0m [32m INFO[0m [2mwgpu_hal::vulkan::instance[0m[2m:[0m 	objects: (type: INSTANCE, hndl: 0xb7a494fddf70, name: ?)
[2m2026-08-01T14:48:48.353029Z[0m [32m INFO[0m [2mwgpu_hal::vulkan::instance[0m[2m:[0m GENERAL [Loader Message (0x0)]
	      /usr/share/vulkan/icd.d/freedreno_icd.json
[2m2026-08-01T14:48:48.353035Z[0m [32m INFO[0m [2mwgpu_hal::vulkan::instance[0m[2m:[0m 	objects: (type: INSTANCE, hndl: 0xb7a494fddf70, name: ?)
[2m2026-08-01T14:48:48.353041Z[0m [32m INFO[0m [2mwgpu_hal::vulkan::instance[0m[2m:[0m GENERAL [Loader Message (0x0)]
	      /usr/share/vulkan/icd.d/gfxstream_vk_icd.json
[2m2026-08-01T14:48:48.353047Z[0m [32m INFO[0m [2mwgpu_hal::vulkan::instance[0m[2m:[0m 	objects: (type: INSTANCE, hndl: 0xb7a494fddf70, name: ?)
[2m2026-08-01T14:48:48.353054Z[0m [32m INFO[0m [2mwgpu_hal::vulkan::instance[0m[2m:[0m GENERAL [Loader Message (0x0)]
	      /usr/share/vulkan/icd.d/virtio_icd.json
[2m2026-08-01T14:48:48.353061Z[0m [32m INFO[0m [2mwgpu_hal::vulkan::instance[0m[2m:[0m 	objects: (type: INSTANCE, hndl: 0xb7a494fddf70, name: ?)
[2m2026-08-01T14:48:48.353066Z[0m [32m INFO[0m [2mwgpu_hal::vulkan::instance[0m[2m:[0m GENERAL [Loader Message (0x0)]
	      /usr/share/vulkan/icd.d/asahi_icd.json
[2m2026-08-01T14:48:48.353073Z[0m [32m INFO[0m [2mwgpu_hal::vulkan::instance[0m[2m:[0m 	objects: (type: INSTANCE, hndl: 0xb7a494fddf70, name: ?)
[2m2026-08-01T14:48:48.353078Z[0m [32m INFO[0m [2mwgpu_hal::vulkan::instance[0m[2m:[0m GENERAL [Loader Message (0x0)]
	      /usr/share/vulkan/icd.d/lvp_icd.json
[2m2026-08-01T14:48:48.353085Z[0m [32m INFO[0m [2mwgpu_hal::vulkan::instance[0m[2m:[0m 	objects: (type: INSTANCE, hndl: 0xb7a494fddf70, name: ?)
[2m2026-08-01T14:48:48.353090Z[0m [32m INFO[0m [2mwgpu_hal::vulkan::instance[0m[2m:[0m GENERAL [Loader Message (0x0)]
	      /usr/share/vulkan/icd.d/intel_icd.json
[2m2026-08-01T14:48:48.353096Z[0m [32m INFO[0m [2mwgpu_hal::vulkan::instance[0m[2m:[0m 	objects: (type: INSTANCE, hndl: 0xb7a494fddf70, name: ?)
[2m2026-08-01T14:48:48.353102Z[0m [32m INFO[0m [2mwgpu_hal::vulkan::instance[0m[2m:[0m GENERAL [Loader Message (0x0)]
	      /usr/share/vulkan/icd.d/powervr_mesa_icd.json
[2m2026-08-01T14:48:48.353108Z[0m [32m INFO[0m [2mwgpu_hal::vulkan::instance[0m[2m:[0m 	objects: (type: INSTANCE, hndl: 0xb7a494fddf70, name: ?)
[2m2026-08-01T14:48:48.353114Z[0m [32m INFO[0m [2mwgpu_hal::vulkan::instance[0m[2m:[0m GENERAL [Loader Message (0x0)]
	      /usr/share/vulkan/icd.d/radeon_icd.json
[2m2026-08-01T14:48:48.353120Z[0m [32m INFO[0m [2mwgpu_hal::vulkan::instance[0m[2m:[0m 	objects: (type: INSTANCE, hndl: 0xb7a494fddf70, name: ?)
[2m2026-08-01T14:48:48.353130Z[0m [32m INFO[0m [2mwgpu_hal::vulkan::instance[0m[2m:[0m GENERAL [Loader Message (0x0)]
	Found ICD manifest file /usr/share/vulkan/icd.d/nouveau_icd.json, version 1.0.1
[2m2026-08-01T14:48:48.353137Z[0m [32m INFO[0m [2mwgpu_hal::vulkan::instance[0m[2m:[0m 	objects: (type: INSTANCE, hndl: 0xb7a494fddf70, name: ?)
[2m2026-08-01T14:48:48.353169Z[0m [32m INFO[0m [2mwgpu_hal::vulkan::instance[0m[2m:[0m GENERAL [Loader Message (0x0)]
	Found ICD manifest file /usr/share/vulkan/icd.d/broadcom_icd.json, version 1.0.1
[2m2026-08-01T14:48:48.353177Z[0m [32m INFO[0m [2mwgpu_hal::vulkan::instance[0m[2m:[0m 	objects: (type: INSTANCE, hndl: 0xb7a494fddf70, name: ?)
[2m2026-08-01T14:48:48.353859Z[0m [32m INFO[0m [2mwgpu_hal::vulkan::instance[0m[2m:[0m GENERAL [Loader Message (0x0)]
	Found ICD manifest file /usr/share/vulkan/icd.d/panfrost_icd.json, version 1.0.1
[2m2026-08-01T14:48:48.353876Z[0m [32m INFO[0m [2mwgpu_hal::vulkan::instance[0m[2m:[0m 	objects: (type: INSTANCE, hndl: 0xb7a494fddf70, name: ?)
[2m2026-08-01T14:48:48.354133Z[0m [32m INFO[0m [2mwgpu_hal::vulkan::instance[0m[2m:[0m GENERAL [Loader Message (0x0)]
	Found ICD manifest file /usr/share/vulkan/icd.d/freedreno_icd.json, version 1.0.1
[2m2026-08-01T14:48:48.354144Z[0m [32m INFO[0m [2mwgpu_hal::vulkan::instance[0m[2m:[0m 	objects: (type: INSTANCE, hndl: 0xb7a494fddf70, name: ?)
[2m2026-08-01T14:48:48.354948Z[0m [32m INFO[0m [2mwgpu_hal::vulkan::instance[0m[2m:[0m GENERAL [Loader Message (0x0)]
	Found ICD manifest file /usr/share/vulkan/icd.d/gfxstream_vk_icd.json, version 1.0.1
[2m2026-08-01T14:48:48.354959Z[0m [32m INFO[0m [2mwgpu_hal::vulkan::instance[0m[2m:[0m 	objects: (type: INSTANCE, hndl: 0xb7a494fddf70, name: ?)
[2m2026-08-01T14:48:48.355066Z[0m [32m INFO[0m [2mwgpu_hal::vulkan::instance[0m[2m:[0m GENERAL [Loader Message (0x0)]
	Found ICD manifest file /usr/share/vulkan/icd.d/virtio_icd.json, version 1.0.1
[2m2026-08-01T14:48:48.355074Z[0m [32m INFO[0m [2mwgpu_hal::vulkan::instance[0m[2m:[0m 	objects: (type: INSTANCE, hndl: 0xb7a494fddf70, name: ?)
[2m2026-08-01T14:48:48.355167Z[0m [32m INFO[0m [2mwgpu_hal::vulkan::instance[0m[2m:[0m GENERAL [Loader Message (0x0)]
	Found ICD manifest file /usr/share/vulkan/icd.d/asahi_icd.json, version 1.0.1
[2m2026-08-01T14:48:48.355198Z[0m [32m INFO[0m [2mwgpu_hal::vulkan::instance[0m[2m:[0m 	objects: (type: INSTANCE, hndl: 0xb7a494fddf70, name: ?)
[2m2026-08-01T14:48:48.355518Z[0m [32m INFO[0m [2mwgpu_hal::vulkan::instance[0m[2m:[0m GENERAL [Loader Message (0x0)]
	Found ICD manifest file /usr/share/vulkan/icd.d/lvp_icd.json, version 1.0.1
[2m2026-08-01T14:48:48.355528Z[0m [32m INFO[0m [2mwgpu_hal::vulkan::instance[0m[2m:[0m 	objects: (type: INSTANCE, hndl: 0xb7a494fddf70, name: ?)
[2m2026-08-01T14:48:48.355544Z[0m [32m INFO[0m [2mwgpu_hal::vulkan::instance[0m[2m:[0m GENERAL [Loader Message (0x0)]
	Found ICD manifest file /usr/share/vulkan/icd.d/intel_icd.json, version 1.0.1
[2m2026-08-01T14:48:48.355552Z[0m [32m INFO[0m [2mwgpu_hal::vulkan::instance[0m[2m:[0m 	objects: (type: INSTANCE, hndl: 0xb7a494fddf70, name: ?)
[2m2026-08-01T14:48:48.355739Z[0m [32m INFO[0m [2mwgpu_hal::vulkan::instance[0m[2m:[0m GENERAL [Loader Message (0x0)]
	Found ICD manifest file /usr/share/vulkan/icd.d/powervr_mesa_icd.json, version 1.0.1
[2m2026-08-01T14:48:48.355748Z[0m [32m INFO[0m [2mwgpu_hal::vulkan::instance[0m[2m:[0m 	objects: (type: INSTANCE, hndl: 0xb7a494fddf70, name: ?)
[2m2026-08-01T14:48:48.355910Z[0m [32m INFO[0m [2mwgpu_hal::vulkan::instance[0m[2m:[0m GENERAL [Loader Message (0x0)]
	Found ICD manifest file /usr/share/vulkan/icd.d/radeon_icd.json, version 1.0.1
[2m2026-08-01T14:48:48.355918Z[0m [32m INFO[0m [2mwgpu_hal::vulkan::instance[0m[2m:[0m 	objects: (type: INSTANCE, hndl: 0xb7a494fddf70, name: ?)
[2m2026-08-01T14:48:48.359036Z[0m [32m INFO[0m [2mwgpu_hal::vulkan::instance[0m[2m:[0m GENERAL [Loader Message (0x0)]
	Insert instance layer "VK_LAYER_MESA_device_select" (/usr/lib/aarch64-linux-gnu/libVkLayer_MESA_device_select.so)
[2m2026-08-01T14:48:48.359060Z[0m [32m INFO[0m [2mwgpu_hal::vulkan::instance[0m[2m:[0m 	objects: (type: INSTANCE, hndl: 0xb7a494fddf70, name: ?)
[2m2026-08-01T14:48:48.359068Z[0m [32m INFO[0m [2mwgpu_hal::vulkan::instance[0m[2m:[0m GENERAL [Loader Message (0x0)]
	vkCreateInstance layer callstack setup to:
[2m2026-08-01T14:48:48.359075Z[0m [32m INFO[0m [2mwgpu_hal::vulkan::instance[0m[2m:[0m 	objects: (type: INSTANCE, hndl: 0xb7a494fddf70, name: ?)
[2m2026-08-01T14:48:48.359081Z[0m [32m INFO[0m [2mwgpu_hal::vulkan::instance[0m[2m:[0m GENERAL [Loader Message (0x0)]
	   <Application>
[2m2026-08-01T14:48:48.359096Z[0m [32m INFO[0m [2mwgpu_hal::vulkan::instance[0m[2m:[0m 	objects: (type: INSTANCE, hndl: 0xb7a494fddf70, name: ?)
[2m2026-08-01T14:48:48.359103Z[0m [32m INFO[0m [2mwgpu_hal::vulkan::instance[0m[2m:[0m GENERAL [Loader Message (0x0)]
	     ||
[2m2026-08-01T14:48:48.359109Z[0m [32m INFO[0m [2mwgpu_hal::vulkan::instance[0m[2m:[0m 	objects: (type: INSTANCE, hndl: 0xb7a494fddf70, name: ?)
[2m2026-08-01T14:48:48.359115Z[0m [32m INFO[0m [2mwgpu_hal::vulkan::instance[0m[2m:[0m GENERAL [Loader Message (0x0)]
	   <Loader>
[2m2026-08-01T14:48:48.359122Z[0m [32m INFO[0m [2mwgpu_hal::vulkan::instance[0m[2m:[0m 	objects: (type: INSTANCE, hndl: 0xb7a494fddf70, name: ?)
[2m2026-08-01T14:48:48.359128Z[0m [32m INFO[0m [2mwgpu_hal::vulkan::instance[0m[2m:[0m GENERAL [Loader Message (0x0)]
	     ||
[2m2026-08-01T14:48:48.359134Z[0m [32m INFO[0m [2mwgpu_hal::vulkan::instance[0m[2m:[0m 	objects: (type: INSTANCE, hndl: 0xb7a494fddf70, name: ?)
[2m2026-08-01T14:48:48.359140Z[0m [32m INFO[0m [2mwgpu_hal::vulkan::instance[0m[2m:[0m GENERAL [Loader Message (0x0)]
	   VK_LAYER_MESA_device_select
[2m2026-08-01T14:48:48.359146Z[0m [32m INFO[0m [2mwgpu_hal::vulkan::instance[0m[2m:[0m 	objects: (type: INSTANCE, hndl: 0xb7a494fddf70, name: ?)
[2m2026-08-01T14:48:48.359152Z[0m [32m INFO[0m [2mwgpu_hal::vulkan::instance[0m[2m:[0m GENERAL [Loader Message (0x0)]
	           Type: Implicit
[2m2026-08-01T14:48:48.359158Z[0m [32m INFO[0m [2mwgpu_hal::vulkan::instance[0m[2m:[0m 	objects: (type: INSTANCE, hndl: 0xb7a494fddf70, name: ?)
[2m2026-08-01T14:48:48.359164Z[0m [32m INFO[0m [2mwgpu_hal::vulkan::instance[0m[2m:[0m GENERAL [Loader Message (0x0)]
	           Enabled By: Implicit Layer
[2m2026-08-01T14:48:48.359170Z[0m [32m INFO[0m [2mwgpu_hal::vulkan::instance[0m[2m:[0m 	objects: (type: INSTANCE, hndl: 0xb7a494fddf70, name: ?)
[2m2026-08-01T14:48:48.359176Z[0m [32m INFO[0m [2mwgpu_hal::vulkan::instance[0m[2m:[0m GENERAL [Loader Message (0x0)]
	               Disable Env Var:  NODEVICE_SELECT
[2m2026-08-01T14:48:48.359183Z[0m [32m INFO[0m [2mwgpu_hal::vulkan::instance[0m[2m:[0m 	objects: (type: INSTANCE, hndl: 0xb7a494fddf70, name: ?)
[2m2026-08-01T14:48:48.359189Z[0m [32m INFO[0m [2mwgpu_hal::vulkan::instance[0m[2m:[0m GENERAL [Loader Message (0x0)]
	           Manifest: /usr/share/vulkan/implicit_layer.d/VkLayer_MESA_device_select.json
[2m2026-08-01T14:48:48.359197Z[0m [32m INFO[0m [2mwgpu_hal::vulkan::instance[0m[2m:[0m 	objects: (type: INSTANCE, hndl: 0xb7a494fddf70, name: ?)
[2m2026-08-01T14:48:48.359203Z[0m [32m INFO[0m [2mwgpu_hal::vulkan::instance[0m[2m:[0m GENERAL [Loader Message (0x0)]
	           Library:  /usr/lib/aarch64-linux-gnu/libVkLayer_MESA_device_select.so
[2m2026-08-01T14:48:48.359211Z[0m [32m INFO[0m [2mwgpu_hal::vulkan::instance[0m[2m:[0m 	objects: (type: INSTANCE, hndl: 0xb7a494fddf70, name: ?)
[2m2026-08-01T14:48:48.359217Z[0m [32m INFO[0m [2mwgpu_hal::vulkan::instance[0m[2m:[0m GENERAL [Loader Message (0x0)]
	     ||
[2m2026-08-01T14:48:48.359223Z[0m [32m INFO[0m [2mwgpu_hal::vulkan::instance[0m[2m:[0m 	objects: (type: INSTANCE, hndl: 0xb7a494fddf70, name: ?)
[2m2026-08-01T14:48:48.359562Z[0m [32m INFO[0m [2mwgpu_hal::vulkan::instance[0m[2m:[0m GENERAL [Loader Message (0x0)]
	   <Drivers>
[2m2026-08-01T14:48:48.359573Z[0m [32m INFO[0m [2mwgpu_hal::vulkan::instance[0m[2m:[0m 	objects: (type: INSTANCE, hndl: 0xb7a494fddf70, name: ?)
[2m2026-08-01T14:48:48.377907Z[0m [32m INFO[0m [2mwgpu_hal::vulkan::instance[0m[2m:[0m Enabling debug utils
[2m2026-08-01T14:48:48.378220Z[0m [32m INFO[0m [2mwgpu_hal::gles::egl[0m[2m:[0m Using Wayland platform
[slopos-compositor/drm] client connected
[slopos-compositor/drm] client connected
[slopos-compositor/drm] client disconnected
[2m2026-08-01T14:48:48.402748Z[0m [33m WARN[0m [2mwgpu_hal::gles::egl[0m[2m:[0m Re-initializing Gles context due to Wayland window
[slopos-compositor/drm] client disconnected
[2m2026-08-01T14:48:48.420940Z[0m [32m INFO[0m [2mwgpu_hal::vulkan::instance[0m[2m:[0m GENERAL [Loader Message (0x0)]
	linux_read_sorted_physical_devices:
[2m2026-08-01T14:48:48.420979Z[0m [32m INFO[0m [2mwgpu_hal::vulkan::instance[0m[2m:[0m 	objects: (type: INSTANCE, hndl: 0xb7a494fddf70, name: ?)
[2m2026-08-01T14:48:48.421003Z[0m [32m INFO[0m [2mwgpu_hal::vulkan::instance[0m[2m:[0m GENERAL [Loader Message (0x0)]
	     Original order:
[2m2026-08-01T14:48:48.421027Z[0m [32m INFO[0m [2mwgpu_hal::vulkan::instance[0m[2m:[0m 	objects: (type: INSTANCE, hndl: 0xb7a494fddf70, name: ?)
[2m2026-08-01T14:48:48.421040Z[0m [32m INFO[0m [2mwgpu_hal::vulkan::instance[0m[2m:[0m GENERAL [Loader Message (0x0)]
	           [0] llvmpipe (LLVM 21.1.8, 128 bits)
[2m2026-08-01T14:48:48.421048Z[0m [32m INFO[0m [2mwgpu_hal::vulkan::instance[0m[2m:[0m 	objects: (type: INSTANCE, hndl: 0xb7a494fddf70, name: ?)
[2m2026-08-01T14:48:48.421054Z[0m [32m INFO[0m [2mwgpu_hal::vulkan::instance[0m[2m:[0m GENERAL [Loader Message (0x0)]
	     Sorted order:
[2m2026-08-01T14:48:48.421060Z[0m [32m INFO[0m [2mwgpu_hal::vulkan::instance[0m[2m:[0m 	objects: (type: INSTANCE, hndl: 0xb7a494fddf70, name: ?)
[2m2026-08-01T14:48:48.421069Z[0m [32m INFO[0m [2mwgpu_hal::vulkan::instance[0m[2m:[0m GENERAL [Loader Message (0x0)]
	           [0] llvmpipe (LLVM 21.1.8, 128 bits)  
[2m2026-08-01T14:48:48.421081Z[0m [32m INFO[0m [2mwgpu_hal::vulkan::instance[0m[2m:[0m 	objects: (type: INSTANCE, hndl: 0xb7a494fddf70, name: ?)
[2m2026-08-01T14:48:48.421092Z[0m [32m INFO[0m [2mwgpu_hal::vulkan::instance[0m[2m:[0m GENERAL [Loader Message (0x0)]
	linux_read_sorted_physical_devices:
[2m2026-08-01T14:48:48.421099Z[0m [32m INFO[0m [2mwgpu_hal::vulkan::instance[0m[2m:[0m 	objects: (type: INSTANCE, hndl: 0xb7a494fddf70, name: ?)
[2m2026-08-01T14:48:48.421105Z[0m [32m INFO[0m [2mwgpu_hal::vulkan::instance[0m[2m:[0m GENERAL [Loader Message (0x0)]
	     Original order:
[2m2026-08-01T14:48:48.421111Z[0m [32m INFO[0m [2mwgpu_hal::vulkan::instance[0m[2m:[0m 	objects: (type: INSTANCE, hndl: 0xb7a494fddf70, name: ?)
[2m2026-08-01T14:48:48.421120Z[0m [32m INFO[0m [2mwgpu_hal::vulkan::instance[0m[2m:[0m GENERAL [Loader Message (0x0)]
	           [0] llvmpipe (LLVM 21.1.8, 128 bits)
[2m2026-08-01T14:48:48.421126Z[0m [32m INFO[0m [2mwgpu_hal::vulkan::instance[0m[2m:[0m 	objects: (type: INSTANCE, hndl: 0xb7a494fddf70, name: ?)
[2m2026-08-01T14:48:48.421132Z[0m [32m INFO[0m [2mwgpu_hal::vulkan::instance[0m[2m:[0m GENERAL [Loader Message (0x0)]
	     Sorted order:
[2m2026-08-01T14:48:48.421138Z[0m [32m INFO[0m [2mwgpu_hal::vulkan::instance[0m[2m:[0m 	objects: (type: INSTANCE, hndl: 0xb7a494fddf70, name: ?)
[2m2026-08-01T14:48:48.421144Z[0m [32m INFO[0m [2mwgpu_hal::vulkan::instance[0m[2m:[0m GENERAL [Loader Message (0x0)]
	           [0] llvmpipe (LLVM 21.1.8, 128 bits)  
[2m2026-08-01T14:48:48.421150Z[0m [32m INFO[0m [2mwgpu_hal::vulkan::instance[0m[2m:[0m 	objects: (type: INSTANCE, hndl: 0xb7a494fddf70, name: ?)
[slopos-compositor/drm] client connected
[slopos-compositor/drm] client disconnected
[2m2026-08-01T14:48:48.422075Z[0m [32m INFO[0m [2mwgpu_hal::vulkan::instance[0m[2m:[0m GENERAL [Loader Message (0x0)]
	linux_read_sorted_physical_devices:
[2m2026-08-01T14:48:48.422100Z[0m [32m INFO[0m [2mwgpu_hal::vulkan::instance[0m[2m:[0m 	objects: (type: INSTANCE, hndl: 0xb7a494fddf70, name: ?)
[2m2026-08-01T14:48:48.422109Z[0m [32m INFO[0m [2mwgpu_hal::vulkan::instance[0m[2m:[0m GENERAL [Loader Message (0x0)]
	     Original order:
[2m2026-08-01T14:48:48.422116Z[0m [32m INFO[0m [2mwgpu_hal::vulkan::instance[0m[2m:[0m 	objects: (type: INSTANCE, hndl: 0xb7a494fddf70, name: ?)
[2m2026-08-01T14:48:48.422131Z[0m [32m INFO[0m [2mwgpu_hal::vulkan::instance[0m[2m:[0m GENERAL [Loader Message (0x0)]
	           [0] llvmpipe (LLVM 21.1.8, 128 bits)
[2m2026-08-01T14:48:48.422151Z[0m [32m INFO[0m [2mwgpu_hal::vulkan::instance[0m[2m:[0m 	objects: (type: INSTANCE, hndl: 0xb7a494fddf70, name: ?)
[2m2026-08-01T14:48:48.422158Z[0m [32m INFO[0m [2mwgpu_hal::vulkan::instance[0m[2m:[0m GENERAL [Loader Message (0x0)]
	     Sorted order:
[2m2026-08-01T14:48:48.422164Z[0m [32m INFO[0m [2mwgpu_hal::vulkan::instance[0m[2m:[0m 	objects: (type: INSTANCE, hndl: 0xb7a494fddf70, name: ?)
[2m2026-08-01T14:48:48.422170Z[0m [32m INFO[0m [2mwgpu_hal::vulkan::instance[0m[2m:[0m GENERAL [Loader Message (0x0)]
	           [0] llvmpipe (LLVM 21.1.8, 128 bits)  
[2m2026-08-01T14:48:48.422177Z[0m [32m INFO[0m [2mwgpu_hal::vulkan::instance[0m[2m:[0m 	objects: (type: INSTANCE, hndl: 0xb7a494fddf70, name: ?)
[2m2026-08-01T14:48:48.422187Z[0m [32m INFO[0m [2mwgpu_hal::vulkan::instance[0m[2m:[0m GENERAL [Loader Message (0x0)]
	linux_read_sorted_physical_devices:
[2m2026-08-01T14:48:48.422194Z[0m [32m INFO[0m [2mwgpu_hal::vulkan::instance[0m[2m:[0m 	objects: (type: INSTANCE, hndl: 0xb7a494fddf70, name: ?)
[2m2026-08-01T14:48:48.422200Z[0m [32m INFO[0m [2mwgpu_hal::vulkan::instance[0m[2m:[0m GENERAL [Loader Message (0x0)]
	     Original order:
[2m2026-08-01T14:48:48.422205Z[0m [32m INFO[0m [2mwgpu_hal::vulkan::instance[0m[2m:[0m 	objects: (type: INSTANCE, hndl: 0xb7a494fddf70, name: ?)
[2m2026-08-01T14:48:48.422214Z[0m [32m INFO[0m [2mwgpu_hal::vulkan::instance[0m[2m:[0m GENERAL [Loader Message (0x0)]
	           [0] llvmpipe (LLVM 21.1.8, 128 bits)
[2m2026-08-01T14:48:48.422221Z[0m [32m INFO[0m [2mwgpu_hal::vulkan::instance[0m[2m:[0m 	objects: (type: INSTANCE, hndl: 0xb7a494fddf70, name: ?)
[2m2026-08-01T14:48:48.422510Z[0m [32m INFO[0m [2mwgpu_hal::vulkan::instance[0m[2m:[0m GENERAL [Loader Message (0x0)]
	     Sorted order:
[2m2026-08-01T14:48:48.422522Z[0m [32m INFO[0m [2mwgpu_hal::vulkan::instance[0m[2m:[0m 	objects: (type: INSTANCE, hndl: 0xb7a494fddf70, name: ?)
[2m2026-08-01T14:48:48.422530Z[0m [32m INFO[0m [2mwgpu_hal::vulkan::instance[0m[2m:[0m GENERAL [Loader Message (0x0)]
	           [0] llvmpipe (LLVM 21.1.8, 128 bits)  
[2m2026-08-01T14:48:48.422538Z[0m [32m INFO[0m [2mwgpu_hal::vulkan::instance[0m[2m:[0m 	objects: (type: INSTANCE, hndl: 0xb7a494fddf70, name: ?)
[slopos-compositor/drm] client connected
[2m2026-08-01T14:48:48.423059Z[0m [32m INFO[0m [2mwgpu_hal::vulkan::instance[0m[2m:[0m GENERAL [Loader Message (0x0)]
	Removing driver /usr/lib/aarch64-linux-gnu/libvulkan_radeon.so due to not having any physical devices
[2m2026-08-01T14:48:48.423070Z[0m [32m INFO[0m [2mwgpu_hal::vulkan::instance[0m[2m:[0m 	objects: (type: INSTANCE, hndl: 0xb7a494fddf70, name: ?)
[slopos-compositor/drm] client disconnected
[2m2026-08-01T14:48:48.423385Z[0m [32m INFO[0m [2mwgpu_hal::vulkan::instance[0m[2m:[0m GENERAL [Loader Message (0x0)]
	Removing driver /usr/lib/aarch64-linux-gnu/libvulkan_powervr_mesa.so due to not having any physical devices
[2m2026-08-01T14:48:48.423405Z[0m [32m INFO[0m [2mwgpu_hal::vulkan::instance[0m[2m:[0m 	objects: (type: INSTANCE, hndl: 0xb7a494fddf70, name: ?)
[2m2026-08-01T14:48:48.423534Z[0m [32m INFO[0m [2mwgpu_hal::vulkan::instance[0m[2m:[0m GENERAL [Loader Message (0x0)]
	Removing driver /usr/lib/aarch64-linux-gnu/libvulkan_intel.so due to not having any physical devices
[2m2026-08-01T14:48:48.423546Z[0m [32m INFO[0m [2mwgpu_hal::vulkan::instance[0m[2m:[0m 	objects: (type: INSTANCE, hndl: 0xb7a494fddf70, name: ?)
[2m2026-08-01T14:48:48.423657Z[0m [32m INFO[0m [2mwgpu_hal::vulkan::instance[0m[2m:[0m GENERAL [Loader Message (0x0)]
	Removing driver /usr/lib/aarch64-linux-gnu/libvulkan_asahi.so due to not having any physical devices
[2m2026-08-01T14:48:48.423696Z[0m [32m INFO[0m [2mwgpu_hal::vulkan::instance[0m[2m:[0m 	objects: (type: INSTANCE, hndl: 0xb7a494fddf70, name: ?)
[2m2026-08-01T14:48:48.423848Z[0m [32m INFO[0m [2mwgpu_hal::vulkan::instance[0m[2m:[0m GENERAL [Loader Message (0x0)]
	Removing driver /usr/lib/aarch64-linux-gnu/libvulkan_virtio.so due to not having any physical devices
[2m2026-08-01T14:48:48.423863Z[0m [32m INFO[0m [2mwgpu_hal::vulkan::instance[0m[2m:[0m 	objects: (type: INSTANCE, hndl: 0xb7a494fddf70, name: ?)
[2m2026-08-01T14:48:48.423941Z[0m [32m INFO[0m [2mwgpu_hal::vulkan::instance[0m[2m:[0m GENERAL [Loader Message (0x0)]
	Removing driver /usr/lib/aarch64-linux-gnu/libvulkan_gfxstream.so due to not having any physical devices
[2m2026-08-01T14:48:48.423950Z[0m [32m INFO[0m [2mwgpu_hal::vulkan::instance[0m[2m:[0m 	objects: (type: INSTANCE, hndl: 0xb7a494fddf70, name: ?)
[2m2026-08-01T14:48:48.424026Z[0m [32m INFO[0m [2mwgpu_hal::vulkan::instance[0m[2m:[0m GENERAL [Loader Message (0x0)]
	Removing driver /usr/lib/aarch64-linux-gnu/libvulkan_freedreno.so due to not having any physical devices
[2m2026-08-01T14:48:48.424036Z[0m [32m INFO[0m [2mwgpu_hal::vulkan::instance[0m[2m:[0m 	objects: (type: INSTANCE, hndl: 0xb7a494fddf70, name: ?)
[2m2026-08-01T14:48:48.424117Z[0m [32m INFO[0m [2mwgpu_hal::vulkan::instance[0m[2m:[0m GENERAL [Loader Message (0x0)]
	Removing driver /usr/lib/aarch64-linux-gnu/libvulkan_panfrost.so due to not having any physical devices
[2m2026-08-01T14:48:48.424126Z[0m [32m INFO[0m [2mwgpu_hal::vulkan::instance[0m[2m:[0m 	objects: (type: INSTANCE, hndl: 0xb7a494fddf70, name: ?)
[2m2026-08-01T14:48:48.424486Z[0m [32m INFO[0m [2mwgpu_hal::vulkan::instance[0m[2m:[0m GENERAL [Loader Message (0x0)]
	Removing driver /usr/lib/aarch64-linux-gnu/libvulkan_broadcom.so due to not having any physical devices
[2m2026-08-01T14:48:48.424502Z[0m [32m INFO[0m [2mwgpu_hal::vulkan::instance[0m[2m:[0m 	objects: (type: INSTANCE, hndl: 0xb7a494fddf70, name: ?)
[2m2026-08-01T14:48:48.424617Z[0m [32m INFO[0m [2mwgpu_hal::vulkan::instance[0m[2m:[0m GENERAL [Loader Message (0x0)]
	Removing driver /usr/lib/aarch64-linux-gnu/libvulkan_nouveau.so due to not having any physical devices
[2m2026-08-01T14:48:48.424628Z[0m [32m INFO[0m [2mwgpu_hal::vulkan::instance[0m[2m:[0m 	objects: (type: INSTANCE, hndl: 0xb7a494fddf70, name: ?)
[2m2026-08-01T14:48:48.429130Z[0m [32m INFO[0m [2mwgpu_core::instance[0m[2m:[0m Adapter Vulkan AdapterInfo { name: "llvmpipe (LLVM 21.1.8, 128 bits)", vendor: 65541, device: 0, device_type: Cpu, driver: "llvmpipe", driver_info: "Mesa 26.0.3-1ubuntu1 (LLVM 21.1.8)", backend: Vulkan }
[2m2026-08-01T14:48:48.429566Z[0m [32m INFO[0m [2mwgpu_hal::vulkan::instance[0m[2m:[0m GENERAL [Loader Message (0x0)]
	Failed to find vkGetDeviceProcAddr in layer "/usr/lib/aarch64-linux-gnu/libVkLayer_MESA_device_select.so"
[2m2026-08-01T14:48:48.429582Z[0m [32m INFO[0m [2mwgpu_hal::vulkan::instance[0m[2m:[0m 	objects: (type: INSTANCE, hndl: 0xb7a494fddf70, name: ?)
[2m2026-08-01T14:48:48.429589Z[0m [32m INFO[0m [2mwgpu_hal::vulkan::instance[0m[2m:[0m GENERAL [Loader Message (0x0)]
	vkCreateDevice layer callstack setup to:
[2m2026-08-01T14:48:48.429596Z[0m [32m INFO[0m [2mwgpu_hal::vulkan::instance[0m[2m:[0m 	objects: (type: INSTANCE, hndl: 0xb7a494fddf70, name: ?)
[2m2026-08-01T14:48:48.429603Z[0m [32m INFO[0m [2mwgpu_hal::vulkan::instance[0m[2m:[0m GENERAL [Loader Message (0x0)]
	   <Application>
[2m2026-08-01T14:48:48.429610Z[0m [32m INFO[0m [2mwgpu_hal::vulkan::instance[0m[2m:[0m 	objects: (type: INSTANCE, hndl: 0xb7a494fddf70, name: ?)
[2m2026-08-01T14:48:48.429617Z[0m [32m INFO[0m [2mwgpu_hal::vulkan::instance[0m[2m:[0m GENERAL [Loader Message (0x0)]
	     ||
[2m2026-08-01T14:48:48.429624Z[0m [32m INFO[0m [2mwgpu_hal::vulkan::instance[0m[2m:[0m 	objects: (type: INSTANCE, hndl: 0xb7a494fddf70, name: ?)
[2m2026-08-01T14:48:48.429630Z[0m [32m INFO[0m [2mwgpu_hal::vulkan::instance[0m[2m:[0m GENERAL [Loader Message (0x0)]
	   <Loader>
[2m2026-08-01T14:48:48.429636Z[0m [32m INFO[0m [2mwgpu_hal::vulkan::instance[0m[2m:[0m 	objects: (type: INSTANCE, hndl: 0xb7a494fddf70, name: ?)
[2m2026-08-01T14:48:48.429650Z[0m [32m INFO[0m [2mwgpu_hal::vulkan::instance[0m[2m:[0m GENERAL [Loader Message (0x0)]
	     ||
[2m2026-08-01T14:48:48.429657Z[0m [32m INFO[0m [2mwgpu_hal::vulkan::instance[0m[2m:[0m 	objects: (type: INSTANCE, hndl: 0xb7a494fddf70, name: ?)
[2m2026-08-01T14:48:48.429663Z[0m [32m INFO[0m [2mwgpu_hal::vulkan::instance[0m[2m:[0m GENERAL [Loader Message (0x0)]
	   <Device>
[2m2026-08-01T14:48:48.429669Z[0m [32m INFO[0m [2mwgpu_hal::vulkan::instance[0m[2m:[0m 	objects: (type: INSTANCE, hndl: 0xb7a494fddf70, name: ?)
[2m2026-08-01T14:48:48.429743Z[0m [32m INFO[0m [2mwgpu_hal::vulkan::instance[0m[2m:[0m GENERAL [Loader Message (0x0)]
	       Using "llvmpipe (LLVM 21.1.8, 128 bits)" with driver: "/usr/lib/aarch64-linux-gnu/libvulkan_lvp.so"
[2m2026-08-01T14:48:48.429751Z[0m [32m INFO[0m [2mwgpu_hal::vulkan::instance[0m[2m:[0m 	objects: (type: INSTANCE, hndl: 0xb7a494fddf70, name: ?)
[2m2026-08-01T14:48:48.444789Z[0m [32m INFO[0m [2mwgpu_core::device::resource[0m[2m:[0m Device::maintain: waiting for submission index 0
[2m2026-08-01T14:48:48.446295Z[0m [32m INFO[0m [2mslopos_shell[0m[2m:[0m compositor owns ordinary application windows; shell background is chrome-only
[2m2026-08-01T14:48:48.447892Z[0m [32m INFO[0m [2mwgpu_core::device::resource[0m[2m:[0m Device::maintain: waiting for submission index 0
[2m2026-08-01T14:48:48.658784Z[0m [32m INFO[0m [2mwgpu_core::device::resource[0m[2m:[0m Device::maintain: waiting for submission index 0
[2m2026-08-01T14:48:48.910849Z[0m [32m INFO[0m [2mwgpu_core::device::resource[0m[2m:[0m Device::maintain: waiting for submission index 0
[2m2026-08-01T14:48:48.930121Z[0m [32m INFO[0m [2mwgpu_core::device::resource[0m[2m:[0m Device::maintain: waiting for submission index 0
[slopos-compositor/drm] client connected
[slopos-compositor/drm] client disconnected
[2m2026-08-01T14:48:48.951567Z[0m [32m INFO[0m [2mslopos_shell::foreign_toplevel_client[0m[2m:[0m foreign-toplevel-list synced from compositor [3mtoplevels[0m[2m=[0m2
[2m2026-08-01T14:48:48.953416Z[0m [32m INFO[0m [2mwgpu_core::device::resource[0m[2m:[0m Device::maintain: waiting for submission index 0
[2m2026-08-01T14:48:49.096277Z[0m [32m INFO[0m [2mwgpu_core::device::resource[0m[2m:[0m Device::maintain: waiting for submission index 1
[2m2026-08-01T14:48:49.308914Z[0m [32m INFO[0m [2mwgpu_core::device::resource[0m[2m:[0m Device::maintain: waiting for submission index 1
[2m2026-08-01T14:48:49.320324Z[0m [32m INFO[0m [2mwgpu_core::device::resource[0m[2m:[0m Device::maintain: waiting for submission index 1
[slopos-compositor/drm] client connected
[slopos-compositor/drm] client disconnected
[2m2026-08-01T14:48:49.334649Z[0m [32m INFO[0m [2mslopos_shell::foreign_toplevel_client[0m[2m:[0m foreign-toplevel-list synced from compositor [3mtoplevels[0m[2m=[0m2
[slopos-compositor/drm] client connected
[2m2026-08-01T14:48:49.337058Z[0m [32m INFO[0m [2mslopos_shell::foreign_toplevel_client[0m[2m:[0m foreign-toplevel-list synced from compositor [3mtoplevels[0m[2m=[0m2
[slopos-compositor/drm] client disconnected
[slopos-compositor/drm] client connected
[slopos-compositor/drm] client disconnected
[2m2026-08-01T14:48:50.348958Z[0m [32m INFO[0m [2mslopos_shell::foreign_toplevel_client[0m[2m:[0m foreign-toplevel-list synced from compositor [3mtoplevels[0m[2m=[0m2
[slopos-compositor/drm] client connected
[slopos-compositor/drm] client disconnected
[2m2026-08-01T14:48:51.362678Z[0m [32m INFO[0m [2mslopos_shell::foreign_toplevel_client[0m[2m:[0m foreign-toplevel-list synced from compositor [3mtoplevels[0m[2m=[0m2
[slopos-compositor/drm] client connected
[slopos-compositor/drm] client disconnected
[2m2026-08-01T14:48:52.370208Z[0m [32m INFO[0m [2mslopos_shell::foreign_toplevel_client[0m[2m:[0m foreign-toplevel-list synced from compositor [3mtoplevels[0m[2m=[0m2
[slopos-compositor/drm] client connected
[2m2026-08-01T14:48:53.430220Z[0m [32m INFO[0m [2mslopos_shell::foreign_toplevel_client[0m[2m:[0m foreign-toplevel-list synced from compositor [3mtoplevels[0m[2m=[0m2
[slopos-compositor/drm] client disconnected
[slopos-compositor/drm] client connected
[slopos-compositor/drm] client disconnected
[2m2026-08-01T14:48:54.440503Z[0m [32m INFO[0m [2mslopos_shell::foreign_toplevel_client[0m[2m:[0m foreign-toplevel-list synced from compositor [3mtoplevels[0m[2m=[0m2
[slopos-compositor/drm] client connected
[2m2026-08-01T14:48:55.450776Z[0m [32m INFO[0m [2mslopos_shell::foreign_toplevel_client[0m[2m:[0m foreign-toplevel-list synced from compositor [3mtoplevels[0m[2m=[0m2
[slopos-compositor/drm] client disconnected
[slopos-compositor/drm] client connected
[slopos-compositor/drm] client disconnected
[2m2026-08-01T14:48:56.461403Z[0m [32m INFO[0m [2mslopos_shell::foreign_toplevel_client[0m[2m:[0m foreign-toplevel-list synced from compositor [3mtoplevels[0m[2m=[0m2
[slopos-compositor/drm] client connected
[slopos-compositor/drm] client disconnected
[2m2026-08-01T14:48:57.472131Z[0m [32m INFO[0m [2mslopos_shell::foreign_toplevel_client[0m[2m:[0m foreign-toplevel-list synced from compositor [3mtoplevels[0m[2m=[0m2
[slopos-compositor/drm] client connected
[2m2026-08-01T14:48:58.515715Z[0m [32m INFO[0m [2mslopos_shell::foreign_toplevel_client[0m[2m:[0m foreign-toplevel-list synced from compositor [3mtoplevels[0m[2m=[0m2
[slopos-compositor/drm] client disconnected
[slopos-compositor/drm] client connected
[slopos-compositor/drm] client disconnected
[2m2026-08-01T14:48:59.525982Z[0m [32m INFO[0m [2mslopos_shell::foreign_toplevel_client[0m[2m:[0m foreign-toplevel-list synced from compositor [3mtoplevels[0m[2m=[0m2
[slopos-compositor/drm] client connected
[2m2026-08-01T14:49:00.537511Z[0m [32m INFO[0m [2mslopos_shell::foreign_toplevel_client[0m[2m:[0m foreign-toplevel-list synced from compositor [3mtoplevels[0m[2m=[0m2
[slopos-compositor/drm] client disconnected
[2m2026-08-01T14:49:00.545046Z[0m [32m INFO[0m [2mwgpu_core::device::resource[0m[2m:[0m Device::maintain: waiting for submission index 0
[2m2026-08-01T14:49:00.821736Z[0m [32m INFO[0m [2mwgpu_core::device::resource[0m[2m:[0m Device::maintain: waiting for submission index 2
[2m2026-08-01T14:49:01.088998Z[0m [32m INFO[0m [2mwgpu_core::device::resource[0m[2m:[0m Device::maintain: waiting for submission index 2
[2m2026-08-01T14:49:01.109545Z[0m [32m INFO[0m [2mwgpu_core::device::resource[0m[2m:[0m Device::maintain: waiting for submission index 2
[slopos-compositor/drm] client connected
[slopos-compositor/drm] client disconnected
[2m2026-08-01T14:49:01.128329Z[0m [32m INFO[0m [2mslopos_shell::foreign_toplevel_client[0m[2m:[0m foreign-toplevel-list synced from compositor [3mtoplevels[0m[2m=[0m2
[slopos-compositor/drm] client connected
[2m2026-08-01T14:49:01.131988Z[0m [32m INFO[0m [2mslopos_shell::foreign_toplevel_client[0m[2m:[0m foreign-toplevel-list synced from compositor [3mtoplevels[0m[2m=[0m2
[slopos-compositor/drm] client disconnected
[slopos-compositor/drm] client connected
[2m2026-08-01T14:49:02.141754Z[0m [32m INFO[0m [2mslopos_shell::foreign_toplevel_client[0m[2m:[0m foreign-toplevel-list synced from compositor [3mtoplevels[0m[2m=[0m2
[slopos-compositor/drm] client disconnected
[slopos-compositor/drm] client connected
[slopos-compositor/drm] client disconnected
[2m2026-08-01T14:49:03.152996Z[0m [32m INFO[0m [2mslopos_shell::foreign_toplevel_client[0m[2m:[0m foreign-toplevel-list synced from compositor [3mtoplevels[0m[2m=[0m2
[slopos-compositor/drm] client connected
[2m2026-08-01T14:49:04.177868Z[0m [32m INFO[0m [2mslopos_shell::foreign_toplevel_client[0m[2m:[0m foreign-toplevel-list synced from compositor [3mtoplevels[0m[2m=[0m2
[slopos-compositor/drm] client disconnected
[slopos-compositor/drm] client connected
[2m2026-08-01T14:49:05.193319Z[0m [32m INFO[0m [2mslopos_shell::foreign_toplevel_client[0m[2m:[0m foreign-toplevel-list synced from compositor [3mtoplevels[0m[2m=[0m2
[slopos-compositor/drm] client disconnected
[slopos-compositor/drm] client connected
[slopos-compositor/drm] client disconnected
[2m2026-08-01T14:49:06.203784Z[0m [32m INFO[0m [2mslopos_shell::foreign_toplevel_client[0m[2m:[0m foreign-toplevel-list synced from compositor [3mtoplevels[0m[2m=[0m2
[slopos-compositor/drm] client connected
[2m2026-08-01T14:49:07.214330Z[0m [32m INFO[0m [2mslopos_shell::foreign_toplevel_client[0m[2m:[0m foreign-toplevel-list synced from compositor [3mtoplevels[0m[2m=[0m2
[slopos-compositor/drm] client disconnected
[slopos-compositor/drm] client connected
[slopos-compositor/drm] client disconnected
[2m2026-08-01T14:49:08.224552Z[0m [32m INFO[0m [2mslopos_shell::foreign_toplevel_client[0m[2m:[0m foreign-toplevel-list synced from compositor [3mtoplevels[0m[2m=[0m2
[slopos-compositor/drm] client connected
[2m2026-08-01T14:49:09.278827Z[0m [32m INFO[0m [2mslopos_shell::foreign_toplevel_client[0m[2m:[0m foreign-toplevel-list synced from compositor [3mtoplevels[0m[2m=[0m2
[slopos-compositor/drm] client disconnected
[slopos-compositor/drm] client connected
[slopos-compositor/drm] client disconnected
[2m2026-08-01T14:49:10.287619Z[0m [32m INFO[0m [2mslopos_shell::foreign_toplevel_client[0m[2m:[0m foreign-toplevel-list synced from compositor [3mtoplevels[0m[2m=[0m2
[slopos-compositor/drm] client connected
[slopos-compositor/drm] client disconnected
[2m2026-08-01T14:49:11.299120Z[0m [32m INFO[0m [2mslopos_shell::foreign_toplevel_client[0m[2m:[0m foreign-toplevel-list synced from compositor [3mtoplevels[0m[2m=[0m2
[slopos-compositor/drm] client connected
[slopos-compositor/drm] client disconnected
[2m2026-08-01T14:49:12.320053Z[0m [32m INFO[0m [2mslopos_shell::foreign_toplevel_client[0m[2m:[0m foreign-toplevel-list synced from compositor [3mtoplevels[0m[2m=[0m2
[slopos-compositor/drm] client connected
[slopos-compositor/drm] client disconnected
[2m2026-08-01T14:49:13.332185Z[0m [32m INFO[0m [2mslopos_shell::foreign_toplevel_client[0m[2m:[0m foreign-toplevel-list synced from compositor [3mtoplevels[0m[2m=[0m2
[slopos-compositor/drm] client connected
[slopos-compositor/drm] client disconnected
[2m2026-08-01T14:49:14.376199Z[0m [32m INFO[0m [2mslopos_shell::foreign_toplevel_client[0m[2m:[0m foreign-toplevel-list synced from compositor [3mtoplevels[0m[2m=[0m2
[slopos-compositor/drm] client connected
[slopos-compositor/drm] client disconnected
[2m2026-08-01T14:49:15.384931Z[0m [32m INFO[0m [2mslopos_shell::foreign_toplevel_client[0m[2m:[0m foreign-toplevel-list synced from compositor [3mtoplevels[0m[2m=[0m2
[slopos-compositor/drm] client connected
[slopos-compositor/drm] client disconnected
[2m2026-08-01T14:49:16.394782Z[0m [32m INFO[0m [2mslopos_shell::foreign_toplevel_client[0m[2m:[0m foreign-toplevel-list synced from compositor [3mtoplevels[0m[2m=[0m2
[slopos-compositor/drm] client connected
[slopos-compositor/drm] client disconnected
[2m2026-08-01T14:49:17.402381Z[0m [32m INFO[0m [2mslopos_shell::foreign_toplevel_client[0m[2m:[0m foreign-toplevel-list synced from compositor [3mtoplevels[0m[2m=[0m2
[2m2026-08-01T14:49:18.347177Z[0m [32m INFO[0m [2mslopos_compositor::session_drm[0m[2m:[0m applied compositor presentation request [3mwindow_id[0m[2m=[0m6FwQbmI7pwhwfFD2atxxZYmGYWy8aVm7 [3maction[0m[2m=[0mFill [3mstate[0m[2m=[0mFilled
[2m2026-08-01T14:49:18.357701Z[0m [31mERROR[0m [1megl[0m[1m{[0m[3mnative[0m[2m=[0m"/dev/dri/card0" [3mplatform[0m[2m=[0m"PLATFORM_GBM_KHR" [3mversion[0m[2m=[0m(1, 5)[1m}[0m[2m:[0m[1megl_context[0m[1m{[0m[3mptr[0m[2m=[0m203709534707824[1m}[0m[2m:[0m[1mrenderer_gles2[0m[2m:[0m [2msmithay::backend::renderer::gles[0m[2m:[0m [GL] GL_INVALID_ENUM in glBufferData(invalid usage: GL_STREAM_READ)
[2m2026-08-01T14:49:18.372696Z[0m [31mERROR[0m [1megl[0m[1m{[0m[3mnative[0m[2m=[0m"/dev/dri/card0" [3mplatform[0m[2m=[0m"PLATFORM_GBM_KHR" [3mversion[0m[2m=[0m(1, 5)[1m}[0m[2m:[0m[1megl_context[0m[1m{[0m[3mptr[0m[2m=[0m203709534707824[1m}[0m[2m:[0m[1mrenderer_gles2[0m[2m:[0m [2msmithay::backend::renderer::gles[0m[2m:[0m [GL] GL_INVALID_OPERATION in glReadPixels(out of bounds PBO access)
[2m2026-08-01T14:49:18.372888Z[0m [33m WARN[0m [2mslopos_compositor::screenshot[0m[2m:[0m screenshot failed [3merror[0m[2m=[0mcopy_framebuffer: Unsupported pixel format: DrmFourcc(AR24)
[slopos-compositor] screenshot failed: copy_framebuffer: Unsupported pixel format: DrmFourcc(AR24)
[slopos-compositor/drm] client connected
[slopos-compositor/drm] client disconnected
[2m2026-08-01T14:49:18.408134Z[0m [32m INFO[0m [2mslopos_shell::foreign_toplevel_client[0m[2m:[0m foreign-toplevel-list synced from compositor [3mtoplevels[0m[2m=[0m2
[2m2026-08-01T14:49:18.410107Z[0m [32m INFO[0m [2mwgpu_core::device::resource[0m[2m:[0m Device::maintain: waiting for submission index 1
[2m2026-08-01T14:49:18.481978Z[0m [32m INFO[0m [2mwgpu_core::device::resource[0m[2m:[0m Device::maintain: waiting for submission index 1
[slopos-compositor/drm] client connected
[slopos-compositor/drm] client disconnected
[2m2026-08-01T14:49:19.457765Z[0m [32m INFO[0m [2mslopos_shell::foreign_toplevel_client[0m[2m:[0m foreign-toplevel-list synced from compositor [3mtoplevels[0m[2m=[0m2
[slopos-compositor/drm] client connected
[slopos-compositor/drm] client disconnected
[2m2026-08-01T14:49:20.464215Z[0m [32m INFO[0m [2mslopos_shell::foreign_toplevel_client[0m[2m:[0m foreign-toplevel-list synced from compositor [3mtoplevels[0m[2m=[0m2
[slopos-compositor/drm] client connected
[2m2026-08-01T14:49:21.486447Z[0m [32m INFO[0m [2mslopos_shell::foreign_toplevel_client[0m[2m:[0m foreign-toplevel-list synced from compositor [3mtoplevels[0m[2m=[0m2
[slopos-compositor/drm] client disconnected
[slopos-compositor/drm] client connected
[slopos-compositor/drm] client disconnected
[2m2026-08-01T14:49:22.498852Z[0m [32m INFO[0m [2mslopos_shell::foreign_toplevel_client[0m[2m:[0m foreign-toplevel-list synced from compositor [3mtoplevels[0m[2m=[0m2
[slopos-compositor/drm] client connected
[slopos-compositor/drm] client disconnected
[2m2026-08-01T14:49:23.511561Z[0m [32m INFO[0m [2mslopos_shell::foreign_toplevel_client[0m[2m:[0m foreign-toplevel-list synced from compositor [3mtoplevels[0m[2m=[0m2
[slopos-compositor/drm] client connected
[2m2026-08-01T14:49:24.561442Z[0m [32m INFO[0m [2mslopos_shell::foreign_toplevel_client[0m[2m:[0m foreign-toplevel-list synced from compositor [3mtoplevels[0m[2m=[0m2
[slopos-compositor/drm] client disconnected
[slopos-compositor/drm] client connected
[slopos-compositor/drm] client disconnected
[2m2026-08-01T14:49:25.572413Z[0m [32m INFO[0m [2mslopos_shell::foreign_toplevel_client[0m[2m:[0m foreign-toplevel-list synced from compositor [3mtoplevels[0m[2m=[0m2
[slopos-compositor/drm] client connected
[slopos-compositor/drm] client disconnected
[2m2026-08-01T14:49:26.581346Z[0m [32m INFO[0m [2mslopos_shell::foreign_toplevel_client[0m[2m:[0m foreign-toplevel-list synced from compositor [3mtoplevels[0m[2m=[0m2
[slopos-compositor/drm] client connected
[slopos-compositor/drm] client disconnected
[2m2026-08-01T14:49:27.589395Z[0m [32m INFO[0m [2mslopos_shell::foreign_toplevel_client[0m[2m:[0m foreign-toplevel-list synced from compositor [3mtoplevels[0m[2m=[0m2
[slopos-compositor/drm] client connected
[slopos-compositor/drm] client disconnected
[2m2026-08-01T14:49:28.604897Z[0m [32m INFO[0m [2mslopos_shell::foreign_toplevel_client[0m[2m:[0m foreign-toplevel-list synced from compositor [3mtoplevels[0m[2m=[0m2
[slopos-compositor/drm] client connected
[2m2026-08-01T14:49:29.649074Z[0m [32m INFO[0m [2mslopos_shell::foreign_toplevel_client[0m[2m:[0m foreign-toplevel-list synced from compositor [3mtoplevels[0m[2m=[0m2
[slopos-compositor/drm] client disconnected
[slopos-compositor/drm] client connected
[slopos-compositor/drm] client disconnected
[2m2026-08-01T14:49:30.660468Z[0m [32m INFO[0m [2mslopos_shell::foreign_toplevel_client[0m[2m:[0m foreign-toplevel-list synced from compositor [3mtoplevels[0m[2m=[0m2
[slopos-compositor/drm] client connected
[slopos-compositor/drm] client disconnected
[2m2026-08-01T14:49:31.675746Z[0m [32m INFO[0m [2mslopos_shell::foreign_toplevel_client[0m[2m:[0m foreign-toplevel-list synced from compositor [3mtoplevels[0m[2m=[0m2
[slopos-compositor/drm] client connected
[slopos-compositor/drm] client disconnected
[2m2026-08-01T14:49:32.685749Z[0m [32m INFO[0m [2mslopos_shell::foreign_toplevel_client[0m[2m:[0m foreign-toplevel-list synced from compositor [3mtoplevels[0m[2m=[0m2
[slopos-compositor/drm] client connected
[slopos-compositor/drm] client disconnected
[2m2026-08-01T14:49:33.695568Z[0m [32m INFO[0m [2mslopos_shell::foreign_toplevel_client[0m[2m:[0m foreign-toplevel-list synced from compositor [3mtoplevels[0m[2m=[0m2
[slopos-compositor/drm] client connected
[2m2026-08-01T14:49:34.745089Z[0m [32m INFO[0m [2mslopos_shell::foreign_toplevel_client[0m[2m:[0m foreign-toplevel-list synced from compositor [3mtoplevels[0m[2m=[0m2
[slopos-compositor/drm] client disconnected
[slopos-compositor/drm] client connected
[slopos-compositor/drm] client disconnected
[2m2026-08-01T14:49:35.759692Z[0m [32m INFO[0m [2mslopos_shell::foreign_toplevel_client[0m[2m:[0m foreign-toplevel-list synced from compositor [3mtoplevels[0m[2m=[0m2
[slopos-compositor/drm] client connected
[slopos-compositor/drm] client disconnected
[2m2026-08-01T14:49:36.774665Z[0m [32m INFO[0m [2mslopos_shell::foreign_toplevel_client[0m[2m:[0m foreign-toplevel-list synced from compositor [3mtoplevels[0m[2m=[0m2
[slopos-compositor/drm] client connected
[slopos-compositor/drm] client disconnected
[2m2026-08-01T14:49:37.790420Z[0m [32m INFO[0m [2mslopos_shell::foreign_toplevel_client[0m[2m:[0m foreign-toplevel-list synced from compositor [3mtoplevels[0m[2m=[0m2
[slopos-compositor/drm] client connected
[slopos-compositor/drm] client disconnected
[2m2026-08-01T14:49:38.807150Z[0m [32m INFO[0m [2mslopos_shell::foreign_toplevel_client[0m[2m:[0m foreign-toplevel-list synced from compositor [3mtoplevels[0m[2m=[0m2
[slopos-compositor/drm] client connected
[2m2026-08-01T14:49:39.860980Z[0m [32m INFO[0m [2mslopos_shell::foreign_toplevel_client[0m[2m:[0m foreign-toplevel-list synced from compositor [3mtoplevels[0m[2m=[0m2
[slopos-compositor/drm] client disconnected
[slopos-compositor/drm] client connected
[slopos-compositor/drm] client disconnected
[2m2026-08-01T14:49:40.875690Z[0m [32m INFO[0m [2mslopos_shell::foreign_toplevel_client[0m[2m:[0m foreign-toplevel-list synced from compositor [3mtoplevels[0m[2m=[0m2
[slopos-compositor/drm] client connected
[slopos-compositor/drm] client disconnected
[2m2026-08-01T14:49:41.883724Z[0m [32m INFO[0m [2mslopos_shell::foreign_toplevel_client[0m[2m:[0m foreign-toplevel-list synced from compositor [3mtoplevels[0m[2m=[0m2
[slopos-compositor/drm] client connected
[slopos-compositor/drm] client disconnected
[2m2026-08-01T14:49:42.896782Z[0m [32m INFO[0m [2mslopos_shell::foreign_toplevel_client[0m[2m:[0m foreign-toplevel-list synced from compositor [3mtoplevels[0m[2m=[0m2
[slopos-compositor/drm] client connected
[slopos-compositor/drm] client disconnected
[2m2026-08-01T14:49:43.910696Z[0m [32m INFO[0m [2mslopos_shell::foreign_toplevel_client[0m[2m:[0m foreign-toplevel-list synced from compositor [3mtoplevels[0m[2m=[0m2
[2m2026-08-01T14:49:44.866655Z[0m [32m INFO[0m [2mslopos_compositor::session_drm[0m[2m:[0m applied compositor presentation request [3mwindow_id[0m[2m=[0m6FwQbmI7pwhwfFD2atxxZYmGYWy8aVm7 [3maction[0m[2m=[0mMinimize [3mstate[0m[2m=[0mMinimized
[slopos-compositor/drm] client connected
[slopos-compositor/drm] client disconnected
[2m2026-08-01T14:49:44.931602Z[0m [32m INFO[0m [2mslopos_shell::foreign_toplevel_client[0m[2m:[0m foreign-toplevel-list synced from compositor [3mtoplevels[0m[2m=[0m2
[2m2026-08-01T14:49:44.932030Z[0m [32m INFO[0m [2mwgpu_core::device::resource[0m[2m:[0m Device::maintain: waiting for submission index 2
[2m2026-08-01T14:49:44.935084Z[0m [32m INFO[0m [2mwgpu_core::device::resource[0m[2m:[0m Device::maintain: waiting for submission index 0
[2m2026-08-01T14:49:45.015222Z[0m [32m INFO[0m [2mwgpu_core::device::resource[0m[2m:[0m Device::maintain: waiting for submission index 2
[2m2026-08-01T14:49:45.167244Z[0m [32m INFO[0m [2mwgpu_core::device::resource[0m[2m:[0m Device::maintain: waiting for submission index 3
[2m2026-08-01T14:49:45.450802Z[0m [32m INFO[0m [2mwgpu_core::device::resource[0m[2m:[0m Device::maintain: waiting for submission index 3
[2m2026-08-01T14:49:45.473467Z[0m [32m INFO[0m [2mwgpu_core::device::resource[0m[2m:[0m Device::maintain: waiting for submission index 3
[slopos-compositor/drm] client connected
[slopos-compositor/drm] client disconnected
[2m2026-08-01T14:49:45.512823Z[0m [32m INFO[0m [2mslopos_shell::foreign_toplevel_client[0m[2m:[0m foreign-toplevel-list synced from compositor [3mtoplevels[0m[2m=[0m2
[slopos-compositor/drm] client connected
[slopos-compositor/drm] client disconnected
[2m2026-08-01T14:49:45.516037Z[0m [32m INFO[0m [2mslopos_shell::foreign_toplevel_client[0m[2m:[0m foreign-toplevel-list synced from compositor [3mtoplevels[0m[2m=[0m2
[slopos-compositor/drm] client connected
[slopos-compositor/drm] client disconnected
[2m2026-08-01T14:49:46.523429Z[0m [32m INFO[0m [2mslopos_shell::foreign_toplevel_client[0m[2m:[0m foreign-toplevel-list synced from compositor [3mtoplevels[0m[2m=[0m2
[slopos-compositor/drm] client connected
[slopos-compositor/drm] client disconnected
[2m2026-08-01T14:49:47.536628Z[0m [32m INFO[0m [2mslopos_shell::foreign_toplevel_client[0m[2m:[0m foreign-toplevel-list synced from compositor [3mtoplevels[0m[2m=[0m2
[slopos-compositor/drm] client connected
[slopos-compositor/drm] client disconnected
[2m2026-08-01T14:49:48.549009Z[0m [32m INFO[0m [2mslopos_shell::foreign_toplevel_client[0m[2m:[0m foreign-toplevel-list synced from compositor [3mtoplevels[0m[2m=[0m2
[slopos-compositor/drm] client connected
[slopos-compositor/drm] client disconnected
[2m2026-08-01T14:49:49.563358Z[0m [32m INFO[0m [2mslopos_shell::foreign_toplevel_client[0m[2m:[0m foreign-toplevel-list synced from compositor [3mtoplevels[0m[2m=[0m2
[slopos-compositor/drm] client connected
[2m2026-08-01T14:49:50.614204Z[0m [32m INFO[0m [2mslopos_shell::foreign_toplevel_client[0m[2m:[0m foreign-toplevel-list synced from compositor [3mtoplevels[0m[2m=[0m2
[slopos-compositor/drm] client disconnected
[slopos-compositor/drm] client connected
[2m2026-08-01T14:49:51.622549Z[0m [32m INFO[0m [2mslopos_shell::foreign_toplevel_client[0m[2m:[0m foreign-toplevel-list synced from compositor [3mtoplevels[0m[2m=[0m2
[slopos-compositor/drm] client disconnected
[slopos-compositor/drm] client connected
[slopos-compositor/drm] client disconnected
[2m2026-08-01T14:49:52.636216Z[0m [32m INFO[0m [2mslopos_shell::foreign_toplevel_client[0m[2m:[0m foreign-toplevel-list synced from compositor [3mtoplevels[0m[2m=[0m2
[slopos-compositor/drm] client connected
[slopos-compositor/drm] client disconnected
[2m2026-08-01T14:49:53.652456Z[0m [32m INFO[0m [2mslopos_shell::foreign_toplevel_client[0m[2m:[0m foreign-toplevel-list synced from compositor [3mtoplevels[0m[2m=[0m2
[slopos-compositor/drm] client connected
[slopos-compositor/drm] client disconnected
[2m2026-08-01T14:49:54.665522Z[0m [32m INFO[0m [2mslopos_shell::foreign_toplevel_client[0m[2m:[0m foreign-toplevel-list synced from compositor [3mtoplevels[0m[2m=[0m2
[slopos-compositor/drm] client connected
[2m2026-08-01T14:49:55.723970Z[0m [32m INFO[0m [2mslopos_shell::foreign_toplevel_client[0m[2m:[0m foreign-toplevel-list synced from compositor [3mtoplevels[0m[2m=[0m2
[slopos-compositor/drm] client disconnected
[slopos-compositor/drm] client connected
[slopos-compositor/drm] client disconnected
[2m2026-08-01T14:49:56.734449Z[0m [32m INFO[0m [2mslopos_shell::foreign_toplevel_client[0m[2m:[0m foreign-toplevel-list synced from compositor [3mtoplevels[0m[2m=[0m2
[slopos-compositor/drm] client connected
[slopos-compositor/drm] client disconnected
[2m2026-08-01T14:49:57.756755Z[0m [32m INFO[0m [2mslopos_shell::foreign_toplevel_client[0m[2m:[0m foreign-toplevel-list synced from compositor [3mtoplevels[0m[2m=[0m2
[slopos-compositor/drm] client connected
[slopos-compositor/drm] client disconnected
[2m2026-08-01T14:49:58.771153Z[0m [32m INFO[0m [2mslopos_shell::foreign_toplevel_client[0m[2m:[0m foreign-toplevel-list synced from compositor [3mtoplevels[0m[2m=[0m2
[slopos-compositor/drm] client connected
[slopos-compositor/drm] client disconnected
[2m2026-08-01T14:49:59.785576Z[0m [32m INFO[0m [2mslopos_shell::foreign_toplevel_client[0m[2m:[0m foreign-toplevel-list synced from compositor [3mtoplevels[0m[2m=[0m2
[slopos-compositor/drm] client connected
[slopos-compositor/drm] client disconnected
[2m2026-08-01T14:50:00.839058Z[0m [32m INFO[0m [2mslopos_shell::foreign_toplevel_client[0m[2m:[0m foreign-toplevel-list synced from compositor [3mtoplevels[0m[2m=[0m2
[2m2026-08-01T14:50:00.844053Z[0m [32m INFO[0m [2mwgpu_core::device::resource[0m[2m:[0m Device::maintain: waiting for submission index 0
[2m2026-08-01T14:50:01.099370Z[0m [32m INFO[0m [2mwgpu_core::device::resource[0m[2m:[0m Device::maintain: waiting for submission index 4
[2m2026-08-01T14:50:01.366300Z[0m [32m INFO[0m [2mwgpu_core::device::resource[0m[2m:[0m Device::maintain: waiting for submission index 4
[2m2026-08-01T14:50:01.384546Z[0m [32m INFO[0m [2mwgpu_core::device::resource[0m[2m:[0m Device::maintain: waiting for submission index 4
[slopos-compositor/drm] client connected
[slopos-compositor/drm] client disconnected
[2m2026-08-01T14:50:01.410533Z[0m [32m INFO[0m [2mslopos_shell::foreign_toplevel_client[0m[2m:[0m foreign-toplevel-list synced from compositor [3mtoplevels[0m[2m=[0m2
[slopos-compositor/drm] client connected
[2m2026-08-01T14:50:01.414101Z[0m [32m INFO[0m [2mslopos_shell::foreign_toplevel_client[0m[2m:[0m foreign-toplevel-list synced from compositor [3mtoplevels[0m[2m=[0m2
[slopos-compositor/drm] client disconnected
[slopos-compositor/drm] client connected
[slopos-compositor/drm] client disconnected
[2m2026-08-01T14:50:02.421560Z[0m [32m INFO[0m [2mslopos_shell::foreign_toplevel_client[0m[2m:[0m foreign-toplevel-list synced from compositor [3mtoplevels[0m[2m=[0m2
[slopos-compositor/drm] client connected
[slopos-compositor/drm] client disconnected
[2m2026-08-01T14:50:03.437502Z[0m [32m INFO[0m [2mslopos_shell::foreign_toplevel_client[0m[2m:[0m foreign-toplevel-list synced from compositor [3mtoplevels[0m[2m=[0m2
[2m2026-08-01T14:50:04.162885Z[0m [32m INFO[0m [2mslopos_compositor::session_drm[0m[2m:[0m applied compositor presentation request [3mwindow_id[0m[2m=[0m6FwQbmI7pwhwfFD2atxxZYmGYWy8aVm7 [3maction[0m[2m=[0mRestore [3mstate[0m[2m=[0mNormal
[slopos-compositor/drm] client connected
[slopos-compositor/drm] client disconnected
[2m2026-08-01T14:50:04.451454Z[0m [32m INFO[0m [2mslopos_shell::foreign_toplevel_client[0m[2m:[0m foreign-toplevel-list synced from compositor [3mtoplevels[0m[2m=[0m2
[2m2026-08-01T14:50:04.453789Z[0m [32m INFO[0m [2mwgpu_core::device::resource[0m[2m:[0m Device::maintain: waiting for submission index 3
[2m2026-08-01T14:50:04.455392Z[0m [32m INFO[0m [2mwgpu_core::device::resource[0m[2m:[0m Device::maintain: waiting for submission index 0
[2m2026-08-01T14:50:04.514035Z[0m [32m INFO[0m [2mwgpu_core::device::resource[0m[2m:[0m Device::maintain: waiting for submission index 3
[2m2026-08-01T14:50:04.669349Z[0m [32m INFO[0m [2mwgpu_core::device::resource[0m[2m:[0m Device::maintain: waiting for submission index 5
[2m2026-08-01T14:50:04.910964Z[0m [32m INFO[0m [2mwgpu_core::device::resource[0m[2m:[0m Device::maintain: waiting for submission index 5
[2m2026-08-01T14:50:04.921358Z[0m [32m INFO[0m [2mwgpu_core::device::resource[0m[2m:[0m Device::maintain: waiting for submission index 5
[slopos-compositor/drm] client connected
[slopos-compositor/drm] client disconnected
[2m2026-08-01T14:50:04.941451Z[0m [32m INFO[0m [2mslopos_shell::foreign_toplevel_client[0m[2m:[0m foreign-toplevel-list synced from compositor [3mtoplevels[0m[2m=[0m2
[slopos-compositor/drm] client connected
[2m2026-08-01T14:50:04.944184Z[0m [32m INFO[0m [2mslopos_shell::foreign_toplevel_client[0m[2m:[0m foreign-toplevel-list synced from compositor [3mtoplevels[0m[2m=[0m2
[slopos-compositor/drm] client disconnected
[slopos-compositor/drm] client connected
[2m2026-08-01T14:50:05.989072Z[0m [32m INFO[0m [2mslopos_shell::foreign_toplevel_client[0m[2m:[0m foreign-toplevel-list synced from compositor [3mtoplevels[0m[2m=[0m2
[slopos-compositor/drm] client disconnected
[slopos-compositor/drm] client connected
[slopos-compositor/drm] client disconnected
[2m2026-08-01T14:50:07.003558Z[0m [32m INFO[0m [2mslopos_shell::foreign_toplevel_client[0m[2m:[0m foreign-toplevel-list synced from compositor [3mtoplevels[0m[2m=[0m2
[slopos-compositor/drm] client connected
[slopos-compositor/drm] client disconnected
[2m2026-08-01T14:50:08.011434Z[0m [32m INFO[0m [2mslopos_shell::foreign_toplevel_client[0m[2m:[0m foreign-toplevel-list synced from compositor [3mtoplevels[0m[2m=[0m2
[slopos-compositor/drm] client connected
[slopos-compositor/drm] client disconnected
[2m2026-08-01T14:50:09.022068Z[0m [32m INFO[0m [2mslopos_shell::foreign_toplevel_client[0m[2m:[0m foreign-toplevel-list synced from compositor [3mtoplevels[0m[2m=[0m2
[slopos-compositor/drm] client connected
[slopos-compositor/drm] client disconnected
[2m2026-08-01T14:50:10.031884Z[0m [32m INFO[0m [2mslopos_shell::foreign_toplevel_client[0m[2m:[0m foreign-toplevel-list synced from compositor [3mtoplevels[0m[2m=[0m2
[slopos-compositor/drm] client connected
[2m2026-08-01T14:50:11.084983Z[0m [32m INFO[0m [2mslopos_shell::foreign_toplevel_client[0m[2m:[0m foreign-toplevel-list synced from compositor [3mtoplevels[0m[2m=[0m2
[slopos-compositor/drm] client disconnected
[slopos-compositor/drm] client connected
[slopos-compositor/drm] client disconnected
[2m2026-08-01T14:50:12.096857Z[0m [32m INFO[0m [2mslopos_shell::foreign_toplevel_client[0m[2m:[0m foreign-toplevel-list synced from compositor [3mtoplevels[0m[2m=[0m2
[slopos-compositor/drm] client connected
[slopos-compositor/drm] client disconnected
[2m2026-08-01T14:50:13.110776Z[0m [32m INFO[0m [2mslopos_shell::foreign_toplevel_client[0m[2m:[0m foreign-toplevel-list synced from compositor [3mtoplevels[0m[2m=[0m2
[slopos-compositor/drm] client connected
[2m2026-08-01T14:50:14.128787Z[0m [32m INFO[0m [2mslopos_shell::foreign_toplevel_client[0m[2m:[0m foreign-toplevel-list synced from compositor [3mtoplevels[0m[2m=[0m2
[slopos-compositor/drm] client disconnected
[slopos-compositor/drm] client connected
[slopos-compositor/drm] client disconnected
[2m2026-08-01T14:50:15.140570Z[0m [32m INFO[0m [2mslopos_shell::foreign_toplevel_client[0m[2m:[0m foreign-toplevel-list synced from compositor [3mtoplevels[0m[2m=[0m2
[slopos-compositor/drm] client connected
[2m2026-08-01T14:50:16.186913Z[0m [32m INFO[0m [2mslopos_shell::foreign_toplevel_client[0m[2m:[0m foreign-toplevel-list synced from compositor [3mtoplevels[0m[2m=[0m2
[slopos-compositor/drm] client disconnected
[slopos-compositor/drm] client connected
[slopos-compositor/drm] client disconnected
[2m2026-08-01T14:50:17.202105Z[0m [32m INFO[0m [2mslopos_shell::foreign_toplevel_client[0m[2m:[0m foreign-toplevel-list synced from compositor [3mtoplevels[0m[2m=[0m2
[slopos-compositor/drm] client connected
[slopos-compositor/drm] client disconnected
[2m2026-08-01T14:50:18.226703Z[0m [32m INFO[0m [2mslopos_shell::foreign_toplevel_client[0m[2m:[0m foreign-toplevel-list synced from compositor [3mtoplevels[0m[2m=[0m2
[slopos-compositor/drm] client connected
[slopos-compositor/drm] client disconnected
[2m2026-08-01T14:50:19.240416Z[0m [32m INFO[0m [2mslopos_shell::foreign_toplevel_client[0m[2m:[0m foreign-toplevel-list synced from compositor [3mtoplevels[0m[2m=[0m2
[slopos-compositor/drm] client connected
[slopos-compositor/drm] client disconnected
[2m2026-08-01T14:50:20.255169Z[0m [32m INFO[0m [2mslopos_shell::foreign_toplevel_client[0m[2m:[0m foreign-toplevel-list synced from compositor [3mtoplevels[0m[2m=[0m2
[slopos-compositor/drm] client connected
[2m2026-08-01T14:50:21.314631Z[0m [32m INFO[0m [2mslopos_shell::foreign_toplevel_client[0m[2m:[0m foreign-toplevel-list synced from compositor [3mtoplevels[0m[2m=[0m2
[slopos-compositor/drm] client disconnected
[slopos-compositor/drm] client connected
[2m2026-08-01T14:50:22.325175Z[0m [32m INFO[0m [2mslopos_shell::foreign_toplevel_client[0m[2m:[0m foreign-toplevel-list synced from compositor [3mtoplevels[0m[2m=[0m2
[slopos-compositor/drm] client disconnected
[slopos-compositor/drm] client connected
[2m2026-08-01T14:50:23.336718Z[0m [32m INFO[0m [2mslopos_shell::foreign_toplevel_client[0m[2m:[0m foreign-toplevel-list synced from compositor [3mtoplevels[0m[2m=[0m2
[slopos-compositor/drm] client disconnected
[slopos-compositor/drm] client connected
[slopos-compositor/drm] client disconnected
[2m2026-08-01T14:50:24.353096Z[0m [32m INFO[0m [2mslopos_shell::foreign_toplevel_client[0m[2m:[0m foreign-toplevel-list synced from compositor [3mtoplevels[0m[2m=[0m2
[slopos-compositor/drm] client connected
[slopos-compositor/drm] client disconnected
[2m2026-08-01T14:50:25.368718Z[0m [32m INFO[0m [2mslopos_shell::foreign_toplevel_client[0m[2m:[0m foreign-toplevel-list synced from compositor [3mtoplevels[0m[2m=[0m2
[slopos-compositor/drm] client connected
[2m2026-08-01T14:50:26.426583Z[0m [32m INFO[0m [2mslopos_shell::foreign_toplevel_client[0m[2m:[0m foreign-toplevel-list synced from compositor [3mtoplevels[0m[2m=[0m2
[slopos-compositor/drm] client disconnected
[slopos-compositor/drm] client connected
[slopos-compositor/drm] client disconnected
[2m2026-08-01T14:50:27.439941Z[0m [32m INFO[0m [2mslopos_shell::foreign_toplevel_client[0m[2m:[0m foreign-toplevel-list synced from compositor [3mtoplevels[0m[2m=[0m2
[slopos-compositor/drm] client connected
[slopos-compositor/drm] client disconnected
[2m2026-08-01T14:50:28.454999Z[0m [32m INFO[0m [2mslopos_shell::foreign_toplevel_client[0m[2m:[0m foreign-toplevel-list synced from compositor [3mtoplevels[0m[2m=[0m2
[slopos-compositor/drm] client connected
[slopos-compositor/drm] client disconnected
[2m2026-08-01T14:50:29.473023Z[0m [32m INFO[0m [2mslopos_shell::foreign_toplevel_client[0m[2m:[0m foreign-toplevel-list synced from compositor [3mtoplevels[0m[2m=[0m2
[slopos-compositor/drm] client connected
[slopos-compositor/drm] client disconnected
[2m2026-08-01T14:50:30.488599Z[0m [32m INFO[0m [2mslopos_shell::foreign_toplevel_client[0m[2m:[0m foreign-toplevel-list synced from compositor [3mtoplevels[0m[2m=[0m2
[slopos-compositor/drm] client connected
[slopos-compositor/drm] client disconnected
[2m2026-08-01T14:50:31.545439Z[0m [32m INFO[0m [2mslopos_shell::foreign_toplevel_client[0m[2m:[0m foreign-toplevel-list synced from compositor [3mtoplevels[0m[2m=[0m2
[slopos-compositor/drm] client connected
[slopos-compositor/drm] client disconnected
[2m2026-08-01T14:50:32.554896Z[0m [32m INFO[0m [2mslopos_shell::foreign_toplevel_client[0m[2m:[0m foreign-toplevel-list synced from compositor [3mtoplevels[0m[2m=[0m2
[slopos-compositor/drm] client connected
[slopos-compositor/drm] client disconnected
[2m2026-08-01T14:50:33.564999Z[0m [32m INFO[0m [2mslopos_shell::foreign_toplevel_client[0m[2m:[0m foreign-toplevel-list synced from compositor [3mtoplevels[0m[2m=[0m2
[slopos-compositor/drm] client connected
[2m2026-08-01T14:50:34.576320Z[0m [32m INFO[0m [2mslopos_shell::foreign_toplevel_client[0m[2m:[0m foreign-toplevel-list synced from compositor [3mtoplevels[0m[2m=[0m2
[slopos-compositor/drm] client disconnected
[slopos-compositor/drm] client connected
[slopos-compositor/drm] client disconnected
[2m2026-08-01T14:50:35.592853Z[0m [32m INFO[0m [2mslopos_shell::foreign_toplevel_client[0m[2m:[0m foreign-toplevel-list synced from compositor [3mtoplevels[0m[2m=[0m2
[slopos-compositor/drm] client connected
[2m2026-08-01T14:50:36.637557Z[0m [32m INFO[0m [2mslopos_shell::foreign_toplevel_client[0m[2m:[0m foreign-toplevel-list synced from compositor [3mtoplevels[0m[2m=[0m2
[slopos-compositor/drm] client disconnected
[slopos-compositor/drm] client connected
[slopos-compositor/drm] client disconnected
[2m2026-08-01T14:50:37.650045Z[0m [32m INFO[0m [2mslopos_shell::foreign_toplevel_client[0m[2m:[0m foreign-toplevel-list synced from compositor [3mtoplevels[0m[2m=[0m2
[slopos-compositor/drm] client connected
[slopos-compositor/drm] client disconnected
[2m2026-08-01T14:50:38.663149Z[0m [32m INFO[0m [2mslopos_shell::foreign_toplevel_client[0m[2m:[0m foreign-toplevel-list synced from compositor [3mtoplevels[0m[2m=[0m2
[slopos-compositor/drm] client connected
[slopos-compositor/drm] client disconnected
[2m2026-08-01T14:50:39.675443Z[0m [32m INFO[0m [2mslopos_shell::foreign_toplevel_client[0m[2m:[0m foreign-toplevel-list synced from compositor [3mtoplevels[0m[2m=[0m2
[slopos-compositor/drm] client connected
[slopos-compositor/drm] client disconnected
[2m2026-08-01T14:50:40.684367Z[0m [32m INFO[0m [2mslopos_shell::foreign_toplevel_client[0m[2m:[0m foreign-toplevel-list synced from compositor [3mtoplevels[0m[2m=[0m2
[slopos-compositor/drm] client connected
[2m2026-08-01T14:50:41.719658Z[0m [32m INFO[0m [2mslopos_shell::foreign_toplevel_client[0m[2m:[0m foreign-toplevel-list synced from compositor [3mtoplevels[0m[2m=[0m2
[slopos-compositor/drm] client disconnected
[slopos-session] shutdown signal received; stopping session
[slopos-compositor/drm] client disconnected
[slopos-compositor/drm] client disconnected
