[slopos-session] visiond pid=303921 socket=/run/user/1000/slopos-i/session-18c7b578a07162ea-303920/vision.sock models=/home/ubuntu/qa/2026-08-01-vision-session-r14/models/vision
[slopos-compositor] backend: SessionDrm (explicit)
[2m2026-08-01T14:41:47.078440Z[0m [32m INFO[0m [2mslopos_compositor::session_drm[0m[2m:[0m session_mode=session_drm (DRM/KMS seat path)
[slopos-compositor] starting DRM/KMS session path (session_mode=session_drm (DRM/KMS seat path))
[slopos-compositor] display policy: hdr_requested=false hdr_supported=false vrr_adaptive=false refresh=60hz color_space=srgb
[slopos-compositor] libseat seat=seat0
[2m2026-08-01T14:41:47.105467Z[0m [32m INFO[0m [1minput_seat[0m[1m{[0m[3mname[0m[2m=[0m"seat0"[1m}[0m[2m:[0m[1madd_keyboard[0m[1m{[0m[3mxkb_config[0m[2m=[0mXkbConfig { rules: "", model: "", layout: "", variant: "", options: None } [3mrepeat_delay[0m[2m=[0m200 [3mrepeat_rate[0m[2m=[0m25[1m}[0m[2m:[0m[1minput_keyboard[0m[2m:[0m [2msmithay::input::keyboard[0m[2m:[0m Initializing a xkbcommon handler with keymap query
[2m2026-08-01T14:41:47.115747Z[0m [32m INFO[0m [1minput_seat[0m[1m{[0m[3mname[0m[2m=[0m"seat0"[1m}[0m[2m:[0m[1madd_keyboard[0m[1m{[0m[3mxkb_config[0m[2m=[0mXkbConfig { rules: "", model: "", layout: "", variant: "", options: None } [3mrepeat_delay[0m[2m=[0m200 [3mrepeat_rate[0m[2m=[0m25[1m}[0m[2m:[0m[1minput_keyboard[0m[2m:[0m [2msmithay::input::keyboard[0m[2m:[0m Loaded Keymap [3mname[0m[2m=[0m"English (US)"
[slopos-compositor] opening DRM node /dev/dri/card0
[2m2026-08-01T14:41:47.120061Z[0m [33m WARN[0m [2msmithay::backend::drm::device::fd[0m[2m:[0m Unable to become drm master, assuming unprivileged mode
[2m2026-08-01T14:41:47.120084Z[0m [32m INFO[0m [2msmithay::backend::drm::device[0m[2m:[0m DrmDevice initializing
[2m2026-08-01T14:41:47.416676Z[0m [32m INFO[0m [2msmithay::backend::egl::display[0m[2m:[0m Successfully selected EGL platform: PLATFORM_GBM_KHR
[2m2026-08-01T14:41:47.418684Z[0m [32m INFO[0m [2msmithay::backend::egl::display[0m[2m:[0m EGL Initialized
[2m2026-08-01T14:41:47.418831Z[0m [32m INFO[0m [2msmithay::backend::egl::display[0m[2m:[0m EGL Version: (1, 5)
[2m2026-08-01T14:41:47.418873Z[0m [32m INFO[0m [2msmithay::backend::egl::display[0m[2m:[0m Supported EGL display extensions: ["EGL_ANDROID_blob_cache", "EGL_ANDROID_native_fence_sync", "EGL_EXT_buffer_age", "EGL_EXT_config_select_group", "EGL_EXT_image_dma_buf_import", "EGL_EXT_image_dma_buf_import_modifiers", "EGL_EXT_surface_compression", "EGL_KHR_cl_event2", "EGL_KHR_config_attribs", "EGL_KHR_context_flush_control", "EGL_KHR_create_context", "EGL_KHR_create_context_no_error", "EGL_KHR_fence_sync", "EGL_KHR_get_all_proc_addresses", "EGL_KHR_gl_colorspace", "EGL_KHR_gl_renderbuffer_image", "EGL_KHR_gl_texture_2D_image", "EGL_KHR_gl_texture_3D_image", "EGL_KHR_gl_texture_cubemap_image", "EGL_KHR_image", "EGL_KHR_image_base", "EGL_KHR_image_pixmap", "EGL_KHR_no_config_context", "EGL_KHR_reusable_sync", "EGL_KHR_surfaceless_context", "EGL_EXT_pixel_format_float", "EGL_KHR_wait_sync", "EGL_MESA_configless_context", "EGL_MESA_gl_interop", "EGL_MESA_image_dma_buf_export", "EGL_MESA_query_driver", "EGL_MESA_x11_native_visual_id", ""]
[2m2026-08-01T14:41:47.429644Z[0m [32m INFO[0m [1megl[0m[1m{[0m[3mnative[0m[2m=[0m"/dev/dri/card0" [3mplatform[0m[2m=[0m"PLATFORM_GBM_KHR" [3mversion[0m[2m=[0m(1, 5)[1m}[0m[2m:[0m[1megl_context[0m[1m{[0m[3mptr[0m[2m=[0m195624640163936[1m}[0m[2m:[0m [2msmithay::backend::egl::context[0m[2m:[0m EGL context created [3mpriority[0m[2m=[0mNone
[2m2026-08-01T14:41:47.430636Z[0m [32m INFO[0m [1megl[0m[1m{[0m[3mnative[0m[2m=[0m"/dev/dri/card0" [3mplatform[0m[2m=[0m"PLATFORM_GBM_KHR" [3mversion[0m[2m=[0m(1, 5)[1m}[0m[2m:[0m[1megl_context[0m[1m{[0m[3mptr[0m[2m=[0m195624640163936[1m}[0m[2m:[0m[1mrenderer_gles2[0m[2m:[0m [2msmithay::backend::renderer::gles[0m[2m:[0m Initializing OpenGL ES Renderer
[2m2026-08-01T14:41:47.430672Z[0m [32m INFO[0m [1megl[0m[1m{[0m[3mnative[0m[2m=[0m"/dev/dri/card0" [3mplatform[0m[2m=[0m"PLATFORM_GBM_KHR" [3mversion[0m[2m=[0m(1, 5)[1m}[0m[2m:[0m[1megl_context[0m[1m{[0m[3mptr[0m[2m=[0m195624640163936[1m}[0m[2m:[0m[1mrenderer_gles2[0m[2m:[0m [2msmithay::backend::renderer::gles[0m[2m:[0m GL Version: "OpenGL ES 2.0 Mesa 26.0.3-1ubuntu1"
[2m2026-08-01T14:41:47.430686Z[0m [32m INFO[0m [1megl[0m[1m{[0m[3mnative[0m[2m=[0m"/dev/dri/card0" [3mplatform[0m[2m=[0m"PLATFORM_GBM_KHR" [3mversion[0m[2m=[0m(1, 5)[1m}[0m[2m:[0m[1megl_context[0m[1m{[0m[3mptr[0m[2m=[0m195624640163936[1m}[0m[2m:[0m[1mrenderer_gles2[0m[2m:[0m [2msmithay::backend::renderer::gles[0m[2m:[0m GL Vendor: "Mesa"
[2m2026-08-01T14:41:47.430696Z[0m [32m INFO[0m [1megl[0m[1m{[0m[3mnative[0m[2m=[0m"/dev/dri/card0" [3mplatform[0m[2m=[0m"PLATFORM_GBM_KHR" [3mversion[0m[2m=[0m(1, 5)[1m}[0m[2m:[0m[1megl_context[0m[1m{[0m[3mptr[0m[2m=[0m195624640163936[1m}[0m[2m:[0m[1mrenderer_gles2[0m[2m:[0m [2msmithay::backend::renderer::gles[0m[2m:[0m GL Renderer: "virgl (ANGLE (Apple, ANGLE Metal Renderer: Apple M2 Pro, Ve...)"
[2m2026-08-01T14:41:47.430708Z[0m [32m INFO[0m [1megl[0m[1m{[0m[3mnative[0m[2m=[0m"/dev/dri/card0" [3mplatform[0m[2m=[0m"PLATFORM_GBM_KHR" [3mversion[0m[2m=[0m(1, 5)[1m}[0m[2m:[0m[1megl_context[0m[1m{[0m[3mptr[0m[2m=[0m195624640163936[1m}[0m[2m:[0m[1mrenderer_gles2[0m[2m:[0m [2msmithay::backend::renderer::gles[0m[2m:[0m Supported GL Extensions: ["GL_EXT_blend_minmax", "GL_EXT_multi_draw_arrays", "GL_EXT_texture_filter_anisotropic", "GL_EXT_texture_compression_s3tc", "GL_EXT_texture_compression_dxt1", "GL_EXT_texture_format_BGRA8888", "GL_OES_compressed_ETC1_RGB8_texture", "GL_OES_depth24", "GL_OES_element_index_uint", "GL_OES_fbo_render_mipmap", "GL_OES_mapbuffer", "GL_OES_rgb8_rgba8", "GL_OES_standard_derivatives", "GL_OES_stencil8", "GL_OES_texture_3D", "GL_OES_texture_float", "GL_OES_texture_float_linear", "GL_OES_texture_half_float", "GL_OES_texture_half_float_linear", "GL_OES_texture_npot", "GL_OES_vertex_half_float", "GL_EXT_draw_instanced", "GL_OES_EGL_image", "GL_OES_depth_texture", "GL_OES_packed_depth_stencil", "GL_EXT_texture_type_2_10_10_10_REV", "GL_OES_get_program_binary", "GL_APPLE_texture_max_level", "GL_EXT_discard_framebuffer", "GL_EXT_read_format_bgra", "GL_EXT_texture_storage", "GL_NV_pack_subimage", "GL_EXT_frag_depth", "GL_NV_fbo_color_attachments", "GL_OES_EGL_image_external", "GL_OES_EGL_sync", "GL_OES_vertex_array_object", "GL_ANGLE_pack_reverse_row_order", "GL_ANGLE_texture_compression_dxt3", "GL_ANGLE_texture_compression_dxt5", "GL_EXT_occlusion_query_boolean", "GL_EXT_sRGB", "GL_EXT_texture_rg", "GL_EXT_unpack_subimage", "GL_NV_draw_buffers", "GL_NV_read_buffer", "GL_NV_read_depth", "GL_NV_read_depth_stencil", "GL_NV_read_stencil", "GL_APPLE_sync", "GL_EXT_draw_buffers", "GL_EXT_instanced_arrays", "GL_EXT_map_buffer_range", "GL_EXT_shadow_samplers", "GL_KHR_debug", "GL_KHR_texture_compression_astc_ldr", "GL_NV_pixel_buffer_object", "GL_OES_depth_texture_cube_map", "GL_OES_required_internalformat", "GL_OES_surfaceless_context", "GL_EXT_debug_label", "GL_EXT_separate_shader_objects", "GL_EXT_compressed_ETC1_RGB8_sub_texture", "GL_EXT_draw_elements_base_vertex", "GL_EXT_polygon_offset_clamp", "GL_EXT_texture_border_clamp", "GL_KHR_context_flush_control", "GL_OES_draw_elements_base_vertex", "GL_OES_texture_border_clamp", "GL_EXT_blend_func_extended", "GL_KHR_no_error", "GL_KHR_texture_compression_astc_sliced_3d", "GL_EXT_texture_compression_s3tc_srgb", "GL_EXT_clip_control", "GL_EXT_color_buffer_half_float", "GL_KHR_parallel_shader_compile", "GL_EXT_depth_clamp", "GL_MESA_sampler_objects", "GL_MESA_bgra", ""]
[slopos-compositor] DRM modeset plan: connector=Virtual-1 1280x800@75000mhz crtcs=1 connectors=1
[slopos-compositor] output_scale=1/1 (1.00x) (DRM wl_output buffer scale=1 effective=output_scale=1/1 (1.00x) logical canvas=1280x800)
[slopos-compositor] connector HDR: hdr_metadata=false bt2020_colorspace=false max_bpc=n/a => hdr10_capable=false
[2m2026-08-01T14:41:47.463586Z[0m [32m INFO[0m [2mslopos_compositor::session_drm[0m[2m:[0m connector HDR capability probed from DRM properties [3mhdr_metadata[0m[2m=[0mfalse [3mbt2020[0m[2m=[0mfalse [3mmax_bpc[0m[2m=[0mNone [3mhdr10_capable[0m[2m=[0mfalse
[slopos-compositor] connector VRR: capable=false controllable=true enabled=false
[2m2026-08-01T14:41:47.463841Z[0m [32m INFO[0m [1mdrm_atomic[0m[2m:[0m[1mcreate_surface[0m[1m{[0m[3mcrtc[0m[2m=[0mcrtc::Handle(38) [3mmode[0m[2m=[0mMode { name: "1280x800", clock: 107300, size: (1280, 800), hsync: (1600, 1638, 1728), vsync: (804, 808, 828), hskew: 0, vscan: 0, vrefresh: 75, mode_type: ModeTypeFlags(PREFERRED | DRIVER) } [3mconnectors[0m[2m=[0m[connector::Handle(39)][1m}[0m[2m:[0m[1mdrm_atomic[0m[1m{[0m[3mcrtc[0m[2m=[0mcrtc::Handle(38)[1m}[0m[2m:[0m [2msmithay::backend::drm::surface::atomic[0m[2m:[0m Initializing drm surface (crtc::Handle(38):plane::Handle(34)) with mode Mode { name: "1280x800", clock: 107300, size: (1280, 800), hsync: (1600, 1638, 1728), vsync: (804, 808, 828), hskew: 0, vscan: 0, vrefresh: 75, mode_type: ModeTypeFlags(PREFERRED | DRIVER) } and connectors [connector::Handle(39)]
[slopos-compositor] DRM scanout surface created (crtc+connector modeset)
[2m2026-08-01T14:41:47.463930Z[0m [32m INFO[0m [2mslopos_compositor::session_drm[0m[2m:[0m DrmSurface ready for pageflip presentation [3mstage[0m[2m=[0m"create_drm_surface"
[2m2026-08-01T14:41:47.463952Z[0m [32m INFO[0m [1mnew[0m[1m{[0m[3mname[0m[2m=[0m"Virtual-1" [3mphysical[0m[2m=[0mPhysicalProperties { size: Size<smithay::utils::geometry::Raw> { w: 0, h: 0 }, subpixel: Unknown, make: "SLOPOS-I", model: "DRM" }[1m}[0m[2m:[0m [2msmithay::output[0m[2m:[0m Creating new Output [3mname[0m[2m=[0m"Virtual-1"
[slopos-compositor] DRM GL compositor ready (1280x800) — client surfaces will be composited
[2m2026-08-01T14:41:47.469934Z[0m [32m INFO[0m [2mslopos_compositor::session_drm[0m[2m:[0m DrmCompositor initialized; GL composition active [3mstage[0m[2m=[0m"pageflip_or_present"
[2m2026-08-01T14:41:47.470047Z[0m [32m INFO[0m [2msmithay::wayland::socket[0m[2m:[0m Created new socket [3mname[0m[2m=[0mSome("wayland-1")
[slopos-compositor] WAYLAND_DISPLAY=wayland-1 (DRM session)
WAYLAND_DISPLAY=wayland-1
[2m2026-08-01T14:41:47.470968Z[0m [32m INFO[0m [1mnew[0m[1m{[0m[3mname[0m[2m=[0m"Virtual-1" [3mphysical[0m[2m=[0mPhysicalProperties { size: Size<smithay::utils::geometry::Raw> { w: 0, h: 0 }, subpixel: Unknown, make: "SLOPOS-I", model: "DRM Output" }[1m}[0m[2m:[0m [2msmithay::output[0m[2m:[0m Creating new Output [3mname[0m[2m=[0m"Virtual-1"
[2m2026-08-01T14:41:47.471031Z[0m [32m INFO[0m [2msmithay::wayland::output[0m[2m:[0m Creating new wl_output [3moutput[0m[2m=[0m"Virtual-1"
[slopos-session] compositor pid=303922 backend=drm client_socket=wayland-1
[slopos-session] shell pid=303932
[2m2026-08-01T14:41:47.535560Z[0m [32m INFO[0m [2mslopos_shell[0m[2m:[0m Starting SLOPOS-I...
[2m2026-08-01T14:41:47.542026Z[0m [32m INFO[0m [2mslopos_kit::accessibility[0m[2m:[0m AT-SPI2 a11y bus unavailable; exporting on session bus [3mapp[0m[2m=[0m"SLOPOS-I" [3merror[0m[2m=[0morg.freedesktop.DBus.Error.ServiceUnknown: The name org.a11y.Bus was not provided by any .service files
[2m2026-08-01T14:41:47.543462Z[0m [33m WARN[0m [2mslopos_kit::accessibility[0m[2m:[0m AT-SPI2 objects exported but registry Embed failed (registry may be absent) [3mapp[0m[2m=[0m"SLOPOS-I" [3mbus[0m[2m=[0m:1.100 [3mbus_kind[0m[2m=[0m"session" [3mchildren[0m[2m=[0m5 [3merror[0m[2m=[0morg.freedesktop.DBus.Error.ServiceUnknown: The name org.a11y.atspi.Registry was not provided by any .service files
[2m2026-08-01T14:41:47.543497Z[0m [32m INFO[0m [2mslopos_kit::accessibility[0m[2m:[0m AT-SPI2 Accessible tree exported (Action on actionable roles; still Orca-incomplete) [3mapp[0m[2m=[0m"SLOPOS-I" [3mbus[0m[2m=[0m:1.100 [3mbus_kind[0m[2m=[0m"session" [3mroot[0m[2m=[0m"/org/a11y/atspi/accessible/root" [3mchildren[0m[2m=[0m5 [3membedded[0m[2m=[0mfalse
[2m2026-08-01T14:41:47.543536Z[0m [32m INFO[0m [2mslopos_shell[0m[2m:[0m AT-SPI2 accessibility registration active (shell chrome tree; event emit best-effort)
[2m2026-08-01T14:41:47.569993Z[0m [32m INFO[0m [2mslopos_shell[0m[2m:[0m shell menu locale applied [3mlocale[0m[2m=[0men-US
[2m2026-08-01T14:41:47.570204Z[0m [32m INFO[0m [2mslopos_shell[0m[2m:[0m display arrange plan applied (EmitLayoutEnv) [3mmode[0m[2m=[0mextend_right [3mscale[0m[2m=[0m100 [3menv[0m[2m=[0m[("SLOPOS_OUTPUTS_LAYOUT", "eDP-1:1920x1080@0,0:s100")]
[2m2026-08-01T14:41:47.575827Z[0m [32m INFO[0m [2mslopos_shell::fdo_notifications[0m[2m:[0m FreeDesktop Notifications daemon registered on session bus [3mbus[0m[2m=[0m"org.freedesktop.Notifications" [3mpath[0m[2m=[0m"/org/freedesktop/Notifications"
[2m2026-08-01T14:41:47.575891Z[0m [33m WARN[0m [2mslopos_shell::portal_dbus[0m[2m:[0m SLOPOS-I portal registration skipped [3merror[0m[2m=[0minvalid value: character `-`, expected an alphanumeric character, `_` or `/`
[2m2026-08-01T14:41:47.575939Z[0m [32m INFO[0m [2mslopos_shell[0m[2m:[0m SLOPOS-I initialized successfully
[2m2026-08-01T14:41:47.575951Z[0m [32m INFO[0m [2mslopos_shell[0m[2m:[0m Theme: platinum
[2m2026-08-01T14:41:47.575957Z[0m [32m INFO[0m [2mslopos_shell[0m[2m:[0m Applications found: 5
[2m2026-08-01T14:41:47.575962Z[0m [32m INFO[0m [2mslopos_shell[0m[2m:[0m Workspaces: 8
[2m2026-08-01T14:41:47.797577Z[0m [32m INFO[0m [2msmithay::backend::libinput[0m[2m:[0m Initializing a libinput backend
[2m2026-08-01T14:41:47.797647Z[0m [32m INFO[0m [2mslopos_compositor::session_drm[0m[2m:[0m DRM session entering protocol + seat event loop [3mstage[0m[2m=[0m"protocol_loop"
[slopos-compositor] DRM session loop running (Wayland + seat + udev + libinput + layer-shell + foreign-toplevel; scanout_armed=false)
[2m2026-08-01T14:41:47.798872Z[0m [32m INFO[0m [2msmithay::backend::drm::surface::atomic[0m[2m:[0m Adding connector: Virtual
[2m2026-08-01T14:41:47.798899Z[0m [32m INFO[0m [2msmithay::backend::drm::surface::atomic[0m[2m:[0m Setting new mode: "1280x800"
[2m2026-08-01T14:41:47.798979Z[0m [33m WARN[0m [2msmithay::backend::drm::surface::atomic[0m[2m:[0m Failed to destroy old mode property blob: No such file or directory (os error 2)
[slopos-compositor/drm] client connected
[slopos-compositor/drm] client disconnected
[2m2026-08-01T14:41:47.843764Z[0m [32m INFO[0m [2mslopos_shell::foreign_toplevel_client[0m[2m:[0m foreign-toplevel-list synced from compositor [3mtoplevels[0m[2m=[0m0
[2m2026-08-01T14:41:47.843794Z[0m [32m INFO[0m [2mslopos_shell[0m[2m:[0m shell synced foreign-toplevel-list [3mtoplevels[0m[2m=[0m0
[2m2026-08-01T14:41:47.844909Z[0m [32m INFO[0m [2mslopos_shell[0m[2m:[0m Launched multi-client app com.slopos.finder as pid 303943 (compositor-managed surface)
[slopos-compositor/drm] client connected
[slopos-compositor/drm] layer-shell surface namespace=slopos-i-desktop layer=Background
[slopos-compositor/drm] layer-shell surface namespace=slopos-i-menu layer=Top
[slopos-compositor/drm] layer-shell surface namespace=slopos-i-dock layer=Bottom
[slopos-compositor/drm] layer-shell surface namespace=slopos-i-menu-popup layer=Overlay
[2m2026-08-01T14:41:47.900384Z[0m [32m INFO[0m [2mslopos_sdk[0m[2m:[0m Application 'Finder' started
[slopos-compositor/drm] client connected
[slopos-compositor/drm] toplevel mapped at (64,64) size=640x480 title=Untitled app_id=slopos-i.app shell=false
[slopos-compositor/drm] workspace active=0/8 windows=1 visible=1 dist=[0:1,1:0,2:0,3:0,4:0,5:0,6:0,7:0] window_id=LJndKIMgyvrcfgrPbC3zMErUzRYWB7Xb present=["LJndKIMgyvrcfgrPbC3zMErUzRYWB7Xb"]
[2m2026-08-01T14:41:47.930012Z[0m [31mERROR[0m [2msctk_adwaita::config[0m[2m:[0m XDG Settings Portal did not return response in time: timeout: 100ms, key: color-scheme
[2m2026-08-01T14:41:48.172122Z[0m [33m WARN[0m [2mwgpu_hal::vulkan::instance[0m[2m:[0m InstanceFlags::VALIDATION requested, but unable to find layer: VK_LAYER_KHRONOS_validation
[2m2026-08-01T14:41:48.172195Z[0m [32m INFO[0m [2mwgpu_hal::vulkan::instance[0m[2m:[0m GENERAL [Loader Message (0x0)]
	No valid vk_loader_settings.json file found, no loader settings will be active
[2m2026-08-01T14:41:48.172219Z[0m [32m INFO[0m [2mwgpu_hal::vulkan::instance[0m[2m:[0m 	objects: (type: INSTANCE, hndl: 0xb60937eb16f0, name: ?)
[2m2026-08-01T14:41:48.172318Z[0m [32m INFO[0m [2mwgpu_hal::vulkan::instance[0m[2m:[0m GENERAL [Loader Message (0x0)]
	Searching for implicit layer manifest files
[2m2026-08-01T14:41:48.172348Z[0m [32m INFO[0m [2mwgpu_hal::vulkan::instance[0m[2m:[0m 	objects: (type: INSTANCE, hndl: 0xb60937eb16f0, name: ?)
[2m2026-08-01T14:41:48.172355Z[0m [32m INFO[0m [2mwgpu_hal::vulkan::instance[0m[2m:[0m GENERAL [Loader Message (0x0)]
	   In following locations:
[2m2026-08-01T14:41:48.172361Z[0m [32m INFO[0m [2mwgpu_hal::vulkan::instance[0m[2m:[0m 	objects: (type: INSTANCE, hndl: 0xb60937eb16f0, name: ?)
[2m2026-08-01T14:41:48.172367Z[0m [32m INFO[0m [2mwgpu_hal::vulkan::instance[0m[2m:[0m GENERAL [Loader Message (0x0)]
	      /home/ubuntu/.config/vulkan/implicit_layer.d
[2m2026-08-01T14:41:48.172373Z[0m [32m INFO[0m [2mwgpu_hal::vulkan::instance[0m[2m:[0m 	objects: (type: INSTANCE, hndl: 0xb60937eb16f0, name: ?)
[2m2026-08-01T14:41:48.172380Z[0m [32m INFO[0m [2mwgpu_hal::vulkan::instance[0m[2m:[0m GENERAL [Loader Message (0x0)]
	      /etc/xdg/vulkan/implicit_layer.d
[2m2026-08-01T14:41:48.172387Z[0m [32m INFO[0m [2mwgpu_hal::vulkan::instance[0m[2m:[0m 	objects: (type: INSTANCE, hndl: 0xb60937eb16f0, name: ?)
[2m2026-08-01T14:41:48.172394Z[0m [32m INFO[0m [2mwgpu_hal::vulkan::instance[0m[2m:[0m GENERAL [Loader Message (0x0)]
	      /etc/vulkan/implicit_layer.d
[2m2026-08-01T14:41:48.172401Z[0m [32m INFO[0m [2mwgpu_hal::vulkan::instance[0m[2m:[0m 	objects: (type: INSTANCE, hndl: 0xb60937eb16f0, name: ?)
[2m2026-08-01T14:41:48.172408Z[0m [32m INFO[0m [2mwgpu_hal::vulkan::instance[0m[2m:[0m GENERAL [Loader Message (0x0)]
	      /home/ubuntu/.local/share/vulkan/implicit_layer.d
[2m2026-08-01T14:41:48.172416Z[0m [32m INFO[0m [2mwgpu_hal::vulkan::instance[0m[2m:[0m 	objects: (type: INSTANCE, hndl: 0xb60937eb16f0, name: ?)
[2m2026-08-01T14:41:48.172422Z[0m [32m INFO[0m [2mwgpu_hal::vulkan::instance[0m[2m:[0m GENERAL [Loader Message (0x0)]
	      /usr/local/share/vulkan/implicit_layer.d
[2m2026-08-01T14:41:48.172430Z[0m [32m INFO[0m [2mwgpu_hal::vulkan::instance[0m[2m:[0m 	objects: (type: INSTANCE, hndl: 0xb60937eb16f0, name: ?)
[2m2026-08-01T14:41:48.172438Z[0m [32m INFO[0m [2mwgpu_hal::vulkan::instance[0m[2m:[0m GENERAL [Loader Message (0x0)]
	      /usr/share/vulkan/implicit_layer.d
[2m2026-08-01T14:41:48.172446Z[0m [32m INFO[0m [2mwgpu_hal::vulkan::instance[0m[2m:[0m 	objects: (type: INSTANCE, hndl: 0xb60937eb16f0, name: ?)
[2m2026-08-01T14:41:48.172469Z[0m [32m INFO[0m [2mwgpu_hal::vulkan::instance[0m[2m:[0m GENERAL [Loader Message (0x0)]
	   Found the following files:
[2m2026-08-01T14:41:48.172476Z[0m [32m INFO[0m [2mwgpu_hal::vulkan::instance[0m[2m:[0m 	objects: (type: INSTANCE, hndl: 0xb60937eb16f0, name: ?)
[2m2026-08-01T14:41:48.172482Z[0m [32m INFO[0m [2mwgpu_hal::vulkan::instance[0m[2m:[0m GENERAL [Loader Message (0x0)]
	      /usr/share/vulkan/implicit_layer.d/VkLayer_MESA_anti_lag.json
[2m2026-08-01T14:41:48.172488Z[0m [32m INFO[0m [2mwgpu_hal::vulkan::instance[0m[2m:[0m 	objects: (type: INSTANCE, hndl: 0xb60937eb16f0, name: ?)
[2m2026-08-01T14:41:48.172496Z[0m [32m INFO[0m [2mwgpu_hal::vulkan::instance[0m[2m:[0m GENERAL [Loader Message (0x0)]
	      /usr/share/vulkan/implicit_layer.d/VkLayer_MESA_device_select.json
[2m2026-08-01T14:41:48.172480Z[0m [33m WARN[0m [2mwgpu_hal::vulkan::instance[0m[2m:[0m InstanceFlags::VALIDATION requested, but unable to find layer: VK_LAYER_KHRONOS_validation
[2m2026-08-01T14:41:48.172502Z[0m [32m INFO[0m [2mwgpu_hal::vulkan::instance[0m[2m:[0m 	objects: (type: INSTANCE, hndl: 0xb60937eb16f0, name: ?)
[2m2026-08-01T14:41:48.172519Z[0m [32m INFO[0m [2mwgpu_hal::vulkan::instance[0m[2m:[0m GENERAL [Loader Message (0x0)]
	Found manifest file /usr/share/vulkan/implicit_layer.d/VkLayer_MESA_anti_lag.json (file version 1.2.1)
[2m2026-08-01T14:41:48.172529Z[0m [32m INFO[0m [2mwgpu_hal::vulkan::instance[0m[2m:[0m 	objects: (type: INSTANCE, hndl: 0xb60937eb16f0, name: ?)
[2m2026-08-01T14:41:48.172543Z[0m [32m INFO[0m [2mwgpu_hal::vulkan::instance[0m[2m:[0m GENERAL [Loader Message (0x0)]
	Found manifest file /usr/share/vulkan/implicit_layer.d/VkLayer_MESA_device_select.json (file version 1.0.0)
[2m2026-08-01T14:41:48.172541Z[0m [32m INFO[0m [2mwgpu_hal::vulkan::instance[0m[2m:[0m GENERAL [Loader Message (0x0)]
	No valid vk_loader_settings.json file found, no loader settings will be active
[2m2026-08-01T14:41:48.172551Z[0m [32m INFO[0m [2mwgpu_hal::vulkan::instance[0m[2m:[0m 	objects: (type: INSTANCE, hndl: 0xb60937eb16f0, name: ?)
[2m2026-08-01T14:41:48.172559Z[0m [32m INFO[0m [2mwgpu_hal::vulkan::instance[0m[2m:[0m 	objects: (type: INSTANCE, hndl: 0xb10c1af76660, name: ?)
[2m2026-08-01T14:41:48.172563Z[0m [32m INFO[0m [2mwgpu_hal::vulkan::instance[0m[2m:[0m GENERAL [Loader Message (0x0)]
	Searching for explicit layer manifest files
[2m2026-08-01T14:41:48.172572Z[0m [32m INFO[0m [2mwgpu_hal::vulkan::instance[0m[2m:[0m 	objects: (type: INSTANCE, hndl: 0xb60937eb16f0, name: ?)
[2m2026-08-01T14:41:48.172574Z[0m [32m INFO[0m [2mwgpu_hal::vulkan::instance[0m[2m:[0m GENERAL [Loader Message (0x0)]
	Searching for implicit layer manifest files
[2m2026-08-01T14:41:48.172577Z[0m [32m INFO[0m [2mwgpu_hal::vulkan::instance[0m[2m:[0m GENERAL [Loader Message (0x0)]
	   In following locations:
[2m2026-08-01T14:41:48.172582Z[0m [32m INFO[0m [2mwgpu_hal::vulkan::instance[0m[2m:[0m 	objects: (type: INSTANCE, hndl: 0xb10c1af76660, name: ?)
[2m2026-08-01T14:41:48.172583Z[0m [32m INFO[0m [2mwgpu_hal::vulkan::instance[0m[2m:[0m 	objects: (type: INSTANCE, hndl: 0xb60937eb16f0, name: ?)
[2m2026-08-01T14:41:48.172588Z[0m [32m INFO[0m [2mwgpu_hal::vulkan::instance[0m[2m:[0m GENERAL [Loader Message (0x0)]
	   In following locations:
[2m2026-08-01T14:41:48.172589Z[0m [32m INFO[0m [2mwgpu_hal::vulkan::instance[0m[2m:[0m GENERAL [Loader Message (0x0)]
	      /home/ubuntu/.config/vulkan/explicit_layer.d
[2m2026-08-01T14:41:48.172595Z[0m [32m INFO[0m [2mwgpu_hal::vulkan::instance[0m[2m:[0m 	objects: (type: INSTANCE, hndl: 0xb10c1af76660, name: ?)
[2m2026-08-01T14:41:48.172596Z[0m [32m INFO[0m [2mwgpu_hal::vulkan::instance[0m[2m:[0m 	objects: (type: INSTANCE, hndl: 0xb60937eb16f0, name: ?)
[2m2026-08-01T14:41:48.172601Z[0m [32m INFO[0m [2mwgpu_hal::vulkan::instance[0m[2m:[0m GENERAL [Loader Message (0x0)]
	      /home/ubuntu/.config/vulkan/implicit_layer.d
[2m2026-08-01T14:41:48.172602Z[0m [32m INFO[0m [2mwgpu_hal::vulkan::instance[0m[2m:[0m GENERAL [Loader Message (0x0)]
	      /etc/xdg/vulkan/explicit_layer.d
[2m2026-08-01T14:41:48.172608Z[0m [32m INFO[0m [2mwgpu_hal::vulkan::instance[0m[2m:[0m 	objects: (type: INSTANCE, hndl: 0xb10c1af76660, name: ?)
[2m2026-08-01T14:41:48.172608Z[0m [32m INFO[0m [2mwgpu_hal::vulkan::instance[0m[2m:[0m 	objects: (type: INSTANCE, hndl: 0xb60937eb16f0, name: ?)
[2m2026-08-01T14:41:48.172614Z[0m [32m INFO[0m [2mwgpu_hal::vulkan::instance[0m[2m:[0m GENERAL [Loader Message (0x0)]
	      /etc/xdg/vulkan/implicit_layer.d
[2m2026-08-01T14:41:48.172615Z[0m [32m INFO[0m [2mwgpu_hal::vulkan::instance[0m[2m:[0m GENERAL [Loader Message (0x0)]
	      /etc/vulkan/explicit_layer.d
[2m2026-08-01T14:41:48.172621Z[0m [32m INFO[0m [2mwgpu_hal::vulkan::instance[0m[2m:[0m 	objects: (type: INSTANCE, hndl: 0xb10c1af76660, name: ?)
[2m2026-08-01T14:41:48.172622Z[0m [32m INFO[0m [2mwgpu_hal::vulkan::instance[0m[2m:[0m 	objects: (type: INSTANCE, hndl: 0xb60937eb16f0, name: ?)
[2m2026-08-01T14:41:48.172630Z[0m [32m INFO[0m [2mwgpu_hal::vulkan::instance[0m[2m:[0m GENERAL [Loader Message (0x0)]
	      /etc/vulkan/implicit_layer.d
[2m2026-08-01T14:41:48.172630Z[0m [32m INFO[0m [2mwgpu_hal::vulkan::instance[0m[2m:[0m GENERAL [Loader Message (0x0)]
	      /home/ubuntu/.local/share/vulkan/explicit_layer.d
[2m2026-08-01T14:41:48.172637Z[0m [32m INFO[0m [2mwgpu_hal::vulkan::instance[0m[2m:[0m 	objects: (type: INSTANCE, hndl: 0xb10c1af76660, name: ?)
[2m2026-08-01T14:41:48.172637Z[0m [32m INFO[0m [2mwgpu_hal::vulkan::instance[0m[2m:[0m 	objects: (type: INSTANCE, hndl: 0xb60937eb16f0, name: ?)
[2m2026-08-01T14:41:48.172643Z[0m [32m INFO[0m [2mwgpu_hal::vulkan::instance[0m[2m:[0m GENERAL [Loader Message (0x0)]
	      /home/ubuntu/.local/share/vulkan/implicit_layer.d
[2m2026-08-01T14:41:48.172643Z[0m [32m INFO[0m [2mwgpu_hal::vulkan::instance[0m[2m:[0m GENERAL [Loader Message (0x0)]
	      /usr/local/share/vulkan/explicit_layer.d
[2m2026-08-01T14:41:48.172650Z[0m [32m INFO[0m [2mwgpu_hal::vulkan::instance[0m[2m:[0m 	objects: (type: INSTANCE, hndl: 0xb10c1af76660, name: ?)
[2m2026-08-01T14:41:48.172651Z[0m [32m INFO[0m [2mwgpu_hal::vulkan::instance[0m[2m:[0m 	objects: (type: INSTANCE, hndl: 0xb60937eb16f0, name: ?)
[2m2026-08-01T14:41:48.172656Z[0m [32m INFO[0m [2mwgpu_hal::vulkan::instance[0m[2m:[0m GENERAL [Loader Message (0x0)]
	      /usr/local/share/vulkan/implicit_layer.d
[2m2026-08-01T14:41:48.172657Z[0m [32m INFO[0m [2mwgpu_hal::vulkan::instance[0m[2m:[0m GENERAL [Loader Message (0x0)]
	      /usr/share/vulkan/explicit_layer.d
[2m2026-08-01T14:41:48.172663Z[0m [32m INFO[0m [2mwgpu_hal::vulkan::instance[0m[2m:[0m 	objects: (type: INSTANCE, hndl: 0xb10c1af76660, name: ?)
[2m2026-08-01T14:41:48.172664Z[0m [32m INFO[0m [2mwgpu_hal::vulkan::instance[0m[2m:[0m 	objects: (type: INSTANCE, hndl: 0xb60937eb16f0, name: ?)
[2m2026-08-01T14:41:48.172670Z[0m [32m INFO[0m [2mwgpu_hal::vulkan::instance[0m[2m:[0m GENERAL [Loader Message (0x0)]
	      /usr/share/vulkan/implicit_layer.d
[2m2026-08-01T14:41:48.172676Z[0m [32m INFO[0m [2mwgpu_hal::vulkan::instance[0m[2m:[0m 	objects: (type: INSTANCE, hndl: 0xb10c1af76660, name: ?)
[2m2026-08-01T14:41:48.172683Z[0m [32m INFO[0m [2mwgpu_hal::vulkan::instance[0m[2m:[0m GENERAL [Loader Message (0x0)]
	   Found the following files:
[2m2026-08-01T14:41:48.172690Z[0m [32m INFO[0m [2mwgpu_hal::vulkan::instance[0m[2m:[0m 	objects: (type: INSTANCE, hndl: 0xb60937eb16f0, name: ?)
[2m2026-08-01T14:41:48.172694Z[0m [32m INFO[0m [2mwgpu_hal::vulkan::instance[0m[2m:[0m GENERAL [Loader Message (0x0)]
	   Found the following files:
[2m2026-08-01T14:41:48.172695Z[0m [32m INFO[0m [2mwgpu_hal::vulkan::instance[0m[2m:[0m GENERAL [Loader Message (0x0)]
	      /usr/share/vulkan/explicit_layer.d/VkLayer_MESA_screenshot.json
[2m2026-08-01T14:41:48.172701Z[0m [32m INFO[0m [2mwgpu_hal::vulkan::instance[0m[2m:[0m 	objects: (type: INSTANCE, hndl: 0xb10c1af76660, name: ?)
[2m2026-08-01T14:41:48.172702Z[0m [32m INFO[0m [2mwgpu_hal::vulkan::instance[0m[2m:[0m 	objects: (type: INSTANCE, hndl: 0xb60937eb16f0, name: ?)
[2m2026-08-01T14:41:48.172707Z[0m [32m INFO[0m [2mwgpu_hal::vulkan::instance[0m[2m:[0m GENERAL [Loader Message (0x0)]
	      /usr/share/vulkan/implicit_layer.d/VkLayer_MESA_anti_lag.json
[2m2026-08-01T14:41:48.172708Z[0m [32m INFO[0m [2mwgpu_hal::vulkan::instance[0m[2m:[0m GENERAL [Loader Message (0x0)]
	      /usr/share/vulkan/explicit_layer.d/VkLayer_MESA_overlay.json
[2m2026-08-01T14:41:48.172714Z[0m [32m INFO[0m [2mwgpu_hal::vulkan::instance[0m[2m:[0m 	objects: (type: INSTANCE, hndl: 0xb10c1af76660, name: ?)
[2m2026-08-01T14:41:48.172715Z[0m [32m INFO[0m [2mwgpu_hal::vulkan::instance[0m[2m:[0m 	objects: (type: INSTANCE, hndl: 0xb60937eb16f0, name: ?)
[2m2026-08-01T14:41:48.172720Z[0m [32m INFO[0m [2mwgpu_hal::vulkan::instance[0m[2m:[0m GENERAL [Loader Message (0x0)]
	      /usr/share/vulkan/implicit_layer.d/VkLayer_MESA_device_select.json
[2m2026-08-01T14:41:48.172725Z[0m [32m INFO[0m [2mwgpu_hal::vulkan::instance[0m[2m:[0m GENERAL [Loader Message (0x0)]
	      /usr/share/vulkan/explicit_layer.d/VkLayer_INTEL_nullhw.json
[2m2026-08-01T14:41:48.172727Z[0m [32m INFO[0m [2mwgpu_hal::vulkan::instance[0m[2m:[0m 	objects: (type: INSTANCE, hndl: 0xb10c1af76660, name: ?)
[2m2026-08-01T14:41:48.172732Z[0m [32m INFO[0m [2mwgpu_hal::vulkan::instance[0m[2m:[0m 	objects: (type: INSTANCE, hndl: 0xb60937eb16f0, name: ?)
[2m2026-08-01T14:41:48.172739Z[0m [32m INFO[0m [2mwgpu_hal::vulkan::instance[0m[2m:[0m GENERAL [Loader Message (0x0)]
	Found manifest file /usr/share/vulkan/implicit_layer.d/VkLayer_MESA_anti_lag.json (file version 1.2.1)
[2m2026-08-01T14:41:48.172742Z[0m [32m INFO[0m [2mwgpu_hal::vulkan::instance[0m[2m:[0m GENERAL [Loader Message (0x0)]
	Found manifest file /usr/share/vulkan/explicit_layer.d/VkLayer_MESA_screenshot.json (file version 1.0.0)
[2m2026-08-01T14:41:48.172747Z[0m [32m INFO[0m [2mwgpu_hal::vulkan::instance[0m[2m:[0m 	objects: (type: INSTANCE, hndl: 0xb10c1af76660, name: ?)
[2m2026-08-01T14:41:48.172749Z[0m [32m INFO[0m [2mwgpu_hal::vulkan::instance[0m[2m:[0m 	objects: (type: INSTANCE, hndl: 0xb60937eb16f0, name: ?)
[2m2026-08-01T14:41:48.172760Z[0m [32m INFO[0m [2mwgpu_hal::vulkan::instance[0m[2m:[0m GENERAL [Loader Message (0x0)]
	Found manifest file /usr/share/vulkan/explicit_layer.d/VkLayer_MESA_overlay.json (file version 1.0.0)
[2m2026-08-01T14:41:48.172761Z[0m [32m INFO[0m [2mwgpu_hal::vulkan::instance[0m[2m:[0m GENERAL [Loader Message (0x0)]
	Found manifest file /usr/share/vulkan/implicit_layer.d/VkLayer_MESA_device_select.json (file version 1.0.0)
[2m2026-08-01T14:41:48.172767Z[0m [32m INFO[0m [2mwgpu_hal::vulkan::instance[0m[2m:[0m 	objects: (type: INSTANCE, hndl: 0xb60937eb16f0, name: ?)
[2m2026-08-01T14:41:48.172769Z[0m [32m INFO[0m [2mwgpu_hal::vulkan::instance[0m[2m:[0m 	objects: (type: INSTANCE, hndl: 0xb10c1af76660, name: ?)
[2m2026-08-01T14:41:48.172777Z[0m [32m INFO[0m [2mwgpu_hal::vulkan::instance[0m[2m:[0m GENERAL [Loader Message (0x0)]
	Found manifest file /usr/share/vulkan/explicit_layer.d/VkLayer_INTEL_nullhw.json (file version 1.0.0)
[2m2026-08-01T14:41:48.172780Z[0m [32m INFO[0m [2mwgpu_hal::vulkan::instance[0m[2m:[0m GENERAL [Loader Message (0x0)]
	Searching for explicit layer manifest files
[2m2026-08-01T14:41:48.172784Z[0m [32m INFO[0m [2mwgpu_hal::vulkan::instance[0m[2m:[0m 	objects: (type: INSTANCE, hndl: 0xb60937eb16f0, name: ?)
[2m2026-08-01T14:41:48.172786Z[0m [32m INFO[0m [2mwgpu_hal::vulkan::instance[0m[2m:[0m 	objects: (type: INSTANCE, hndl: 0xb10c1af76660, name: ?)
[2m2026-08-01T14:41:48.172792Z[0m [32m INFO[0m [2mwgpu_hal::vulkan::instance[0m[2m:[0m GENERAL [Loader Message (0x0)]
	   In following locations:
[2m2026-08-01T14:41:48.172794Z[0m [32m INFO[0m [2mwgpu_hal::vulkan::instance[0m[2m:[0m GENERAL [Loader Message (0x0)]
	Searching for driver manifest files
[2m2026-08-01T14:41:48.172798Z[0m [32m INFO[0m [2mwgpu_hal::vulkan::instance[0m[2m:[0m 	objects: (type: INSTANCE, hndl: 0xb10c1af76660, name: ?)
[2m2026-08-01T14:41:48.172801Z[0m [32m INFO[0m [2mwgpu_hal::vulkan::instance[0m[2m:[0m 	objects: (type: INSTANCE, hndl: 0xb60937eb16f0, name: ?)
[2m2026-08-01T14:41:48.172804Z[0m [32m INFO[0m [2mwgpu_hal::vulkan::instance[0m[2m:[0m GENERAL [Loader Message (0x0)]
	      /home/ubuntu/.config/vulkan/explicit_layer.d
[2m2026-08-01T14:41:48.172806Z[0m [32m INFO[0m [2mwgpu_hal::vulkan::instance[0m[2m:[0m GENERAL [Loader Message (0x0)]
	   In following locations:
[2m2026-08-01T14:41:48.172810Z[0m [32m INFO[0m [2mwgpu_hal::vulkan::instance[0m[2m:[0m 	objects: (type: INSTANCE, hndl: 0xb10c1af76660, name: ?)
[2m2026-08-01T14:41:48.172813Z[0m [32m INFO[0m [2mwgpu_hal::vulkan::instance[0m[2m:[0m 	objects: (type: INSTANCE, hndl: 0xb60937eb16f0, name: ?)
[2m2026-08-01T14:41:48.172830Z[0m [32m INFO[0m [2mwgpu_hal::vulkan::instance[0m[2m:[0m GENERAL [Loader Message (0x0)]
	      /home/ubuntu/.config/vulkan/icd.d
[2m2026-08-01T14:41:48.172830Z[0m [32m INFO[0m [2mwgpu_hal::vulkan::instance[0m[2m:[0m GENERAL [Loader Message (0x0)]
	      /etc/xdg/vulkan/explicit_layer.d
[2m2026-08-01T14:41:48.172836Z[0m [32m INFO[0m [2mwgpu_hal::vulkan::instance[0m[2m:[0m 	objects: (type: INSTANCE, hndl: 0xb60937eb16f0, name: ?)
[2m2026-08-01T14:41:48.172837Z[0m [32m INFO[0m [2mwgpu_hal::vulkan::instance[0m[2m:[0m 	objects: (type: INSTANCE, hndl: 0xb10c1af76660, name: ?)
[2m2026-08-01T14:41:48.172842Z[0m [32m INFO[0m [2mwgpu_hal::vulkan::instance[0m[2m:[0m GENERAL [Loader Message (0x0)]
	      /etc/xdg/vulkan/icd.d
[2m2026-08-01T14:41:48.172843Z[0m [32m INFO[0m [2mwgpu_hal::vulkan::instance[0m[2m:[0m GENERAL [Loader Message (0x0)]
	      /etc/vulkan/explicit_layer.d
[2m2026-08-01T14:41:48.172848Z[0m [32m INFO[0m [2mwgpu_hal::vulkan::instance[0m[2m:[0m 	objects: (type: INSTANCE, hndl: 0xb60937eb16f0, name: ?)
[2m2026-08-01T14:41:48.172850Z[0m [32m INFO[0m [2mwgpu_hal::vulkan::instance[0m[2m:[0m 	objects: (type: INSTANCE, hndl: 0xb10c1af76660, name: ?)
[2m2026-08-01T14:41:48.172854Z[0m [32m INFO[0m [2mwgpu_hal::vulkan::instance[0m[2m:[0m GENERAL [Loader Message (0x0)]
	      /etc/vulkan/icd.d
[2m2026-08-01T14:41:48.172856Z[0m [32m INFO[0m [2mwgpu_hal::vulkan::instance[0m[2m:[0m GENERAL [Loader Message (0x0)]
	      /home/ubuntu/.local/share/vulkan/explicit_layer.d
[2m2026-08-01T14:41:48.172860Z[0m [32m INFO[0m [2mwgpu_hal::vulkan::instance[0m[2m:[0m 	objects: (type: INSTANCE, hndl: 0xb60937eb16f0, name: ?)
[2m2026-08-01T14:41:48.172862Z[0m [32m INFO[0m [2mwgpu_hal::vulkan::instance[0m[2m:[0m 	objects: (type: INSTANCE, hndl: 0xb10c1af76660, name: ?)
[2m2026-08-01T14:41:48.172866Z[0m [32m INFO[0m [2mwgpu_hal::vulkan::instance[0m[2m:[0m GENERAL [Loader Message (0x0)]
	      /home/ubuntu/.local/share/vulkan/icd.d
[2m2026-08-01T14:41:48.172868Z[0m [32m INFO[0m [2mwgpu_hal::vulkan::instance[0m[2m:[0m GENERAL [Loader Message (0x0)]
	      /usr/local/share/vulkan/explicit_layer.d
[2m2026-08-01T14:41:48.172872Z[0m [32m INFO[0m [2mwgpu_hal::vulkan::instance[0m[2m:[0m 	objects: (type: INSTANCE, hndl: 0xb60937eb16f0, name: ?)
[2m2026-08-01T14:41:48.172875Z[0m [32m INFO[0m [2mwgpu_hal::vulkan::instance[0m[2m:[0m 	objects: (type: INSTANCE, hndl: 0xb10c1af76660, name: ?)
[2m2026-08-01T14:41:48.172878Z[0m [32m INFO[0m [2mwgpu_hal::vulkan::instance[0m[2m:[0m GENERAL [Loader Message (0x0)]
	      /usr/local/share/vulkan/icd.d
[2m2026-08-01T14:41:48.172881Z[0m [32m INFO[0m [2mwgpu_hal::vulkan::instance[0m[2m:[0m GENERAL [Loader Message (0x0)]
	      /usr/share/vulkan/explicit_layer.d
[2m2026-08-01T14:41:48.172884Z[0m [32m INFO[0m [2mwgpu_hal::vulkan::instance[0m[2m:[0m 	objects: (type: INSTANCE, hndl: 0xb60937eb16f0, name: ?)
[2m2026-08-01T14:41:48.172887Z[0m [32m INFO[0m [2mwgpu_hal::vulkan::instance[0m[2m:[0m 	objects: (type: INSTANCE, hndl: 0xb10c1af76660, name: ?)
[2m2026-08-01T14:41:48.172890Z[0m [32m INFO[0m [2mwgpu_hal::vulkan::instance[0m[2m:[0m GENERAL [Loader Message (0x0)]
	      /usr/share/vulkan/icd.d
[2m2026-08-01T14:41:48.172896Z[0m [32m INFO[0m [2mwgpu_hal::vulkan::instance[0m[2m:[0m 	objects: (type: INSTANCE, hndl: 0xb60937eb16f0, name: ?)
[2m2026-08-01T14:41:48.172904Z[0m [32m INFO[0m [2mwgpu_hal::vulkan::instance[0m[2m:[0m GENERAL [Loader Message (0x0)]
	   Found the following files:
[2m2026-08-01T14:41:48.172911Z[0m [32m INFO[0m [2mwgpu_hal::vulkan::instance[0m[2m:[0m 	objects: (type: INSTANCE, hndl: 0xb10c1af76660, name: ?)
[2m2026-08-01T14:41:48.172916Z[0m [32m INFO[0m [2mwgpu_hal::vulkan::instance[0m[2m:[0m GENERAL [Loader Message (0x0)]
	      /usr/share/vulkan/explicit_layer.d/VkLayer_MESA_screenshot.json
[2m2026-08-01T14:41:48.172921Z[0m [32m INFO[0m [2mwgpu_hal::vulkan::instance[0m[2m:[0m GENERAL [Loader Message (0x0)]
	   Found the following files:
[2m2026-08-01T14:41:48.172924Z[0m [32m INFO[0m [2mwgpu_hal::vulkan::instance[0m[2m:[0m 	objects: (type: INSTANCE, hndl: 0xb10c1af76660, name: ?)
[2m2026-08-01T14:41:48.172928Z[0m [32m INFO[0m [2mwgpu_hal::vulkan::instance[0m[2m:[0m 	objects: (type: INSTANCE, hndl: 0xb60937eb16f0, name: ?)
[2m2026-08-01T14:41:48.172930Z[0m [32m INFO[0m [2mwgpu_hal::vulkan::instance[0m[2m:[0m GENERAL [Loader Message (0x0)]
	      /usr/share/vulkan/explicit_layer.d/VkLayer_MESA_overlay.json
[2m2026-08-01T14:41:48.172934Z[0m [32m INFO[0m [2mwgpu_hal::vulkan::instance[0m[2m:[0m GENERAL [Loader Message (0x0)]
	      /usr/share/vulkan/icd.d/nouveau_icd.json
[2m2026-08-01T14:41:48.172937Z[0m [32m INFO[0m [2mwgpu_hal::vulkan::instance[0m[2m:[0m 	objects: (type: INSTANCE, hndl: 0xb10c1af76660, name: ?)
[2m2026-08-01T14:41:48.172940Z[0m [32m INFO[0m [2mwgpu_hal::vulkan::instance[0m[2m:[0m 	objects: (type: INSTANCE, hndl: 0xb60937eb16f0, name: ?)
[2m2026-08-01T14:41:48.172943Z[0m [32m INFO[0m [2mwgpu_hal::vulkan::instance[0m[2m:[0m GENERAL [Loader Message (0x0)]
	      /usr/share/vulkan/explicit_layer.d/VkLayer_INTEL_nullhw.json
[2m2026-08-01T14:41:48.172946Z[0m [32m INFO[0m [2mwgpu_hal::vulkan::instance[0m[2m:[0m GENERAL [Loader Message (0x0)]
	      /usr/share/vulkan/icd.d/broadcom_icd.json
[2m2026-08-01T14:41:48.172950Z[0m [32m INFO[0m [2mwgpu_hal::vulkan::instance[0m[2m:[0m 	objects: (type: INSTANCE, hndl: 0xb10c1af76660, name: ?)
[2m2026-08-01T14:41:48.172953Z[0m [32m INFO[0m [2mwgpu_hal::vulkan::instance[0m[2m:[0m 	objects: (type: INSTANCE, hndl: 0xb60937eb16f0, name: ?)
[2m2026-08-01T14:41:48.172958Z[0m [32m INFO[0m [2mwgpu_hal::vulkan::instance[0m[2m:[0m GENERAL [Loader Message (0x0)]
	      /usr/share/vulkan/icd.d/panfrost_icd.json
[2m2026-08-01T14:41:48.172959Z[0m [32m INFO[0m [2mwgpu_hal::vulkan::instance[0m[2m:[0m GENERAL [Loader Message (0x0)]
	Found manifest file /usr/share/vulkan/explicit_layer.d/VkLayer_MESA_screenshot.json (file version 1.0.0)
[2m2026-08-01T14:41:48.172964Z[0m [32m INFO[0m [2mwgpu_hal::vulkan::instance[0m[2m:[0m 	objects: (type: INSTANCE, hndl: 0xb60937eb16f0, name: ?)
[2m2026-08-01T14:41:48.172967Z[0m [32m INFO[0m [2mwgpu_hal::vulkan::instance[0m[2m:[0m 	objects: (type: INSTANCE, hndl: 0xb10c1af76660, name: ?)
[2m2026-08-01T14:41:48.172970Z[0m [32m INFO[0m [2mwgpu_hal::vulkan::instance[0m[2m:[0m GENERAL [Loader Message (0x0)]
	      /usr/share/vulkan/icd.d/freedreno_icd.json
[2m2026-08-01T14:41:48.172977Z[0m [32m INFO[0m [2mwgpu_hal::vulkan::instance[0m[2m:[0m 	objects: (type: INSTANCE, hndl: 0xb60937eb16f0, name: ?)
[2m2026-08-01T14:41:48.172977Z[0m [32m INFO[0m [2mwgpu_hal::vulkan::instance[0m[2m:[0m GENERAL [Loader Message (0x0)]
	Found manifest file /usr/share/vulkan/explicit_layer.d/VkLayer_MESA_overlay.json (file version 1.0.0)
[2m2026-08-01T14:41:48.172982Z[0m [32m INFO[0m [2mwgpu_hal::vulkan::instance[0m[2m:[0m GENERAL [Loader Message (0x0)]
	      /usr/share/vulkan/icd.d/gfxstream_vk_icd.json
[2m2026-08-01T14:41:48.172985Z[0m [32m INFO[0m [2mwgpu_hal::vulkan::instance[0m[2m:[0m 	objects: (type: INSTANCE, hndl: 0xb10c1af76660, name: ?)
[2m2026-08-01T14:41:48.172989Z[0m [32m INFO[0m [2mwgpu_hal::vulkan::instance[0m[2m:[0m 	objects: (type: INSTANCE, hndl: 0xb60937eb16f0, name: ?)
[2m2026-08-01T14:41:48.172994Z[0m [32m INFO[0m [2mwgpu_hal::vulkan::instance[0m[2m:[0m GENERAL [Loader Message (0x0)]
	      /usr/share/vulkan/icd.d/virtio_icd.json
[2m2026-08-01T14:41:48.172995Z[0m [32m INFO[0m [2mwgpu_hal::vulkan::instance[0m[2m:[0m GENERAL [Loader Message (0x0)]
	Found manifest file /usr/share/vulkan/explicit_layer.d/VkLayer_INTEL_nullhw.json (file version 1.0.0)
[2m2026-08-01T14:41:48.173000Z[0m [32m INFO[0m [2mwgpu_hal::vulkan::instance[0m[2m:[0m 	objects: (type: INSTANCE, hndl: 0xb60937eb16f0, name: ?)
[2m2026-08-01T14:41:48.173003Z[0m [32m INFO[0m [2mwgpu_hal::vulkan::instance[0m[2m:[0m 	objects: (type: INSTANCE, hndl: 0xb10c1af76660, name: ?)
[2m2026-08-01T14:41:48.173008Z[0m [32m INFO[0m [2mwgpu_hal::vulkan::instance[0m[2m:[0m GENERAL [Loader Message (0x0)]
	      /usr/share/vulkan/icd.d/asahi_icd.json
[2m2026-08-01T14:41:48.173012Z[0m [32m INFO[0m [2mwgpu_hal::vulkan::instance[0m[2m:[0m GENERAL [Loader Message (0x0)]
	Searching for driver manifest files
[2m2026-08-01T14:41:48.173014Z[0m [32m INFO[0m [2mwgpu_hal::vulkan::instance[0m[2m:[0m 	objects: (type: INSTANCE, hndl: 0xb60937eb16f0, name: ?)
[2m2026-08-01T14:41:48.173018Z[0m [32m INFO[0m [2mwgpu_hal::vulkan::instance[0m[2m:[0m 	objects: (type: INSTANCE, hndl: 0xb10c1af76660, name: ?)
[2m2026-08-01T14:41:48.173020Z[0m [32m INFO[0m [2mwgpu_hal::vulkan::instance[0m[2m:[0m GENERAL [Loader Message (0x0)]
	      /usr/share/vulkan/icd.d/lvp_icd.json
[2m2026-08-01T14:41:48.173024Z[0m [32m INFO[0m [2mwgpu_hal::vulkan::instance[0m[2m:[0m GENERAL [Loader Message (0x0)]
	   In following locations:
[2m2026-08-01T14:41:48.173026Z[0m [32m INFO[0m [2mwgpu_hal::vulkan::instance[0m[2m:[0m 	objects: (type: INSTANCE, hndl: 0xb60937eb16f0, name: ?)
[2m2026-08-01T14:41:48.173030Z[0m [32m INFO[0m [2mwgpu_hal::vulkan::instance[0m[2m:[0m 	objects: (type: INSTANCE, hndl: 0xb10c1af76660, name: ?)
[2m2026-08-01T14:41:48.173033Z[0m [32m INFO[0m [2mwgpu_hal::vulkan::instance[0m[2m:[0m GENERAL [Loader Message (0x0)]
	      /usr/share/vulkan/icd.d/intel_icd.json
[2m2026-08-01T14:41:48.173036Z[0m [32m INFO[0m [2mwgpu_hal::vulkan::instance[0m[2m:[0m GENERAL [Loader Message (0x0)]
	      /home/ubuntu/.config/vulkan/icd.d
[2m2026-08-01T14:41:48.173039Z[0m [32m INFO[0m [2mwgpu_hal::vulkan::instance[0m[2m:[0m 	objects: (type: INSTANCE, hndl: 0xb60937eb16f0, name: ?)
[2m2026-08-01T14:41:48.173043Z[0m [32m INFO[0m [2mwgpu_hal::vulkan::instance[0m[2m:[0m 	objects: (type: INSTANCE, hndl: 0xb10c1af76660, name: ?)
[2m2026-08-01T14:41:48.173045Z[0m [32m INFO[0m [2mwgpu_hal::vulkan::instance[0m[2m:[0m GENERAL [Loader Message (0x0)]
	      /usr/share/vulkan/icd.d/powervr_mesa_icd.json
[2m2026-08-01T14:41:48.173048Z[0m [32m INFO[0m [2mwgpu_hal::vulkan::instance[0m[2m:[0m GENERAL [Loader Message (0x0)]
	      /etc/xdg/vulkan/icd.d
[2m2026-08-01T14:41:48.173051Z[0m [32m INFO[0m [2mwgpu_hal::vulkan::instance[0m[2m:[0m 	objects: (type: INSTANCE, hndl: 0xb60937eb16f0, name: ?)
[2m2026-08-01T14:41:48.173055Z[0m [32m INFO[0m [2mwgpu_hal::vulkan::instance[0m[2m:[0m 	objects: (type: INSTANCE, hndl: 0xb10c1af76660, name: ?)
[2m2026-08-01T14:41:48.173057Z[0m [32m INFO[0m [2mwgpu_hal::vulkan::instance[0m[2m:[0m GENERAL [Loader Message (0x0)]
	      /usr/share/vulkan/icd.d/radeon_icd.json
[2m2026-08-01T14:41:48.173060Z[0m [32m INFO[0m [2mwgpu_hal::vulkan::instance[0m[2m:[0m GENERAL [Loader Message (0x0)]
	      /etc/vulkan/icd.d
[2m2026-08-01T14:41:48.173063Z[0m [32m INFO[0m [2mwgpu_hal::vulkan::instance[0m[2m:[0m 	objects: (type: INSTANCE, hndl: 0xb60937eb16f0, name: ?)
[2m2026-08-01T14:41:48.173066Z[0m [32m INFO[0m [2mwgpu_hal::vulkan::instance[0m[2m:[0m 	objects: (type: INSTANCE, hndl: 0xb10c1af76660, name: ?)
[2m2026-08-01T14:41:48.173072Z[0m [32m INFO[0m [2mwgpu_hal::vulkan::instance[0m[2m:[0m GENERAL [Loader Message (0x0)]
	      /home/ubuntu/.local/share/vulkan/icd.d
[2m2026-08-01T14:41:48.173072Z[0m [32m INFO[0m [2mwgpu_hal::vulkan::instance[0m[2m:[0m GENERAL [Loader Message (0x0)]
	Found ICD manifest file /usr/share/vulkan/icd.d/nouveau_icd.json, version 1.0.1
[2m2026-08-01T14:41:48.173078Z[0m [32m INFO[0m [2mwgpu_hal::vulkan::instance[0m[2m:[0m 	objects: (type: INSTANCE, hndl: 0xb10c1af76660, name: ?)
[2m2026-08-01T14:41:48.173080Z[0m [32m INFO[0m [2mwgpu_hal::vulkan::instance[0m[2m:[0m 	objects: (type: INSTANCE, hndl: 0xb60937eb16f0, name: ?)
[2m2026-08-01T14:41:48.173084Z[0m [32m INFO[0m [2mwgpu_hal::vulkan::instance[0m[2m:[0m GENERAL [Loader Message (0x0)]
	      /usr/local/share/vulkan/icd.d
[2m2026-08-01T14:41:48.173094Z[0m [32m INFO[0m [2mwgpu_hal::vulkan::instance[0m[2m:[0m 	objects: (type: INSTANCE, hndl: 0xb10c1af76660, name: ?)
[2m2026-08-01T14:41:48.173100Z[0m [32m INFO[0m [2mwgpu_hal::vulkan::instance[0m[2m:[0m GENERAL [Loader Message (0x0)]
	      /usr/share/vulkan/icd.d
[2m2026-08-01T14:41:48.173105Z[0m [32m INFO[0m [2mwgpu_hal::vulkan::instance[0m[2m:[0m 	objects: (type: INSTANCE, hndl: 0xb10c1af76660, name: ?)
[2m2026-08-01T14:41:48.173122Z[0m [32m INFO[0m [2mwgpu_hal::vulkan::instance[0m[2m:[0m GENERAL [Loader Message (0x0)]
	Found ICD manifest file /usr/share/vulkan/icd.d/broadcom_icd.json, version 1.0.1
[2m2026-08-01T14:41:48.173130Z[0m [32m INFO[0m [2mwgpu_hal::vulkan::instance[0m[2m:[0m 	objects: (type: INSTANCE, hndl: 0xb60937eb16f0, name: ?)
[2m2026-08-01T14:41:48.173130Z[0m [32m INFO[0m [2mwgpu_hal::vulkan::instance[0m[2m:[0m GENERAL [Loader Message (0x0)]
	   Found the following files:
[2m2026-08-01T14:41:48.173137Z[0m [32m INFO[0m [2mwgpu_hal::vulkan::instance[0m[2m:[0m 	objects: (type: INSTANCE, hndl: 0xb10c1af76660, name: ?)
[2m2026-08-01T14:41:48.173143Z[0m [32m INFO[0m [2mwgpu_hal::vulkan::instance[0m[2m:[0m GENERAL [Loader Message (0x0)]
	      /usr/share/vulkan/icd.d/nouveau_icd.json
[2m2026-08-01T14:41:48.173146Z[0m [32m INFO[0m [2mwgpu_hal::vulkan::instance[0m[2m:[0m GENERAL [Loader Message (0x0)]
	Found ICD manifest file /usr/share/vulkan/icd.d/panfrost_icd.json, version 1.0.1
[2m2026-08-01T14:41:48.173149Z[0m [32m INFO[0m [2mwgpu_hal::vulkan::instance[0m[2m:[0m 	objects: (type: INSTANCE, hndl: 0xb10c1af76660, name: ?)
[2m2026-08-01T14:41:48.173154Z[0m [32m INFO[0m [2mwgpu_hal::vulkan::instance[0m[2m:[0m 	objects: (type: INSTANCE, hndl: 0xb60937eb16f0, name: ?)
[2m2026-08-01T14:41:48.173155Z[0m [32m INFO[0m [2mwgpu_hal::vulkan::instance[0m[2m:[0m GENERAL [Loader Message (0x0)]
	      /usr/share/vulkan/icd.d/broadcom_icd.json
[2m2026-08-01T14:41:48.173161Z[0m [32m INFO[0m [2mwgpu_hal::vulkan::instance[0m[2m:[0m 	objects: (type: INSTANCE, hndl: 0xb10c1af76660, name: ?)
[2m2026-08-01T14:41:48.173166Z[0m [32m INFO[0m [2mwgpu_hal::vulkan::instance[0m[2m:[0m GENERAL [Loader Message (0x0)]
	      /usr/share/vulkan/icd.d/panfrost_icd.json
[2m2026-08-01T14:41:48.173168Z[0m [32m INFO[0m [2mwgpu_hal::vulkan::instance[0m[2m:[0m GENERAL [Loader Message (0x0)]
	Found ICD manifest file /usr/share/vulkan/icd.d/freedreno_icd.json, version 1.0.1
[2m2026-08-01T14:41:48.173172Z[0m [32m INFO[0m [2mwgpu_hal::vulkan::instance[0m[2m:[0m 	objects: (type: INSTANCE, hndl: 0xb10c1af76660, name: ?)
[2m2026-08-01T14:41:48.173175Z[0m [32m INFO[0m [2mwgpu_hal::vulkan::instance[0m[2m:[0m 	objects: (type: INSTANCE, hndl: 0xb60937eb16f0, name: ?)
[2m2026-08-01T14:41:48.173178Z[0m [32m INFO[0m [2mwgpu_hal::vulkan::instance[0m[2m:[0m GENERAL [Loader Message (0x0)]
	      /usr/share/vulkan/icd.d/freedreno_icd.json
[2m2026-08-01T14:41:48.173184Z[0m [32m INFO[0m [2mwgpu_hal::vulkan::instance[0m[2m:[0m 	objects: (type: INSTANCE, hndl: 0xb10c1af76660, name: ?)
[2m2026-08-01T14:41:48.173188Z[0m [32m INFO[0m [2mwgpu_hal::vulkan::instance[0m[2m:[0m GENERAL [Loader Message (0x0)]
	Found ICD manifest file /usr/share/vulkan/icd.d/gfxstream_vk_icd.json, version 1.0.1
[2m2026-08-01T14:41:48.173190Z[0m [32m INFO[0m [2mwgpu_hal::vulkan::instance[0m[2m:[0m GENERAL [Loader Message (0x0)]
	      /usr/share/vulkan/icd.d/gfxstream_vk_icd.json
[2m2026-08-01T14:41:48.173196Z[0m [32m INFO[0m [2mwgpu_hal::vulkan::instance[0m[2m:[0m 	objects: (type: INSTANCE, hndl: 0xb60937eb16f0, name: ?)
[2m2026-08-01T14:41:48.173197Z[0m [32m INFO[0m [2mwgpu_hal::vulkan::instance[0m[2m:[0m 	objects: (type: INSTANCE, hndl: 0xb10c1af76660, name: ?)
[2m2026-08-01T14:41:48.173210Z[0m [32m INFO[0m [2mwgpu_hal::vulkan::instance[0m[2m:[0m GENERAL [Loader Message (0x0)]
	Found ICD manifest file /usr/share/vulkan/icd.d/virtio_icd.json, version 1.0.1
[2m2026-08-01T14:41:48.173214Z[0m [32m INFO[0m [2mwgpu_hal::vulkan::instance[0m[2m:[0m GENERAL [Loader Message (0x0)]
	      /usr/share/vulkan/icd.d/virtio_icd.json
[2m2026-08-01T14:41:48.173217Z[0m [32m INFO[0m [2mwgpu_hal::vulkan::instance[0m[2m:[0m 	objects: (type: INSTANCE, hndl: 0xb60937eb16f0, name: ?)
[2m2026-08-01T14:41:48.173221Z[0m [32m INFO[0m [2mwgpu_hal::vulkan::instance[0m[2m:[0m 	objects: (type: INSTANCE, hndl: 0xb10c1af76660, name: ?)
[2m2026-08-01T14:41:48.173271Z[0m [32m INFO[0m [2mwgpu_hal::vulkan::instance[0m[2m:[0m GENERAL [Loader Message (0x0)]
	Found ICD manifest file /usr/share/vulkan/icd.d/asahi_icd.json, version 1.0.1
[2m2026-08-01T14:41:48.173284Z[0m [32m INFO[0m [2mwgpu_hal::vulkan::instance[0m[2m:[0m 	objects: (type: INSTANCE, hndl: 0xb60937eb16f0, name: ?)
[2m2026-08-01T14:41:48.173286Z[0m [32m INFO[0m [2mwgpu_hal::vulkan::instance[0m[2m:[0m GENERAL [Loader Message (0x0)]
	      /usr/share/vulkan/icd.d/asahi_icd.json
[2m2026-08-01T14:41:48.173293Z[0m [32m INFO[0m [2mwgpu_hal::vulkan::instance[0m[2m:[0m 	objects: (type: INSTANCE, hndl: 0xb10c1af76660, name: ?)
[2m2026-08-01T14:41:48.173298Z[0m [32m INFO[0m [2mwgpu_hal::vulkan::instance[0m[2m:[0m GENERAL [Loader Message (0x0)]
	      /usr/share/vulkan/icd.d/lvp_icd.json
[2m2026-08-01T14:41:48.173299Z[0m [32m INFO[0m [2mwgpu_hal::vulkan::instance[0m[2m:[0m GENERAL [Loader Message (0x0)]
	Found ICD manifest file /usr/share/vulkan/icd.d/lvp_icd.json, version 1.0.1
[2m2026-08-01T14:41:48.173304Z[0m [32m INFO[0m [2mwgpu_hal::vulkan::instance[0m[2m:[0m 	objects: (type: INSTANCE, hndl: 0xb10c1af76660, name: ?)
[2m2026-08-01T14:41:48.173306Z[0m [32m INFO[0m [2mwgpu_hal::vulkan::instance[0m[2m:[0m 	objects: (type: INSTANCE, hndl: 0xb60937eb16f0, name: ?)
[2m2026-08-01T14:41:48.173310Z[0m [32m INFO[0m [2mwgpu_hal::vulkan::instance[0m[2m:[0m GENERAL [Loader Message (0x0)]
	      /usr/share/vulkan/icd.d/intel_icd.json
[2m2026-08-01T14:41:48.173317Z[0m [32m INFO[0m [2mwgpu_hal::vulkan::instance[0m[2m:[0m 	objects: (type: INSTANCE, hndl: 0xb10c1af76660, name: ?)
[2m2026-08-01T14:41:48.173322Z[0m [32m INFO[0m [2mwgpu_hal::vulkan::instance[0m[2m:[0m GENERAL [Loader Message (0x0)]
	      /usr/share/vulkan/icd.d/powervr_mesa_icd.json
[2m2026-08-01T14:41:48.173322Z[0m [32m INFO[0m [2mwgpu_hal::vulkan::instance[0m[2m:[0m GENERAL [Loader Message (0x0)]
	Found ICD manifest file /usr/share/vulkan/icd.d/intel_icd.json, version 1.0.1
[2m2026-08-01T14:41:48.173328Z[0m [32m INFO[0m [2mwgpu_hal::vulkan::instance[0m[2m:[0m 	objects: (type: INSTANCE, hndl: 0xb10c1af76660, name: ?)
[2m2026-08-01T14:41:48.173329Z[0m [32m INFO[0m [2mwgpu_hal::vulkan::instance[0m[2m:[0m 	objects: (type: INSTANCE, hndl: 0xb60937eb16f0, name: ?)
[2m2026-08-01T14:41:48.173334Z[0m [32m INFO[0m [2mwgpu_hal::vulkan::instance[0m[2m:[0m GENERAL [Loader Message (0x0)]
	      /usr/share/vulkan/icd.d/radeon_icd.json
[2m2026-08-01T14:41:48.173340Z[0m [32m INFO[0m [2mwgpu_hal::vulkan::instance[0m[2m:[0m 	objects: (type: INSTANCE, hndl: 0xb10c1af76660, name: ?)
[2m2026-08-01T14:41:48.173344Z[0m [32m INFO[0m [2mwgpu_hal::vulkan::instance[0m[2m:[0m GENERAL [Loader Message (0x0)]
	Found ICD manifest file /usr/share/vulkan/icd.d/powervr_mesa_icd.json, version 1.0.1
[2m2026-08-01T14:41:48.173350Z[0m [32m INFO[0m [2mwgpu_hal::vulkan::instance[0m[2m:[0m GENERAL [Loader Message (0x0)]
	Found ICD manifest file /usr/share/vulkan/icd.d/nouveau_icd.json, version 1.0.1
[2m2026-08-01T14:41:48.173351Z[0m [32m INFO[0m [2mwgpu_hal::vulkan::instance[0m[2m:[0m 	objects: (type: INSTANCE, hndl: 0xb60937eb16f0, name: ?)
[2m2026-08-01T14:41:48.173357Z[0m [32m INFO[0m [2mwgpu_hal::vulkan::instance[0m[2m:[0m 	objects: (type: INSTANCE, hndl: 0xb10c1af76660, name: ?)
[2m2026-08-01T14:41:48.173365Z[0m [32m INFO[0m [2mwgpu_hal::vulkan::instance[0m[2m:[0m GENERAL [Loader Message (0x0)]
	Found ICD manifest file /usr/share/vulkan/icd.d/radeon_icd.json, version 1.0.1
[2m2026-08-01T14:41:48.173372Z[0m [32m INFO[0m [2mwgpu_hal::vulkan::instance[0m[2m:[0m 	objects: (type: INSTANCE, hndl: 0xb60937eb16f0, name: ?)
[2m2026-08-01T14:41:48.173391Z[0m [32m INFO[0m [2mwgpu_hal::vulkan::instance[0m[2m:[0m GENERAL [Loader Message (0x0)]
	Found ICD manifest file /usr/share/vulkan/icd.d/broadcom_icd.json, version 1.0.1
[2m2026-08-01T14:41:48.173399Z[0m [32m INFO[0m [2mwgpu_hal::vulkan::instance[0m[2m:[0m 	objects: (type: INSTANCE, hndl: 0xb10c1af76660, name: ?)
[2m2026-08-01T14:41:48.173414Z[0m [32m INFO[0m [2mwgpu_hal::vulkan::instance[0m[2m:[0m GENERAL [Loader Message (0x0)]
	Found ICD manifest file /usr/share/vulkan/icd.d/panfrost_icd.json, version 1.0.1
[2m2026-08-01T14:41:48.173421Z[0m [32m INFO[0m [2mwgpu_hal::vulkan::instance[0m[2m:[0m 	objects: (type: INSTANCE, hndl: 0xb10c1af76660, name: ?)
[2m2026-08-01T14:41:48.173434Z[0m [32m INFO[0m [2mwgpu_hal::vulkan::instance[0m[2m:[0m GENERAL [Loader Message (0x0)]
	Found ICD manifest file /usr/share/vulkan/icd.d/freedreno_icd.json, version 1.0.1
[2m2026-08-01T14:41:48.173441Z[0m [32m INFO[0m [2mwgpu_hal::vulkan::instance[0m[2m:[0m 	objects: (type: INSTANCE, hndl: 0xb10c1af76660, name: ?)
[2m2026-08-01T14:41:48.173454Z[0m [32m INFO[0m [2mwgpu_hal::vulkan::instance[0m[2m:[0m GENERAL [Loader Message (0x0)]
	Found ICD manifest file /usr/share/vulkan/icd.d/gfxstream_vk_icd.json, version 1.0.1
[2m2026-08-01T14:41:48.173461Z[0m [32m INFO[0m [2mwgpu_hal::vulkan::instance[0m[2m:[0m 	objects: (type: INSTANCE, hndl: 0xb10c1af76660, name: ?)
[2m2026-08-01T14:41:48.173474Z[0m [32m INFO[0m [2mwgpu_hal::vulkan::instance[0m[2m:[0m GENERAL [Loader Message (0x0)]
	Found ICD manifest file /usr/share/vulkan/icd.d/virtio_icd.json, version 1.0.1
[2m2026-08-01T14:41:48.173481Z[0m [32m INFO[0m [2mwgpu_hal::vulkan::instance[0m[2m:[0m 	objects: (type: INSTANCE, hndl: 0xb10c1af76660, name: ?)
[2m2026-08-01T14:41:48.173498Z[0m [32m INFO[0m [2mwgpu_hal::vulkan::instance[0m[2m:[0m GENERAL [Loader Message (0x0)]
	Found ICD manifest file /usr/share/vulkan/icd.d/asahi_icd.json, version 1.0.1
[2m2026-08-01T14:41:48.173507Z[0m [32m INFO[0m [2mwgpu_hal::vulkan::instance[0m[2m:[0m 	objects: (type: INSTANCE, hndl: 0xb10c1af76660, name: ?)
[2m2026-08-01T14:41:48.173524Z[0m [32m INFO[0m [2mwgpu_hal::vulkan::instance[0m[2m:[0m GENERAL [Loader Message (0x0)]
	Found ICD manifest file /usr/share/vulkan/icd.d/lvp_icd.json, version 1.0.1
[2m2026-08-01T14:41:48.173531Z[0m [32m INFO[0m [2mwgpu_hal::vulkan::instance[0m[2m:[0m 	objects: (type: INSTANCE, hndl: 0xb10c1af76660, name: ?)
[2m2026-08-01T14:41:48.173546Z[0m [32m INFO[0m [2mwgpu_hal::vulkan::instance[0m[2m:[0m GENERAL [Loader Message (0x0)]
	Found ICD manifest file /usr/share/vulkan/icd.d/intel_icd.json, version 1.0.1
[2m2026-08-01T14:41:48.173552Z[0m [32m INFO[0m [2mwgpu_hal::vulkan::instance[0m[2m:[0m 	objects: (type: INSTANCE, hndl: 0xb10c1af76660, name: ?)
[2m2026-08-01T14:41:48.173566Z[0m [32m INFO[0m [2mwgpu_hal::vulkan::instance[0m[2m:[0m GENERAL [Loader Message (0x0)]
	Found ICD manifest file /usr/share/vulkan/icd.d/powervr_mesa_icd.json, version 1.0.1
[2m2026-08-01T14:41:48.173573Z[0m [32m INFO[0m [2mwgpu_hal::vulkan::instance[0m[2m:[0m 	objects: (type: INSTANCE, hndl: 0xb10c1af76660, name: ?)
[2m2026-08-01T14:41:48.173586Z[0m [32m INFO[0m [2mwgpu_hal::vulkan::instance[0m[2m:[0m GENERAL [Loader Message (0x0)]
	Found ICD manifest file /usr/share/vulkan/icd.d/radeon_icd.json, version 1.0.1
[2m2026-08-01T14:41:48.173593Z[0m [32m INFO[0m [2mwgpu_hal::vulkan::instance[0m[2m:[0m 	objects: (type: INSTANCE, hndl: 0xb10c1af76660, name: ?)
[2m2026-08-01T14:41:48.174604Z[0m [32m INFO[0m [2mwgpu_hal::vulkan::instance[0m[2m:[0m GENERAL [Loader Message (0x0)]
	Insert instance layer "VK_LAYER_MESA_device_select" (/usr/lib/aarch64-linux-gnu/libVkLayer_MESA_device_select.so)
[2m2026-08-01T14:41:48.174603Z[0m [32m INFO[0m [2mwgpu_hal::vulkan::instance[0m[2m:[0m GENERAL [Loader Message (0x0)]
	Insert instance layer "VK_LAYER_MESA_device_select" (/usr/lib/aarch64-linux-gnu/libVkLayer_MESA_device_select.so)
[2m2026-08-01T14:41:48.174621Z[0m [32m INFO[0m [2mwgpu_hal::vulkan::instance[0m[2m:[0m 	objects: (type: INSTANCE, hndl: 0xb10c1af76660, name: ?)
[2m2026-08-01T14:41:48.174625Z[0m [32m INFO[0m [2mwgpu_hal::vulkan::instance[0m[2m:[0m 	objects: (type: INSTANCE, hndl: 0xb60937eb16f0, name: ?)
[2m2026-08-01T14:41:48.174629Z[0m [32m INFO[0m [2mwgpu_hal::vulkan::instance[0m[2m:[0m GENERAL [Loader Message (0x0)]
	vkCreateInstance layer callstack setup to:
[2m2026-08-01T14:41:48.174634Z[0m [32m INFO[0m [2mwgpu_hal::vulkan::instance[0m[2m:[0m GENERAL [Loader Message (0x0)]
	vkCreateInstance layer callstack setup to:
[2m2026-08-01T14:41:48.174636Z[0m [32m INFO[0m [2mwgpu_hal::vulkan::instance[0m[2m:[0m 	objects: (type: INSTANCE, hndl: 0xb10c1af76660, name: ?)
[2m2026-08-01T14:41:48.174642Z[0m [32m INFO[0m [2mwgpu_hal::vulkan::instance[0m[2m:[0m GENERAL [Loader Message (0x0)]
	   <Application>
[2m2026-08-01T14:41:48.174642Z[0m [32m INFO[0m [2mwgpu_hal::vulkan::instance[0m[2m:[0m 	objects: (type: INSTANCE, hndl: 0xb60937eb16f0, name: ?)
[2m2026-08-01T14:41:48.174648Z[0m [32m INFO[0m [2mwgpu_hal::vulkan::instance[0m[2m:[0m 	objects: (type: INSTANCE, hndl: 0xb10c1af76660, name: ?)
[2m2026-08-01T14:41:48.174649Z[0m [32m INFO[0m [2mwgpu_hal::vulkan::instance[0m[2m:[0m GENERAL [Loader Message (0x0)]
	   <Application>
[2m2026-08-01T14:41:48.174654Z[0m [32m INFO[0m [2mwgpu_hal::vulkan::instance[0m[2m:[0m GENERAL [Loader Message (0x0)]
	     ||
[2m2026-08-01T14:41:48.174656Z[0m [32m INFO[0m [2mwgpu_hal::vulkan::instance[0m[2m:[0m 	objects: (type: INSTANCE, hndl: 0xb60937eb16f0, name: ?)
[2m2026-08-01T14:41:48.174660Z[0m [32m INFO[0m [2mwgpu_hal::vulkan::instance[0m[2m:[0m 	objects: (type: INSTANCE, hndl: 0xb10c1af76660, name: ?)
[2m2026-08-01T14:41:48.174662Z[0m [32m INFO[0m [2mwgpu_hal::vulkan::instance[0m[2m:[0m GENERAL [Loader Message (0x0)]
	     ||
[2m2026-08-01T14:41:48.174666Z[0m [32m INFO[0m [2mwgpu_hal::vulkan::instance[0m[2m:[0m GENERAL [Loader Message (0x0)]
	   <Loader>
[2m2026-08-01T14:41:48.174668Z[0m [32m INFO[0m [2mwgpu_hal::vulkan::instance[0m[2m:[0m 	objects: (type: INSTANCE, hndl: 0xb60937eb16f0, name: ?)
[2m2026-08-01T14:41:48.174672Z[0m [32m INFO[0m [2mwgpu_hal::vulkan::instance[0m[2m:[0m 	objects: (type: INSTANCE, hndl: 0xb10c1af76660, name: ?)
[2m2026-08-01T14:41:48.174674Z[0m [32m INFO[0m [2mwgpu_hal::vulkan::instance[0m[2m:[0m GENERAL [Loader Message (0x0)]
	   <Loader>
[2m2026-08-01T14:41:48.174678Z[0m [32m INFO[0m [2mwgpu_hal::vulkan::instance[0m[2m:[0m GENERAL [Loader Message (0x0)]
	     ||
[2m2026-08-01T14:41:48.174681Z[0m [32m INFO[0m [2mwgpu_hal::vulkan::instance[0m[2m:[0m 	objects: (type: INSTANCE, hndl: 0xb60937eb16f0, name: ?)
[2m2026-08-01T14:41:48.174684Z[0m [32m INFO[0m [2mwgpu_hal::vulkan::instance[0m[2m:[0m 	objects: (type: INSTANCE, hndl: 0xb10c1af76660, name: ?)
[2m2026-08-01T14:41:48.174687Z[0m [32m INFO[0m [2mwgpu_hal::vulkan::instance[0m[2m:[0m GENERAL [Loader Message (0x0)]
	     ||
[2m2026-08-01T14:41:48.174689Z[0m [32m INFO[0m [2mwgpu_hal::vulkan::instance[0m[2m:[0m GENERAL [Loader Message (0x0)]
	   VK_LAYER_MESA_device_select
[2m2026-08-01T14:41:48.174693Z[0m [32m INFO[0m [2mwgpu_hal::vulkan::instance[0m[2m:[0m 	objects: (type: INSTANCE, hndl: 0xb60937eb16f0, name: ?)
[2m2026-08-01T14:41:48.174696Z[0m [32m INFO[0m [2mwgpu_hal::vulkan::instance[0m[2m:[0m 	objects: (type: INSTANCE, hndl: 0xb10c1af76660, name: ?)
[2m2026-08-01T14:41:48.174699Z[0m [32m INFO[0m [2mwgpu_hal::vulkan::instance[0m[2m:[0m GENERAL [Loader Message (0x0)]
	   VK_LAYER_MESA_device_select
[2m2026-08-01T14:41:48.174702Z[0m [32m INFO[0m [2mwgpu_hal::vulkan::instance[0m[2m:[0m GENERAL [Loader Message (0x0)]
	           Type: Implicit
[2m2026-08-01T14:41:48.174710Z[0m [32m INFO[0m [2mwgpu_hal::vulkan::instance[0m[2m:[0m 	objects: (type: INSTANCE, hndl: 0xb10c1af76660, name: ?)
[2m2026-08-01T14:41:48.174710Z[0m [32m INFO[0m [2mwgpu_hal::vulkan::instance[0m[2m:[0m 	objects: (type: INSTANCE, hndl: 0xb60937eb16f0, name: ?)
[2m2026-08-01T14:41:48.174716Z[0m [32m INFO[0m [2mwgpu_hal::vulkan::instance[0m[2m:[0m GENERAL [Loader Message (0x0)]
	           Enabled By: Implicit Layer
[2m2026-08-01T14:41:48.174717Z[0m [32m INFO[0m [2mwgpu_hal::vulkan::instance[0m[2m:[0m GENERAL [Loader Message (0x0)]
	           Type: Implicit
[2m2026-08-01T14:41:48.174722Z[0m [32m INFO[0m [2mwgpu_hal::vulkan::instance[0m[2m:[0m 	objects: (type: INSTANCE, hndl: 0xb10c1af76660, name: ?)
[2m2026-08-01T14:41:48.174723Z[0m [32m INFO[0m [2mwgpu_hal::vulkan::instance[0m[2m:[0m 	objects: (type: INSTANCE, hndl: 0xb60937eb16f0, name: ?)
[2m2026-08-01T14:41:48.174728Z[0m [32m INFO[0m [2mwgpu_hal::vulkan::instance[0m[2m:[0m GENERAL [Loader Message (0x0)]
	               Disable Env Var:  NODEVICE_SELECT
[2m2026-08-01T14:41:48.174730Z[0m [32m INFO[0m [2mwgpu_hal::vulkan::instance[0m[2m:[0m GENERAL [Loader Message (0x0)]
	           Enabled By: Implicit Layer
[2m2026-08-01T14:41:48.174734Z[0m [32m INFO[0m [2mwgpu_hal::vulkan::instance[0m[2m:[0m 	objects: (type: INSTANCE, hndl: 0xb10c1af76660, name: ?)
[2m2026-08-01T14:41:48.174736Z[0m [32m INFO[0m [2mwgpu_hal::vulkan::instance[0m[2m:[0m 	objects: (type: INSTANCE, hndl: 0xb60937eb16f0, name: ?)
[2m2026-08-01T14:41:48.174740Z[0m [32m INFO[0m [2mwgpu_hal::vulkan::instance[0m[2m:[0m GENERAL [Loader Message (0x0)]
	           Manifest: /usr/share/vulkan/implicit_layer.d/VkLayer_MESA_device_select.json
[2m2026-08-01T14:41:48.174742Z[0m [32m INFO[0m [2mwgpu_hal::vulkan::instance[0m[2m:[0m GENERAL [Loader Message (0x0)]
	               Disable Env Var:  NODEVICE_SELECT
[2m2026-08-01T14:41:48.174747Z[0m [32m INFO[0m [2mwgpu_hal::vulkan::instance[0m[2m:[0m 	objects: (type: INSTANCE, hndl: 0xb10c1af76660, name: ?)
[2m2026-08-01T14:41:48.174749Z[0m [32m INFO[0m [2mwgpu_hal::vulkan::instance[0m[2m:[0m 	objects: (type: INSTANCE, hndl: 0xb60937eb16f0, name: ?)
[2m2026-08-01T14:41:48.174753Z[0m [32m INFO[0m [2mwgpu_hal::vulkan::instance[0m[2m:[0m GENERAL [Loader Message (0x0)]
	           Library:  /usr/lib/aarch64-linux-gnu/libVkLayer_MESA_device_select.so
[2m2026-08-01T14:41:48.174755Z[0m [32m INFO[0m [2mwgpu_hal::vulkan::instance[0m[2m:[0m GENERAL [Loader Message (0x0)]
	           Manifest: /usr/share/vulkan/implicit_layer.d/VkLayer_MESA_device_select.json
[2m2026-08-01T14:41:48.174763Z[0m [32m INFO[0m [2mwgpu_hal::vulkan::instance[0m[2m:[0m 	objects: (type: INSTANCE, hndl: 0xb60937eb16f0, name: ?)
[2m2026-08-01T14:41:48.174762Z[0m [32m INFO[0m [2mwgpu_hal::vulkan::instance[0m[2m:[0m 	objects: (type: INSTANCE, hndl: 0xb10c1af76660, name: ?)
[2m2026-08-01T14:41:48.174770Z[0m [32m INFO[0m [2mwgpu_hal::vulkan::instance[0m[2m:[0m GENERAL [Loader Message (0x0)]
	     ||
[2m2026-08-01T14:41:48.174769Z[0m [32m INFO[0m [2mwgpu_hal::vulkan::instance[0m[2m:[0m GENERAL [Loader Message (0x0)]
	           Library:  /usr/lib/aarch64-linux-gnu/libVkLayer_MESA_device_select.so
[2m2026-08-01T14:41:48.174775Z[0m [32m INFO[0m [2mwgpu_hal::vulkan::instance[0m[2m:[0m 	objects: (type: INSTANCE, hndl: 0xb10c1af76660, name: ?)
[2m2026-08-01T14:41:48.174776Z[0m [32m INFO[0m [2mwgpu_hal::vulkan::instance[0m[2m:[0m 	objects: (type: INSTANCE, hndl: 0xb60937eb16f0, name: ?)
[2m2026-08-01T14:41:48.174781Z[0m [32m INFO[0m [2mwgpu_hal::vulkan::instance[0m[2m:[0m GENERAL [Loader Message (0x0)]
	   <Drivers>
[2m2026-08-01T14:41:48.174782Z[0m [32m INFO[0m [2mwgpu_hal::vulkan::instance[0m[2m:[0m GENERAL [Loader Message (0x0)]
	     ||
[2m2026-08-01T14:41:48.174787Z[0m [32m INFO[0m [2mwgpu_hal::vulkan::instance[0m[2m:[0m 	objects: (type: INSTANCE, hndl: 0xb10c1af76660, name: ?)
[2m2026-08-01T14:41:48.174790Z[0m [32m INFO[0m [2mwgpu_hal::vulkan::instance[0m[2m:[0m 	objects: (type: INSTANCE, hndl: 0xb60937eb16f0, name: ?)
[2m2026-08-01T14:41:48.174796Z[0m [32m INFO[0m [2mwgpu_hal::vulkan::instance[0m[2m:[0m GENERAL [Loader Message (0x0)]
	   <Drivers>
[2m2026-08-01T14:41:48.174803Z[0m [32m INFO[0m [2mwgpu_hal::vulkan::instance[0m[2m:[0m 	objects: (type: INSTANCE, hndl: 0xb60937eb16f0, name: ?)
[2m2026-08-01T14:41:48.182749Z[0m [32m INFO[0m [2mwgpu_hal::vulkan::instance[0m[2m:[0m Enabling debug utils
[2m2026-08-01T14:41:48.183610Z[0m [32m INFO[0m [2mwgpu_hal::vulkan::instance[0m[2m:[0m Enabling debug utils
[slopos-compositor/drm] client connected
[slopos-compositor/drm] client disconnected
[2m2026-08-01T14:41:48.187781Z[0m [32m INFO[0m [2mwgpu_hal::gles::egl[0m[2m:[0m Using Wayland platform
[slopos-compositor/drm] client connected
[slopos-compositor/drm] client disconnected
[2m2026-08-01T14:41:48.188002Z[0m [32m INFO[0m [2mwgpu_hal::gles::egl[0m[2m:[0m Using Wayland platform
[slopos-compositor/drm] client connected
[slopos-compositor/drm] client connected
[2m2026-08-01T14:41:48.260489Z[0m [33m WARN[0m [2mwgpu_hal::gles::egl[0m[2m:[0m Re-initializing Gles context due to Wayland window
[2m2026-08-01T14:41:48.262724Z[0m [33m WARN[0m [2mwgpu_hal::gles::egl[0m[2m:[0m Re-initializing Gles context due to Wayland window
[slopos-compositor/drm] client disconnected
[2m2026-08-01T14:41:48.507979Z[0m [32m INFO[0m [2mwgpu_hal::vulkan::instance[0m[2m:[0m GENERAL [Loader Message (0x0)]
	linux_read_sorted_physical_devices:
[2m2026-08-01T14:41:48.508030Z[0m [32m INFO[0m [2mwgpu_hal::vulkan::instance[0m[2m:[0m 	objects: (type: INSTANCE, hndl: 0xb10c1af76660, name: ?)
[2m2026-08-01T14:41:48.508042Z[0m [32m INFO[0m [2mwgpu_hal::vulkan::instance[0m[2m:[0m GENERAL [Loader Message (0x0)]
	     Original order:
[2m2026-08-01T14:41:48.508052Z[0m [32m INFO[0m [2mwgpu_hal::vulkan::instance[0m[2m:[0m 	objects: (type: INSTANCE, hndl: 0xb10c1af76660, name: ?)
[2m2026-08-01T14:41:48.508074Z[0m [32m INFO[0m [2mwgpu_hal::vulkan::instance[0m[2m:[0m GENERAL [Loader Message (0x0)]
	           [0] llvmpipe (LLVM 21.1.8, 128 bits)
[2m2026-08-01T14:41:48.508084Z[0m [32m INFO[0m [2mwgpu_hal::vulkan::instance[0m[2m:[0m 	objects: (type: INSTANCE, hndl: 0xb10c1af76660, name: ?)
[2m2026-08-01T14:41:48.508131Z[0m [32m INFO[0m [2mwgpu_hal::vulkan::instance[0m[2m:[0m GENERAL [Loader Message (0x0)]
	     Sorted order:
[2m2026-08-01T14:41:48.508150Z[0m [32m INFO[0m [2mwgpu_hal::vulkan::instance[0m[2m:[0m 	objects: (type: INSTANCE, hndl: 0xb10c1af76660, name: ?)
[2m2026-08-01T14:41:48.508157Z[0m [32m INFO[0m [2mwgpu_hal::vulkan::instance[0m[2m:[0m GENERAL [Loader Message (0x0)]
	           [0] llvmpipe (LLVM 21.1.8, 128 bits)  
[2m2026-08-01T14:41:48.508164Z[0m [32m INFO[0m [2mwgpu_hal::vulkan::instance[0m[2m:[0m 	objects: (type: INSTANCE, hndl: 0xb10c1af76660, name: ?)
[2m2026-08-01T14:41:48.508187Z[0m [32m INFO[0m [2mwgpu_hal::vulkan::instance[0m[2m:[0m GENERAL [Loader Message (0x0)]
	linux_read_sorted_physical_devices:
[2m2026-08-01T14:41:48.508194Z[0m [32m INFO[0m [2mwgpu_hal::vulkan::instance[0m[2m:[0m 	objects: (type: INSTANCE, hndl: 0xb10c1af76660, name: ?)
[2m2026-08-01T14:41:48.508199Z[0m [32m INFO[0m [2mwgpu_hal::vulkan::instance[0m[2m:[0m GENERAL [Loader Message (0x0)]
	     Original order:
[2m2026-08-01T14:41:48.508205Z[0m [32m INFO[0m [2mwgpu_hal::vulkan::instance[0m[2m:[0m 	objects: (type: INSTANCE, hndl: 0xb10c1af76660, name: ?)
[2m2026-08-01T14:41:48.508216Z[0m [32m INFO[0m [2mwgpu_hal::vulkan::instance[0m[2m:[0m GENERAL [Loader Message (0x0)]
	           [0] llvmpipe (LLVM 21.1.8, 128 bits)
[2m2026-08-01T14:41:48.508223Z[0m [32m INFO[0m [2mwgpu_hal::vulkan::instance[0m[2m:[0m 	objects: (type: INSTANCE, hndl: 0xb10c1af76660, name: ?)
[2m2026-08-01T14:41:48.508444Z[0m [32m INFO[0m [2mwgpu_hal::vulkan::instance[0m[2m:[0m GENERAL [Loader Message (0x0)]
	     Sorted order:
[2m2026-08-01T14:41:48.508462Z[0m [32m INFO[0m [2mwgpu_hal::vulkan::instance[0m[2m:[0m 	objects: (type: INSTANCE, hndl: 0xb10c1af76660, name: ?)
[2m2026-08-01T14:41:48.508474Z[0m [32m INFO[0m [2mwgpu_hal::vulkan::instance[0m[2m:[0m GENERAL [Loader Message (0x0)]
	           [0] llvmpipe (LLVM 21.1.8, 128 bits)  
[2m2026-08-01T14:41:48.508487Z[0m [32m INFO[0m [2mwgpu_hal::vulkan::instance[0m[2m:[0m 	objects: (type: INSTANCE, hndl: 0xb10c1af76660, name: ?)
[slopos-compositor/drm] client connected
[2m2026-08-01T14:41:48.510034Z[0m [32m INFO[0m [2mwgpu_hal::vulkan::instance[0m[2m:[0m GENERAL [Loader Message (0x0)]
	linux_read_sorted_physical_devices:
[2m2026-08-01T14:41:48.510054Z[0m [32m INFO[0m [2mwgpu_hal::vulkan::instance[0m[2m:[0m 	objects: (type: INSTANCE, hndl: 0xb10c1af76660, name: ?)
[2m2026-08-01T14:41:48.510060Z[0m [32m INFO[0m [2mwgpu_hal::vulkan::instance[0m[2m:[0m GENERAL [Loader Message (0x0)]
	     Original order:
[2m2026-08-01T14:41:48.510066Z[0m [32m INFO[0m [2mwgpu_hal::vulkan::instance[0m[2m:[0m 	objects: (type: INSTANCE, hndl: 0xb10c1af76660, name: ?)
[2m2026-08-01T14:41:48.510079Z[0m [32m INFO[0m [2mwgpu_hal::vulkan::instance[0m[2m:[0m GENERAL [Loader Message (0x0)]
	           [0] llvmpipe (LLVM 21.1.8, 128 bits)
[2m2026-08-01T14:41:48.510085Z[0m [32m INFO[0m [2mwgpu_hal::vulkan::instance[0m[2m:[0m 	objects: (type: INSTANCE, hndl: 0xb10c1af76660, name: ?)
[2m2026-08-01T14:41:48.510091Z[0m [32m INFO[0m [2mwgpu_hal::vulkan::instance[0m[2m:[0m GENERAL [Loader Message (0x0)]
	     Sorted order:
[slopos-compositor/drm] client disconnected
[2m2026-08-01T14:41:48.510096Z[0m [32m INFO[0m [2mwgpu_hal::vulkan::instance[0m[2m:[0m 	objects: (type: INSTANCE, hndl: 0xb10c1af76660, name: ?)
[2m2026-08-01T14:41:48.510105Z[0m [32m INFO[0m [2mwgpu_hal::vulkan::instance[0m[2m:[0m GENERAL [Loader Message (0x0)]
	           [0] llvmpipe (LLVM 21.1.8, 128 bits)  
[2m2026-08-01T14:41:48.510112Z[0m [32m INFO[0m [2mwgpu_hal::vulkan::instance[0m[2m:[0m 	objects: (type: INSTANCE, hndl: 0xb10c1af76660, name: ?)
[2m2026-08-01T14:41:48.510121Z[0m [32m INFO[0m [2mwgpu_hal::vulkan::instance[0m[2m:[0m GENERAL [Loader Message (0x0)]
	linux_read_sorted_physical_devices:
[2m2026-08-01T14:41:48.510127Z[0m [32m INFO[0m [2mwgpu_hal::vulkan::instance[0m[2m:[0m 	objects: (type: INSTANCE, hndl: 0xb10c1af76660, name: ?)
[2m2026-08-01T14:41:48.510133Z[0m [32m INFO[0m [2mwgpu_hal::vulkan::instance[0m[2m:[0m GENERAL [Loader Message (0x0)]
	     Original order:
[2m2026-08-01T14:41:48.510139Z[0m [32m INFO[0m [2mwgpu_hal::vulkan::instance[0m[2m:[0m 	objects: (type: INSTANCE, hndl: 0xb10c1af76660, name: ?)
[2m2026-08-01T14:41:48.510147Z[0m [32m INFO[0m [2mwgpu_hal::vulkan::instance[0m[2m:[0m GENERAL [Loader Message (0x0)]
	           [0] llvmpipe (LLVM 21.1.8, 128 bits)
[2m2026-08-01T14:41:48.510154Z[0m [32m INFO[0m [2mwgpu_hal::vulkan::instance[0m[2m:[0m 	objects: (type: INSTANCE, hndl: 0xb10c1af76660, name: ?)
[2m2026-08-01T14:41:48.510159Z[0m [32m INFO[0m [2mwgpu_hal::vulkan::instance[0m[2m:[0m GENERAL [Loader Message (0x0)]
	     Sorted order:
[2m2026-08-01T14:41:48.510165Z[0m [32m INFO[0m [2mwgpu_hal::vulkan::instance[0m[2m:[0m 	objects: (type: INSTANCE, hndl: 0xb10c1af76660, name: ?)
[2m2026-08-01T14:41:48.510170Z[0m [32m INFO[0m [2mwgpu_hal::vulkan::instance[0m[2m:[0m GENERAL [Loader Message (0x0)]
	           [0] llvmpipe (LLVM 21.1.8, 128 bits)  
[2m2026-08-01T14:41:48.510177Z[0m [32m INFO[0m [2mwgpu_hal::vulkan::instance[0m[2m:[0m 	objects: (type: INSTANCE, hndl: 0xb10c1af76660, name: ?)
[slopos-compositor/drm] client connected
[2m2026-08-01T14:41:48.511740Z[0m [32m INFO[0m [2mwgpu_hal::vulkan::instance[0m[2m:[0m GENERAL [Loader Message (0x0)]
	Removing driver /usr/lib/aarch64-linux-gnu/libvulkan_radeon.so due to not having any physical devices
[slopos-compositor/drm] client disconnected
[2m2026-08-01T14:41:48.512387Z[0m [32m INFO[0m [2mwgpu_hal::vulkan::instance[0m[2m:[0m 	objects: (type: INSTANCE, hndl: 0xb10c1af76660, name: ?)
[2m2026-08-01T14:41:48.512660Z[0m [32m INFO[0m [2mwgpu_hal::vulkan::instance[0m[2m:[0m GENERAL [Loader Message (0x0)]
	Removing driver /usr/lib/aarch64-linux-gnu/libvulkan_powervr_mesa.so due to not having any physical devices
[2m2026-08-01T14:41:48.512672Z[0m [32m INFO[0m [2mwgpu_hal::vulkan::instance[0m[2m:[0m 	objects: (type: INSTANCE, hndl: 0xb10c1af76660, name: ?)
[2m2026-08-01T14:41:48.512964Z[0m [32m INFO[0m [2mwgpu_hal::vulkan::instance[0m[2m:[0m GENERAL [Loader Message (0x0)]
	Removing driver /usr/lib/aarch64-linux-gnu/libvulkan_intel.so due to not having any physical devices
[2m2026-08-01T14:41:48.512994Z[0m [32m INFO[0m [2mwgpu_hal::vulkan::instance[0m[2m:[0m 	objects: (type: INSTANCE, hndl: 0xb10c1af76660, name: ?)
[2m2026-08-01T14:41:48.513157Z[0m [32m INFO[0m [2mwgpu_hal::vulkan::instance[0m[2m:[0m GENERAL [Loader Message (0x0)]
	Removing driver /usr/lib/aarch64-linux-gnu/libvulkan_asahi.so due to not having any physical devices
[2m2026-08-01T14:41:48.513169Z[0m [32m INFO[0m [2mwgpu_hal::vulkan::instance[0m[2m:[0m 	objects: (type: INSTANCE, hndl: 0xb10c1af76660, name: ?)
[2m2026-08-01T14:41:48.513640Z[0m [32m INFO[0m [2mwgpu_hal::vulkan::instance[0m[2m:[0m GENERAL [Loader Message (0x0)]
	Removing driver /usr/lib/aarch64-linux-gnu/libvulkan_virtio.so due to not having any physical devices
[2m2026-08-01T14:41:48.513658Z[0m [32m INFO[0m [2mwgpu_hal::vulkan::instance[0m[2m:[0m 	objects: (type: INSTANCE, hndl: 0xb10c1af76660, name: ?)
[2m2026-08-01T14:41:48.513775Z[0m [32m INFO[0m [2mwgpu_hal::vulkan::instance[0m[2m:[0m GENERAL [Loader Message (0x0)]
	Removing driver /usr/lib/aarch64-linux-gnu/libvulkan_gfxstream.so due to not having any physical devices
[2m2026-08-01T14:41:48.513786Z[0m [32m INFO[0m [2mwgpu_hal::vulkan::instance[0m[2m:[0m 	objects: (type: INSTANCE, hndl: 0xb10c1af76660, name: ?)
[2m2026-08-01T14:41:48.513865Z[0m [32m INFO[0m [2mwgpu_hal::vulkan::instance[0m[2m:[0m GENERAL [Loader Message (0x0)]
	Removing driver /usr/lib/aarch64-linux-gnu/libvulkan_freedreno.so due to not having any physical devices
[2m2026-08-01T14:41:48.513874Z[0m [32m INFO[0m [2mwgpu_hal::vulkan::instance[0m[2m:[0m 	objects: (type: INSTANCE, hndl: 0xb10c1af76660, name: ?)
[2m2026-08-01T14:41:48.513960Z[0m [32m INFO[0m [2mwgpu_hal::vulkan::instance[0m[2m:[0m GENERAL [Loader Message (0x0)]
	Removing driver /usr/lib/aarch64-linux-gnu/libvulkan_panfrost.so due to not having any physical devices
[2m2026-08-01T14:41:48.513969Z[0m [32m INFO[0m [2mwgpu_hal::vulkan::instance[0m[2m:[0m 	objects: (type: INSTANCE, hndl: 0xb10c1af76660, name: ?)
[2m2026-08-01T14:41:48.514125Z[0m [32m INFO[0m [2mwgpu_hal::vulkan::instance[0m[2m:[0m GENERAL [Loader Message (0x0)]
	Removing driver /usr/lib/aarch64-linux-gnu/libvulkan_broadcom.so due to not having any physical devices
[2m2026-08-01T14:41:48.514134Z[0m [32m INFO[0m [2mwgpu_hal::vulkan::instance[0m[2m:[0m 	objects: (type: INSTANCE, hndl: 0xb10c1af76660, name: ?)
[2m2026-08-01T14:41:48.514336Z[0m [32m INFO[0m [2mwgpu_hal::vulkan::instance[0m[2m:[0m GENERAL [Loader Message (0x0)]
	Removing driver /usr/lib/aarch64-linux-gnu/libvulkan_nouveau.so due to not having any physical devices
[2m2026-08-01T14:41:48.514360Z[0m [32m INFO[0m [2mwgpu_hal::vulkan::instance[0m[2m:[0m 	objects: (type: INSTANCE, hndl: 0xb10c1af76660, name: ?)
[slopos-compositor/drm] client disconnected
[2m2026-08-01T14:41:48.515848Z[0m [32m INFO[0m [2mwgpu_hal::vulkan::instance[0m[2m:[0m GENERAL [Loader Message (0x0)]
	linux_read_sorted_physical_devices:
[2m2026-08-01T14:41:48.515882Z[0m [32m INFO[0m [2mwgpu_hal::vulkan::instance[0m[2m:[0m 	objects: (type: INSTANCE, hndl: 0xb60937eb16f0, name: ?)
[2m2026-08-01T14:41:48.515897Z[0m [32m INFO[0m [2mwgpu_hal::vulkan::instance[0m[2m:[0m GENERAL [Loader Message (0x0)]
	     Original order:
[2m2026-08-01T14:41:48.515904Z[0m [32m INFO[0m [2mwgpu_hal::vulkan::instance[0m[2m:[0m 	objects: (type: INSTANCE, hndl: 0xb60937eb16f0, name: ?)
[2m2026-08-01T14:41:48.515917Z[0m [32m INFO[0m [2mwgpu_hal::vulkan::instance[0m[2m:[0m GENERAL [Loader Message (0x0)]
	           [0] llvmpipe (LLVM 21.1.8, 128 bits)
[2m2026-08-01T14:41:48.515924Z[0m [32m INFO[0m [2mwgpu_hal::vulkan::instance[0m[2m:[0m 	objects: (type: INSTANCE, hndl: 0xb60937eb16f0, name: ?)
[2m2026-08-01T14:41:48.515932Z[0m [32m INFO[0m [2mwgpu_hal::vulkan::instance[0m[2m:[0m GENERAL [Loader Message (0x0)]
	     Sorted order:
[2m2026-08-01T14:41:48.515938Z[0m [32m INFO[0m [2mwgpu_hal::vulkan::instance[0m[2m:[0m 	objects: (type: INSTANCE, hndl: 0xb60937eb16f0, name: ?)
[2m2026-08-01T14:41:48.515944Z[0m [32m INFO[0m [2mwgpu_hal::vulkan::instance[0m[2m:[0m GENERAL [Loader Message (0x0)]
	           [0] llvmpipe (LLVM 21.1.8, 128 bits)  
[2m2026-08-01T14:41:48.515950Z[0m [32m INFO[0m [2mwgpu_hal::vulkan::instance[0m[2m:[0m 	objects: (type: INSTANCE, hndl: 0xb60937eb16f0, name: ?)
[2m2026-08-01T14:41:48.515966Z[0m [32m INFO[0m [2mwgpu_hal::vulkan::instance[0m[2m:[0m GENERAL [Loader Message (0x0)]
	linux_read_sorted_physical_devices:
[2m2026-08-01T14:41:48.515973Z[0m [32m INFO[0m [2mwgpu_hal::vulkan::instance[0m[2m:[0m 	objects: (type: INSTANCE, hndl: 0xb60937eb16f0, name: ?)
[2m2026-08-01T14:41:48.515979Z[0m [32m INFO[0m [2mwgpu_hal::vulkan::instance[0m[2m:[0m GENERAL [Loader Message (0x0)]
	     Original order:
[2m2026-08-01T14:41:48.515987Z[0m [32m INFO[0m [2mwgpu_hal::vulkan::instance[0m[2m:[0m 	objects: (type: INSTANCE, hndl: 0xb60937eb16f0, name: ?)
[2m2026-08-01T14:41:48.515996Z[0m [32m INFO[0m [2mwgpu_hal::vulkan::instance[0m[2m:[0m GENERAL [Loader Message (0x0)]
	           [0] llvmpipe (LLVM 21.1.8, 128 bits)
[2m2026-08-01T14:41:48.516002Z[0m [32m INFO[0m [2mwgpu_hal::vulkan::instance[0m[2m:[0m 	objects: (type: INSTANCE, hndl: 0xb60937eb16f0, name: ?)
[2m2026-08-01T14:41:48.516008Z[0m [32m INFO[0m [2mwgpu_hal::vulkan::instance[0m[2m:[0m GENERAL [Loader Message (0x0)]
	     Sorted order:
[2m2026-08-01T14:41:48.516013Z[0m [32m INFO[0m [2mwgpu_hal::vulkan::instance[0m[2m:[0m 	objects: (type: INSTANCE, hndl: 0xb60937eb16f0, name: ?)
[2m2026-08-01T14:41:48.516019Z[0m [32m INFO[0m [2mwgpu_hal::vulkan::instance[0m[2m:[0m GENERAL [Loader Message (0x0)]
	           [0] llvmpipe (LLVM 21.1.8, 128 bits)  
[2m2026-08-01T14:41:48.516025Z[0m [32m INFO[0m [2mwgpu_hal::vulkan::instance[0m[2m:[0m 	objects: (type: INSTANCE, hndl: 0xb60937eb16f0, name: ?)
[slopos-compositor/drm] client connected
[2m2026-08-01T14:41:48.516910Z[0m [32m INFO[0m [2mwgpu_hal::vulkan::instance[0m[2m:[0m GENERAL [Loader Message (0x0)]
	linux_read_sorted_physical_devices:
[2m2026-08-01T14:41:48.516932Z[0m [32m INFO[0m [2mwgpu_hal::vulkan::instance[0m[2m:[0m 	objects: (type: INSTANCE, hndl: 0xb60937eb16f0, name: ?)
[2m2026-08-01T14:41:48.516939Z[0m [32m INFO[0m [2mwgpu_hal::vulkan::instance[0m[2m:[0m GENERAL [Loader Message (0x0)]
	     Original order:
[slopos-compositor/drm] client disconnected
[2m2026-08-01T14:41:48.516946Z[0m [32m INFO[0m [2mwgpu_hal::vulkan::instance[0m[2m:[0m 	objects: (type: INSTANCE, hndl: 0xb60937eb16f0, name: ?)
[2m2026-08-01T14:41:48.516959Z[0m [32m INFO[0m [2mwgpu_hal::vulkan::instance[0m[2m:[0m GENERAL [Loader Message (0x0)]
	           [0] llvmpipe (LLVM 21.1.8, 128 bits)
[2m2026-08-01T14:41:48.516966Z[0m [32m INFO[0m [2mwgpu_hal::vulkan::instance[0m[2m:[0m 	objects: (type: INSTANCE, hndl: 0xb60937eb16f0, name: ?)
[2m2026-08-01T14:41:48.516972Z[0m [32m INFO[0m [2mwgpu_hal::vulkan::instance[0m[2m:[0m GENERAL [Loader Message (0x0)]
	     Sorted order:
[2m2026-08-01T14:41:48.516978Z[0m [32m INFO[0m [2mwgpu_hal::vulkan::instance[0m[2m:[0m 	objects: (type: INSTANCE, hndl: 0xb60937eb16f0, name: ?)
[2m2026-08-01T14:41:48.516990Z[0m [32m INFO[0m [2mwgpu_hal::vulkan::instance[0m[2m:[0m GENERAL [Loader Message (0x0)]
	           [0] llvmpipe (LLVM 21.1.8, 128 bits)  
[2m2026-08-01T14:41:48.516997Z[0m [32m INFO[0m [2mwgpu_hal::vulkan::instance[0m[2m:[0m 	objects: (type: INSTANCE, hndl: 0xb60937eb16f0, name: ?)
[2m2026-08-01T14:41:48.517006Z[0m [32m INFO[0m [2mwgpu_hal::vulkan::instance[0m[2m:[0m GENERAL [Loader Message (0x0)]
	linux_read_sorted_physical_devices:
[2m2026-08-01T14:41:48.517013Z[0m [32m INFO[0m [2mwgpu_hal::vulkan::instance[0m[2m:[0m 	objects: (type: INSTANCE, hndl: 0xb60937eb16f0, name: ?)
[2m2026-08-01T14:41:48.517018Z[0m [32m INFO[0m [2mwgpu_hal::vulkan::instance[0m[2m:[0m GENERAL [Loader Message (0x0)]
	     Original order:
[2m2026-08-01T14:41:48.517024Z[0m [32m INFO[0m [2mwgpu_hal::vulkan::instance[0m[2m:[0m 	objects: (type: INSTANCE, hndl: 0xb60937eb16f0, name: ?)
[2m2026-08-01T14:41:48.517033Z[0m [32m INFO[0m [2mwgpu_hal::vulkan::instance[0m[2m:[0m GENERAL [Loader Message (0x0)]
	           [0] llvmpipe (LLVM 21.1.8, 128 bits)
[2m2026-08-01T14:41:48.517039Z[0m [32m INFO[0m [2mwgpu_hal::vulkan::instance[0m[2m:[0m 	objects: (type: INSTANCE, hndl: 0xb60937eb16f0, name: ?)
[2m2026-08-01T14:41:48.517044Z[0m [32m INFO[0m [2mwgpu_hal::vulkan::instance[0m[2m:[0m GENERAL [Loader Message (0x0)]
	     Sorted order:
[2m2026-08-01T14:41:48.517052Z[0m [32m INFO[0m [2mwgpu_hal::vulkan::instance[0m[2m:[0m 	objects: (type: INSTANCE, hndl: 0xb60937eb16f0, name: ?)
[2m2026-08-01T14:41:48.517058Z[0m [32m INFO[0m [2mwgpu_hal::vulkan::instance[0m[2m:[0m GENERAL [Loader Message (0x0)]
	           [0] llvmpipe (LLVM 21.1.8, 128 bits)  
[2m2026-08-01T14:41:48.517065Z[0m [32m INFO[0m [2mwgpu_hal::vulkan::instance[0m[2m:[0m 	objects: (type: INSTANCE, hndl: 0xb60937eb16f0, name: ?)
[slopos-compositor/drm] client connected
[2m2026-08-01T14:41:48.517737Z[0m [32m INFO[0m [2mwgpu_hal::vulkan::instance[0m[2m:[0m GENERAL [Loader Message (0x0)]
	Removing driver /usr/lib/aarch64-linux-gnu/libvulkan_radeon.so due to not having any physical devices
[2m2026-08-01T14:41:48.517760Z[0m [32m INFO[0m [2mwgpu_hal::vulkan::instance[0m[2m:[0m 	objects: (type: INSTANCE, hndl: 0xb60937eb16f0, name: ?)
[slopos-compositor/drm] client disconnected
[2m2026-08-01T14:41:48.517916Z[0m [32m INFO[0m [2mwgpu_hal::vulkan::instance[0m[2m:[0m GENERAL [Loader Message (0x0)]
	Removing driver /usr/lib/aarch64-linux-gnu/libvulkan_powervr_mesa.so due to not having any physical devices
[2m2026-08-01T14:41:48.517926Z[0m [32m INFO[0m [2mwgpu_hal::vulkan::instance[0m[2m:[0m 	objects: (type: INSTANCE, hndl: 0xb60937eb16f0, name: ?)
[2m2026-08-01T14:41:48.518007Z[0m [32m INFO[0m [2mwgpu_hal::vulkan::instance[0m[2m:[0m GENERAL [Loader Message (0x0)]
	Removing driver /usr/lib/aarch64-linux-gnu/libvulkan_intel.so due to not having any physical devices
[2m2026-08-01T14:41:48.518015Z[0m [32m INFO[0m [2mwgpu_hal::vulkan::instance[0m[2m:[0m 	objects: (type: INSTANCE, hndl: 0xb60937eb16f0, name: ?)
[2m2026-08-01T14:41:48.518115Z[0m [32m INFO[0m [2mwgpu_hal::vulkan::instance[0m[2m:[0m GENERAL [Loader Message (0x0)]
	Removing driver /usr/lib/aarch64-linux-gnu/libvulkan_asahi.so due to not having any physical devices
[2m2026-08-01T14:41:48.518140Z[0m [32m INFO[0m [2mwgpu_hal::vulkan::instance[0m[2m:[0m 	objects: (type: INSTANCE, hndl: 0xb60937eb16f0, name: ?)
[2m2026-08-01T14:41:48.518518Z[0m [32m INFO[0m [2mwgpu_hal::vulkan::instance[0m[2m:[0m GENERAL [Loader Message (0x0)]
	Removing driver /usr/lib/aarch64-linux-gnu/libvulkan_virtio.so due to not having any physical devices
[2m2026-08-01T14:41:48.518641Z[0m [32m INFO[0m [2mwgpu_hal::vulkan::instance[0m[2m:[0m 	objects: (type: INSTANCE, hndl: 0xb60937eb16f0, name: ?)
[2m2026-08-01T14:41:48.518891Z[0m [32m INFO[0m [2mwgpu_hal::vulkan::instance[0m[2m:[0m GENERAL [Loader Message (0x0)]
	Removing driver /usr/lib/aarch64-linux-gnu/libvulkan_gfxstream.so due to not having any physical devices
[2m2026-08-01T14:41:48.518926Z[0m [32m INFO[0m [2mwgpu_hal::vulkan::instance[0m[2m:[0m 	objects: (type: INSTANCE, hndl: 0xb60937eb16f0, name: ?)
[2m2026-08-01T14:41:48.519005Z[0m [32m INFO[0m [2mwgpu_hal::vulkan::instance[0m[2m:[0m GENERAL [Loader Message (0x0)]
	Removing driver /usr/lib/aarch64-linux-gnu/libvulkan_freedreno.so due to not having any physical devices
[2m2026-08-01T14:41:48.519018Z[0m [32m INFO[0m [2mwgpu_hal::vulkan::instance[0m[2m:[0m 	objects: (type: INSTANCE, hndl: 0xb60937eb16f0, name: ?)
[2m2026-08-01T14:41:48.519109Z[0m [32m INFO[0m [2mwgpu_hal::vulkan::instance[0m[2m:[0m GENERAL [Loader Message (0x0)]
	Removing driver /usr/lib/aarch64-linux-gnu/libvulkan_panfrost.so due to not having any physical devices
[2m2026-08-01T14:41:48.519120Z[0m [32m INFO[0m [2mwgpu_hal::vulkan::instance[0m[2m:[0m 	objects: (type: INSTANCE, hndl: 0xb60937eb16f0, name: ?)
[2m2026-08-01T14:41:48.519153Z[0m [32m INFO[0m [2mwgpu_core::instance[0m[2m:[0m Adapter Vulkan AdapterInfo { name: "llvmpipe (LLVM 21.1.8, 128 bits)", vendor: 65541, device: 0, device_type: Cpu, driver: "llvmpipe", driver_info: "Mesa 26.0.3-1ubuntu1 (LLVM 21.1.8)", backend: Vulkan }
[2m2026-08-01T14:41:48.519210Z[0m [32m INFO[0m [2mwgpu_hal::vulkan::instance[0m[2m:[0m GENERAL [Loader Message (0x0)]
	Removing driver /usr/lib/aarch64-linux-gnu/libvulkan_broadcom.so due to not having any physical devices
[2m2026-08-01T14:41:48.519218Z[0m [32m INFO[0m [2mwgpu_hal::vulkan::instance[0m[2m:[0m 	objects: (type: INSTANCE, hndl: 0xb60937eb16f0, name: ?)
[2m2026-08-01T14:41:48.519414Z[0m [32m INFO[0m [2mwgpu_hal::vulkan::instance[0m[2m:[0m GENERAL [Loader Message (0x0)]
	Removing driver /usr/lib/aarch64-linux-gnu/libvulkan_nouveau.so due to not having any physical devices
[2m2026-08-01T14:41:48.519430Z[0m [32m INFO[0m [2mwgpu_hal::vulkan::instance[0m[2m:[0m 	objects: (type: INSTANCE, hndl: 0xb60937eb16f0, name: ?)
[2m2026-08-01T14:41:48.519566Z[0m [32m INFO[0m [2mwgpu_hal::vulkan::instance[0m[2m:[0m GENERAL [Loader Message (0x0)]
	Failed to find vkGetDeviceProcAddr in layer "/usr/lib/aarch64-linux-gnu/libVkLayer_MESA_device_select.so"
[2m2026-08-01T14:41:48.519582Z[0m [32m INFO[0m [2mwgpu_hal::vulkan::instance[0m[2m:[0m 	objects: (type: INSTANCE, hndl: 0xb10c1af76660, name: ?)
[2m2026-08-01T14:41:48.519590Z[0m [32m INFO[0m [2mwgpu_hal::vulkan::instance[0m[2m:[0m GENERAL [Loader Message (0x0)]
	vkCreateDevice layer callstack setup to:
[2m2026-08-01T14:41:48.519596Z[0m [32m INFO[0m [2mwgpu_hal::vulkan::instance[0m[2m:[0m 	objects: (type: INSTANCE, hndl: 0xb10c1af76660, name: ?)
[2m2026-08-01T14:41:48.519602Z[0m [32m INFO[0m [2mwgpu_hal::vulkan::instance[0m[2m:[0m GENERAL [Loader Message (0x0)]
	   <Application>
[2m2026-08-01T14:41:48.519607Z[0m [32m INFO[0m [2mwgpu_hal::vulkan::instance[0m[2m:[0m 	objects: (type: INSTANCE, hndl: 0xb10c1af76660, name: ?)
[2m2026-08-01T14:41:48.519613Z[0m [32m INFO[0m [2mwgpu_hal::vulkan::instance[0m[2m:[0m GENERAL [Loader Message (0x0)]
	     ||
[2m2026-08-01T14:41:48.519622Z[0m [32m INFO[0m [2mwgpu_hal::vulkan::instance[0m[2m:[0m 	objects: (type: INSTANCE, hndl: 0xb10c1af76660, name: ?)
[2m2026-08-01T14:41:48.519628Z[0m [32m INFO[0m [2mwgpu_hal::vulkan::instance[0m[2m:[0m GENERAL [Loader Message (0x0)]
	   <Loader>
[2m2026-08-01T14:41:48.519634Z[0m [32m INFO[0m [2mwgpu_hal::vulkan::instance[0m[2m:[0m 	objects: (type: INSTANCE, hndl: 0xb10c1af76660, name: ?)
[2m2026-08-01T14:41:48.519640Z[0m [32m INFO[0m [2mwgpu_hal::vulkan::instance[0m[2m:[0m GENERAL [Loader Message (0x0)]
	     ||
[2m2026-08-01T14:41:48.519645Z[0m [32m INFO[0m [2mwgpu_hal::vulkan::instance[0m[2m:[0m 	objects: (type: INSTANCE, hndl: 0xb10c1af76660, name: ?)
[2m2026-08-01T14:41:48.519651Z[0m [32m INFO[0m [2mwgpu_hal::vulkan::instance[0m[2m:[0m GENERAL [Loader Message (0x0)]
	   <Device>
[2m2026-08-01T14:41:48.519661Z[0m [32m INFO[0m [2mwgpu_hal::vulkan::instance[0m[2m:[0m 	objects: (type: INSTANCE, hndl: 0xb10c1af76660, name: ?)
[2m2026-08-01T14:41:48.519725Z[0m [32m INFO[0m [2mwgpu_hal::vulkan::instance[0m[2m:[0m GENERAL [Loader Message (0x0)]
	       Using "llvmpipe (LLVM 21.1.8, 128 bits)" with driver: "/usr/lib/aarch64-linux-gnu/libvulkan_lvp.so"
[2m2026-08-01T14:41:48.519733Z[0m [32m INFO[0m [2mwgpu_hal::vulkan::instance[0m[2m:[0m 	objects: (type: INSTANCE, hndl: 0xb10c1af76660, name: ?)
[2m2026-08-01T14:41:48.524385Z[0m [32m INFO[0m [2mwgpu_core::instance[0m[2m:[0m Adapter Vulkan AdapterInfo { name: "llvmpipe (LLVM 21.1.8, 128 bits)", vendor: 65541, device: 0, device_type: Cpu, driver: "llvmpipe", driver_info: "Mesa 26.0.3-1ubuntu1 (LLVM 21.1.8)", backend: Vulkan }
[2m2026-08-01T14:41:48.524639Z[0m [32m INFO[0m [2mwgpu_hal::vulkan::instance[0m[2m:[0m GENERAL [Loader Message (0x0)]
	Failed to find vkGetDeviceProcAddr in layer "/usr/lib/aarch64-linux-gnu/libVkLayer_MESA_device_select.so"
[2m2026-08-01T14:41:48.524653Z[0m [32m INFO[0m [2mwgpu_hal::vulkan::instance[0m[2m:[0m 	objects: (type: INSTANCE, hndl: 0xb60937eb16f0, name: ?)
[2m2026-08-01T14:41:48.524660Z[0m [32m INFO[0m [2mwgpu_hal::vulkan::instance[0m[2m:[0m GENERAL [Loader Message (0x0)]
	vkCreateDevice layer callstack setup to:
[2m2026-08-01T14:41:48.524667Z[0m [32m INFO[0m [2mwgpu_hal::vulkan::instance[0m[2m:[0m 	objects: (type: INSTANCE, hndl: 0xb60937eb16f0, name: ?)
[2m2026-08-01T14:41:48.524673Z[0m [32m INFO[0m [2mwgpu_hal::vulkan::instance[0m[2m:[0m GENERAL [Loader Message (0x0)]
	   <Application>
[2m2026-08-01T14:41:48.524679Z[0m [32m INFO[0m [2mwgpu_hal::vulkan::instance[0m[2m:[0m 	objects: (type: INSTANCE, hndl: 0xb60937eb16f0, name: ?)
[2m2026-08-01T14:41:48.524684Z[0m [32m INFO[0m [2mwgpu_hal::vulkan::instance[0m[2m:[0m GENERAL [Loader Message (0x0)]
	     ||
[2m2026-08-01T14:41:48.524690Z[0m [32m INFO[0m [2mwgpu_hal::vulkan::instance[0m[2m:[0m 	objects: (type: INSTANCE, hndl: 0xb60937eb16f0, name: ?)
[2m2026-08-01T14:41:48.524695Z[0m [32m INFO[0m [2mwgpu_hal::vulkan::instance[0m[2m:[0m GENERAL [Loader Message (0x0)]
	   <Loader>
[2m2026-08-01T14:41:48.524701Z[0m [32m INFO[0m [2mwgpu_hal::vulkan::instance[0m[2m:[0m 	objects: (type: INSTANCE, hndl: 0xb60937eb16f0, name: ?)
[2m2026-08-01T14:41:48.524707Z[0m [32m INFO[0m [2mwgpu_hal::vulkan::instance[0m[2m:[0m GENERAL [Loader Message (0x0)]
	     ||
[2m2026-08-01T14:41:48.524712Z[0m [32m INFO[0m [2mwgpu_hal::vulkan::instance[0m[2m:[0m 	objects: (type: INSTANCE, hndl: 0xb60937eb16f0, name: ?)
[2m2026-08-01T14:41:48.524718Z[0m [32m INFO[0m [2mwgpu_hal::vulkan::instance[0m[2m:[0m GENERAL [Loader Message (0x0)]
	   <Device>
[2m2026-08-01T14:41:48.524723Z[0m [32m INFO[0m [2mwgpu_hal::vulkan::instance[0m[2m:[0m 	objects: (type: INSTANCE, hndl: 0xb60937eb16f0, name: ?)
[2m2026-08-01T14:41:48.524782Z[0m [32m INFO[0m [2mwgpu_hal::vulkan::instance[0m[2m:[0m GENERAL [Loader Message (0x0)]
	       Using "llvmpipe (LLVM 21.1.8, 128 bits)" with driver: "/usr/lib/aarch64-linux-gnu/libvulkan_lvp.so"
[2m2026-08-01T14:41:48.524789Z[0m [32m INFO[0m [2mwgpu_hal::vulkan::instance[0m[2m:[0m 	objects: (type: INSTANCE, hndl: 0xb60937eb16f0, name: ?)
[2m2026-08-01T14:41:48.538871Z[0m [32m INFO[0m [2mwgpu_core::device::resource[0m[2m:[0m Device::maintain: waiting for submission index 0
[2m2026-08-01T14:41:48.538879Z[0m [32m INFO[0m [2mwgpu_core::device::resource[0m[2m:[0m Device::maintain: waiting for submission index 0
[2m2026-08-01T14:41:48.543044Z[0m [32m INFO[0m [2mwgpu_core::device::resource[0m[2m:[0m Device::maintain: waiting for submission index 0
[2m2026-08-01T14:41:48.554560Z[0m [33m WARN[0m [2mwgpu_hal::vulkan::instance[0m[2m:[0m InstanceFlags::VALIDATION requested, but unable to find layer: VK_LAYER_KHRONOS_validation
[2m2026-08-01T14:41:48.554607Z[0m [32m INFO[0m [2mwgpu_hal::vulkan::instance[0m[2m:[0m GENERAL [Loader Message (0x0)]
	No valid vk_loader_settings.json file found, no loader settings will be active
[2m2026-08-01T14:41:48.554631Z[0m [32m INFO[0m [2mwgpu_hal::vulkan::instance[0m[2m:[0m 	objects: (type: INSTANCE, hndl: 0xb609388301a0, name: ?)
[2m2026-08-01T14:41:48.554643Z[0m [32m INFO[0m [2mwgpu_hal::vulkan::instance[0m[2m:[0m GENERAL [Loader Message (0x0)]
	Searching for implicit layer manifest files
[2m2026-08-01T14:41:48.554650Z[0m [32m INFO[0m [2mwgpu_hal::vulkan::instance[0m[2m:[0m 	objects: (type: INSTANCE, hndl: 0xb609388301a0, name: ?)
[2m2026-08-01T14:41:48.554656Z[0m [32m INFO[0m [2mwgpu_hal::vulkan::instance[0m[2m:[0m GENERAL [Loader Message (0x0)]
	   In following locations:
[2m2026-08-01T14:41:48.554662Z[0m [32m INFO[0m [2mwgpu_hal::vulkan::instance[0m[2m:[0m 	objects: (type: INSTANCE, hndl: 0xb609388301a0, name: ?)
[2m2026-08-01T14:41:48.554667Z[0m [32m INFO[0m [2mwgpu_hal::vulkan::instance[0m[2m:[0m GENERAL [Loader Message (0x0)]
	      /home/ubuntu/.config/vulkan/implicit_layer.d
[2m2026-08-01T14:41:48.554674Z[0m [32m INFO[0m [2mwgpu_hal::vulkan::instance[0m[2m:[0m 	objects: (type: INSTANCE, hndl: 0xb609388301a0, name: ?)
[2m2026-08-01T14:41:48.554679Z[0m [32m INFO[0m [2mwgpu_hal::vulkan::instance[0m[2m:[0m GENERAL [Loader Message (0x0)]
	      /etc/xdg/vulkan/implicit_layer.d
[2m2026-08-01T14:41:48.554685Z[0m [32m INFO[0m [2mwgpu_hal::vulkan::instance[0m[2m:[0m 	objects: (type: INSTANCE, hndl: 0xb609388301a0, name: ?)
[2m2026-08-01T14:41:48.554691Z[0m [32m INFO[0m [2mwgpu_hal::vulkan::instance[0m[2m:[0m GENERAL [Loader Message (0x0)]
	      /etc/vulkan/implicit_layer.d
[2m2026-08-01T14:41:48.554697Z[0m [32m INFO[0m [2mwgpu_hal::vulkan::instance[0m[2m:[0m 	objects: (type: INSTANCE, hndl: 0xb609388301a0, name: ?)
[2m2026-08-01T14:41:48.554702Z[0m [32m INFO[0m [2mwgpu_hal::vulkan::instance[0m[2m:[0m GENERAL [Loader Message (0x0)]
	      /home/ubuntu/.local/share/vulkan/implicit_layer.d
[2m2026-08-01T14:41:48.554708Z[0m [32m INFO[0m [2mwgpu_hal::vulkan::instance[0m[2m:[0m 	objects: (type: INSTANCE, hndl: 0xb609388301a0, name: ?)
[2m2026-08-01T14:41:48.554714Z[0m [32m INFO[0m [2mwgpu_hal::vulkan::instance[0m[2m:[0m GENERAL [Loader Message (0x0)]
	      /usr/local/share/vulkan/implicit_layer.d
[2m2026-08-01T14:41:48.554720Z[0m [32m INFO[0m [2mwgpu_hal::vulkan::instance[0m[2m:[0m 	objects: (type: INSTANCE, hndl: 0xb609388301a0, name: ?)
[2m2026-08-01T14:41:48.554725Z[0m [32m INFO[0m [2mwgpu_hal::vulkan::instance[0m[2m:[0m GENERAL [Loader Message (0x0)]
	      /usr/share/vulkan/implicit_layer.d
[2m2026-08-01T14:41:48.554731Z[0m [32m INFO[0m [2mwgpu_hal::vulkan::instance[0m[2m:[0m 	objects: (type: INSTANCE, hndl: 0xb609388301a0, name: ?)
[2m2026-08-01T14:41:48.554750Z[0m [32m INFO[0m [2mwgpu_hal::vulkan::instance[0m[2m:[0m GENERAL [Loader Message (0x0)]
	   Found the following files:
[2m2026-08-01T14:41:48.554757Z[0m [32m INFO[0m [2mwgpu_hal::vulkan::instance[0m[2m:[0m 	objects: (type: INSTANCE, hndl: 0xb609388301a0, name: ?)
[2m2026-08-01T14:41:48.554762Z[0m [32m INFO[0m [2mwgpu_hal::vulkan::instance[0m[2m:[0m GENERAL [Loader Message (0x0)]
	      /usr/share/vulkan/implicit_layer.d/VkLayer_MESA_anti_lag.json
[2m2026-08-01T14:41:48.554769Z[0m [32m INFO[0m [2mwgpu_hal::vulkan::instance[0m[2m:[0m 	objects: (type: INSTANCE, hndl: 0xb609388301a0, name: ?)
[2m2026-08-01T14:41:48.554782Z[0m [32m INFO[0m [2mwgpu_hal::vulkan::instance[0m[2m:[0m GENERAL [Loader Message (0x0)]
	      /usr/share/vulkan/implicit_layer.d/VkLayer_MESA_device_select.json
[2m2026-08-01T14:41:48.554792Z[0m [32m INFO[0m [2mwgpu_hal::vulkan::instance[0m[2m:[0m 	objects: (type: INSTANCE, hndl: 0xb609388301a0, name: ?)
[2m2026-08-01T14:41:48.554807Z[0m [32m INFO[0m [2mwgpu_hal::vulkan::instance[0m[2m:[0m GENERAL [Loader Message (0x0)]
	Found manifest file /usr/share/vulkan/implicit_layer.d/VkLayer_MESA_anti_lag.json (file version 1.2.1)
[2m2026-08-01T14:41:48.554818Z[0m [32m INFO[0m [2mwgpu_hal::vulkan::instance[0m[2m:[0m 	objects: (type: INSTANCE, hndl: 0xb609388301a0, name: ?)
[2m2026-08-01T14:41:48.554857Z[0m [32m INFO[0m [2mwgpu_hal::vulkan::instance[0m[2m:[0m GENERAL [Loader Message (0x0)]
	Found manifest file /usr/share/vulkan/implicit_layer.d/VkLayer_MESA_device_select.json (file version 1.0.0)
[2m2026-08-01T14:41:48.554873Z[0m [32m INFO[0m [2mwgpu_hal::vulkan::instance[0m[2m:[0m 	objects: (type: INSTANCE, hndl: 0xb609388301a0, name: ?)
[2m2026-08-01T14:41:48.554889Z[0m [32m INFO[0m [2mwgpu_hal::vulkan::instance[0m[2m:[0m GENERAL [Loader Message (0x0)]
	Searching for explicit layer manifest files
[2m2026-08-01T14:41:48.554897Z[0m [32m INFO[0m [2mwgpu_hal::vulkan::instance[0m[2m:[0m 	objects: (type: INSTANCE, hndl: 0xb609388301a0, name: ?)
[2m2026-08-01T14:41:48.554903Z[0m [32m INFO[0m [2mwgpu_hal::vulkan::instance[0m[2m:[0m GENERAL [Loader Message (0x0)]
	   In following locations:
[2m2026-08-01T14:41:48.554909Z[0m [32m INFO[0m [2mwgpu_hal::vulkan::instance[0m[2m:[0m 	objects: (type: INSTANCE, hndl: 0xb609388301a0, name: ?)
[2m2026-08-01T14:41:48.554915Z[0m [32m INFO[0m [2mwgpu_hal::vulkan::instance[0m[2m:[0m GENERAL [Loader Message (0x0)]
	      /home/ubuntu/.config/vulkan/explicit_layer.d
[2m2026-08-01T14:41:48.554921Z[0m [32m INFO[0m [2mwgpu_hal::vulkan::instance[0m[2m:[0m 	objects: (type: INSTANCE, hndl: 0xb609388301a0, name: ?)
[2m2026-08-01T14:41:48.554927Z[0m [32m INFO[0m [2mwgpu_hal::vulkan::instance[0m[2m:[0m GENERAL [Loader Message (0x0)]
	      /etc/xdg/vulkan/explicit_layer.d
[2m2026-08-01T14:41:48.554933Z[0m [32m INFO[0m [2mwgpu_hal::vulkan::instance[0m[2m:[0m 	objects: (type: INSTANCE, hndl: 0xb609388301a0, name: ?)
[2m2026-08-01T14:41:48.554939Z[0m [32m INFO[0m [2mwgpu_hal::vulkan::instance[0m[2m:[0m GENERAL [Loader Message (0x0)]
	      /etc/vulkan/explicit_layer.d
[2m2026-08-01T14:41:48.554945Z[0m [32m INFO[0m [2mwgpu_hal::vulkan::instance[0m[2m:[0m 	objects: (type: INSTANCE, hndl: 0xb609388301a0, name: ?)
[2m2026-08-01T14:41:48.554951Z[0m [32m INFO[0m [2mwgpu_hal::vulkan::instance[0m[2m:[0m GENERAL [Loader Message (0x0)]
	      /home/ubuntu/.local/share/vulkan/explicit_layer.d
[2m2026-08-01T14:41:48.554957Z[0m [32m INFO[0m [2mwgpu_hal::vulkan::instance[0m[2m:[0m 	objects: (type: INSTANCE, hndl: 0xb609388301a0, name: ?)
[2m2026-08-01T14:41:48.554963Z[0m [32m INFO[0m [2mwgpu_hal::vulkan::instance[0m[2m:[0m GENERAL [Loader Message (0x0)]
	      /usr/local/share/vulkan/explicit_layer.d
[2m2026-08-01T14:41:48.554969Z[0m [32m INFO[0m [2mwgpu_hal::vulkan::instance[0m[2m:[0m 	objects: (type: INSTANCE, hndl: 0xb609388301a0, name: ?)
[2m2026-08-01T14:41:48.554975Z[0m [32m INFO[0m [2mwgpu_hal::vulkan::instance[0m[2m:[0m GENERAL [Loader Message (0x0)]
	      /usr/share/vulkan/explicit_layer.d
[2m2026-08-01T14:41:48.554981Z[0m [32m INFO[0m [2mwgpu_hal::vulkan::instance[0m[2m:[0m 	objects: (type: INSTANCE, hndl: 0xb609388301a0, name: ?)
[2m2026-08-01T14:41:48.555003Z[0m [32m INFO[0m [2mwgpu_hal::vulkan::instance[0m[2m:[0m GENERAL [Loader Message (0x0)]
	   Found the following files:
[2m2026-08-01T14:41:48.555010Z[0m [32m INFO[0m [2mwgpu_hal::vulkan::instance[0m[2m:[0m 	objects: (type: INSTANCE, hndl: 0xb609388301a0, name: ?)
[2m2026-08-01T14:41:48.555016Z[0m [32m INFO[0m [2mwgpu_hal::vulkan::instance[0m[2m:[0m GENERAL [Loader Message (0x0)]
	      /usr/share/vulkan/explicit_layer.d/VkLayer_MESA_screenshot.json
[2m2026-08-01T14:41:48.555023Z[0m [32m INFO[0m [2mwgpu_hal::vulkan::instance[0m[2m:[0m 	objects: (type: INSTANCE, hndl: 0xb609388301a0, name: ?)
[2m2026-08-01T14:41:48.555028Z[0m [32m INFO[0m [2mwgpu_hal::vulkan::instance[0m[2m:[0m GENERAL [Loader Message (0x0)]
	      /usr/share/vulkan/explicit_layer.d/VkLayer_MESA_overlay.json
[2m2026-08-01T14:41:48.555039Z[0m [32m INFO[0m [2mwgpu_hal::vulkan::instance[0m[2m:[0m 	objects: (type: INSTANCE, hndl: 0xb609388301a0, name: ?)
[2m2026-08-01T14:41:48.555054Z[0m [32m INFO[0m [2mwgpu_hal::vulkan::instance[0m[2m:[0m GENERAL [Loader Message (0x0)]
	      /usr/share/vulkan/explicit_layer.d/VkLayer_INTEL_nullhw.json
[2m2026-08-01T14:41:48.555062Z[0m [32m INFO[0m [2mwgpu_hal::vulkan::instance[0m[2m:[0m 	objects: (type: INSTANCE, hndl: 0xb609388301a0, name: ?)
[2m2026-08-01T14:41:48.555074Z[0m [32m INFO[0m [2mwgpu_hal::vulkan::instance[0m[2m:[0m GENERAL [Loader Message (0x0)]
	Found manifest file /usr/share/vulkan/explicit_layer.d/VkLayer_MESA_screenshot.json (file version 1.0.0)
[2m2026-08-01T14:41:48.555081Z[0m [32m INFO[0m [2mwgpu_hal::vulkan::instance[0m[2m:[0m 	objects: (type: INSTANCE, hndl: 0xb609388301a0, name: ?)
[2m2026-08-01T14:41:48.555093Z[0m [32m INFO[0m [2mwgpu_hal::vulkan::instance[0m[2m:[0m GENERAL [Loader Message (0x0)]
	Found manifest file /usr/share/vulkan/explicit_layer.d/VkLayer_MESA_overlay.json (file version 1.0.0)
[2m2026-08-01T14:41:48.555100Z[0m [32m INFO[0m [2mwgpu_hal::vulkan::instance[0m[2m:[0m 	objects: (type: INSTANCE, hndl: 0xb609388301a0, name: ?)
[2m2026-08-01T14:41:48.555110Z[0m [32m INFO[0m [2mwgpu_hal::vulkan::instance[0m[2m:[0m GENERAL [Loader Message (0x0)]
	Found manifest file /usr/share/vulkan/explicit_layer.d/VkLayer_INTEL_nullhw.json (file version 1.0.0)
[2m2026-08-01T14:41:48.555118Z[0m [32m INFO[0m [2mwgpu_hal::vulkan::instance[0m[2m:[0m 	objects: (type: INSTANCE, hndl: 0xb609388301a0, name: ?)
[2m2026-08-01T14:41:48.555129Z[0m [32m INFO[0m [2mwgpu_hal::vulkan::instance[0m[2m:[0m GENERAL [Loader Message (0x0)]
	Searching for driver manifest files
[2m2026-08-01T14:41:48.555135Z[0m [32m INFO[0m [2mwgpu_hal::vulkan::instance[0m[2m:[0m 	objects: (type: INSTANCE, hndl: 0xb609388301a0, name: ?)
[2m2026-08-01T14:41:48.555141Z[0m [32m INFO[0m [2mwgpu_hal::vulkan::instance[0m[2m:[0m GENERAL [Loader Message (0x0)]
	   In following locations:
[2m2026-08-01T14:41:48.555147Z[0m [32m INFO[0m [2mwgpu_hal::vulkan::instance[0m[2m:[0m 	objects: (type: INSTANCE, hndl: 0xb609388301a0, name: ?)
[2m2026-08-01T14:41:48.555152Z[0m [32m INFO[0m [2mwgpu_hal::vulkan::instance[0m[2m:[0m GENERAL [Loader Message (0x0)]
	      /home/ubuntu/.config/vulkan/icd.d
[2m2026-08-01T14:41:48.555158Z[0m [32m INFO[0m [2mwgpu_hal::vulkan::instance[0m[2m:[0m 	objects: (type: INSTANCE, hndl: 0xb609388301a0, name: ?)
[2m2026-08-01T14:41:48.555164Z[0m [32m INFO[0m [2mwgpu_hal::vulkan::instance[0m[2m:[0m GENERAL [Loader Message (0x0)]
	      /etc/xdg/vulkan/icd.d
[2m2026-08-01T14:41:48.555170Z[0m [32m INFO[0m [2mwgpu_hal::vulkan::instance[0m[2m:[0m 	objects: (type: INSTANCE, hndl: 0xb609388301a0, name: ?)
[2m2026-08-01T14:41:48.555175Z[0m [32m INFO[0m [2mwgpu_hal::vulkan::instance[0m[2m:[0m GENERAL [Loader Message (0x0)]
	      /etc/vulkan/icd.d
[2m2026-08-01T14:41:48.555185Z[0m [32m INFO[0m [2mwgpu_hal::vulkan::instance[0m[2m:[0m 	objects: (type: INSTANCE, hndl: 0xb609388301a0, name: ?)
[2m2026-08-01T14:41:48.555192Z[0m [32m INFO[0m [2mwgpu_hal::vulkan::instance[0m[2m:[0m GENERAL [Loader Message (0x0)]
	      /home/ubuntu/.local/share/vulkan/icd.d
[2m2026-08-01T14:41:48.555198Z[0m [32m INFO[0m [2mwgpu_hal::vulkan::instance[0m[2m:[0m 	objects: (type: INSTANCE, hndl: 0xb609388301a0, name: ?)
[2m2026-08-01T14:41:48.555203Z[0m [32m INFO[0m [2mwgpu_hal::vulkan::instance[0m[2m:[0m GENERAL [Loader Message (0x0)]
	      /usr/local/share/vulkan/icd.d
[2m2026-08-01T14:41:48.555209Z[0m [32m INFO[0m [2mwgpu_hal::vulkan::instance[0m[2m:[0m 	objects: (type: INSTANCE, hndl: 0xb609388301a0, name: ?)
[2m2026-08-01T14:41:48.555215Z[0m [32m INFO[0m [2mwgpu_hal::vulkan::instance[0m[2m:[0m GENERAL [Loader Message (0x0)]
	      /usr/share/vulkan/icd.d
[2m2026-08-01T14:41:48.555221Z[0m [32m INFO[0m [2mwgpu_hal::vulkan::instance[0m[2m:[0m 	objects: (type: INSTANCE, hndl: 0xb609388301a0, name: ?)
[2m2026-08-01T14:41:48.555328Z[0m [32m INFO[0m [2mwgpu_hal::vulkan::instance[0m[2m:[0m GENERAL [Loader Message (0x0)]
	   Found the following files:
[2m2026-08-01T14:41:48.555342Z[0m [32m INFO[0m [2mwgpu_hal::vulkan::instance[0m[2m:[0m 	objects: (type: INSTANCE, hndl: 0xb609388301a0, name: ?)
[2m2026-08-01T14:41:48.555348Z[0m [32m INFO[0m [2mwgpu_hal::vulkan::instance[0m[2m:[0m GENERAL [Loader Message (0x0)]
	      /usr/share/vulkan/icd.d/nouveau_icd.json
[2m2026-08-01T14:41:48.555354Z[0m [32m INFO[0m [2mwgpu_hal::vulkan::instance[0m[2m:[0m 	objects: (type: INSTANCE, hndl: 0xb609388301a0, name: ?)
[2m2026-08-01T14:41:48.555359Z[0m [32m INFO[0m [2mwgpu_hal::vulkan::instance[0m[2m:[0m GENERAL [Loader Message (0x0)]
	      /usr/share/vulkan/icd.d/broadcom_icd.json
[2m2026-08-01T14:41:48.555365Z[0m [32m INFO[0m [2mwgpu_hal::vulkan::instance[0m[2m:[0m 	objects: (type: INSTANCE, hndl: 0xb609388301a0, name: ?)
[2m2026-08-01T14:41:48.555371Z[0m [32m INFO[0m [2mwgpu_hal::vulkan::instance[0m[2m:[0m GENERAL [Loader Message (0x0)]
	      /usr/share/vulkan/icd.d/panfrost_icd.json
[2m2026-08-01T14:41:48.555377Z[0m [32m INFO[0m [2mwgpu_hal::vulkan::instance[0m[2m:[0m 	objects: (type: INSTANCE, hndl: 0xb609388301a0, name: ?)
[2m2026-08-01T14:41:48.555383Z[0m [32m INFO[0m [2mwgpu_hal::vulkan::instance[0m[2m:[0m GENERAL [Loader Message (0x0)]
	      /usr/share/vulkan/icd.d/freedreno_icd.json
[2m2026-08-01T14:41:48.555389Z[0m [32m INFO[0m [2mwgpu_hal::vulkan::instance[0m[2m:[0m 	objects: (type: INSTANCE, hndl: 0xb609388301a0, name: ?)
[2m2026-08-01T14:41:48.555395Z[0m [32m INFO[0m [2mwgpu_hal::vulkan::instance[0m[2m:[0m GENERAL [Loader Message (0x0)]
	      /usr/share/vulkan/icd.d/gfxstream_vk_icd.json
[2m2026-08-01T14:41:48.555401Z[0m [32m INFO[0m [2mwgpu_hal::vulkan::instance[0m[2m:[0m 	objects: (type: INSTANCE, hndl: 0xb609388301a0, name: ?)
[2m2026-08-01T14:41:48.555407Z[0m [32m INFO[0m [2mwgpu_hal::vulkan::instance[0m[2m:[0m GENERAL [Loader Message (0x0)]
	      /usr/share/vulkan/icd.d/virtio_icd.json
[2m2026-08-01T14:41:48.555413Z[0m [32m INFO[0m [2mwgpu_hal::vulkan::instance[0m[2m:[0m 	objects: (type: INSTANCE, hndl: 0xb609388301a0, name: ?)
[2m2026-08-01T14:41:48.555418Z[0m [32m INFO[0m [2mwgpu_hal::vulkan::instance[0m[2m:[0m GENERAL [Loader Message (0x0)]
	      /usr/share/vulkan/icd.d/asahi_icd.json
[2m2026-08-01T14:41:48.555424Z[0m [32m INFO[0m [2mwgpu_hal::vulkan::instance[0m[2m:[0m 	objects: (type: INSTANCE, hndl: 0xb609388301a0, name: ?)
[2m2026-08-01T14:41:48.555430Z[0m [32m INFO[0m [2mwgpu_hal::vulkan::instance[0m[2m:[0m GENERAL [Loader Message (0x0)]
	      /usr/share/vulkan/icd.d/lvp_icd.json
[2m2026-08-01T14:41:48.555436Z[0m [32m INFO[0m [2mwgpu_hal::vulkan::instance[0m[2m:[0m 	objects: (type: INSTANCE, hndl: 0xb609388301a0, name: ?)
[2m2026-08-01T14:41:48.555441Z[0m [32m INFO[0m [2mwgpu_hal::vulkan::instance[0m[2m:[0m GENERAL [Loader Message (0x0)]
	      /usr/share/vulkan/icd.d/intel_icd.json
[2m2026-08-01T14:41:48.555447Z[0m [32m INFO[0m [2mwgpu_hal::vulkan::instance[0m[2m:[0m 	objects: (type: INSTANCE, hndl: 0xb609388301a0, name: ?)
[2m2026-08-01T14:41:48.555453Z[0m [32m INFO[0m [2mwgpu_hal::vulkan::instance[0m[2m:[0m GENERAL [Loader Message (0x0)]
	      /usr/share/vulkan/icd.d/powervr_mesa_icd.json
[2m2026-08-01T14:41:48.555459Z[0m [32m INFO[0m [2mwgpu_hal::vulkan::instance[0m[2m:[0m 	objects: (type: INSTANCE, hndl: 0xb609388301a0, name: ?)
[2m2026-08-01T14:41:48.555465Z[0m [32m INFO[0m [2mwgpu_hal::vulkan::instance[0m[2m:[0m GENERAL [Loader Message (0x0)]
	      /usr/share/vulkan/icd.d/radeon_icd.json
[2m2026-08-01T14:41:48.555471Z[0m [32m INFO[0m [2mwgpu_hal::vulkan::instance[0m[2m:[0m 	objects: (type: INSTANCE, hndl: 0xb609388301a0, name: ?)
[2m2026-08-01T14:41:48.555481Z[0m [32m INFO[0m [2mwgpu_hal::vulkan::instance[0m[2m:[0m GENERAL [Loader Message (0x0)]
	Found ICD manifest file /usr/share/vulkan/icd.d/nouveau_icd.json, version 1.0.1
[2m2026-08-01T14:41:48.555489Z[0m [32m INFO[0m [2mwgpu_hal::vulkan::instance[0m[2m:[0m 	objects: (type: INSTANCE, hndl: 0xb609388301a0, name: ?)
[2m2026-08-01T14:41:48.555525Z[0m [32m INFO[0m [2mwgpu_hal::vulkan::instance[0m[2m:[0m GENERAL [Loader Message (0x0)]
	Found ICD manifest file /usr/share/vulkan/icd.d/broadcom_icd.json, version 1.0.1
[2m2026-08-01T14:41:48.555533Z[0m [32m INFO[0m [2mwgpu_hal::vulkan::instance[0m[2m:[0m 	objects: (type: INSTANCE, hndl: 0xb609388301a0, name: ?)
[2m2026-08-01T14:41:48.555770Z[0m [32m INFO[0m [2mwgpu_hal::vulkan::instance[0m[2m:[0m GENERAL [Loader Message (0x0)]
	Found ICD manifest file /usr/share/vulkan/icd.d/panfrost_icd.json, version 1.0.1
[2m2026-08-01T14:41:48.555794Z[0m [32m INFO[0m [2mwgpu_hal::vulkan::instance[0m[2m:[0m 	objects: (type: INSTANCE, hndl: 0xb609388301a0, name: ?)
[2m2026-08-01T14:41:48.556062Z[0m [32m INFO[0m [2mwgpu_hal::vulkan::instance[0m[2m:[0m GENERAL [Loader Message (0x0)]
	Found ICD manifest file /usr/share/vulkan/icd.d/freedreno_icd.json, version 1.0.1
[2m2026-08-01T14:41:48.556074Z[0m [32m INFO[0m [2mwgpu_hal::vulkan::instance[0m[2m:[0m 	objects: (type: INSTANCE, hndl: 0xb609388301a0, name: ?)
[2m2026-08-01T14:41:48.556685Z[0m [32m INFO[0m [2mwgpu_hal::vulkan::instance[0m[2m:[0m GENERAL [Loader Message (0x0)]
	Found ICD manifest file /usr/share/vulkan/icd.d/gfxstream_vk_icd.json, version 1.0.1
[2m2026-08-01T14:41:48.556704Z[0m [32m INFO[0m [2mwgpu_hal::vulkan::instance[0m[2m:[0m 	objects: (type: INSTANCE, hndl: 0xb609388301a0, name: ?)
[2m2026-08-01T14:41:48.556828Z[0m [32m INFO[0m [2mwgpu_hal::vulkan::instance[0m[2m:[0m GENERAL [Loader Message (0x0)]
	Found ICD manifest file /usr/share/vulkan/icd.d/virtio_icd.json, version 1.0.1
[2m2026-08-01T14:41:48.556842Z[0m [32m INFO[0m [2mwgpu_hal::vulkan::instance[0m[2m:[0m 	objects: (type: INSTANCE, hndl: 0xb609388301a0, name: ?)
[2m2026-08-01T14:41:48.556963Z[0m [32m INFO[0m [2mwgpu_hal::vulkan::instance[0m[2m:[0m GENERAL [Loader Message (0x0)]
	Found ICD manifest file /usr/share/vulkan/icd.d/asahi_icd.json, version 1.0.1
[2m2026-08-01T14:41:48.556977Z[0m [32m INFO[0m [2mwgpu_hal::vulkan::instance[0m[2m:[0m 	objects: (type: INSTANCE, hndl: 0xb609388301a0, name: ?)
[2m2026-08-01T14:41:48.557596Z[0m [32m INFO[0m [2mwgpu_hal::vulkan::instance[0m[2m:[0m GENERAL [Loader Message (0x0)]
	Found ICD manifest file /usr/share/vulkan/icd.d/lvp_icd.json, version 1.0.1
[2m2026-08-01T14:41:48.557615Z[0m [32m INFO[0m [2mwgpu_hal::vulkan::instance[0m[2m:[0m 	objects: (type: INSTANCE, hndl: 0xb609388301a0, name: ?)
[2m2026-08-01T14:41:48.557640Z[0m [32m INFO[0m [2mwgpu_hal::vulkan::instance[0m[2m:[0m GENERAL [Loader Message (0x0)]
	Found ICD manifest file /usr/share/vulkan/icd.d/intel_icd.json, version 1.0.1
[2m2026-08-01T14:41:48.557653Z[0m [32m INFO[0m [2mwgpu_hal::vulkan::instance[0m[2m:[0m 	objects: (type: INSTANCE, hndl: 0xb609388301a0, name: ?)
[2m2026-08-01T14:41:48.558119Z[0m [32m INFO[0m [2mwgpu_hal::vulkan::instance[0m[2m:[0m GENERAL [Loader Message (0x0)]
	Found ICD manifest file /usr/share/vulkan/icd.d/powervr_mesa_icd.json, version 1.0.1
[2m2026-08-01T14:41:48.558132Z[0m [32m INFO[0m [2mwgpu_hal::vulkan::instance[0m[2m:[0m 	objects: (type: INSTANCE, hndl: 0xb609388301a0, name: ?)
[2m2026-08-01T14:41:48.558423Z[0m [32m INFO[0m [2mwgpu_hal::vulkan::instance[0m[2m:[0m GENERAL [Loader Message (0x0)]
	Found ICD manifest file /usr/share/vulkan/icd.d/radeon_icd.json, version 1.0.1
[2m2026-08-01T14:41:48.558444Z[0m [32m INFO[0m [2mwgpu_hal::vulkan::instance[0m[2m:[0m 	objects: (type: INSTANCE, hndl: 0xb609388301a0, name: ?)
[2m2026-08-01T14:41:48.558964Z[0m [32m INFO[0m [2mwgpu_hal::vulkan::instance[0m[2m:[0m GENERAL [Loader Message (0x0)]
	Insert instance layer "VK_LAYER_MESA_device_select" (/usr/lib/aarch64-linux-gnu/libVkLayer_MESA_device_select.so)
[2m2026-08-01T14:41:48.558982Z[0m [32m INFO[0m [2mwgpu_hal::vulkan::instance[0m[2m:[0m 	objects: (type: INSTANCE, hndl: 0xb609388301a0, name: ?)
[2m2026-08-01T14:41:48.558997Z[0m [32m INFO[0m [2mwgpu_hal::vulkan::instance[0m[2m:[0m GENERAL [Loader Message (0x0)]
	vkCreateInstance layer callstack setup to:
[2m2026-08-01T14:41:48.559006Z[0m [32m INFO[0m [2mwgpu_hal::vulkan::instance[0m[2m:[0m 	objects: (type: INSTANCE, hndl: 0xb609388301a0, name: ?)
[2m2026-08-01T14:41:48.559024Z[0m [32m INFO[0m [2mwgpu_hal::vulkan::instance[0m[2m:[0m GENERAL [Loader Message (0x0)]
	   <Application>
[2m2026-08-01T14:41:48.559034Z[0m [32m INFO[0m [2mwgpu_hal::vulkan::instance[0m[2m:[0m 	objects: (type: INSTANCE, hndl: 0xb609388301a0, name: ?)
[2m2026-08-01T14:41:48.559062Z[0m [32m INFO[0m [2mwgpu_hal::vulkan::instance[0m[2m:[0m GENERAL [Loader Message (0x0)]
	     ||
[2m2026-08-01T14:41:48.559077Z[0m [32m INFO[0m [2mwgpu_hal::vulkan::instance[0m[2m:[0m 	objects: (type: INSTANCE, hndl: 0xb609388301a0, name: ?)
[2m2026-08-01T14:41:48.559088Z[0m [32m INFO[0m [2mwgpu_hal::vulkan::instance[0m[2m:[0m GENERAL [Loader Message (0x0)]
	   <Loader>
[2m2026-08-01T14:41:48.559095Z[0m [32m INFO[0m [2mwgpu_hal::vulkan::instance[0m[2m:[0m 	objects: (type: INSTANCE, hndl: 0xb609388301a0, name: ?)
[2m2026-08-01T14:41:48.559101Z[0m [32m INFO[0m [2mwgpu_hal::vulkan::instance[0m[2m:[0m GENERAL [Loader Message (0x0)]
	     ||
[2m2026-08-01T14:41:48.559107Z[0m [32m INFO[0m [2mwgpu_hal::vulkan::instance[0m[2m:[0m 	objects: (type: INSTANCE, hndl: 0xb609388301a0, name: ?)
[2m2026-08-01T14:41:48.559113Z[0m [32m INFO[0m [2mwgpu_hal::vulkan::instance[0m[2m:[0m GENERAL [Loader Message (0x0)]
	   VK_LAYER_MESA_device_select
[2m2026-08-01T14:41:48.559119Z[0m [32m INFO[0m [2mwgpu_hal::vulkan::instance[0m[2m:[0m 	objects: (type: INSTANCE, hndl: 0xb609388301a0, name: ?)
[2m2026-08-01T14:41:48.559124Z[0m [32m INFO[0m [2mwgpu_hal::vulkan::instance[0m[2m:[0m GENERAL [Loader Message (0x0)]
	           Type: Implicit
[2m2026-08-01T14:41:48.559130Z[0m [32m INFO[0m [2mwgpu_hal::vulkan::instance[0m[2m:[0m 	objects: (type: INSTANCE, hndl: 0xb609388301a0, name: ?)
[2m2026-08-01T14:41:48.559136Z[0m [32m INFO[0m [2mwgpu_hal::vulkan::instance[0m[2m:[0m GENERAL [Loader Message (0x0)]
	           Enabled By: Implicit Layer
[2m2026-08-01T14:41:48.559142Z[0m [32m INFO[0m [2mwgpu_hal::vulkan::instance[0m[2m:[0m 	objects: (type: INSTANCE, hndl: 0xb609388301a0, name: ?)
[2m2026-08-01T14:41:48.559148Z[0m [32m INFO[0m [2mwgpu_hal::vulkan::instance[0m[2m:[0m GENERAL [Loader Message (0x0)]
	               Disable Env Var:  NODEVICE_SELECT
[2m2026-08-01T14:41:48.559154Z[0m [32m INFO[0m [2mwgpu_hal::vulkan::instance[0m[2m:[0m 	objects: (type: INSTANCE, hndl: 0xb609388301a0, name: ?)
[2m2026-08-01T14:41:48.559160Z[0m [32m INFO[0m [2mwgpu_hal::vulkan::instance[0m[2m:[0m GENERAL [Loader Message (0x0)]
	           Manifest: /usr/share/vulkan/implicit_layer.d/VkLayer_MESA_device_select.json
[2m2026-08-01T14:41:48.559166Z[0m [32m INFO[0m [2mwgpu_hal::vulkan::instance[0m[2m:[0m 	objects: (type: INSTANCE, hndl: 0xb609388301a0, name: ?)
[2m2026-08-01T14:41:48.559172Z[0m [32m INFO[0m [2mwgpu_hal::vulkan::instance[0m[2m:[0m GENERAL [Loader Message (0x0)]
	           Library:  /usr/lib/aarch64-linux-gnu/libVkLayer_MESA_device_select.so
[2m2026-08-01T14:41:48.559179Z[0m [32m INFO[0m [2mwgpu_hal::vulkan::instance[0m[2m:[0m 	objects: (type: INSTANCE, hndl: 0xb609388301a0, name: ?)
[2m2026-08-01T14:41:48.559184Z[0m [32m INFO[0m [2mwgpu_hal::vulkan::instance[0m[2m:[0m GENERAL [Loader Message (0x0)]
	     ||
[2m2026-08-01T14:41:48.559190Z[0m [32m INFO[0m [2mwgpu_hal::vulkan::instance[0m[2m:[0m 	objects: (type: INSTANCE, hndl: 0xb609388301a0, name: ?)
[2m2026-08-01T14:41:48.559195Z[0m [32m INFO[0m [2mwgpu_hal::vulkan::instance[0m[2m:[0m GENERAL [Loader Message (0x0)]
	   <Drivers>
[2m2026-08-01T14:41:48.559201Z[0m [32m INFO[0m [2mwgpu_hal::vulkan::instance[0m[2m:[0m 	objects: (type: INSTANCE, hndl: 0xb609388301a0, name: ?)
[2m2026-08-01T14:41:48.573069Z[0m [32m INFO[0m [2mwgpu_hal::vulkan::instance[0m[2m:[0m Enabling debug utils
[2m2026-08-01T14:41:48.573358Z[0m [32m INFO[0m [2mwgpu_hal::gles::egl[0m[2m:[0m Using Wayland platform
[slopos-compositor/drm] client connected
[slopos-compositor/drm] client connected
[slopos-compositor/drm] client disconnected
[2m2026-08-01T14:41:48.609776Z[0m [33m WARN[0m [2mwgpu_hal::gles::egl[0m[2m:[0m Re-initializing Gles context due to Wayland window
[slopos-compositor/drm] client disconnected
[2m2026-08-01T14:41:48.667443Z[0m [32m INFO[0m [2mwgpu_hal::vulkan::instance[0m[2m:[0m GENERAL [Loader Message (0x0)]
	linux_read_sorted_physical_devices:
[2m2026-08-01T14:41:48.667483Z[0m [32m INFO[0m [2mwgpu_hal::vulkan::instance[0m[2m:[0m 	objects: (type: INSTANCE, hndl: 0xb609388301a0, name: ?)
[2m2026-08-01T14:41:48.667492Z[0m [32m INFO[0m [2mwgpu_hal::vulkan::instance[0m[2m:[0m GENERAL [Loader Message (0x0)]
	     Original order:
[2m2026-08-01T14:41:48.667498Z[0m [32m INFO[0m [2mwgpu_hal::vulkan::instance[0m[2m:[0m 	objects: (type: INSTANCE, hndl: 0xb609388301a0, name: ?)
[2m2026-08-01T14:41:48.667511Z[0m [32m INFO[0m [2mwgpu_hal::vulkan::instance[0m[2m:[0m GENERAL [Loader Message (0x0)]
	           [0] llvmpipe (LLVM 21.1.8, 128 bits)
[2m2026-08-01T14:41:48.667517Z[0m [32m INFO[0m [2mwgpu_hal::vulkan::instance[0m[2m:[0m 	objects: (type: INSTANCE, hndl: 0xb609388301a0, name: ?)
[2m2026-08-01T14:41:48.667523Z[0m [32m INFO[0m [2mwgpu_hal::vulkan::instance[0m[2m:[0m GENERAL [Loader Message (0x0)]
	     Sorted order:
[2m2026-08-01T14:41:48.667529Z[0m [32m INFO[0m [2mwgpu_hal::vulkan::instance[0m[2m:[0m 	objects: (type: INSTANCE, hndl: 0xb609388301a0, name: ?)
[2m2026-08-01T14:41:48.667535Z[0m [32m INFO[0m [2mwgpu_hal::vulkan::instance[0m[2m:[0m GENERAL [Loader Message (0x0)]
	           [0] llvmpipe (LLVM 21.1.8, 128 bits)  
[2m2026-08-01T14:41:48.667542Z[0m [32m INFO[0m [2mwgpu_hal::vulkan::instance[0m[2m:[0m 	objects: (type: INSTANCE, hndl: 0xb609388301a0, name: ?)
[2m2026-08-01T14:41:48.667553Z[0m [32m INFO[0m [2mwgpu_hal::vulkan::instance[0m[2m:[0m GENERAL [Loader Message (0x0)]
	linux_read_sorted_physical_devices:
[2m2026-08-01T14:41:48.667559Z[0m [32m INFO[0m [2mwgpu_hal::vulkan::instance[0m[2m:[0m 	objects: (type: INSTANCE, hndl: 0xb609388301a0, name: ?)
[2m2026-08-01T14:41:48.667565Z[0m [32m INFO[0m [2mwgpu_hal::vulkan::instance[0m[2m:[0m GENERAL [Loader Message (0x0)]
	     Original order:
[2m2026-08-01T14:41:48.667571Z[0m [32m INFO[0m [2mwgpu_hal::vulkan::instance[0m[2m:[0m 	objects: (type: INSTANCE, hndl: 0xb609388301a0, name: ?)
[2m2026-08-01T14:41:48.667580Z[0m [32m INFO[0m [2mwgpu_hal::vulkan::instance[0m[2m:[0m GENERAL [Loader Message (0x0)]
	           [0] llvmpipe (LLVM 21.1.8, 128 bits)
[2m2026-08-01T14:41:48.667586Z[0m [32m INFO[0m [2mwgpu_hal::vulkan::instance[0m[2m:[0m 	objects: (type: INSTANCE, hndl: 0xb609388301a0, name: ?)
[2m2026-08-01T14:41:48.667591Z[0m [32m INFO[0m [2mwgpu_hal::vulkan::instance[0m[2m:[0m GENERAL [Loader Message (0x0)]
	     Sorted order:
[2m2026-08-01T14:41:48.667597Z[0m [32m INFO[0m [2mwgpu_hal::vulkan::instance[0m[2m:[0m 	objects: (type: INSTANCE, hndl: 0xb609388301a0, name: ?)
[2m2026-08-01T14:41:48.667603Z[0m [32m INFO[0m [2mwgpu_hal::vulkan::instance[0m[2m:[0m GENERAL [Loader Message (0x0)]
	           [0] llvmpipe (LLVM 21.1.8, 128 bits)  
[2m2026-08-01T14:41:48.667609Z[0m [32m INFO[0m [2mwgpu_hal::vulkan::instance[0m[2m:[0m 	objects: (type: INSTANCE, hndl: 0xb609388301a0, name: ?)
[slopos-compositor/drm] client connected
[slopos-compositor/drm] client disconnected
[2m2026-08-01T14:41:48.671895Z[0m [32m INFO[0m [2mwgpu_hal::vulkan::instance[0m[2m:[0m GENERAL [Loader Message (0x0)]
	linux_read_sorted_physical_devices:
[2m2026-08-01T14:41:48.671917Z[0m [32m INFO[0m [2mwgpu_hal::vulkan::instance[0m[2m:[0m 	objects: (type: INSTANCE, hndl: 0xb609388301a0, name: ?)
[2m2026-08-01T14:41:48.671924Z[0m [32m INFO[0m [2mwgpu_hal::vulkan::instance[0m[2m:[0m GENERAL [Loader Message (0x0)]
	     Original order:
[2m2026-08-01T14:41:48.671939Z[0m [32m INFO[0m [2mwgpu_hal::vulkan::instance[0m[2m:[0m 	objects: (type: INSTANCE, hndl: 0xb609388301a0, name: ?)
[2m2026-08-01T14:41:48.671955Z[0m [32m INFO[0m [2mwgpu_hal::vulkan::instance[0m[2m:[0m GENERAL [Loader Message (0x0)]
	           [0] llvmpipe (LLVM 21.1.8, 128 bits)
[2m2026-08-01T14:41:48.671961Z[0m [32m INFO[0m [2mwgpu_hal::vulkan::instance[0m[2m:[0m 	objects: (type: INSTANCE, hndl: 0xb609388301a0, name: ?)
[2m2026-08-01T14:41:48.671967Z[0m [32m INFO[0m [2mwgpu_hal::vulkan::instance[0m[2m:[0m GENERAL [Loader Message (0x0)]
	     Sorted order:
[2m2026-08-01T14:41:48.671973Z[0m [32m INFO[0m [2mwgpu_hal::vulkan::instance[0m[2m:[0m 	objects: (type: INSTANCE, hndl: 0xb609388301a0, name: ?)
[2m2026-08-01T14:41:48.671978Z[0m [32m INFO[0m [2mwgpu_hal::vulkan::instance[0m[2m:[0m GENERAL [Loader Message (0x0)]
	           [0] llvmpipe (LLVM 21.1.8, 128 bits)  
[2m2026-08-01T14:41:48.671985Z[0m [32m INFO[0m [2mwgpu_hal::vulkan::instance[0m[2m:[0m 	objects: (type: INSTANCE, hndl: 0xb609388301a0, name: ?)
[2m2026-08-01T14:41:48.671994Z[0m [32m INFO[0m [2mwgpu_hal::vulkan::instance[0m[2m:[0m GENERAL [Loader Message (0x0)]
	linux_read_sorted_physical_devices:
[2m2026-08-01T14:41:48.672000Z[0m [32m INFO[0m [2mwgpu_hal::vulkan::instance[0m[2m:[0m 	objects: (type: INSTANCE, hndl: 0xb609388301a0, name: ?)
[2m2026-08-01T14:41:48.672006Z[0m [32m INFO[0m [2mwgpu_hal::vulkan::instance[0m[2m:[0m GENERAL [Loader Message (0x0)]
	     Original order:
[2m2026-08-01T14:41:48.672014Z[0m [32m INFO[0m [2mwgpu_hal::vulkan::instance[0m[2m:[0m 	objects: (type: INSTANCE, hndl: 0xb609388301a0, name: ?)
[2m2026-08-01T14:41:48.672022Z[0m [32m INFO[0m [2mwgpu_hal::vulkan::instance[0m[2m:[0m GENERAL [Loader Message (0x0)]
	           [0] llvmpipe (LLVM 21.1.8, 128 bits)
[2m2026-08-01T14:41:48.672028Z[0m [32m INFO[0m [2mwgpu_hal::vulkan::instance[0m[2m:[0m 	objects: (type: INSTANCE, hndl: 0xb609388301a0, name: ?)
[2m2026-08-01T14:41:48.672033Z[0m [32m INFO[0m [2mwgpu_hal::vulkan::instance[0m[2m:[0m GENERAL [Loader Message (0x0)]
	     Sorted order:
[2m2026-08-01T14:41:48.672039Z[0m [32m INFO[0m [2mwgpu_hal::vulkan::instance[0m[2m:[0m 	objects: (type: INSTANCE, hndl: 0xb609388301a0, name: ?)
[2m2026-08-01T14:41:48.672044Z[0m [32m INFO[0m [2mwgpu_hal::vulkan::instance[0m[2m:[0m GENERAL [Loader Message (0x0)]
	           [0] llvmpipe (LLVM 21.1.8, 128 bits)  
[2m2026-08-01T14:41:48.672050Z[0m [32m INFO[0m [2mwgpu_hal::vulkan::instance[0m[2m:[0m 	objects: (type: INSTANCE, hndl: 0xb609388301a0, name: ?)
[slopos-compositor/drm] client connected
[2m2026-08-01T14:41:48.672887Z[0m [32m INFO[0m [2mwgpu_hal::vulkan::instance[0m[2m:[0m GENERAL [Loader Message (0x0)]
	Removing driver /usr/lib/aarch64-linux-gnu/libvulkan_radeon.so due to not having any physical devices
[2m2026-08-01T14:41:48.672905Z[0m [32m INFO[0m [2mwgpu_hal::vulkan::instance[0m[2m:[0m 	objects: (type: INSTANCE, hndl: 0xb609388301a0, name: ?)
[slopos-compositor/drm] client disconnected
[2m2026-08-01T14:41:48.673086Z[0m [32m INFO[0m [2mwgpu_hal::vulkan::instance[0m[2m:[0m GENERAL [Loader Message (0x0)]
	Removing driver /usr/lib/aarch64-linux-gnu/libvulkan_powervr_mesa.so due to not having any physical devices
[2m2026-08-01T14:41:48.673097Z[0m [32m INFO[0m [2mwgpu_hal::vulkan::instance[0m[2m:[0m 	objects: (type: INSTANCE, hndl: 0xb609388301a0, name: ?)
[2m2026-08-01T14:41:48.673199Z[0m [32m INFO[0m [2mwgpu_hal::vulkan::instance[0m[2m:[0m GENERAL [Loader Message (0x0)]
	Removing driver /usr/lib/aarch64-linux-gnu/libvulkan_intel.so due to not having any physical devices
[2m2026-08-01T14:41:48.673209Z[0m [32m INFO[0m [2mwgpu_hal::vulkan::instance[0m[2m:[0m 	objects: (type: INSTANCE, hndl: 0xb609388301a0, name: ?)
[2m2026-08-01T14:41:48.673571Z[0m [32m INFO[0m [2mwgpu_hal::vulkan::instance[0m[2m:[0m GENERAL [Loader Message (0x0)]
	Removing driver /usr/lib/aarch64-linux-gnu/libvulkan_asahi.so due to not having any physical devices
[2m2026-08-01T14:41:48.673588Z[0m [32m INFO[0m [2mwgpu_hal::vulkan::instance[0m[2m:[0m 	objects: (type: INSTANCE, hndl: 0xb609388301a0, name: ?)
[2m2026-08-01T14:41:48.673772Z[0m [32m INFO[0m [2mwgpu_hal::vulkan::instance[0m[2m:[0m GENERAL [Loader Message (0x0)]
	Removing driver /usr/lib/aarch64-linux-gnu/libvulkan_virtio.so due to not having any physical devices
[2m2026-08-01T14:41:48.673782Z[0m [32m INFO[0m [2mwgpu_hal::vulkan::instance[0m[2m:[0m 	objects: (type: INSTANCE, hndl: 0xb609388301a0, name: ?)
[2m2026-08-01T14:41:48.673861Z[0m [32m INFO[0m [2mwgpu_hal::vulkan::instance[0m[2m:[0m GENERAL [Loader Message (0x0)]
	Removing driver /usr/lib/aarch64-linux-gnu/libvulkan_gfxstream.so due to not having any physical devices
[2m2026-08-01T14:41:48.673870Z[0m [32m INFO[0m [2mwgpu_hal::vulkan::instance[0m[2m:[0m 	objects: (type: INSTANCE, hndl: 0xb609388301a0, name: ?)
[2m2026-08-01T14:41:48.673939Z[0m [32m INFO[0m [2mwgpu_hal::vulkan::instance[0m[2m:[0m GENERAL [Loader Message (0x0)]
	Removing driver /usr/lib/aarch64-linux-gnu/libvulkan_freedreno.so due to not having any physical devices
[2m2026-08-01T14:41:48.673948Z[0m [32m INFO[0m [2mwgpu_hal::vulkan::instance[0m[2m:[0m 	objects: (type: INSTANCE, hndl: 0xb609388301a0, name: ?)
[2m2026-08-01T14:41:48.674042Z[0m [32m INFO[0m [2mwgpu_hal::vulkan::instance[0m[2m:[0m GENERAL [Loader Message (0x0)]
	Removing driver /usr/lib/aarch64-linux-gnu/libvulkan_panfrost.so due to not having any physical devices
[2m2026-08-01T14:41:48.674051Z[0m [32m INFO[0m [2mwgpu_hal::vulkan::instance[0m[2m:[0m 	objects: (type: INSTANCE, hndl: 0xb609388301a0, name: ?)
[2m2026-08-01T14:41:48.674179Z[0m [32m INFO[0m [2mwgpu_hal::vulkan::instance[0m[2m:[0m GENERAL [Loader Message (0x0)]
	Removing driver /usr/lib/aarch64-linux-gnu/libvulkan_broadcom.so due to not having any physical devices
[2m2026-08-01T14:41:48.674188Z[0m [32m INFO[0m [2mwgpu_hal::vulkan::instance[0m[2m:[0m 	objects: (type: INSTANCE, hndl: 0xb609388301a0, name: ?)
[2m2026-08-01T14:41:48.674766Z[0m [32m INFO[0m [2mwgpu_hal::vulkan::instance[0m[2m:[0m GENERAL [Loader Message (0x0)]
	Removing driver /usr/lib/aarch64-linux-gnu/libvulkan_nouveau.so due to not having any physical devices
[2m2026-08-01T14:41:48.674785Z[0m [32m INFO[0m [2mwgpu_hal::vulkan::instance[0m[2m:[0m 	objects: (type: INSTANCE, hndl: 0xb609388301a0, name: ?)
[2m2026-08-01T14:41:48.680379Z[0m [32m INFO[0m [2mwgpu_core::instance[0m[2m:[0m Adapter Vulkan AdapterInfo { name: "llvmpipe (LLVM 21.1.8, 128 bits)", vendor: 65541, device: 0, device_type: Cpu, driver: "llvmpipe", driver_info: "Mesa 26.0.3-1ubuntu1 (LLVM 21.1.8)", backend: Vulkan }
[2m2026-08-01T14:41:48.680551Z[0m [32m INFO[0m [2mwgpu_hal::vulkan::instance[0m[2m:[0m GENERAL [Loader Message (0x0)]
	Failed to find vkGetDeviceProcAddr in layer "/usr/lib/aarch64-linux-gnu/libVkLayer_MESA_device_select.so"
[2m2026-08-01T14:41:48.680563Z[0m [32m INFO[0m [2mwgpu_hal::vulkan::instance[0m[2m:[0m 	objects: (type: INSTANCE, hndl: 0xb609388301a0, name: ?)
[2m2026-08-01T14:41:48.680570Z[0m [32m INFO[0m [2mwgpu_hal::vulkan::instance[0m[2m:[0m GENERAL [Loader Message (0x0)]
	vkCreateDevice layer callstack setup to:
[2m2026-08-01T14:41:48.680577Z[0m [32m INFO[0m [2mwgpu_hal::vulkan::instance[0m[2m:[0m 	objects: (type: INSTANCE, hndl: 0xb609388301a0, name: ?)
[2m2026-08-01T14:41:48.680583Z[0m [32m INFO[0m [2mwgpu_hal::vulkan::instance[0m[2m:[0m GENERAL [Loader Message (0x0)]
	   <Application>
[2m2026-08-01T14:41:48.680589Z[0m [32m INFO[0m [2mwgpu_hal::vulkan::instance[0m[2m:[0m 	objects: (type: INSTANCE, hndl: 0xb609388301a0, name: ?)
[2m2026-08-01T14:41:48.680595Z[0m [32m INFO[0m [2mwgpu_hal::vulkan::instance[0m[2m:[0m GENERAL [Loader Message (0x0)]
	     ||
[2m2026-08-01T14:41:48.680601Z[0m [32m INFO[0m [2mwgpu_hal::vulkan::instance[0m[2m:[0m 	objects: (type: INSTANCE, hndl: 0xb609388301a0, name: ?)
[2m2026-08-01T14:41:48.680611Z[0m [32m INFO[0m [2mwgpu_hal::vulkan::instance[0m[2m:[0m GENERAL [Loader Message (0x0)]
	   <Loader>
[2m2026-08-01T14:41:48.680618Z[0m [32m INFO[0m [2mwgpu_hal::vulkan::instance[0m[2m:[0m 	objects: (type: INSTANCE, hndl: 0xb609388301a0, name: ?)
[2m2026-08-01T14:41:48.680624Z[0m [32m INFO[0m [2mwgpu_hal::vulkan::instance[0m[2m:[0m GENERAL [Loader Message (0x0)]
	     ||
[2m2026-08-01T14:41:48.680629Z[0m [32m INFO[0m [2mwgpu_hal::vulkan::instance[0m[2m:[0m 	objects: (type: INSTANCE, hndl: 0xb609388301a0, name: ?)
[2m2026-08-01T14:41:48.680635Z[0m [32m INFO[0m [2mwgpu_hal::vulkan::instance[0m[2m:[0m GENERAL [Loader Message (0x0)]
	   <Device>
[2m2026-08-01T14:41:48.680641Z[0m [32m INFO[0m [2mwgpu_hal::vulkan::instance[0m[2m:[0m 	objects: (type: INSTANCE, hndl: 0xb609388301a0, name: ?)
[2m2026-08-01T14:41:48.680732Z[0m [32m INFO[0m [2mwgpu_hal::vulkan::instance[0m[2m:[0m GENERAL [Loader Message (0x0)]
	       Using "llvmpipe (LLVM 21.1.8, 128 bits)" with driver: "/usr/lib/aarch64-linux-gnu/libvulkan_lvp.so"
[2m2026-08-01T14:41:48.680743Z[0m [32m INFO[0m [2mwgpu_hal::vulkan::instance[0m[2m:[0m 	objects: (type: INSTANCE, hndl: 0xb609388301a0, name: ?)
[2m2026-08-01T14:41:48.693953Z[0m [32m INFO[0m [2mwgpu_core::device::resource[0m[2m:[0m Device::maintain: waiting for submission index 0
[2m2026-08-01T14:41:48.704584Z[0m [33m WARN[0m [2mwgpu_hal::vulkan::instance[0m[2m:[0m InstanceFlags::VALIDATION requested, but unable to find layer: VK_LAYER_KHRONOS_validation
[2m2026-08-01T14:41:48.704639Z[0m [32m INFO[0m [2mwgpu_hal::vulkan::instance[0m[2m:[0m GENERAL [Loader Message (0x0)]
	No valid vk_loader_settings.json file found, no loader settings will be active
[2m2026-08-01T14:41:48.704658Z[0m [32m INFO[0m [2mwgpu_hal::vulkan::instance[0m[2m:[0m 	objects: (type: INSTANCE, hndl: 0xb6093d171670, name: ?)
[2m2026-08-01T14:41:48.704669Z[0m [32m INFO[0m [2mwgpu_hal::vulkan::instance[0m[2m:[0m GENERAL [Loader Message (0x0)]
	Searching for implicit layer manifest files
[2m2026-08-01T14:41:48.704676Z[0m [32m INFO[0m [2mwgpu_hal::vulkan::instance[0m[2m:[0m 	objects: (type: INSTANCE, hndl: 0xb6093d171670, name: ?)
[2m2026-08-01T14:41:48.704682Z[0m [32m INFO[0m [2mwgpu_hal::vulkan::instance[0m[2m:[0m GENERAL [Loader Message (0x0)]
	   In following locations:
[2m2026-08-01T14:41:48.704688Z[0m [32m INFO[0m [2mwgpu_hal::vulkan::instance[0m[2m:[0m 	objects: (type: INSTANCE, hndl: 0xb6093d171670, name: ?)
[2m2026-08-01T14:41:48.704694Z[0m [32m INFO[0m [2mwgpu_hal::vulkan::instance[0m[2m:[0m GENERAL [Loader Message (0x0)]
	      /home/ubuntu/.config/vulkan/implicit_layer.d
[2m2026-08-01T14:41:48.704700Z[0m [32m INFO[0m [2mwgpu_hal::vulkan::instance[0m[2m:[0m 	objects: (type: INSTANCE, hndl: 0xb6093d171670, name: ?)
[2m2026-08-01T14:41:48.704706Z[0m [32m INFO[0m [2mwgpu_hal::vulkan::instance[0m[2m:[0m GENERAL [Loader Message (0x0)]
	      /etc/xdg/vulkan/implicit_layer.d
[2m2026-08-01T14:41:48.704712Z[0m [32m INFO[0m [2mwgpu_hal::vulkan::instance[0m[2m:[0m 	objects: (type: INSTANCE, hndl: 0xb6093d171670, name: ?)
[2m2026-08-01T14:41:48.704718Z[0m [32m INFO[0m [2mwgpu_hal::vulkan::instance[0m[2m:[0m GENERAL [Loader Message (0x0)]
	      /etc/vulkan/implicit_layer.d
[2m2026-08-01T14:41:48.704726Z[0m [32m INFO[0m [2mwgpu_hal::vulkan::instance[0m[2m:[0m 	objects: (type: INSTANCE, hndl: 0xb6093d171670, name: ?)
[2m2026-08-01T14:41:48.704733Z[0m [32m INFO[0m [2mwgpu_hal::vulkan::instance[0m[2m:[0m GENERAL [Loader Message (0x0)]
	      /home/ubuntu/.local/share/vulkan/implicit_layer.d
[2m2026-08-01T14:41:48.704741Z[0m [32m INFO[0m [2mwgpu_hal::vulkan::instance[0m[2m:[0m 	objects: (type: INSTANCE, hndl: 0xb6093d171670, name: ?)
[2m2026-08-01T14:41:48.704747Z[0m [32m INFO[0m [2mwgpu_hal::vulkan::instance[0m[2m:[0m GENERAL [Loader Message (0x0)]
	      /usr/local/share/vulkan/implicit_layer.d
[2m2026-08-01T14:41:48.704765Z[0m [32m INFO[0m [2mwgpu_hal::vulkan::instance[0m[2m:[0m 	objects: (type: INSTANCE, hndl: 0xb6093d171670, name: ?)
[2m2026-08-01T14:41:48.704771Z[0m [32m INFO[0m [2mwgpu_hal::vulkan::instance[0m[2m:[0m GENERAL [Loader Message (0x0)]
	      /usr/share/vulkan/implicit_layer.d
[2m2026-08-01T14:41:48.704777Z[0m [32m INFO[0m [2mwgpu_hal::vulkan::instance[0m[2m:[0m 	objects: (type: INSTANCE, hndl: 0xb6093d171670, name: ?)
[2m2026-08-01T14:41:48.704794Z[0m [32m INFO[0m [2mwgpu_hal::vulkan::instance[0m[2m:[0m GENERAL [Loader Message (0x0)]
	   Found the following files:
[2m2026-08-01T14:41:48.704802Z[0m [32m INFO[0m [2mwgpu_hal::vulkan::instance[0m[2m:[0m 	objects: (type: INSTANCE, hndl: 0xb6093d171670, name: ?)
[2m2026-08-01T14:41:48.704809Z[0m [32m INFO[0m [2mwgpu_hal::vulkan::instance[0m[2m:[0m GENERAL [Loader Message (0x0)]
	      /usr/share/vulkan/implicit_layer.d/VkLayer_MESA_anti_lag.json
[2m2026-08-01T14:41:48.704817Z[0m [32m INFO[0m [2mwgpu_hal::vulkan::instance[0m[2m:[0m 	objects: (type: INSTANCE, hndl: 0xb6093d171670, name: ?)
[2m2026-08-01T14:41:48.704823Z[0m [32m INFO[0m [2mwgpu_hal::vulkan::instance[0m[2m:[0m GENERAL [Loader Message (0x0)]
	      /usr/share/vulkan/implicit_layer.d/VkLayer_MESA_device_select.json
[2m2026-08-01T14:41:48.704830Z[0m [32m INFO[0m [2mwgpu_hal::vulkan::instance[0m[2m:[0m 	objects: (type: INSTANCE, hndl: 0xb6093d171670, name: ?)
[2m2026-08-01T14:41:48.704841Z[0m [32m INFO[0m [2mwgpu_hal::vulkan::instance[0m[2m:[0m GENERAL [Loader Message (0x0)]
	Found manifest file /usr/share/vulkan/implicit_layer.d/VkLayer_MESA_anti_lag.json (file version 1.2.1)
[2m2026-08-01T14:41:48.704875Z[0m [32m INFO[0m [2mwgpu_hal::vulkan::instance[0m[2m:[0m 	objects: (type: INSTANCE, hndl: 0xb6093d171670, name: ?)
[2m2026-08-01T14:41:48.704899Z[0m [32m INFO[0m [2mwgpu_hal::vulkan::instance[0m[2m:[0m GENERAL [Loader Message (0x0)]
	Found manifest file /usr/share/vulkan/implicit_layer.d/VkLayer_MESA_device_select.json (file version 1.0.0)
[2m2026-08-01T14:41:48.704908Z[0m [32m INFO[0m [2mwgpu_hal::vulkan::instance[0m[2m:[0m 	objects: (type: INSTANCE, hndl: 0xb6093d171670, name: ?)
[2m2026-08-01T14:41:48.704926Z[0m [32m INFO[0m [2mwgpu_hal::vulkan::instance[0m[2m:[0m GENERAL [Loader Message (0x0)]
	Searching for explicit layer manifest files
[2m2026-08-01T14:41:48.704935Z[0m [32m INFO[0m [2mwgpu_hal::vulkan::instance[0m[2m:[0m 	objects: (type: INSTANCE, hndl: 0xb6093d171670, name: ?)
[2m2026-08-01T14:41:48.704941Z[0m [32m INFO[0m [2mwgpu_hal::vulkan::instance[0m[2m:[0m GENERAL [Loader Message (0x0)]
	   In following locations:
[2m2026-08-01T14:41:48.704947Z[0m [32m INFO[0m [2mwgpu_hal::vulkan::instance[0m[2m:[0m 	objects: (type: INSTANCE, hndl: 0xb6093d171670, name: ?)
[2m2026-08-01T14:41:48.704953Z[0m [32m INFO[0m [2mwgpu_hal::vulkan::instance[0m[2m:[0m GENERAL [Loader Message (0x0)]
	      /home/ubuntu/.config/vulkan/explicit_layer.d
[2m2026-08-01T14:41:48.704960Z[0m [32m INFO[0m [2mwgpu_hal::vulkan::instance[0m[2m:[0m 	objects: (type: INSTANCE, hndl: 0xb6093d171670, name: ?)
[2m2026-08-01T14:41:48.704965Z[0m [32m INFO[0m [2mwgpu_hal::vulkan::instance[0m[2m:[0m GENERAL [Loader Message (0x0)]
	      /etc/xdg/vulkan/explicit_layer.d
[2m2026-08-01T14:41:48.704971Z[0m [32m INFO[0m [2mwgpu_hal::vulkan::instance[0m[2m:[0m 	objects: (type: INSTANCE, hndl: 0xb6093d171670, name: ?)
[2m2026-08-01T14:41:48.704976Z[0m [32m INFO[0m [2mwgpu_hal::vulkan::instance[0m[2m:[0m GENERAL [Loader Message (0x0)]
	      /etc/vulkan/explicit_layer.d
[2m2026-08-01T14:41:48.704982Z[0m [32m INFO[0m [2mwgpu_hal::vulkan::instance[0m[2m:[0m 	objects: (type: INSTANCE, hndl: 0xb6093d171670, name: ?)
[2m2026-08-01T14:41:48.704988Z[0m [32m INFO[0m [2mwgpu_hal::vulkan::instance[0m[2m:[0m GENERAL [Loader Message (0x0)]
	      /home/ubuntu/.local/share/vulkan/explicit_layer.d
[2m2026-08-01T14:41:48.704998Z[0m [32m INFO[0m [2mwgpu_hal::vulkan::instance[0m[2m:[0m 	objects: (type: INSTANCE, hndl: 0xb6093d171670, name: ?)
[2m2026-08-01T14:41:48.705004Z[0m [32m INFO[0m [2mwgpu_hal::vulkan::instance[0m[2m:[0m GENERAL [Loader Message (0x0)]
	      /usr/local/share/vulkan/explicit_layer.d
[2m2026-08-01T14:41:48.705010Z[0m [32m INFO[0m [2mwgpu_hal::vulkan::instance[0m[2m:[0m 	objects: (type: INSTANCE, hndl: 0xb6093d171670, name: ?)
[2m2026-08-01T14:41:48.705015Z[0m [32m INFO[0m [2mwgpu_hal::vulkan::instance[0m[2m:[0m GENERAL [Loader Message (0x0)]
	      /usr/share/vulkan/explicit_layer.d
[2m2026-08-01T14:41:48.705021Z[0m [32m INFO[0m [2mwgpu_hal::vulkan::instance[0m[2m:[0m 	objects: (type: INSTANCE, hndl: 0xb6093d171670, name: ?)
[2m2026-08-01T14:41:48.705043Z[0m [32m INFO[0m [2mwgpu_hal::vulkan::instance[0m[2m:[0m GENERAL [Loader Message (0x0)]
	   Found the following files:
[2m2026-08-01T14:41:48.705050Z[0m [32m INFO[0m [2mwgpu_hal::vulkan::instance[0m[2m:[0m 	objects: (type: INSTANCE, hndl: 0xb6093d171670, name: ?)
[2m2026-08-01T14:41:48.705055Z[0m [32m INFO[0m [2mwgpu_hal::vulkan::instance[0m[2m:[0m GENERAL [Loader Message (0x0)]
	      /usr/share/vulkan/explicit_layer.d/VkLayer_MESA_screenshot.json
[2m2026-08-01T14:41:48.705062Z[0m [32m INFO[0m [2mwgpu_hal::vulkan::instance[0m[2m:[0m 	objects: (type: INSTANCE, hndl: 0xb6093d171670, name: ?)
[2m2026-08-01T14:41:48.705067Z[0m [32m INFO[0m [2mwgpu_hal::vulkan::instance[0m[2m:[0m GENERAL [Loader Message (0x0)]
	      /usr/share/vulkan/explicit_layer.d/VkLayer_MESA_overlay.json
[2m2026-08-01T14:41:48.705074Z[0m [32m INFO[0m [2mwgpu_hal::vulkan::instance[0m[2m:[0m 	objects: (type: INSTANCE, hndl: 0xb6093d171670, name: ?)
[2m2026-08-01T14:41:48.705079Z[0m [32m INFO[0m [2mwgpu_hal::vulkan::instance[0m[2m:[0m GENERAL [Loader Message (0x0)]
	      /usr/share/vulkan/explicit_layer.d/VkLayer_INTEL_nullhw.json
[2m2026-08-01T14:41:48.705085Z[0m [32m INFO[0m [2mwgpu_hal::vulkan::instance[0m[2m:[0m 	objects: (type: INSTANCE, hndl: 0xb6093d171670, name: ?)
[2m2026-08-01T14:41:48.705095Z[0m [32m INFO[0m [2mwgpu_hal::vulkan::instance[0m[2m:[0m GENERAL [Loader Message (0x0)]
	Found manifest file /usr/share/vulkan/explicit_layer.d/VkLayer_MESA_screenshot.json (file version 1.0.0)
[2m2026-08-01T14:41:48.705103Z[0m [32m INFO[0m [2mwgpu_hal::vulkan::instance[0m[2m:[0m 	objects: (type: INSTANCE, hndl: 0xb6093d171670, name: ?)
[2m2026-08-01T14:41:48.705113Z[0m [32m INFO[0m [2mwgpu_hal::vulkan::instance[0m[2m:[0m GENERAL [Loader Message (0x0)]
	Found manifest file /usr/share/vulkan/explicit_layer.d/VkLayer_MESA_overlay.json (file version 1.0.0)
[2m2026-08-01T14:41:48.705120Z[0m [32m INFO[0m [2mwgpu_hal::vulkan::instance[0m[2m:[0m 	objects: (type: INSTANCE, hndl: 0xb6093d171670, name: ?)
[2m2026-08-01T14:41:48.705129Z[0m [32m INFO[0m [2mwgpu_hal::vulkan::instance[0m[2m:[0m GENERAL [Loader Message (0x0)]
	Found manifest file /usr/share/vulkan/explicit_layer.d/VkLayer_INTEL_nullhw.json (file version 1.0.0)
[2m2026-08-01T14:41:48.705137Z[0m [32m INFO[0m [2mwgpu_hal::vulkan::instance[0m[2m:[0m 	objects: (type: INSTANCE, hndl: 0xb6093d171670, name: ?)
[2m2026-08-01T14:41:48.705146Z[0m [32m INFO[0m [2mwgpu_hal::vulkan::instance[0m[2m:[0m GENERAL [Loader Message (0x0)]
	Searching for driver manifest files
[2m2026-08-01T14:41:48.705152Z[0m [32m INFO[0m [2mwgpu_hal::vulkan::instance[0m[2m:[0m 	objects: (type: INSTANCE, hndl: 0xb6093d171670, name: ?)
[2m2026-08-01T14:41:48.705158Z[0m [32m INFO[0m [2mwgpu_hal::vulkan::instance[0m[2m:[0m GENERAL [Loader Message (0x0)]
	   In following locations:
[2m2026-08-01T14:41:48.705163Z[0m [32m INFO[0m [2mwgpu_hal::vulkan::instance[0m[2m:[0m 	objects: (type: INSTANCE, hndl: 0xb6093d171670, name: ?)
[2m2026-08-01T14:41:48.705169Z[0m [32m INFO[0m [2mwgpu_hal::vulkan::instance[0m[2m:[0m GENERAL [Loader Message (0x0)]
	      /home/ubuntu/.config/vulkan/icd.d
[2m2026-08-01T14:41:48.705176Z[0m [32m INFO[0m [2mwgpu_hal::vulkan::instance[0m[2m:[0m 	objects: (type: INSTANCE, hndl: 0xb6093d171670, name: ?)
[2m2026-08-01T14:41:48.705186Z[0m [32m INFO[0m [2mwgpu_hal::vulkan::instance[0m[2m:[0m GENERAL [Loader Message (0x0)]
	      /etc/xdg/vulkan/icd.d
[2m2026-08-01T14:41:48.705191Z[0m [32m INFO[0m [2mwgpu_hal::vulkan::instance[0m[2m:[0m 	objects: (type: INSTANCE, hndl: 0xb6093d171670, name: ?)
[2m2026-08-01T14:41:48.705198Z[0m [32m INFO[0m [2mwgpu_hal::vulkan::instance[0m[2m:[0m GENERAL [Loader Message (0x0)]
	      /etc/vulkan/icd.d
[2m2026-08-01T14:41:48.705205Z[0m [32m INFO[0m [2mwgpu_hal::vulkan::instance[0m[2m:[0m 	objects: (type: INSTANCE, hndl: 0xb6093d171670, name: ?)
[2m2026-08-01T14:41:48.705212Z[0m [32m INFO[0m [2mwgpu_hal::vulkan::instance[0m[2m:[0m GENERAL [Loader Message (0x0)]
	      /home/ubuntu/.local/share/vulkan/icd.d
[2m2026-08-01T14:41:48.705218Z[0m [32m INFO[0m [2mwgpu_hal::vulkan::instance[0m[2m:[0m 	objects: (type: INSTANCE, hndl: 0xb6093d171670, name: ?)
[2m2026-08-01T14:41:48.705224Z[0m [32m INFO[0m [2mwgpu_hal::vulkan::instance[0m[2m:[0m GENERAL [Loader Message (0x0)]
	      /usr/local/share/vulkan/icd.d
[2m2026-08-01T14:41:48.705358Z[0m [32m INFO[0m [2mwgpu_hal::vulkan::instance[0m[2m:[0m 	objects: (type: INSTANCE, hndl: 0xb6093d171670, name: ?)
[2m2026-08-01T14:41:48.705364Z[0m [32m INFO[0m [2mwgpu_hal::vulkan::instance[0m[2m:[0m GENERAL [Loader Message (0x0)]
	      /usr/share/vulkan/icd.d
[2m2026-08-01T14:41:48.705370Z[0m [32m INFO[0m [2mwgpu_hal::vulkan::instance[0m[2m:[0m 	objects: (type: INSTANCE, hndl: 0xb6093d171670, name: ?)
[2m2026-08-01T14:41:48.705402Z[0m [32m INFO[0m [2mwgpu_hal::vulkan::instance[0m[2m:[0m GENERAL [Loader Message (0x0)]
	   Found the following files:
[2m2026-08-01T14:41:48.705409Z[0m [32m INFO[0m [2mwgpu_hal::vulkan::instance[0m[2m:[0m 	objects: (type: INSTANCE, hndl: 0xb6093d171670, name: ?)
[2m2026-08-01T14:41:48.705414Z[0m [32m INFO[0m [2mwgpu_hal::vulkan::instance[0m[2m:[0m GENERAL [Loader Message (0x0)]
	      /usr/share/vulkan/icd.d/nouveau_icd.json
[2m2026-08-01T14:41:48.705420Z[0m [32m INFO[0m [2mwgpu_hal::vulkan::instance[0m[2m:[0m 	objects: (type: INSTANCE, hndl: 0xb6093d171670, name: ?)
[2m2026-08-01T14:41:48.705426Z[0m [32m INFO[0m [2mwgpu_hal::vulkan::instance[0m[2m:[0m GENERAL [Loader Message (0x0)]
	      /usr/share/vulkan/icd.d/broadcom_icd.json
[2m2026-08-01T14:41:48.705432Z[0m [32m INFO[0m [2mwgpu_hal::vulkan::instance[0m[2m:[0m 	objects: (type: INSTANCE, hndl: 0xb6093d171670, name: ?)
[2m2026-08-01T14:41:48.705438Z[0m [32m INFO[0m [2mwgpu_hal::vulkan::instance[0m[2m:[0m GENERAL [Loader Message (0x0)]
	      /usr/share/vulkan/icd.d/panfrost_icd.json
[2m2026-08-01T14:41:48.705444Z[0m [32m INFO[0m [2mwgpu_hal::vulkan::instance[0m[2m:[0m 	objects: (type: INSTANCE, hndl: 0xb6093d171670, name: ?)
[2m2026-08-01T14:41:48.705449Z[0m [32m INFO[0m [2mwgpu_hal::vulkan::instance[0m[2m:[0m GENERAL [Loader Message (0x0)]
	      /usr/share/vulkan/icd.d/freedreno_icd.json
[2m2026-08-01T14:41:48.705455Z[0m [32m INFO[0m [2mwgpu_hal::vulkan::instance[0m[2m:[0m 	objects: (type: INSTANCE, hndl: 0xb6093d171670, name: ?)
[2m2026-08-01T14:41:48.705461Z[0m [32m INFO[0m [2mwgpu_hal::vulkan::instance[0m[2m:[0m GENERAL [Loader Message (0x0)]
	      /usr/share/vulkan/icd.d/gfxstream_vk_icd.json
[2m2026-08-01T14:41:48.705467Z[0m [32m INFO[0m [2mwgpu_hal::vulkan::instance[0m[2m:[0m 	objects: (type: INSTANCE, hndl: 0xb6093d171670, name: ?)
[2m2026-08-01T14:41:48.705472Z[0m [32m INFO[0m [2mwgpu_hal::vulkan::instance[0m[2m:[0m GENERAL [Loader Message (0x0)]
	      /usr/share/vulkan/icd.d/virtio_icd.json
[2m2026-08-01T14:41:48.705478Z[0m [32m INFO[0m [2mwgpu_hal::vulkan::instance[0m[2m:[0m 	objects: (type: INSTANCE, hndl: 0xb6093d171670, name: ?)
[2m2026-08-01T14:41:48.705484Z[0m [32m INFO[0m [2mwgpu_hal::vulkan::instance[0m[2m:[0m GENERAL [Loader Message (0x0)]
	      /usr/share/vulkan/icd.d/asahi_icd.json
[2m2026-08-01T14:41:48.705492Z[0m [32m INFO[0m [2mwgpu_hal::vulkan::instance[0m[2m:[0m 	objects: (type: INSTANCE, hndl: 0xb6093d171670, name: ?)
[2m2026-08-01T14:41:48.705498Z[0m [32m INFO[0m [2mwgpu_hal::vulkan::instance[0m[2m:[0m GENERAL [Loader Message (0x0)]
	      /usr/share/vulkan/icd.d/lvp_icd.json
[2m2026-08-01T14:41:48.705504Z[0m [32m INFO[0m [2mwgpu_hal::vulkan::instance[0m[2m:[0m 	objects: (type: INSTANCE, hndl: 0xb6093d171670, name: ?)
[2m2026-08-01T14:41:48.705510Z[0m [32m INFO[0m [2mwgpu_hal::vulkan::instance[0m[2m:[0m GENERAL [Loader Message (0x0)]
	      /usr/share/vulkan/icd.d/intel_icd.json
[2m2026-08-01T14:41:48.705516Z[0m [32m INFO[0m [2mwgpu_hal::vulkan::instance[0m[2m:[0m 	objects: (type: INSTANCE, hndl: 0xb6093d171670, name: ?)
[2m2026-08-01T14:41:48.705521Z[0m [32m INFO[0m [2mwgpu_hal::vulkan::instance[0m[2m:[0m GENERAL [Loader Message (0x0)]
	      /usr/share/vulkan/icd.d/powervr_mesa_icd.json
[2m2026-08-01T14:41:48.705527Z[0m [32m INFO[0m [2mwgpu_hal::vulkan::instance[0m[2m:[0m 	objects: (type: INSTANCE, hndl: 0xb6093d171670, name: ?)
[2m2026-08-01T14:41:48.705533Z[0m [32m INFO[0m [2mwgpu_hal::vulkan::instance[0m[2m:[0m GENERAL [Loader Message (0x0)]
	      /usr/share/vulkan/icd.d/radeon_icd.json
[2m2026-08-01T14:41:48.705539Z[0m [32m INFO[0m [2mwgpu_hal::vulkan::instance[0m[2m:[0m 	objects: (type: INSTANCE, hndl: 0xb6093d171670, name: ?)
[2m2026-08-01T14:41:48.705549Z[0m [32m INFO[0m [2mwgpu_hal::vulkan::instance[0m[2m:[0m GENERAL [Loader Message (0x0)]
	Found ICD manifest file /usr/share/vulkan/icd.d/nouveau_icd.json, version 1.0.1
[2m2026-08-01T14:41:48.705556Z[0m [32m INFO[0m [2mwgpu_hal::vulkan::instance[0m[2m:[0m 	objects: (type: INSTANCE, hndl: 0xb6093d171670, name: ?)
[2m2026-08-01T14:41:48.705593Z[0m [32m INFO[0m [2mwgpu_hal::vulkan::instance[0m[2m:[0m GENERAL [Loader Message (0x0)]
	Found ICD manifest file /usr/share/vulkan/icd.d/broadcom_icd.json, version 1.0.1
[2m2026-08-01T14:41:48.705601Z[0m [32m INFO[0m [2mwgpu_hal::vulkan::instance[0m[2m:[0m 	objects: (type: INSTANCE, hndl: 0xb6093d171670, name: ?)
[2m2026-08-01T14:41:48.705828Z[0m [32m INFO[0m [2mwgpu_hal::vulkan::instance[0m[2m:[0m GENERAL [Loader Message (0x0)]
	Found ICD manifest file /usr/share/vulkan/icd.d/panfrost_icd.json, version 1.0.1
[2m2026-08-01T14:41:48.705836Z[0m [32m INFO[0m [2mwgpu_hal::vulkan::instance[0m[2m:[0m 	objects: (type: INSTANCE, hndl: 0xb6093d171670, name: ?)
[2m2026-08-01T14:41:48.706132Z[0m [32m INFO[0m [2mwgpu_hal::vulkan::instance[0m[2m:[0m GENERAL [Loader Message (0x0)]
	Found ICD manifest file /usr/share/vulkan/icd.d/freedreno_icd.json, version 1.0.1
[2m2026-08-01T14:41:48.706145Z[0m [32m INFO[0m [2mwgpu_hal::vulkan::instance[0m[2m:[0m 	objects: (type: INSTANCE, hndl: 0xb6093d171670, name: ?)
[2m2026-08-01T14:41:48.706907Z[0m [32m INFO[0m [2mwgpu_hal::vulkan::instance[0m[2m:[0m GENERAL [Loader Message (0x0)]
	Found ICD manifest file /usr/share/vulkan/icd.d/gfxstream_vk_icd.json, version 1.0.1
[2m2026-08-01T14:41:48.706921Z[0m [32m INFO[0m [2mwgpu_hal::vulkan::instance[0m[2m:[0m 	objects: (type: INSTANCE, hndl: 0xb6093d171670, name: ?)
[2m2026-08-01T14:41:48.707034Z[0m [32m INFO[0m [2mwgpu_hal::vulkan::instance[0m[2m:[0m GENERAL [Loader Message (0x0)]
	Found ICD manifest file /usr/share/vulkan/icd.d/virtio_icd.json, version 1.0.1
[2m2026-08-01T14:41:48.707042Z[0m [32m INFO[0m [2mwgpu_hal::vulkan::instance[0m[2m:[0m 	objects: (type: INSTANCE, hndl: 0xb6093d171670, name: ?)
[2m2026-08-01T14:41:48.707154Z[0m [32m INFO[0m [2mwgpu_hal::vulkan::instance[0m[2m:[0m GENERAL [Loader Message (0x0)]
	Found ICD manifest file /usr/share/vulkan/icd.d/asahi_icd.json, version 1.0.1
[2m2026-08-01T14:41:48.707163Z[0m [32m INFO[0m [2mwgpu_hal::vulkan::instance[0m[2m:[0m 	objects: (type: INSTANCE, hndl: 0xb6093d171670, name: ?)
[2m2026-08-01T14:41:48.707472Z[0m [32m INFO[0m [2mwgpu_hal::vulkan::instance[0m[2m:[0m GENERAL [Loader Message (0x0)]
	Found ICD manifest file /usr/share/vulkan/icd.d/lvp_icd.json, version 1.0.1
[2m2026-08-01T14:41:48.707490Z[0m [32m INFO[0m [2mwgpu_hal::vulkan::instance[0m[2m:[0m 	objects: (type: INSTANCE, hndl: 0xb6093d171670, name: ?)
[2m2026-08-01T14:41:48.707510Z[0m [32m INFO[0m [2mwgpu_hal::vulkan::instance[0m[2m:[0m GENERAL [Loader Message (0x0)]
	Found ICD manifest file /usr/share/vulkan/icd.d/intel_icd.json, version 1.0.1
[2m2026-08-01T14:41:48.707518Z[0m [32m INFO[0m [2mwgpu_hal::vulkan::instance[0m[2m:[0m 	objects: (type: INSTANCE, hndl: 0xb6093d171670, name: ?)
[2m2026-08-01T14:41:48.707732Z[0m [32m INFO[0m [2mwgpu_hal::vulkan::instance[0m[2m:[0m GENERAL [Loader Message (0x0)]
	Found ICD manifest file /usr/share/vulkan/icd.d/powervr_mesa_icd.json, version 1.0.1
[2m2026-08-01T14:41:48.707741Z[0m [32m INFO[0m [2mwgpu_hal::vulkan::instance[0m[2m:[0m 	objects: (type: INSTANCE, hndl: 0xb6093d171670, name: ?)
[2m2026-08-01T14:41:48.707934Z[0m [32m INFO[0m [2mwgpu_hal::vulkan::instance[0m[2m:[0m GENERAL [Loader Message (0x0)]
	Found ICD manifest file /usr/share/vulkan/icd.d/radeon_icd.json, version 1.0.1
[2m2026-08-01T14:41:48.707943Z[0m [32m INFO[0m [2mwgpu_hal::vulkan::instance[0m[2m:[0m 	objects: (type: INSTANCE, hndl: 0xb6093d171670, name: ?)
[2m2026-08-01T14:41:48.708543Z[0m [32m INFO[0m [2mwgpu_hal::vulkan::instance[0m[2m:[0m GENERAL [Loader Message (0x0)]
	Insert instance layer "VK_LAYER_MESA_device_select" (/usr/lib/aarch64-linux-gnu/libVkLayer_MESA_device_select.so)
[2m2026-08-01T14:41:48.708559Z[0m [32m INFO[0m [2mwgpu_hal::vulkan::instance[0m[2m:[0m 	objects: (type: INSTANCE, hndl: 0xb6093d171670, name: ?)
[2m2026-08-01T14:41:48.708567Z[0m [32m INFO[0m [2mwgpu_hal::vulkan::instance[0m[2m:[0m GENERAL [Loader Message (0x0)]
	vkCreateInstance layer callstack setup to:
[2m2026-08-01T14:41:48.708573Z[0m [32m INFO[0m [2mwgpu_hal::vulkan::instance[0m[2m:[0m 	objects: (type: INSTANCE, hndl: 0xb6093d171670, name: ?)
[2m2026-08-01T14:41:48.708579Z[0m [32m INFO[0m [2mwgpu_hal::vulkan::instance[0m[2m:[0m GENERAL [Loader Message (0x0)]
	   <Application>
[2m2026-08-01T14:41:48.708585Z[0m [32m INFO[0m [2mwgpu_hal::vulkan::instance[0m[2m:[0m 	objects: (type: INSTANCE, hndl: 0xb6093d171670, name: ?)
[2m2026-08-01T14:41:48.708590Z[0m [32m INFO[0m [2mwgpu_hal::vulkan::instance[0m[2m:[0m GENERAL [Loader Message (0x0)]
	     ||
[2m2026-08-01T14:41:48.708596Z[0m [32m INFO[0m [2mwgpu_hal::vulkan::instance[0m[2m:[0m 	objects: (type: INSTANCE, hndl: 0xb6093d171670, name: ?)
[2m2026-08-01T14:41:48.708602Z[0m [32m INFO[0m [2mwgpu_hal::vulkan::instance[0m[2m:[0m GENERAL [Loader Message (0x0)]
	   <Loader>
[2m2026-08-01T14:41:48.708607Z[0m [32m INFO[0m [2mwgpu_hal::vulkan::instance[0m[2m:[0m 	objects: (type: INSTANCE, hndl: 0xb6093d171670, name: ?)
[2m2026-08-01T14:41:48.708613Z[0m [32m INFO[0m [2mwgpu_hal::vulkan::instance[0m[2m:[0m GENERAL [Loader Message (0x0)]
	     ||
[2m2026-08-01T14:41:48.708618Z[0m [32m INFO[0m [2mwgpu_hal::vulkan::instance[0m[2m:[0m 	objects: (type: INSTANCE, hndl: 0xb6093d171670, name: ?)
[2m2026-08-01T14:41:48.708624Z[0m [32m INFO[0m [2mwgpu_hal::vulkan::instance[0m[2m:[0m GENERAL [Loader Message (0x0)]
	   VK_LAYER_MESA_device_select
[2m2026-08-01T14:41:48.708630Z[0m [32m INFO[0m [2mwgpu_hal::vulkan::instance[0m[2m:[0m 	objects: (type: INSTANCE, hndl: 0xb6093d171670, name: ?)
[2m2026-08-01T14:41:48.708635Z[0m [32m INFO[0m [2mwgpu_hal::vulkan::instance[0m[2m:[0m GENERAL [Loader Message (0x0)]
	           Type: Implicit
[2m2026-08-01T14:41:48.708641Z[0m [32m INFO[0m [2mwgpu_hal::vulkan::instance[0m[2m:[0m 	objects: (type: INSTANCE, hndl: 0xb6093d171670, name: ?)
[2m2026-08-01T14:41:48.708654Z[0m [32m INFO[0m [2mwgpu_hal::vulkan::instance[0m[2m:[0m GENERAL [Loader Message (0x0)]
	           Enabled By: Implicit Layer
[2m2026-08-01T14:41:48.708660Z[0m [32m INFO[0m [2mwgpu_hal::vulkan::instance[0m[2m:[0m 	objects: (type: INSTANCE, hndl: 0xb6093d171670, name: ?)
[2m2026-08-01T14:41:48.708671Z[0m [32m INFO[0m [2mwgpu_hal::vulkan::instance[0m[2m:[0m GENERAL [Loader Message (0x0)]
	               Disable Env Var:  NODEVICE_SELECT
[2m2026-08-01T14:41:48.708677Z[0m [32m INFO[0m [2mwgpu_hal::vulkan::instance[0m[2m:[0m 	objects: (type: INSTANCE, hndl: 0xb6093d171670, name: ?)
[2m2026-08-01T14:41:48.708683Z[0m [32m INFO[0m [2mwgpu_hal::vulkan::instance[0m[2m:[0m GENERAL [Loader Message (0x0)]
	           Manifest: /usr/share/vulkan/implicit_layer.d/VkLayer_MESA_device_select.json
[2m2026-08-01T14:41:48.708690Z[0m [32m INFO[0m [2mwgpu_hal::vulkan::instance[0m[2m:[0m 	objects: (type: INSTANCE, hndl: 0xb6093d171670, name: ?)
[2m2026-08-01T14:41:48.708695Z[0m [32m INFO[0m [2mwgpu_hal::vulkan::instance[0m[2m:[0m GENERAL [Loader Message (0x0)]
	           Library:  /usr/lib/aarch64-linux-gnu/libVkLayer_MESA_device_select.so
[2m2026-08-01T14:41:48.708702Z[0m [32m INFO[0m [2mwgpu_hal::vulkan::instance[0m[2m:[0m 	objects: (type: INSTANCE, hndl: 0xb6093d171670, name: ?)
[2m2026-08-01T14:41:48.708707Z[0m [32m INFO[0m [2mwgpu_hal::vulkan::instance[0m[2m:[0m GENERAL [Loader Message (0x0)]
	     ||
[2m2026-08-01T14:41:48.708713Z[0m [32m INFO[0m [2mwgpu_hal::vulkan::instance[0m[2m:[0m 	objects: (type: INSTANCE, hndl: 0xb6093d171670, name: ?)
[2m2026-08-01T14:41:48.708718Z[0m [32m INFO[0m [2mwgpu_hal::vulkan::instance[0m[2m:[0m GENERAL [Loader Message (0x0)]
	   <Drivers>
[2m2026-08-01T14:41:48.708728Z[0m [32m INFO[0m [2mwgpu_hal::vulkan::instance[0m[2m:[0m 	objects: (type: INSTANCE, hndl: 0xb6093d171670, name: ?)
[2m2026-08-01T14:41:48.715542Z[0m [32m INFO[0m [2mwgpu_hal::vulkan::instance[0m[2m:[0m Enabling debug utils
[2m2026-08-01T14:41:48.715812Z[0m [32m INFO[0m [2mwgpu_hal::gles::egl[0m[2m:[0m Using Wayland platform
[slopos-compositor/drm] client connected
[slopos-compositor/drm] client disconnected
[slopos-compositor/drm] client connected
[2m2026-08-01T14:41:48.716172Z[0m [32m INFO[0m [2mwgpu_core::device::resource[0m[2m:[0m Device::maintain: waiting for submission index 0
[2m2026-08-01T14:41:48.743114Z[0m [33m WARN[0m [2mwgpu_hal::gles::egl[0m[2m:[0m Re-initializing Gles context due to Wayland window
[slopos-compositor/drm] client disconnected
[2m2026-08-01T14:41:48.777607Z[0m [32m INFO[0m [2mwgpu_hal::vulkan::instance[0m[2m:[0m GENERAL [Loader Message (0x0)]
	linux_read_sorted_physical_devices:
[2m2026-08-01T14:41:48.777666Z[0m [32m INFO[0m [2mwgpu_hal::vulkan::instance[0m[2m:[0m 	objects: (type: INSTANCE, hndl: 0xb6093d171670, name: ?)
[2m2026-08-01T14:41:48.777676Z[0m [32m INFO[0m [2mwgpu_hal::vulkan::instance[0m[2m:[0m GENERAL [Loader Message (0x0)]
	     Original order:
[2m2026-08-01T14:41:48.777683Z[0m [32m INFO[0m [2mwgpu_hal::vulkan::instance[0m[2m:[0m 	objects: (type: INSTANCE, hndl: 0xb6093d171670, name: ?)
[2m2026-08-01T14:41:48.777699Z[0m [32m INFO[0m [2mwgpu_hal::vulkan::instance[0m[2m:[0m GENERAL [Loader Message (0x0)]
	           [0] llvmpipe (LLVM 21.1.8, 128 bits)
[2m2026-08-01T14:41:48.777707Z[0m [32m INFO[0m [2mwgpu_hal::vulkan::instance[0m[2m:[0m 	objects: (type: INSTANCE, hndl: 0xb6093d171670, name: ?)
[2m2026-08-01T14:41:48.777718Z[0m [32m INFO[0m [2mwgpu_hal::vulkan::instance[0m[2m:[0m GENERAL [Loader Message (0x0)]
	     Sorted order:
[2m2026-08-01T14:41:48.777724Z[0m [32m INFO[0m [2mwgpu_hal::vulkan::instance[0m[2m:[0m 	objects: (type: INSTANCE, hndl: 0xb6093d171670, name: ?)
[2m2026-08-01T14:41:48.777731Z[0m [32m INFO[0m [2mwgpu_hal::vulkan::instance[0m[2m:[0m GENERAL [Loader Message (0x0)]
	           [0] llvmpipe (LLVM 21.1.8, 128 bits)  
[2m2026-08-01T14:41:48.777737Z[0m [32m INFO[0m [2mwgpu_hal::vulkan::instance[0m[2m:[0m 	objects: (type: INSTANCE, hndl: 0xb6093d171670, name: ?)
[2m2026-08-01T14:41:48.777751Z[0m [32m INFO[0m [2mwgpu_hal::vulkan::instance[0m[2m:[0m GENERAL [Loader Message (0x0)]
	linux_read_sorted_physical_devices:
[2m2026-08-01T14:41:48.777772Z[0m [32m INFO[0m [2mwgpu_hal::vulkan::instance[0m[2m:[0m 	objects: (type: INSTANCE, hndl: 0xb6093d171670, name: ?)
[2m2026-08-01T14:41:48.777779Z[0m [32m INFO[0m [2mwgpu_hal::vulkan::instance[0m[2m:[0m GENERAL [Loader Message (0x0)]
	     Original order:
[2m2026-08-01T14:41:48.777785Z[0m [32m INFO[0m [2mwgpu_hal::vulkan::instance[0m[2m:[0m 	objects: (type: INSTANCE, hndl: 0xb6093d171670, name: ?)
[2m2026-08-01T14:41:48.777795Z[0m [32m INFO[0m [2mwgpu_hal::vulkan::instance[0m[2m:[0m GENERAL [Loader Message (0x0)]
	           [0] llvmpipe (LLVM 21.1.8, 128 bits)
[2m2026-08-01T14:41:48.777801Z[0m [32m INFO[0m [2mwgpu_hal::vulkan::instance[0m[2m:[0m 	objects: (type: INSTANCE, hndl: 0xb6093d171670, name: ?)
[2m2026-08-01T14:41:48.777807Z[0m [32m INFO[0m [2mwgpu_hal::vulkan::instance[0m[2m:[0m GENERAL [Loader Message (0x0)]
	     Sorted order:
[2m2026-08-01T14:41:48.777812Z[0m [32m INFO[0m [2mwgpu_hal::vulkan::instance[0m[2m:[0m 	objects: (type: INSTANCE, hndl: 0xb6093d171670, name: ?)
[2m2026-08-01T14:41:48.777818Z[0m [32m INFO[0m [2mwgpu_hal::vulkan::instance[0m[2m:[0m GENERAL [Loader Message (0x0)]
	           [0] llvmpipe (LLVM 21.1.8, 128 bits)  
[2m2026-08-01T14:41:48.777824Z[0m [32m INFO[0m [2mwgpu_hal::vulkan::instance[0m[2m:[0m 	objects: (type: INSTANCE, hndl: 0xb6093d171670, name: ?)
[slopos-compositor/drm] client connected
[slopos-compositor/drm] client disconnected
[2m2026-08-01T14:41:48.778878Z[0m [32m INFO[0m [2mwgpu_hal::vulkan::instance[0m[2m:[0m GENERAL [Loader Message (0x0)]
	linux_read_sorted_physical_devices:
[2m2026-08-01T14:41:48.778900Z[0m [32m INFO[0m [2mwgpu_hal::vulkan::instance[0m[2m:[0m 	objects: (type: INSTANCE, hndl: 0xb6093d171670, name: ?)
[2m2026-08-01T14:41:48.778906Z[0m [32m INFO[0m [2mwgpu_hal::vulkan::instance[0m[2m:[0m GENERAL [Loader Message (0x0)]
	     Original order:
[2m2026-08-01T14:41:48.778911Z[0m [32m INFO[0m [2mwgpu_hal::vulkan::instance[0m[2m:[0m 	objects: (type: INSTANCE, hndl: 0xb6093d171670, name: ?)
[2m2026-08-01T14:41:48.778923Z[0m [32m INFO[0m [2mwgpu_hal::vulkan::instance[0m[2m:[0m GENERAL [Loader Message (0x0)]
	           [0] llvmpipe (LLVM 21.1.8, 128 bits)
[2m2026-08-01T14:41:48.778929Z[0m [32m INFO[0m [2mwgpu_hal::vulkan::instance[0m[2m:[0m 	objects: (type: INSTANCE, hndl: 0xb6093d171670, name: ?)
[2m2026-08-01T14:41:48.778934Z[0m [32m INFO[0m [2mwgpu_hal::vulkan::instance[0m[2m:[0m GENERAL [Loader Message (0x0)]
	     Sorted order:
[2m2026-08-01T14:41:48.778940Z[0m [32m INFO[0m [2mwgpu_hal::vulkan::instance[0m[2m:[0m 	objects: (type: INSTANCE, hndl: 0xb6093d171670, name: ?)
[2m2026-08-01T14:41:48.778946Z[0m [32m INFO[0m [2mwgpu_hal::vulkan::instance[0m[2m:[0m GENERAL [Loader Message (0x0)]
	           [0] llvmpipe (LLVM 21.1.8, 128 bits)  
[2m2026-08-01T14:41:48.778952Z[0m [32m INFO[0m [2mwgpu_hal::vulkan::instance[0m[2m:[0m 	objects: (type: INSTANCE, hndl: 0xb6093d171670, name: ?)
[2m2026-08-01T14:41:48.778960Z[0m [32m INFO[0m [2mwgpu_hal::vulkan::instance[0m[2m:[0m GENERAL [Loader Message (0x0)]
	linux_read_sorted_physical_devices:
[2m2026-08-01T14:41:48.778966Z[0m [32m INFO[0m [2mwgpu_hal::vulkan::instance[0m[2m:[0m 	objects: (type: INSTANCE, hndl: 0xb6093d171670, name: ?)
[2m2026-08-01T14:41:48.778972Z[0m [32m INFO[0m [2mwgpu_hal::vulkan::instance[0m[2m:[0m GENERAL [Loader Message (0x0)]
	     Original order:
[2m2026-08-01T14:41:48.778977Z[0m [32m INFO[0m [2mwgpu_hal::vulkan::instance[0m[2m:[0m 	objects: (type: INSTANCE, hndl: 0xb6093d171670, name: ?)
[2m2026-08-01T14:41:48.778985Z[0m [32m INFO[0m [2mwgpu_hal::vulkan::instance[0m[2m:[0m GENERAL [Loader Message (0x0)]
	           [0] llvmpipe (LLVM 21.1.8, 128 bits)
[2m2026-08-01T14:41:48.778991Z[0m [32m INFO[0m [2mwgpu_hal::vulkan::instance[0m[2m:[0m 	objects: (type: INSTANCE, hndl: 0xb6093d171670, name: ?)
[2m2026-08-01T14:41:48.779001Z[0m [32m INFO[0m [2mwgpu_hal::vulkan::instance[0m[2m:[0m GENERAL [Loader Message (0x0)]
	     Sorted order:
[2m2026-08-01T14:41:48.779007Z[0m [32m INFO[0m [2mwgpu_hal::vulkan::instance[0m[2m:[0m 	objects: (type: INSTANCE, hndl: 0xb6093d171670, name: ?)
[2m2026-08-01T14:41:48.779013Z[0m [32m INFO[0m [2mwgpu_hal::vulkan::instance[0m[2m:[0m GENERAL [Loader Message (0x0)]
	           [0] llvmpipe (LLVM 21.1.8, 128 bits)  
[2m2026-08-01T14:41:48.779019Z[0m [32m INFO[0m [2mwgpu_hal::vulkan::instance[0m[2m:[0m 	objects: (type: INSTANCE, hndl: 0xb6093d171670, name: ?)
[slopos-compositor/drm] client connected
[2m2026-08-01T14:41:48.779660Z[0m [32m INFO[0m [2mwgpu_hal::vulkan::instance[0m[2m:[0m GENERAL [Loader Message (0x0)]
	Removing driver /usr/lib/aarch64-linux-gnu/libvulkan_radeon.so due to not having any physical devices
[2m2026-08-01T14:41:48.779675Z[0m [32m INFO[0m [2mwgpu_hal::vulkan::instance[0m[2m:[0m 	objects: (type: INSTANCE, hndl: 0xb6093d171670, name: ?)
[slopos-compositor/drm] client disconnected
[2m2026-08-01T14:41:48.779844Z[0m [32m INFO[0m [2mwgpu_hal::vulkan::instance[0m[2m:[0m GENERAL [Loader Message (0x0)]
	Removing driver /usr/lib/aarch64-linux-gnu/libvulkan_powervr_mesa.so due to not having any physical devices
[2m2026-08-01T14:41:48.779856Z[0m [32m INFO[0m [2mwgpu_hal::vulkan::instance[0m[2m:[0m 	objects: (type: INSTANCE, hndl: 0xb6093d171670, name: ?)
[2m2026-08-01T14:41:48.779966Z[0m [32m INFO[0m [2mwgpu_hal::vulkan::instance[0m[2m:[0m GENERAL [Loader Message (0x0)]
	Removing driver /usr/lib/aarch64-linux-gnu/libvulkan_intel.so due to not having any physical devices
[2m2026-08-01T14:41:48.779977Z[0m [32m INFO[0m [2mwgpu_hal::vulkan::instance[0m[2m:[0m 	objects: (type: INSTANCE, hndl: 0xb6093d171670, name: ?)
[2m2026-08-01T14:41:48.780104Z[0m [32m INFO[0m [2mwgpu_hal::vulkan::instance[0m[2m:[0m GENERAL [Loader Message (0x0)]
	Removing driver /usr/lib/aarch64-linux-gnu/libvulkan_asahi.so due to not having any physical devices
[2m2026-08-01T14:41:48.780115Z[0m [32m INFO[0m [2mwgpu_hal::vulkan::instance[0m[2m:[0m 	objects: (type: INSTANCE, hndl: 0xb6093d171670, name: ?)
[2m2026-08-01T14:41:48.780520Z[0m [32m INFO[0m [2mwgpu_hal::vulkan::instance[0m[2m:[0m GENERAL [Loader Message (0x0)]
	Removing driver /usr/lib/aarch64-linux-gnu/libvulkan_virtio.so due to not having any physical devices
[2m2026-08-01T14:41:48.780533Z[0m [32m INFO[0m [2mwgpu_hal::vulkan::instance[0m[2m:[0m 	objects: (type: INSTANCE, hndl: 0xb6093d171670, name: ?)
[2m2026-08-01T14:41:48.780623Z[0m [32m INFO[0m [2mwgpu_hal::vulkan::instance[0m[2m:[0m GENERAL [Loader Message (0x0)]
	Removing driver /usr/lib/aarch64-linux-gnu/libvulkan_gfxstream.so due to not having any physical devices
[2m2026-08-01T14:41:48.780633Z[0m [32m INFO[0m [2mwgpu_hal::vulkan::instance[0m[2m:[0m 	objects: (type: INSTANCE, hndl: 0xb6093d171670, name: ?)
[2m2026-08-01T14:41:48.780710Z[0m [32m INFO[0m [2mwgpu_hal::vulkan::instance[0m[2m:[0m GENERAL [Loader Message (0x0)]
	Removing driver /usr/lib/aarch64-linux-gnu/libvulkan_freedreno.so due to not having any physical devices
[2m2026-08-01T14:41:48.780719Z[0m [32m INFO[0m [2mwgpu_hal::vulkan::instance[0m[2m:[0m 	objects: (type: INSTANCE, hndl: 0xb6093d171670, name: ?)
[2m2026-08-01T14:41:48.780813Z[0m [32m INFO[0m [2mwgpu_hal::vulkan::instance[0m[2m:[0m GENERAL [Loader Message (0x0)]
	Removing driver /usr/lib/aarch64-linux-gnu/libvulkan_panfrost.so due to not having any physical devices
[2m2026-08-01T14:41:48.780823Z[0m [32m INFO[0m [2mwgpu_hal::vulkan::instance[0m[2m:[0m 	objects: (type: INSTANCE, hndl: 0xb6093d171670, name: ?)
[2m2026-08-01T14:41:48.780953Z[0m [32m INFO[0m [2mwgpu_hal::vulkan::instance[0m[2m:[0m GENERAL [Loader Message (0x0)]
	Removing driver /usr/lib/aarch64-linux-gnu/libvulkan_broadcom.so due to not having any physical devices
[2m2026-08-01T14:41:48.780962Z[0m [32m INFO[0m [2mwgpu_hal::vulkan::instance[0m[2m:[0m 	objects: (type: INSTANCE, hndl: 0xb6093d171670, name: ?)
[2m2026-08-01T14:41:48.781070Z[0m [32m INFO[0m [2mwgpu_hal::vulkan::instance[0m[2m:[0m GENERAL [Loader Message (0x0)]
	Removing driver /usr/lib/aarch64-linux-gnu/libvulkan_nouveau.so due to not having any physical devices
[2m2026-08-01T14:41:48.781079Z[0m [32m INFO[0m [2mwgpu_hal::vulkan::instance[0m[2m:[0m 	objects: (type: INSTANCE, hndl: 0xb6093d171670, name: ?)
[2m2026-08-01T14:41:48.786095Z[0m [32m INFO[0m [2mwgpu_core::instance[0m[2m:[0m Adapter Vulkan AdapterInfo { name: "llvmpipe (LLVM 21.1.8, 128 bits)", vendor: 65541, device: 0, device_type: Cpu, driver: "llvmpipe", driver_info: "Mesa 26.0.3-1ubuntu1 (LLVM 21.1.8)", backend: Vulkan }
[2m2026-08-01T14:41:48.786553Z[0m [32m INFO[0m [2mwgpu_hal::vulkan::instance[0m[2m:[0m GENERAL [Loader Message (0x0)]
	Failed to find vkGetDeviceProcAddr in layer "/usr/lib/aarch64-linux-gnu/libVkLayer_MESA_device_select.so"
[2m2026-08-01T14:41:48.786578Z[0m [32m INFO[0m [2mwgpu_hal::vulkan::instance[0m[2m:[0m 	objects: (type: INSTANCE, hndl: 0xb6093d171670, name: ?)
[2m2026-08-01T14:41:48.786587Z[0m [32m INFO[0m [2mwgpu_hal::vulkan::instance[0m[2m:[0m GENERAL [Loader Message (0x0)]
	vkCreateDevice layer callstack setup to:
[2m2026-08-01T14:41:48.786594Z[0m [32m INFO[0m [2mwgpu_hal::vulkan::instance[0m[2m:[0m 	objects: (type: INSTANCE, hndl: 0xb6093d171670, name: ?)
[2m2026-08-01T14:41:48.786599Z[0m [32m INFO[0m [2mwgpu_hal::vulkan::instance[0m[2m:[0m GENERAL [Loader Message (0x0)]
	   <Application>
[2m2026-08-01T14:41:48.786605Z[0m [32m INFO[0m [2mwgpu_hal::vulkan::instance[0m[2m:[0m 	objects: (type: INSTANCE, hndl: 0xb6093d171670, name: ?)
[2m2026-08-01T14:41:48.786610Z[0m [32m INFO[0m [2mwgpu_hal::vulkan::instance[0m[2m:[0m GENERAL [Loader Message (0x0)]
	     ||
[2m2026-08-01T14:41:48.786616Z[0m [32m INFO[0m [2mwgpu_hal::vulkan::instance[0m[2m:[0m 	objects: (type: INSTANCE, hndl: 0xb6093d171670, name: ?)
[2m2026-08-01T14:41:48.786621Z[0m [32m INFO[0m [2mwgpu_hal::vulkan::instance[0m[2m:[0m GENERAL [Loader Message (0x0)]
	   <Loader>
[2m2026-08-01T14:41:48.786627Z[0m [32m INFO[0m [2mwgpu_hal::vulkan::instance[0m[2m:[0m 	objects: (type: INSTANCE, hndl: 0xb6093d171670, name: ?)
[2m2026-08-01T14:41:48.786632Z[0m [32m INFO[0m [2mwgpu_hal::vulkan::instance[0m[2m:[0m GENERAL [Loader Message (0x0)]
	     ||
[2m2026-08-01T14:41:48.786638Z[0m [32m INFO[0m [2mwgpu_hal::vulkan::instance[0m[2m:[0m 	objects: (type: INSTANCE, hndl: 0xb6093d171670, name: ?)
[2m2026-08-01T14:41:48.786643Z[0m [32m INFO[0m [2mwgpu_hal::vulkan::instance[0m[2m:[0m GENERAL [Loader Message (0x0)]
	   <Device>
[2m2026-08-01T14:41:48.786648Z[0m [32m INFO[0m [2mwgpu_hal::vulkan::instance[0m[2m:[0m 	objects: (type: INSTANCE, hndl: 0xb6093d171670, name: ?)
[2m2026-08-01T14:41:48.786730Z[0m [32m INFO[0m [2mwgpu_hal::vulkan::instance[0m[2m:[0m GENERAL [Loader Message (0x0)]
	       Using "llvmpipe (LLVM 21.1.8, 128 bits)" with driver: "/usr/lib/aarch64-linux-gnu/libvulkan_lvp.so"
[2m2026-08-01T14:41:48.786737Z[0m [32m INFO[0m [2mwgpu_hal::vulkan::instance[0m[2m:[0m 	objects: (type: INSTANCE, hndl: 0xb6093d171670, name: ?)
[2m2026-08-01T14:41:48.799573Z[0m [32m INFO[0m [2mwgpu_core::device::resource[0m[2m:[0m Device::maintain: waiting for submission index 0
[2m2026-08-01T14:41:48.819827Z[0m [33m WARN[0m [2mwgpu_hal::vulkan::instance[0m[2m:[0m InstanceFlags::VALIDATION requested, but unable to find layer: VK_LAYER_KHRONOS_validation
[2m2026-08-01T14:41:48.819902Z[0m [32m INFO[0m [2mwgpu_hal::vulkan::instance[0m[2m:[0m GENERAL [Loader Message (0x0)]
	No valid vk_loader_settings.json file found, no loader settings will be active
[2m2026-08-01T14:41:48.819923Z[0m [32m INFO[0m [2mwgpu_hal::vulkan::instance[0m[2m:[0m 	objects: (type: INSTANCE, hndl: 0xb60940431d10, name: ?)
[2m2026-08-01T14:41:48.819933Z[0m [32m INFO[0m [2mwgpu_hal::vulkan::instance[0m[2m:[0m GENERAL [Loader Message (0x0)]
	Searching for implicit layer manifest files
[2m2026-08-01T14:41:48.819949Z[0m [32m INFO[0m [2mwgpu_hal::vulkan::instance[0m[2m:[0m 	objects: (type: INSTANCE, hndl: 0xb60940431d10, name: ?)
[2m2026-08-01T14:41:48.819956Z[0m [32m INFO[0m [2mwgpu_hal::vulkan::instance[0m[2m:[0m GENERAL [Loader Message (0x0)]
	   In following locations:
[2m2026-08-01T14:41:48.819962Z[0m [32m INFO[0m [2mwgpu_hal::vulkan::instance[0m[2m:[0m 	objects: (type: INSTANCE, hndl: 0xb60940431d10, name: ?)
[2m2026-08-01T14:41:48.819968Z[0m [32m INFO[0m [2mwgpu_hal::vulkan::instance[0m[2m:[0m GENERAL [Loader Message (0x0)]
	      /home/ubuntu/.config/vulkan/implicit_layer.d
[2m2026-08-01T14:41:48.819974Z[0m [32m INFO[0m [2mwgpu_hal::vulkan::instance[0m[2m:[0m 	objects: (type: INSTANCE, hndl: 0xb60940431d10, name: ?)
[2m2026-08-01T14:41:48.819980Z[0m [32m INFO[0m [2mwgpu_hal::vulkan::instance[0m[2m:[0m GENERAL [Loader Message (0x0)]
	      /etc/xdg/vulkan/implicit_layer.d
[2m2026-08-01T14:41:48.819986Z[0m [32m INFO[0m [2mwgpu_hal::vulkan::instance[0m[2m:[0m 	objects: (type: INSTANCE, hndl: 0xb60940431d10, name: ?)
[2m2026-08-01T14:41:48.819992Z[0m [32m INFO[0m [2mwgpu_hal::vulkan::instance[0m[2m:[0m GENERAL [Loader Message (0x0)]
	      /etc/vulkan/implicit_layer.d
[2m2026-08-01T14:41:48.819998Z[0m [32m INFO[0m [2mwgpu_hal::vulkan::instance[0m[2m:[0m 	objects: (type: INSTANCE, hndl: 0xb60940431d10, name: ?)
[2m2026-08-01T14:41:48.820004Z[0m [32m INFO[0m [2mwgpu_hal::vulkan::instance[0m[2m:[0m GENERAL [Loader Message (0x0)]
	      /home/ubuntu/.local/share/vulkan/implicit_layer.d
[2m2026-08-01T14:41:48.820010Z[0m [32m INFO[0m [2mwgpu_hal::vulkan::instance[0m[2m:[0m 	objects: (type: INSTANCE, hndl: 0xb60940431d10, name: ?)
[2m2026-08-01T14:41:48.820016Z[0m [32m INFO[0m [2mwgpu_hal::vulkan::instance[0m[2m:[0m GENERAL [Loader Message (0x0)]
	      /usr/local/share/vulkan/implicit_layer.d
[2m2026-08-01T14:41:48.820022Z[0m [32m INFO[0m [2mwgpu_hal::vulkan::instance[0m[2m:[0m 	objects: (type: INSTANCE, hndl: 0xb60940431d10, name: ?)
[2m2026-08-01T14:41:48.820028Z[0m [32m INFO[0m [2mwgpu_hal::vulkan::instance[0m[2m:[0m GENERAL [Loader Message (0x0)]
	      /usr/share/vulkan/implicit_layer.d
[2m2026-08-01T14:41:48.820034Z[0m [32m INFO[0m [2mwgpu_hal::vulkan::instance[0m[2m:[0m 	objects: (type: INSTANCE, hndl: 0xb60940431d10, name: ?)
[2m2026-08-01T14:41:48.820054Z[0m [32m INFO[0m [2mwgpu_hal::vulkan::instance[0m[2m:[0m GENERAL [Loader Message (0x0)]
	   Found the following files:
[2m2026-08-01T14:41:48.820061Z[0m [32m INFO[0m [2mwgpu_hal::vulkan::instance[0m[2m:[0m 	objects: (type: INSTANCE, hndl: 0xb60940431d10, name: ?)
[2m2026-08-01T14:41:48.820067Z[0m [32m INFO[0m [2mwgpu_hal::vulkan::instance[0m[2m:[0m GENERAL [Loader Message (0x0)]
	      /usr/share/vulkan/implicit_layer.d/VkLayer_MESA_anti_lag.json
[2m2026-08-01T14:41:48.820073Z[0m [32m INFO[0m [2mwgpu_hal::vulkan::instance[0m[2m:[0m 	objects: (type: INSTANCE, hndl: 0xb60940431d10, name: ?)
[2m2026-08-01T14:41:48.820079Z[0m [32m INFO[0m [2mwgpu_hal::vulkan::instance[0m[2m:[0m GENERAL [Loader Message (0x0)]
	      /usr/share/vulkan/implicit_layer.d/VkLayer_MESA_device_select.json
[2m2026-08-01T14:41:48.820086Z[0m [32m INFO[0m [2mwgpu_hal::vulkan::instance[0m[2m:[0m 	objects: (type: INSTANCE, hndl: 0xb60940431d10, name: ?)
[2m2026-08-01T14:41:48.820097Z[0m [32m INFO[0m [2mwgpu_hal::vulkan::instance[0m[2m:[0m GENERAL [Loader Message (0x0)]
	Found manifest file /usr/share/vulkan/implicit_layer.d/VkLayer_MESA_anti_lag.json (file version 1.2.1)
[2m2026-08-01T14:41:48.820105Z[0m [32m INFO[0m [2mwgpu_hal::vulkan::instance[0m[2m:[0m 	objects: (type: INSTANCE, hndl: 0xb60940431d10, name: ?)
[2m2026-08-01T14:41:48.820120Z[0m [32m INFO[0m [2mwgpu_hal::vulkan::instance[0m[2m:[0m GENERAL [Loader Message (0x0)]
	Found manifest file /usr/share/vulkan/implicit_layer.d/VkLayer_MESA_device_select.json (file version 1.0.0)
[2m2026-08-01T14:41:48.820132Z[0m [32m INFO[0m [2mwgpu_hal::vulkan::instance[0m[2m:[0m 	objects: (type: INSTANCE, hndl: 0xb60940431d10, name: ?)
[2m2026-08-01T14:41:48.820143Z[0m [32m INFO[0m [2mwgpu_hal::vulkan::instance[0m[2m:[0m GENERAL [Loader Message (0x0)]
	Searching for explicit layer manifest files
[2m2026-08-01T14:41:48.820150Z[0m [32m INFO[0m [2mwgpu_hal::vulkan::instance[0m[2m:[0m 	objects: (type: INSTANCE, hndl: 0xb60940431d10, name: ?)
[2m2026-08-01T14:41:48.820155Z[0m [32m INFO[0m [2mwgpu_hal::vulkan::instance[0m[2m:[0m GENERAL [Loader Message (0x0)]
	   In following locations:
[2m2026-08-01T14:41:48.820161Z[0m [32m INFO[0m [2mwgpu_hal::vulkan::instance[0m[2m:[0m 	objects: (type: INSTANCE, hndl: 0xb60940431d10, name: ?)
[2m2026-08-01T14:41:48.820167Z[0m [32m INFO[0m [2mwgpu_hal::vulkan::instance[0m[2m:[0m GENERAL [Loader Message (0x0)]
	      /home/ubuntu/.config/vulkan/explicit_layer.d
[2m2026-08-01T14:41:48.820173Z[0m [32m INFO[0m [2mwgpu_hal::vulkan::instance[0m[2m:[0m 	objects: (type: INSTANCE, hndl: 0xb60940431d10, name: ?)
[2m2026-08-01T14:41:48.820178Z[0m [32m INFO[0m [2mwgpu_hal::vulkan::instance[0m[2m:[0m GENERAL [Loader Message (0x0)]
	      /etc/xdg/vulkan/explicit_layer.d
[2m2026-08-01T14:41:48.820184Z[0m [32m INFO[0m [2mwgpu_hal::vulkan::instance[0m[2m:[0m 	objects: (type: INSTANCE, hndl: 0xb60940431d10, name: ?)
[2m2026-08-01T14:41:48.820189Z[0m [32m INFO[0m [2mwgpu_hal::vulkan::instance[0m[2m:[0m GENERAL [Loader Message (0x0)]
	      /etc/vulkan/explicit_layer.d
[2m2026-08-01T14:41:48.820195Z[0m [32m INFO[0m [2mwgpu_hal::vulkan::instance[0m[2m:[0m 	objects: (type: INSTANCE, hndl: 0xb60940431d10, name: ?)
[2m2026-08-01T14:41:48.820201Z[0m [32m INFO[0m [2mwgpu_hal::vulkan::instance[0m[2m:[0m GENERAL [Loader Message (0x0)]
	      /home/ubuntu/.local/share/vulkan/explicit_layer.d
[2m2026-08-01T14:41:48.820207Z[0m [32m INFO[0m [2mwgpu_hal::vulkan::instance[0m[2m:[0m 	objects: (type: INSTANCE, hndl: 0xb60940431d10, name: ?)
[2m2026-08-01T14:41:48.820213Z[0m [32m INFO[0m [2mwgpu_hal::vulkan::instance[0m[2m:[0m GENERAL [Loader Message (0x0)]
	      /usr/local/share/vulkan/explicit_layer.d
[2m2026-08-01T14:41:48.820219Z[0m [32m INFO[0m [2mwgpu_hal::vulkan::instance[0m[2m:[0m 	objects: (type: INSTANCE, hndl: 0xb60940431d10, name: ?)
[2m2026-08-01T14:41:48.820358Z[0m [32m INFO[0m [2mwgpu_hal::vulkan::instance[0m[2m:[0m GENERAL [Loader Message (0x0)]
	      /usr/share/vulkan/explicit_layer.d
[2m2026-08-01T14:41:48.820383Z[0m [32m INFO[0m [2mwgpu_hal::vulkan::instance[0m[2m:[0m 	objects: (type: INSTANCE, hndl: 0xb60940431d10, name: ?)
[2m2026-08-01T14:41:48.820410Z[0m [32m INFO[0m [2mwgpu_hal::vulkan::instance[0m[2m:[0m GENERAL [Loader Message (0x0)]
	   Found the following files:
[2m2026-08-01T14:41:48.820418Z[0m [32m INFO[0m [2mwgpu_hal::vulkan::instance[0m[2m:[0m 	objects: (type: INSTANCE, hndl: 0xb60940431d10, name: ?)
[2m2026-08-01T14:41:48.820424Z[0m [32m INFO[0m [2mwgpu_hal::vulkan::instance[0m[2m:[0m GENERAL [Loader Message (0x0)]
	      /usr/share/vulkan/explicit_layer.d/VkLayer_MESA_screenshot.json
[2m2026-08-01T14:41:48.820431Z[0m [32m INFO[0m [2mwgpu_hal::vulkan::instance[0m[2m:[0m 	objects: (type: INSTANCE, hndl: 0xb60940431d10, name: ?)
[2m2026-08-01T14:41:48.820438Z[0m [32m INFO[0m [2mwgpu_hal::vulkan::instance[0m[2m:[0m GENERAL [Loader Message (0x0)]
	      /usr/share/vulkan/explicit_layer.d/VkLayer_MESA_overlay.json
[2m2026-08-01T14:41:48.820445Z[0m [32m INFO[0m [2mwgpu_hal::vulkan::instance[0m[2m:[0m 	objects: (type: INSTANCE, hndl: 0xb60940431d10, name: ?)
[2m2026-08-01T14:41:48.820451Z[0m [32m INFO[0m [2mwgpu_hal::vulkan::instance[0m[2m:[0m GENERAL [Loader Message (0x0)]
	      /usr/share/vulkan/explicit_layer.d/VkLayer_INTEL_nullhw.json
[2m2026-08-01T14:41:48.820457Z[0m [32m INFO[0m [2mwgpu_hal::vulkan::instance[0m[2m:[0m 	objects: (type: INSTANCE, hndl: 0xb60940431d10, name: ?)
[2m2026-08-01T14:41:48.820472Z[0m [32m INFO[0m [2mwgpu_hal::vulkan::instance[0m[2m:[0m GENERAL [Loader Message (0x0)]
	Found manifest file /usr/share/vulkan/explicit_layer.d/VkLayer_MESA_screenshot.json (file version 1.0.0)
[2m2026-08-01T14:41:48.820480Z[0m [32m INFO[0m [2mwgpu_hal::vulkan::instance[0m[2m:[0m 	objects: (type: INSTANCE, hndl: 0xb60940431d10, name: ?)
[2m2026-08-01T14:41:48.820492Z[0m [32m INFO[0m [2mwgpu_hal::vulkan::instance[0m[2m:[0m GENERAL [Loader Message (0x0)]
	Found manifest file /usr/share/vulkan/explicit_layer.d/VkLayer_MESA_overlay.json (file version 1.0.0)
[2m2026-08-01T14:41:48.820500Z[0m [32m INFO[0m [2mwgpu_hal::vulkan::instance[0m[2m:[0m 	objects: (type: INSTANCE, hndl: 0xb60940431d10, name: ?)
[2m2026-08-01T14:41:48.820511Z[0m [32m INFO[0m [2mwgpu_hal::vulkan::instance[0m[2m:[0m GENERAL [Loader Message (0x0)]
	Found manifest file /usr/share/vulkan/explicit_layer.d/VkLayer_INTEL_nullhw.json (file version 1.0.0)
[2m2026-08-01T14:41:48.820519Z[0m [32m INFO[0m [2mwgpu_hal::vulkan::instance[0m[2m:[0m 	objects: (type: INSTANCE, hndl: 0xb60940431d10, name: ?)
[2m2026-08-01T14:41:48.820530Z[0m [32m INFO[0m [2mwgpu_hal::vulkan::instance[0m[2m:[0m GENERAL [Loader Message (0x0)]
	Searching for driver manifest files
[2m2026-08-01T14:41:48.820536Z[0m [32m INFO[0m [2mwgpu_hal::vulkan::instance[0m[2m:[0m 	objects: (type: INSTANCE, hndl: 0xb60940431d10, name: ?)
[2m2026-08-01T14:41:48.820542Z[0m [32m INFO[0m [2mwgpu_hal::vulkan::instance[0m[2m:[0m GENERAL [Loader Message (0x0)]
	   In following locations:
[2m2026-08-01T14:41:48.820548Z[0m [32m INFO[0m [2mwgpu_hal::vulkan::instance[0m[2m:[0m 	objects: (type: INSTANCE, hndl: 0xb60940431d10, name: ?)
[2m2026-08-01T14:41:48.820554Z[0m [32m INFO[0m [2mwgpu_hal::vulkan::instance[0m[2m:[0m GENERAL [Loader Message (0x0)]
	      /home/ubuntu/.config/vulkan/icd.d
[2m2026-08-01T14:41:48.820560Z[0m [32m INFO[0m [2mwgpu_hal::vulkan::instance[0m[2m:[0m 	objects: (type: INSTANCE, hndl: 0xb60940431d10, name: ?)
[2m2026-08-01T14:41:48.820566Z[0m [32m INFO[0m [2mwgpu_hal::vulkan::instance[0m[2m:[0m GENERAL [Loader Message (0x0)]
	      /etc/xdg/vulkan/icd.d
[2m2026-08-01T14:41:48.820571Z[0m [32m INFO[0m [2mwgpu_hal::vulkan::instance[0m[2m:[0m 	objects: (type: INSTANCE, hndl: 0xb60940431d10, name: ?)
[2m2026-08-01T14:41:48.820577Z[0m [32m INFO[0m [2mwgpu_hal::vulkan::instance[0m[2m:[0m GENERAL [Loader Message (0x0)]
	      /etc/vulkan/icd.d
[2m2026-08-01T14:41:48.820583Z[0m [32m INFO[0m [2mwgpu_hal::vulkan::instance[0m[2m:[0m 	objects: (type: INSTANCE, hndl: 0xb60940431d10, name: ?)
[2m2026-08-01T14:41:48.820589Z[0m [32m INFO[0m [2mwgpu_hal::vulkan::instance[0m[2m:[0m GENERAL [Loader Message (0x0)]
	      /home/ubuntu/.local/share/vulkan/icd.d
[2m2026-08-01T14:41:48.820595Z[0m [32m INFO[0m [2mwgpu_hal::vulkan::instance[0m[2m:[0m 	objects: (type: INSTANCE, hndl: 0xb60940431d10, name: ?)
[2m2026-08-01T14:41:48.820600Z[0m [32m INFO[0m [2mwgpu_hal::vulkan::instance[0m[2m:[0m GENERAL [Loader Message (0x0)]
	      /usr/local/share/vulkan/icd.d
[2m2026-08-01T14:41:48.820606Z[0m [32m INFO[0m [2mwgpu_hal::vulkan::instance[0m[2m:[0m 	objects: (type: INSTANCE, hndl: 0xb60940431d10, name: ?)
[2m2026-08-01T14:41:48.820612Z[0m [32m INFO[0m [2mwgpu_hal::vulkan::instance[0m[2m:[0m GENERAL [Loader Message (0x0)]
	      /usr/share/vulkan/icd.d
[2m2026-08-01T14:41:48.820618Z[0m [32m INFO[0m [2mwgpu_hal::vulkan::instance[0m[2m:[0m 	objects: (type: INSTANCE, hndl: 0xb60940431d10, name: ?)
[2m2026-08-01T14:41:48.820651Z[0m [32m INFO[0m [2mwgpu_hal::vulkan::instance[0m[2m:[0m GENERAL [Loader Message (0x0)]
	   Found the following files:
[2m2026-08-01T14:41:48.820658Z[0m [32m INFO[0m [2mwgpu_hal::vulkan::instance[0m[2m:[0m 	objects: (type: INSTANCE, hndl: 0xb60940431d10, name: ?)
[2m2026-08-01T14:41:48.820664Z[0m [32m INFO[0m [2mwgpu_hal::vulkan::instance[0m[2m:[0m GENERAL [Loader Message (0x0)]
	      /usr/share/vulkan/icd.d/nouveau_icd.json
[2m2026-08-01T14:41:48.820672Z[0m [32m INFO[0m [2mwgpu_hal::vulkan::instance[0m[2m:[0m 	objects: (type: INSTANCE, hndl: 0xb60940431d10, name: ?)
[2m2026-08-01T14:41:48.820680Z[0m [32m INFO[0m [2mwgpu_hal::vulkan::instance[0m[2m:[0m GENERAL [Loader Message (0x0)]
	      /usr/share/vulkan/icd.d/broadcom_icd.json
[2m2026-08-01T14:41:48.820686Z[0m [32m INFO[0m [2mwgpu_hal::vulkan::instance[0m[2m:[0m 	objects: (type: INSTANCE, hndl: 0xb60940431d10, name: ?)
[2m2026-08-01T14:41:48.820692Z[0m [32m INFO[0m [2mwgpu_hal::vulkan::instance[0m[2m:[0m GENERAL [Loader Message (0x0)]
	      /usr/share/vulkan/icd.d/panfrost_icd.json
[2m2026-08-01T14:41:48.820698Z[0m [32m INFO[0m [2mwgpu_hal::vulkan::instance[0m[2m:[0m 	objects: (type: INSTANCE, hndl: 0xb60940431d10, name: ?)
[2m2026-08-01T14:41:48.820703Z[0m [32m INFO[0m [2mwgpu_hal::vulkan::instance[0m[2m:[0m GENERAL [Loader Message (0x0)]
	      /usr/share/vulkan/icd.d/freedreno_icd.json
[2m2026-08-01T14:41:48.820710Z[0m [32m INFO[0m [2mwgpu_hal::vulkan::instance[0m[2m:[0m 	objects: (type: INSTANCE, hndl: 0xb60940431d10, name: ?)
[2m2026-08-01T14:41:48.820715Z[0m [32m INFO[0m [2mwgpu_hal::vulkan::instance[0m[2m:[0m GENERAL [Loader Message (0x0)]
	      /usr/share/vulkan/icd.d/gfxstream_vk_icd.json
[2m2026-08-01T14:41:48.820722Z[0m [32m INFO[0m [2mwgpu_hal::vulkan::instance[0m[2m:[0m 	objects: (type: INSTANCE, hndl: 0xb60940431d10, name: ?)
[2m2026-08-01T14:41:48.820727Z[0m [32m INFO[0m [2mwgpu_hal::vulkan::instance[0m[2m:[0m GENERAL [Loader Message (0x0)]
	      /usr/share/vulkan/icd.d/virtio_icd.json
[2m2026-08-01T14:41:48.820733Z[0m [32m INFO[0m [2mwgpu_hal::vulkan::instance[0m[2m:[0m 	objects: (type: INSTANCE, hndl: 0xb60940431d10, name: ?)
[2m2026-08-01T14:41:48.820739Z[0m [32m INFO[0m [2mwgpu_hal::vulkan::instance[0m[2m:[0m GENERAL [Loader Message (0x0)]
	      /usr/share/vulkan/icd.d/asahi_icd.json
[2m2026-08-01T14:41:48.820745Z[0m [32m INFO[0m [2mwgpu_hal::vulkan::instance[0m[2m:[0m 	objects: (type: INSTANCE, hndl: 0xb60940431d10, name: ?)
[2m2026-08-01T14:41:48.820751Z[0m [32m INFO[0m [2mwgpu_hal::vulkan::instance[0m[2m:[0m GENERAL [Loader Message (0x0)]
	      /usr/share/vulkan/icd.d/lvp_icd.json
[2m2026-08-01T14:41:48.820757Z[0m [32m INFO[0m [2mwgpu_hal::vulkan::instance[0m[2m:[0m 	objects: (type: INSTANCE, hndl: 0xb60940431d10, name: ?)
[2m2026-08-01T14:41:48.820762Z[0m [32m INFO[0m [2mwgpu_hal::vulkan::instance[0m[2m:[0m GENERAL [Loader Message (0x0)]
	      /usr/share/vulkan/icd.d/intel_icd.json
[2m2026-08-01T14:41:48.820768Z[0m [32m INFO[0m [2mwgpu_hal::vulkan::instance[0m[2m:[0m 	objects: (type: INSTANCE, hndl: 0xb60940431d10, name: ?)
[2m2026-08-01T14:41:48.820774Z[0m [32m INFO[0m [2mwgpu_hal::vulkan::instance[0m[2m:[0m GENERAL [Loader Message (0x0)]
	      /usr/share/vulkan/icd.d/powervr_mesa_icd.json
[2m2026-08-01T14:41:48.820780Z[0m [32m INFO[0m [2mwgpu_hal::vulkan::instance[0m[2m:[0m 	objects: (type: INSTANCE, hndl: 0xb60940431d10, name: ?)
[2m2026-08-01T14:41:48.820786Z[0m [32m INFO[0m [2mwgpu_hal::vulkan::instance[0m[2m:[0m GENERAL [Loader Message (0x0)]
	      /usr/share/vulkan/icd.d/radeon_icd.json
[2m2026-08-01T14:41:48.820792Z[0m [32m INFO[0m [2mwgpu_hal::vulkan::instance[0m[2m:[0m 	objects: (type: INSTANCE, hndl: 0xb60940431d10, name: ?)
[2m2026-08-01T14:41:48.820802Z[0m [32m INFO[0m [2mwgpu_hal::vulkan::instance[0m[2m:[0m GENERAL [Loader Message (0x0)]
	Found ICD manifest file /usr/share/vulkan/icd.d/nouveau_icd.json, version 1.0.1
[2m2026-08-01T14:41:48.820810Z[0m [32m INFO[0m [2mwgpu_hal::vulkan::instance[0m[2m:[0m 	objects: (type: INSTANCE, hndl: 0xb60940431d10, name: ?)
[2m2026-08-01T14:41:48.820846Z[0m [32m INFO[0m [2mwgpu_hal::vulkan::instance[0m[2m:[0m GENERAL [Loader Message (0x0)]
	Found ICD manifest file /usr/share/vulkan/icd.d/broadcom_icd.json, version 1.0.1
[2m2026-08-01T14:41:48.820854Z[0m [32m INFO[0m [2mwgpu_hal::vulkan::instance[0m[2m:[0m 	objects: (type: INSTANCE, hndl: 0xb60940431d10, name: ?)
[2m2026-08-01T14:41:48.821086Z[0m [32m INFO[0m [2mwgpu_hal::vulkan::instance[0m[2m:[0m GENERAL [Loader Message (0x0)]
	Found ICD manifest file /usr/share/vulkan/icd.d/panfrost_icd.json, version 1.0.1
[2m2026-08-01T14:41:48.821096Z[0m [32m INFO[0m [2mwgpu_hal::vulkan::instance[0m[2m:[0m 	objects: (type: INSTANCE, hndl: 0xb60940431d10, name: ?)
[2m2026-08-01T14:41:48.821715Z[0m [32m INFO[0m [2mwgpu_hal::vulkan::instance[0m[2m:[0m GENERAL [Loader Message (0x0)]
	Found ICD manifest file /usr/share/vulkan/icd.d/freedreno_icd.json, version 1.0.1
[2m2026-08-01T14:41:48.821765Z[0m [32m INFO[0m [2mwgpu_hal::vulkan::instance[0m[2m:[0m 	objects: (type: INSTANCE, hndl: 0xb60940431d10, name: ?)
[2m2026-08-01T14:41:48.822798Z[0m [32m INFO[0m [2mwgpu_hal::vulkan::instance[0m[2m:[0m GENERAL [Loader Message (0x0)]
	Found ICD manifest file /usr/share/vulkan/icd.d/gfxstream_vk_icd.json, version 1.0.1
[2m2026-08-01T14:41:48.822831Z[0m [32m INFO[0m [2mwgpu_hal::vulkan::instance[0m[2m:[0m 	objects: (type: INSTANCE, hndl: 0xb60940431d10, name: ?)
[2m2026-08-01T14:41:48.823015Z[0m [32m INFO[0m [2mwgpu_hal::vulkan::instance[0m[2m:[0m GENERAL [Loader Message (0x0)]
	Found ICD manifest file /usr/share/vulkan/icd.d/virtio_icd.json, version 1.0.1
[2m2026-08-01T14:41:48.823029Z[0m [32m INFO[0m [2mwgpu_hal::vulkan::instance[0m[2m:[0m 	objects: (type: INSTANCE, hndl: 0xb60940431d10, name: ?)
[2m2026-08-01T14:41:48.823182Z[0m [32m INFO[0m [2mwgpu_hal::vulkan::instance[0m[2m:[0m GENERAL [Loader Message (0x0)]
	Found ICD manifest file /usr/share/vulkan/icd.d/asahi_icd.json, version 1.0.1
[2m2026-08-01T14:41:48.823194Z[0m [32m INFO[0m [2mwgpu_hal::vulkan::instance[0m[2m:[0m 	objects: (type: INSTANCE, hndl: 0xb60940431d10, name: ?)
[2m2026-08-01T14:41:48.823705Z[0m [32m INFO[0m [2mwgpu_hal::vulkan::instance[0m[2m:[0m GENERAL [Loader Message (0x0)]
	Found ICD manifest file /usr/share/vulkan/icd.d/lvp_icd.json, version 1.0.1
[2m2026-08-01T14:41:48.823722Z[0m [32m INFO[0m [2mwgpu_hal::vulkan::instance[0m[2m:[0m 	objects: (type: INSTANCE, hndl: 0xb60940431d10, name: ?)
[2m2026-08-01T14:41:48.823753Z[0m [32m INFO[0m [2mwgpu_hal::vulkan::instance[0m[2m:[0m GENERAL [Loader Message (0x0)]
	Found ICD manifest file /usr/share/vulkan/icd.d/intel_icd.json, version 1.0.1
[2m2026-08-01T14:41:48.823768Z[0m [32m INFO[0m [2mwgpu_hal::vulkan::instance[0m[2m:[0m 	objects: (type: INSTANCE, hndl: 0xb60940431d10, name: ?)
[2m2026-08-01T14:41:48.824415Z[0m [32m INFO[0m [2mwgpu_hal::vulkan::instance[0m[2m:[0m GENERAL [Loader Message (0x0)]
	Found ICD manifest file /usr/share/vulkan/icd.d/powervr_mesa_icd.json, version 1.0.1
[2m2026-08-01T14:41:48.824451Z[0m [32m INFO[0m [2mwgpu_hal::vulkan::instance[0m[2m:[0m 	objects: (type: INSTANCE, hndl: 0xb60940431d10, name: ?)
[2m2026-08-01T14:41:48.825135Z[0m [32m INFO[0m [2mwgpu_hal::vulkan::instance[0m[2m:[0m GENERAL [Loader Message (0x0)]
	Found ICD manifest file /usr/share/vulkan/icd.d/radeon_icd.json, version 1.0.1
[2m2026-08-01T14:41:48.825160Z[0m [32m INFO[0m [2mwgpu_hal::vulkan::instance[0m[2m:[0m 	objects: (type: INSTANCE, hndl: 0xb60940431d10, name: ?)
[2m2026-08-01T14:41:48.826419Z[0m [32m INFO[0m [2mwgpu_hal::vulkan::instance[0m[2m:[0m GENERAL [Loader Message (0x0)]
	Insert instance layer "VK_LAYER_MESA_device_select" (/usr/lib/aarch64-linux-gnu/libVkLayer_MESA_device_select.so)
[2m2026-08-01T14:41:48.826437Z[0m [32m INFO[0m [2mwgpu_hal::vulkan::instance[0m[2m:[0m 	objects: (type: INSTANCE, hndl: 0xb60940431d10, name: ?)
[2m2026-08-01T14:41:48.826445Z[0m [32m INFO[0m [2mwgpu_hal::vulkan::instance[0m[2m:[0m GENERAL [Loader Message (0x0)]
	vkCreateInstance layer callstack setup to:
[2m2026-08-01T14:41:48.826457Z[0m [32m INFO[0m [2mwgpu_hal::vulkan::instance[0m[2m:[0m 	objects: (type: INSTANCE, hndl: 0xb60940431d10, name: ?)
[2m2026-08-01T14:41:48.826468Z[0m [32m INFO[0m [2mwgpu_hal::vulkan::instance[0m[2m:[0m GENERAL [Loader Message (0x0)]
	   <Application>
[2m2026-08-01T14:41:48.826490Z[0m [32m INFO[0m [2mwgpu_hal::vulkan::instance[0m[2m:[0m 	objects: (type: INSTANCE, hndl: 0xb60940431d10, name: ?)
[2m2026-08-01T14:41:48.826503Z[0m [32m INFO[0m [2mwgpu_hal::vulkan::instance[0m[2m:[0m GENERAL [Loader Message (0x0)]
	     ||
[2m2026-08-01T14:41:48.826513Z[0m [32m INFO[0m [2mwgpu_hal::vulkan::instance[0m[2m:[0m 	objects: (type: INSTANCE, hndl: 0xb60940431d10, name: ?)
[2m2026-08-01T14:41:48.826525Z[0m [32m INFO[0m [2mwgpu_hal::vulkan::instance[0m[2m:[0m GENERAL [Loader Message (0x0)]
	   <Loader>
[2m2026-08-01T14:41:48.826532Z[0m [32m INFO[0m [2mwgpu_hal::vulkan::instance[0m[2m:[0m 	objects: (type: INSTANCE, hndl: 0xb60940431d10, name: ?)
[2m2026-08-01T14:41:48.826544Z[0m [32m INFO[0m [2mwgpu_hal::vulkan::instance[0m[2m:[0m GENERAL [Loader Message (0x0)]
	     ||
[2m2026-08-01T14:41:48.826555Z[0m [32m INFO[0m [2mwgpu_hal::vulkan::instance[0m[2m:[0m 	objects: (type: INSTANCE, hndl: 0xb60940431d10, name: ?)
[2m2026-08-01T14:41:48.826563Z[0m [32m INFO[0m [2mwgpu_hal::vulkan::instance[0m[2m:[0m GENERAL [Loader Message (0x0)]
	   VK_LAYER_MESA_device_select
[2m2026-08-01T14:41:48.826570Z[0m [32m INFO[0m [2mwgpu_hal::vulkan::instance[0m[2m:[0m 	objects: (type: INSTANCE, hndl: 0xb60940431d10, name: ?)
[2m2026-08-01T14:41:48.826582Z[0m [32m INFO[0m [2mwgpu_hal::vulkan::instance[0m[2m:[0m GENERAL [Loader Message (0x0)]
	           Type: Implicit
[2m2026-08-01T14:41:48.826596Z[0m [32m INFO[0m [2mwgpu_hal::vulkan::instance[0m[2m:[0m 	objects: (type: INSTANCE, hndl: 0xb60940431d10, name: ?)
[2m2026-08-01T14:41:48.826607Z[0m [32m INFO[0m [2mwgpu_hal::vulkan::instance[0m[2m:[0m GENERAL [Loader Message (0x0)]
	           Enabled By: Implicit Layer
[2m2026-08-01T14:41:48.826620Z[0m [32m INFO[0m [2mwgpu_hal::vulkan::instance[0m[2m:[0m 	objects: (type: INSTANCE, hndl: 0xb60940431d10, name: ?)
[2m2026-08-01T14:41:48.826630Z[0m [32m INFO[0m [2mwgpu_hal::vulkan::instance[0m[2m:[0m GENERAL [Loader Message (0x0)]
	               Disable Env Var:  NODEVICE_SELECT
[2m2026-08-01T14:41:48.826637Z[0m [32m INFO[0m [2mwgpu_hal::vulkan::instance[0m[2m:[0m 	objects: (type: INSTANCE, hndl: 0xb60940431d10, name: ?)
[2m2026-08-01T14:41:48.826649Z[0m [32m INFO[0m [2mwgpu_hal::vulkan::instance[0m[2m:[0m GENERAL [Loader Message (0x0)]
	           Manifest: /usr/share/vulkan/implicit_layer.d/VkLayer_MESA_device_select.json
[2m2026-08-01T14:41:48.826663Z[0m [32m INFO[0m [2mwgpu_hal::vulkan::instance[0m[2m:[0m 	objects: (type: INSTANCE, hndl: 0xb60940431d10, name: ?)
[2m2026-08-01T14:41:48.826671Z[0m [32m INFO[0m [2mwgpu_hal::vulkan::instance[0m[2m:[0m GENERAL [Loader Message (0x0)]
	           Library:  /usr/lib/aarch64-linux-gnu/libVkLayer_MESA_device_select.so
[2m2026-08-01T14:41:48.826683Z[0m [32m INFO[0m [2mwgpu_hal::vulkan::instance[0m[2m:[0m 	objects: (type: INSTANCE, hndl: 0xb60940431d10, name: ?)
[2m2026-08-01T14:41:48.826690Z[0m [32m INFO[0m [2mwgpu_hal::vulkan::instance[0m[2m:[0m GENERAL [Loader Message (0x0)]
	     ||
[2m2026-08-01T14:41:48.826695Z[0m [32m INFO[0m [2mwgpu_hal::vulkan::instance[0m[2m:[0m 	objects: (type: INSTANCE, hndl: 0xb60940431d10, name: ?)
[2m2026-08-01T14:41:48.826701Z[0m [32m INFO[0m [2mwgpu_hal::vulkan::instance[0m[2m:[0m GENERAL [Loader Message (0x0)]
	   <Drivers>
[2m2026-08-01T14:41:48.826711Z[0m [32m INFO[0m [2mwgpu_hal::vulkan::instance[0m[2m:[0m 	objects: (type: INSTANCE, hndl: 0xb60940431d10, name: ?)
[2m2026-08-01T14:41:48.839319Z[0m [32m INFO[0m [2mwgpu_hal::vulkan::instance[0m[2m:[0m Enabling debug utils
[2m2026-08-01T14:41:48.839595Z[0m [32m INFO[0m [2mwgpu_hal::gles::egl[0m[2m:[0m Using Wayland platform
[slopos-compositor/drm] client connected
[slopos-compositor/drm] client disconnected
[slopos-compositor/drm] client connected
[2m2026-08-01T14:41:48.877442Z[0m [33m WARN[0m [2mwgpu_hal::gles::egl[0m[2m:[0m Re-initializing Gles context due to Wayland window
[slopos-compositor/drm] client disconnected
[2m2026-08-01T14:41:48.910483Z[0m [32m INFO[0m [2mwgpu_hal::vulkan::instance[0m[2m:[0m GENERAL [Loader Message (0x0)]
	linux_read_sorted_physical_devices:
[2m2026-08-01T14:41:48.910523Z[0m [32m INFO[0m [2mwgpu_hal::vulkan::instance[0m[2m:[0m 	objects: (type: INSTANCE, hndl: 0xb60940431d10, name: ?)
[2m2026-08-01T14:41:48.910532Z[0m [32m INFO[0m [2mwgpu_hal::vulkan::instance[0m[2m:[0m GENERAL [Loader Message (0x0)]
	     Original order:
[2m2026-08-01T14:41:48.910560Z[0m [32m INFO[0m [2mwgpu_hal::vulkan::instance[0m[2m:[0m 	objects: (type: INSTANCE, hndl: 0xb60940431d10, name: ?)
[2m2026-08-01T14:41:48.910582Z[0m [32m INFO[0m [2mwgpu_hal::vulkan::instance[0m[2m:[0m GENERAL [Loader Message (0x0)]
	           [0] llvmpipe (LLVM 21.1.8, 128 bits)
[2m2026-08-01T14:41:48.910590Z[0m [32m INFO[0m [2mwgpu_hal::vulkan::instance[0m[2m:[0m 	objects: (type: INSTANCE, hndl: 0xb60940431d10, name: ?)
[2m2026-08-01T14:41:48.910596Z[0m [32m INFO[0m [2mwgpu_hal::vulkan::instance[0m[2m:[0m GENERAL [Loader Message (0x0)]
	     Sorted order:
[2m2026-08-01T14:41:48.910602Z[0m [32m INFO[0m [2mwgpu_hal::vulkan::instance[0m[2m:[0m 	objects: (type: INSTANCE, hndl: 0xb60940431d10, name: ?)
[2m2026-08-01T14:41:48.910608Z[0m [32m INFO[0m [2mwgpu_hal::vulkan::instance[0m[2m:[0m GENERAL [Loader Message (0x0)]
	           [0] llvmpipe (LLVM 21.1.8, 128 bits)  
[2m2026-08-01T14:41:48.910615Z[0m [32m INFO[0m [2mwgpu_hal::vulkan::instance[0m[2m:[0m 	objects: (type: INSTANCE, hndl: 0xb60940431d10, name: ?)
[2m2026-08-01T14:41:48.910638Z[0m [32m INFO[0m [2mwgpu_hal::vulkan::instance[0m[2m:[0m GENERAL [Loader Message (0x0)]
	linux_read_sorted_physical_devices:
[2m2026-08-01T14:41:48.910645Z[0m [32m INFO[0m [2mwgpu_hal::vulkan::instance[0m[2m:[0m 	objects: (type: INSTANCE, hndl: 0xb60940431d10, name: ?)
[2m2026-08-01T14:41:48.910653Z[0m [32m INFO[0m [2mwgpu_hal::vulkan::instance[0m[2m:[0m GENERAL [Loader Message (0x0)]
	     Original order:
[2m2026-08-01T14:41:48.910659Z[0m [32m INFO[0m [2mwgpu_hal::vulkan::instance[0m[2m:[0m 	objects: (type: INSTANCE, hndl: 0xb60940431d10, name: ?)
[2m2026-08-01T14:41:48.910667Z[0m [32m INFO[0m [2mwgpu_hal::vulkan::instance[0m[2m:[0m GENERAL [Loader Message (0x0)]
	           [0] llvmpipe (LLVM 21.1.8, 128 bits)
[2m2026-08-01T14:41:48.910674Z[0m [32m INFO[0m [2mwgpu_hal::vulkan::instance[0m[2m:[0m 	objects: (type: INSTANCE, hndl: 0xb60940431d10, name: ?)
[2m2026-08-01T14:41:48.910679Z[0m [32m INFO[0m [2mwgpu_hal::vulkan::instance[0m[2m:[0m GENERAL [Loader Message (0x0)]
	     Sorted order:
[2m2026-08-01T14:41:48.910688Z[0m [32m INFO[0m [2mwgpu_hal::vulkan::instance[0m[2m:[0m 	objects: (type: INSTANCE, hndl: 0xb60940431d10, name: ?)
[2m2026-08-01T14:41:48.910694Z[0m [32m INFO[0m [2mwgpu_hal::vulkan::instance[0m[2m:[0m GENERAL [Loader Message (0x0)]
	           [0] llvmpipe (LLVM 21.1.8, 128 bits)  
[2m2026-08-01T14:41:48.910700Z[0m [32m INFO[0m [2mwgpu_hal::vulkan::instance[0m[2m:[0m 	objects: (type: INSTANCE, hndl: 0xb60940431d10, name: ?)
[slopos-compositor/drm] client connected
[2m2026-08-01T14:41:48.911858Z[0m [32m INFO[0m [2mwgpu_hal::vulkan::instance[0m[2m:[0m GENERAL [Loader Message (0x0)]
	linux_read_sorted_physical_devices:
[slopos-compositor/drm] client disconnected
[2m2026-08-01T14:41:48.911896Z[0m [32m INFO[0m [2mwgpu_hal::vulkan::instance[0m[2m:[0m 	objects: (type: INSTANCE, hndl: 0xb60940431d10, name: ?)
[2m2026-08-01T14:41:48.911905Z[0m [32m INFO[0m [2mwgpu_hal::vulkan::instance[0m[2m:[0m GENERAL [Loader Message (0x0)]
	     Original order:
[2m2026-08-01T14:41:48.911920Z[0m [32m INFO[0m [2mwgpu_hal::vulkan::instance[0m[2m:[0m 	objects: (type: INSTANCE, hndl: 0xb60940431d10, name: ?)
[2m2026-08-01T14:41:48.911936Z[0m [32m INFO[0m [2mwgpu_hal::vulkan::instance[0m[2m:[0m GENERAL [Loader Message (0x0)]
	           [0] llvmpipe (LLVM 21.1.8, 128 bits)
[2m2026-08-01T14:41:48.911952Z[0m [32m INFO[0m [2mwgpu_hal::vulkan::instance[0m[2m:[0m 	objects: (type: INSTANCE, hndl: 0xb60940431d10, name: ?)
[2m2026-08-01T14:41:48.911959Z[0m [32m INFO[0m [2mwgpu_hal::vulkan::instance[0m[2m:[0m GENERAL [Loader Message (0x0)]
	     Sorted order:
[2m2026-08-01T14:41:48.911965Z[0m [32m INFO[0m [2mwgpu_hal::vulkan::instance[0m[2m:[0m 	objects: (type: INSTANCE, hndl: 0xb60940431d10, name: ?)
[2m2026-08-01T14:41:48.911971Z[0m [32m INFO[0m [2mwgpu_hal::vulkan::instance[0m[2m:[0m GENERAL [Loader Message (0x0)]
	           [0] llvmpipe (LLVM 21.1.8, 128 bits)  
[2m2026-08-01T14:41:48.911978Z[0m [32m INFO[0m [2mwgpu_hal::vulkan::instance[0m[2m:[0m 	objects: (type: INSTANCE, hndl: 0xb60940431d10, name: ?)
[2m2026-08-01T14:41:48.911991Z[0m [32m INFO[0m [2mwgpu_hal::vulkan::instance[0m[2m:[0m GENERAL [Loader Message (0x0)]
	linux_read_sorted_physical_devices:
[2m2026-08-01T14:41:48.911999Z[0m [32m INFO[0m [2mwgpu_hal::vulkan::instance[0m[2m:[0m 	objects: (type: INSTANCE, hndl: 0xb60940431d10, name: ?)
[2m2026-08-01T14:41:48.912005Z[0m [32m INFO[0m [2mwgpu_hal::vulkan::instance[0m[2m:[0m GENERAL [Loader Message (0x0)]
	     Original order:
[2m2026-08-01T14:41:48.912011Z[0m [32m INFO[0m [2mwgpu_hal::vulkan::instance[0m[2m:[0m 	objects: (type: INSTANCE, hndl: 0xb60940431d10, name: ?)
[2m2026-08-01T14:41:48.912019Z[0m [32m INFO[0m [2mwgpu_hal::vulkan::instance[0m[2m:[0m GENERAL [Loader Message (0x0)]
	           [0] llvmpipe (LLVM 21.1.8, 128 bits)
[2m2026-08-01T14:41:48.912026Z[0m [32m INFO[0m [2mwgpu_hal::vulkan::instance[0m[2m:[0m 	objects: (type: INSTANCE, hndl: 0xb60940431d10, name: ?)
[2m2026-08-01T14:41:48.912031Z[0m [32m INFO[0m [2mwgpu_hal::vulkan::instance[0m[2m:[0m GENERAL [Loader Message (0x0)]
	     Sorted order:
[2m2026-08-01T14:41:48.912037Z[0m [32m INFO[0m [2mwgpu_hal::vulkan::instance[0m[2m:[0m 	objects: (type: INSTANCE, hndl: 0xb60940431d10, name: ?)
[2m2026-08-01T14:41:48.912043Z[0m [32m INFO[0m [2mwgpu_hal::vulkan::instance[0m[2m:[0m GENERAL [Loader Message (0x0)]
	           [0] llvmpipe (LLVM 21.1.8, 128 bits)  
[2m2026-08-01T14:41:48.912049Z[0m [32m INFO[0m [2mwgpu_hal::vulkan::instance[0m[2m:[0m 	objects: (type: INSTANCE, hndl: 0xb60940431d10, name: ?)
[slopos-compositor/drm] client connected
[2m2026-08-01T14:41:48.913179Z[0m [32m INFO[0m [2mwgpu_hal::vulkan::instance[0m[2m:[0m GENERAL [Loader Message (0x0)]
	Removing driver /usr/lib/aarch64-linux-gnu/libvulkan_radeon.so due to not having any physical devices
[slopos-compositor/drm] client disconnected
[2m2026-08-01T14:41:48.913499Z[0m [32m INFO[0m [2mwgpu_hal::vulkan::instance[0m[2m:[0m 	objects: (type: INSTANCE, hndl: 0xb60940431d10, name: ?)
[2m2026-08-01T14:41:48.913748Z[0m [32m INFO[0m [2mwgpu_hal::vulkan::instance[0m[2m:[0m GENERAL [Loader Message (0x0)]
	Removing driver /usr/lib/aarch64-linux-gnu/libvulkan_powervr_mesa.so due to not having any physical devices
[2m2026-08-01T14:41:48.913761Z[0m [32m INFO[0m [2mwgpu_hal::vulkan::instance[0m[2m:[0m 	objects: (type: INSTANCE, hndl: 0xb60940431d10, name: ?)
[2m2026-08-01T14:41:48.913869Z[0m [32m INFO[0m [2mwgpu_hal::vulkan::instance[0m[2m:[0m GENERAL [Loader Message (0x0)]
	Removing driver /usr/lib/aarch64-linux-gnu/libvulkan_intel.so due to not having any physical devices
[2m2026-08-01T14:41:48.913879Z[0m [32m INFO[0m [2mwgpu_hal::vulkan::instance[0m[2m:[0m 	objects: (type: INSTANCE, hndl: 0xb60940431d10, name: ?)
[2m2026-08-01T14:41:48.914010Z[0m [32m INFO[0m [2mwgpu_hal::vulkan::instance[0m[2m:[0m GENERAL [Loader Message (0x0)]
	Removing driver /usr/lib/aarch64-linux-gnu/libvulkan_asahi.so due to not having any physical devices
[2m2026-08-01T14:41:48.914020Z[0m [32m INFO[0m [2mwgpu_hal::vulkan::instance[0m[2m:[0m 	objects: (type: INSTANCE, hndl: 0xb60940431d10, name: ?)
[2m2026-08-01T14:41:48.914188Z[0m [32m INFO[0m [2mwgpu_hal::vulkan::instance[0m[2m:[0m GENERAL [Loader Message (0x0)]
	Removing driver /usr/lib/aarch64-linux-gnu/libvulkan_virtio.so due to not having any physical devices
[2m2026-08-01T14:41:48.914202Z[0m [32m INFO[0m [2mwgpu_hal::vulkan::instance[0m[2m:[0m 	objects: (type: INSTANCE, hndl: 0xb60940431d10, name: ?)
[2m2026-08-01T14:41:48.914458Z[0m [32m INFO[0m [2mwgpu_hal::vulkan::instance[0m[2m:[0m GENERAL [Loader Message (0x0)]
	Removing driver /usr/lib/aarch64-linux-gnu/libvulkan_gfxstream.so due to not having any physical devices
[2m2026-08-01T14:41:48.914478Z[0m [32m INFO[0m [2mwgpu_hal::vulkan::instance[0m[2m:[0m 	objects: (type: INSTANCE, hndl: 0xb60940431d10, name: ?)
[2m2026-08-01T14:41:48.914587Z[0m [32m INFO[0m [2mwgpu_hal::vulkan::instance[0m[2m:[0m GENERAL [Loader Message (0x0)]
	Removing driver /usr/lib/aarch64-linux-gnu/libvulkan_freedreno.so due to not having any physical devices
[2m2026-08-01T14:41:48.914599Z[0m [32m INFO[0m [2mwgpu_hal::vulkan::instance[0m[2m:[0m 	objects: (type: INSTANCE, hndl: 0xb60940431d10, name: ?)
[2m2026-08-01T14:41:48.914714Z[0m [32m INFO[0m [2mwgpu_hal::vulkan::instance[0m[2m:[0m GENERAL [Loader Message (0x0)]
	Removing driver /usr/lib/aarch64-linux-gnu/libvulkan_panfrost.so due to not having any physical devices
[2m2026-08-01T14:41:48.914725Z[0m [32m INFO[0m [2mwgpu_hal::vulkan::instance[0m[2m:[0m 	objects: (type: INSTANCE, hndl: 0xb60940431d10, name: ?)
[2m2026-08-01T14:41:48.914888Z[0m [32m INFO[0m [2mwgpu_hal::vulkan::instance[0m[2m:[0m GENERAL [Loader Message (0x0)]
	Removing driver /usr/lib/aarch64-linux-gnu/libvulkan_broadcom.so due to not having any physical devices
[2m2026-08-01T14:41:48.914899Z[0m [32m INFO[0m [2mwgpu_hal::vulkan::instance[0m[2m:[0m 	objects: (type: INSTANCE, hndl: 0xb60940431d10, name: ?)
[2m2026-08-01T14:41:48.915059Z[0m [32m INFO[0m [2mwgpu_hal::vulkan::instance[0m[2m:[0m GENERAL [Loader Message (0x0)]
	Removing driver /usr/lib/aarch64-linux-gnu/libvulkan_nouveau.so due to not having any physical devices
[2m2026-08-01T14:41:48.915079Z[0m [32m INFO[0m [2mwgpu_hal::vulkan::instance[0m[2m:[0m 	objects: (type: INSTANCE, hndl: 0xb60940431d10, name: ?)
[2m2026-08-01T14:41:48.920803Z[0m [32m INFO[0m [2mwgpu_core::instance[0m[2m:[0m Adapter Vulkan AdapterInfo { name: "llvmpipe (LLVM 21.1.8, 128 bits)", vendor: 65541, device: 0, device_type: Cpu, driver: "llvmpipe", driver_info: "Mesa 26.0.3-1ubuntu1 (LLVM 21.1.8)", backend: Vulkan }
[2m2026-08-01T14:41:48.921001Z[0m [32m INFO[0m [2mwgpu_hal::vulkan::instance[0m[2m:[0m GENERAL [Loader Message (0x0)]
	Failed to find vkGetDeviceProcAddr in layer "/usr/lib/aarch64-linux-gnu/libVkLayer_MESA_device_select.so"
[2m2026-08-01T14:41:48.921014Z[0m [32m INFO[0m [2mwgpu_hal::vulkan::instance[0m[2m:[0m 	objects: (type: INSTANCE, hndl: 0xb60940431d10, name: ?)
[2m2026-08-01T14:41:48.921020Z[0m [32m INFO[0m [2mwgpu_hal::vulkan::instance[0m[2m:[0m GENERAL [Loader Message (0x0)]
	vkCreateDevice layer callstack setup to:
[2m2026-08-01T14:41:48.921026Z[0m [32m INFO[0m [2mwgpu_hal::vulkan::instance[0m[2m:[0m 	objects: (type: INSTANCE, hndl: 0xb60940431d10, name: ?)
[2m2026-08-01T14:41:48.921032Z[0m [32m INFO[0m [2mwgpu_hal::vulkan::instance[0m[2m:[0m GENERAL [Loader Message (0x0)]
	   <Application>
[2m2026-08-01T14:41:48.921038Z[0m [32m INFO[0m [2mwgpu_hal::vulkan::instance[0m[2m:[0m 	objects: (type: INSTANCE, hndl: 0xb60940431d10, name: ?)
[2m2026-08-01T14:41:48.921043Z[0m [32m INFO[0m [2mwgpu_hal::vulkan::instance[0m[2m:[0m GENERAL [Loader Message (0x0)]
	     ||
[2m2026-08-01T14:41:48.921049Z[0m [32m INFO[0m [2mwgpu_hal::vulkan::instance[0m[2m:[0m 	objects: (type: INSTANCE, hndl: 0xb60940431d10, name: ?)
[2m2026-08-01T14:41:48.921054Z[0m [32m INFO[0m [2mwgpu_hal::vulkan::instance[0m[2m:[0m GENERAL [Loader Message (0x0)]
	   <Loader>
[2m2026-08-01T14:41:48.921060Z[0m [32m INFO[0m [2mwgpu_hal::vulkan::instance[0m[2m:[0m 	objects: (type: INSTANCE, hndl: 0xb60940431d10, name: ?)
[2m2026-08-01T14:41:48.921070Z[0m [32m INFO[0m [2mwgpu_hal::vulkan::instance[0m[2m:[0m GENERAL [Loader Message (0x0)]
	     ||
[2m2026-08-01T14:41:48.921076Z[0m [32m INFO[0m [2mwgpu_hal::vulkan::instance[0m[2m:[0m 	objects: (type: INSTANCE, hndl: 0xb60940431d10, name: ?)
[2m2026-08-01T14:41:48.921081Z[0m [32m INFO[0m [2mwgpu_hal::vulkan::instance[0m[2m:[0m GENERAL [Loader Message (0x0)]
	   <Device>
[2m2026-08-01T14:41:48.921087Z[0m [32m INFO[0m [2mwgpu_hal::vulkan::instance[0m[2m:[0m 	objects: (type: INSTANCE, hndl: 0xb60940431d10, name: ?)
[2m2026-08-01T14:41:48.921155Z[0m [32m INFO[0m [2mwgpu_hal::vulkan::instance[0m[2m:[0m GENERAL [Loader Message (0x0)]
	       Using "llvmpipe (LLVM 21.1.8, 128 bits)" with driver: "/usr/lib/aarch64-linux-gnu/libvulkan_lvp.so"
[2m2026-08-01T14:41:48.921163Z[0m [32m INFO[0m [2mwgpu_hal::vulkan::instance[0m[2m:[0m 	objects: (type: INSTANCE, hndl: 0xb60940431d10, name: ?)
[2m2026-08-01T14:41:48.932809Z[0m [32m INFO[0m [2mwgpu_core::device::resource[0m[2m:[0m Device::maintain: waiting for submission index 0
[2m2026-08-01T14:41:48.934503Z[0m [32m INFO[0m [2mslopos_shell[0m[2m:[0m compositor owns ordinary application windows; shell background is chrome-only
[2m2026-08-01T14:41:48.935678Z[0m [32m INFO[0m [2mwgpu_core::device::resource[0m[2m:[0m Device::maintain: waiting for submission index 0
[2m2026-08-01T14:41:49.207917Z[0m [32m INFO[0m [2mwgpu_core::device::resource[0m[2m:[0m Device::maintain: waiting for submission index 0
[2m2026-08-01T14:41:49.828867Z[0m [32m INFO[0m [2mwgpu_core::device::resource[0m[2m:[0m Device::maintain: waiting for submission index 0
[2m2026-08-01T14:41:49.862455Z[0m [32m INFO[0m [2mwgpu_core::device::resource[0m[2m:[0m Device::maintain: waiting for submission index 0
[slopos-compositor/drm] client connected
[slopos-compositor/drm] client disconnected
[2m2026-08-01T14:41:49.897882Z[0m [32m INFO[0m [2mslopos_shell::foreign_toplevel_client[0m[2m:[0m foreign-toplevel-list synced from compositor [3mtoplevels[0m[2m=[0m2
[2m2026-08-01T14:41:49.899643Z[0m [32m INFO[0m [2mwgpu_core::device::resource[0m[2m:[0m Device::maintain: waiting for submission index 0
[2m2026-08-01T14:41:50.195688Z[0m [32m INFO[0m [2mwgpu_core::device::resource[0m[2m:[0m Device::maintain: waiting for submission index 1
[2m2026-08-01T14:41:50.560323Z[0m [32m INFO[0m [2mwgpu_core::device::resource[0m[2m:[0m Device::maintain: waiting for submission index 1
[2m2026-08-01T14:41:50.572456Z[0m [32m INFO[0m [2mwgpu_core::device::resource[0m[2m:[0m Device::maintain: waiting for submission index 1
[slopos-compositor/drm] client connected
[slopos-compositor/drm] client disconnected
[2m2026-08-01T14:41:50.593698Z[0m [32m INFO[0m [2mslopos_shell::foreign_toplevel_client[0m[2m:[0m foreign-toplevel-list synced from compositor [3mtoplevels[0m[2m=[0m2
[slopos-compositor/drm] client connected
[2m2026-08-01T14:41:50.604540Z[0m [32m INFO[0m [2mslopos_shell::foreign_toplevel_client[0m[2m:[0m foreign-toplevel-list synced from compositor [3mtoplevels[0m[2m=[0m2
[slopos-compositor/drm] client disconnected
[slopos-compositor/drm] client connected
[slopos-compositor/drm] client disconnected
[2m2026-08-01T14:41:51.616649Z[0m [32m INFO[0m [2mslopos_shell::foreign_toplevel_client[0m[2m:[0m foreign-toplevel-list synced from compositor [3mtoplevels[0m[2m=[0m2
[slopos-compositor/drm] client connected
[2m2026-08-01T14:41:52.663418Z[0m [32m INFO[0m [2mslopos_shell::foreign_toplevel_client[0m[2m:[0m foreign-toplevel-list synced from compositor [3mtoplevels[0m[2m=[0m2
[slopos-compositor/drm] client disconnected
[slopos-compositor/drm] client connected
[slopos-compositor/drm] client disconnected
[2m2026-08-01T14:41:53.673770Z[0m [32m INFO[0m [2mslopos_shell::foreign_toplevel_client[0m[2m:[0m foreign-toplevel-list synced from compositor [3mtoplevels[0m[2m=[0m2
[slopos-compositor/drm] client connected
[slopos-compositor/drm] client disconnected
[2m2026-08-01T14:41:54.689220Z[0m [32m INFO[0m [2mslopos_shell::foreign_toplevel_client[0m[2m:[0m foreign-toplevel-list synced from compositor [3mtoplevels[0m[2m=[0m2
[slopos-compositor/drm] client connected
[slopos-compositor/drm] client disconnected
[2m2026-08-01T14:41:55.700587Z[0m [32m INFO[0m [2mslopos_shell::foreign_toplevel_client[0m[2m:[0m foreign-toplevel-list synced from compositor [3mtoplevels[0m[2m=[0m2
[slopos-compositor/drm] client connected
[2m2026-08-01T14:41:56.714314Z[0m [32m INFO[0m [2mslopos_shell::foreign_toplevel_client[0m[2m:[0m foreign-toplevel-list synced from compositor [3mtoplevels[0m[2m=[0m2
[slopos-compositor/drm] client disconnected
[slopos-compositor/drm] client connected
[2m2026-08-01T14:41:57.755766Z[0m [32m INFO[0m [2mslopos_shell::foreign_toplevel_client[0m[2m:[0m foreign-toplevel-list synced from compositor [3mtoplevels[0m[2m=[0m2
[slopos-compositor/drm] client disconnected
[slopos-compositor/drm] client connected
[slopos-compositor/drm] client disconnected
[2m2026-08-01T14:41:58.765953Z[0m [32m INFO[0m [2mslopos_shell::foreign_toplevel_client[0m[2m:[0m foreign-toplevel-list synced from compositor [3mtoplevels[0m[2m=[0m2
[slopos-compositor/drm] client connected
[slopos-compositor/drm] client disconnected
[2m2026-08-01T14:41:59.781656Z[0m [32m INFO[0m [2mslopos_shell::foreign_toplevel_client[0m[2m:[0m foreign-toplevel-list synced from compositor [3mtoplevels[0m[2m=[0m2
[slopos-compositor/drm] client connected
[slopos-compositor/drm] client disconnected
[2m2026-08-01T14:42:00.790781Z[0m [32m INFO[0m [2mslopos_shell::foreign_toplevel_client[0m[2m:[0m foreign-toplevel-list synced from compositor [3mtoplevels[0m[2m=[0m2
[2m2026-08-01T14:42:00.797446Z[0m [32m INFO[0m [2mwgpu_core::device::resource[0m[2m:[0m Device::maintain: waiting for submission index 0
[2m2026-08-01T14:42:01.159394Z[0m [32m INFO[0m [2mwgpu_core::device::resource[0m[2m:[0m Device::maintain: waiting for submission index 2
[2m2026-08-01T14:42:01.537834Z[0m [32m INFO[0m [2mwgpu_core::device::resource[0m[2m:[0m Device::maintain: waiting for submission index 2
[2m2026-08-01T14:42:01.555584Z[0m [32m INFO[0m [2mwgpu_core::device::resource[0m[2m:[0m Device::maintain: waiting for submission index 2
[slopos-compositor/drm] client connected
[slopos-compositor/drm] client disconnected
[2m2026-08-01T14:42:01.593558Z[0m [32m INFO[0m [2mslopos_shell::foreign_toplevel_client[0m[2m:[0m foreign-toplevel-list synced from compositor [3mtoplevels[0m[2m=[0m2
[slopos-compositor/drm] client connected
[slopos-compositor/drm] client disconnected
[2m2026-08-01T14:42:01.595939Z[0m [32m INFO[0m [2mslopos_shell::foreign_toplevel_client[0m[2m:[0m foreign-toplevel-list synced from compositor [3mtoplevels[0m[2m=[0m2
[slopos-compositor/drm] client connected
[slopos-compositor/drm] client disconnected
[2m2026-08-01T14:42:02.604576Z[0m [32m INFO[0m [2mslopos_shell::foreign_toplevel_client[0m[2m:[0m foreign-toplevel-list synced from compositor [3mtoplevels[0m[2m=[0m2
[slopos-compositor/drm] client connected
[2m2026-08-01T14:42:03.639282Z[0m [32m INFO[0m [2mslopos_shell::foreign_toplevel_client[0m[2m:[0m foreign-toplevel-list synced from compositor [3mtoplevels[0m[2m=[0m2
[slopos-compositor/drm] client disconnected
[slopos-compositor/drm] client connected
[slopos-compositor/drm] client disconnected
[2m2026-08-01T14:42:04.648664Z[0m [32m INFO[0m [2mslopos_shell::foreign_toplevel_client[0m[2m:[0m foreign-toplevel-list synced from compositor [3mtoplevels[0m[2m=[0m2
[slopos-compositor/drm] client connected
[2m2026-08-01T14:42:05.660051Z[0m [32m INFO[0m [2mslopos_shell::foreign_toplevel_client[0m[2m:[0m foreign-toplevel-list synced from compositor [3mtoplevels[0m[2m=[0m2
[slopos-compositor/drm] client disconnected
[slopos-compositor/drm] client connected
[slopos-compositor/drm] client disconnected
[2m2026-08-01T14:42:06.672466Z[0m [32m INFO[0m [2mslopos_shell::foreign_toplevel_client[0m[2m:[0m foreign-toplevel-list synced from compositor [3mtoplevels[0m[2m=[0m2
[slopos-compositor/drm] client connected
[slopos-compositor/drm] client disconnected
[2m2026-08-01T14:42:07.683883Z[0m [32m INFO[0m [2mslopos_shell::foreign_toplevel_client[0m[2m:[0m foreign-toplevel-list synced from compositor [3mtoplevels[0m[2m=[0m2
[slopos-compositor/drm] client connected
[2m2026-08-01T14:42:08.724568Z[0m [32m INFO[0m [2mslopos_shell::foreign_toplevel_client[0m[2m:[0m foreign-toplevel-list synced from compositor [3mtoplevels[0m[2m=[0m2
[slopos-compositor/drm] client disconnected
[slopos-compositor/drm] client connected
[slopos-compositor/drm] client disconnected
[2m2026-08-01T14:42:09.733778Z[0m [32m INFO[0m [2mslopos_shell::foreign_toplevel_client[0m[2m:[0m foreign-toplevel-list synced from compositor [3mtoplevels[0m[2m=[0m2
[slopos-compositor/drm] client connected
[slopos-compositor/drm] client disconnected
[2m2026-08-01T14:42:10.749431Z[0m [32m INFO[0m [2mslopos_shell::foreign_toplevel_client[0m[2m:[0m foreign-toplevel-list synced from compositor [3mtoplevels[0m[2m=[0m2
[slopos-compositor/drm] client connected
[slopos-compositor/drm] client disconnected
[2m2026-08-01T14:42:11.757935Z[0m [32m INFO[0m [2mslopos_shell::foreign_toplevel_client[0m[2m:[0m foreign-toplevel-list synced from compositor [3mtoplevels[0m[2m=[0m2
[slopos-compositor/drm] client connected
[slopos-compositor/drm] client disconnected
[2m2026-08-01T14:42:12.769667Z[0m [32m INFO[0m [2mslopos_shell::foreign_toplevel_client[0m[2m:[0m foreign-toplevel-list synced from compositor [3mtoplevels[0m[2m=[0m2
[slopos-compositor/drm] client connected
[2m2026-08-01T14:42:13.794682Z[0m [32m INFO[0m [2mslopos_shell::foreign_toplevel_client[0m[2m:[0m foreign-toplevel-list synced from compositor [3mtoplevels[0m[2m=[0m2
[slopos-compositor/drm] client disconnected
[slopos-compositor/drm] client connected
[slopos-compositor/drm] client disconnected
[2m2026-08-01T14:42:14.806870Z[0m [32m INFO[0m [2mslopos_shell::foreign_toplevel_client[0m[2m:[0m foreign-toplevel-list synced from compositor [3mtoplevels[0m[2m=[0m2
[slopos-compositor/drm] client connected
[slopos-compositor/drm] client disconnected
[2m2026-08-01T14:42:15.817863Z[0m [32m INFO[0m [2mslopos_shell::foreign_toplevel_client[0m[2m:[0m foreign-toplevel-list synced from compositor [3mtoplevels[0m[2m=[0m2
[slopos-compositor/drm] client connected
[slopos-compositor/drm] client disconnected
[2m2026-08-01T14:42:16.828723Z[0m [32m INFO[0m [2mslopos_shell::foreign_toplevel_client[0m[2m:[0m foreign-toplevel-list synced from compositor [3mtoplevels[0m[2m=[0m2
[slopos-compositor/drm] client connected
[slopos-compositor/drm] client disconnected
[2m2026-08-01T14:42:17.841614Z[0m [32m INFO[0m [2mslopos_shell::foreign_toplevel_client[0m[2m:[0m foreign-toplevel-list synced from compositor [3mtoplevels[0m[2m=[0m2
[slopos-compositor/drm] client connected
[2m2026-08-01T14:42:18.885634Z[0m [32m INFO[0m [2mslopos_shell::foreign_toplevel_client[0m[2m:[0m foreign-toplevel-list synced from compositor [3mtoplevels[0m[2m=[0m2
[slopos-compositor/drm] client disconnected
[slopos-compositor/drm] client connected
[2m2026-08-01T14:42:19.893294Z[0m [32m INFO[0m [2mslopos_shell::foreign_toplevel_client[0m[2m:[0m foreign-toplevel-list synced from compositor [3mtoplevels[0m[2m=[0m2
[slopos-compositor/drm] client disconnected
[slopos-compositor/drm] client connected
[2m2026-08-01T14:42:20.901789Z[0m [32m INFO[0m [2mslopos_shell::foreign_toplevel_client[0m[2m:[0m foreign-toplevel-list synced from compositor [3mtoplevels[0m[2m=[0m2
[slopos-compositor/drm] client disconnected
[slopos-compositor/drm] client connected
[slopos-compositor/drm] client disconnected
[2m2026-08-01T14:42:21.918838Z[0m [32m INFO[0m [2mslopos_shell::foreign_toplevel_client[0m[2m:[0m foreign-toplevel-list synced from compositor [3mtoplevels[0m[2m=[0m2
[slopos-compositor/drm] client connected
[slopos-compositor/drm] client disconnected
[2m2026-08-01T14:42:22.935776Z[0m [32m INFO[0m [2mslopos_shell::foreign_toplevel_client[0m[2m:[0m foreign-toplevel-list synced from compositor [3mtoplevels[0m[2m=[0m2
[slopos-compositor/drm] client connected
[2m2026-08-01T14:42:23.992070Z[0m [32m INFO[0m [2mslopos_shell::foreign_toplevel_client[0m[2m:[0m foreign-toplevel-list synced from compositor [3mtoplevels[0m[2m=[0m2
[slopos-compositor/drm] client disconnected
[2m2026-08-01T14:42:24.310826Z[0m [32m INFO[0m [2mslopos_compositor::session_drm[0m[2m:[0m applied compositor presentation request [3mwindow_id[0m[2m=[0mLJndKIMgyvrcfgrPbC3zMErUzRYWB7Xb [3maction[0m[2m=[0mFill [3mstate[0m[2m=[0mFilled
[2m2026-08-01T14:42:24.324177Z[0m [31mERROR[0m [1megl[0m[1m{[0m[3mnative[0m[2m=[0m"/dev/dri/card0" [3mplatform[0m[2m=[0m"PLATFORM_GBM_KHR" [3mversion[0m[2m=[0m(1, 5)[1m}[0m[2m:[0m[1megl_context[0m[1m{[0m[3mptr[0m[2m=[0m195624640163936[1m}[0m[2m:[0m[1mrenderer_gles2[0m[2m:[0m [2msmithay::backend::renderer::gles[0m[2m:[0m [GL] GL_INVALID_ENUM in glBufferData(invalid usage: GL_STREAM_READ)
[2m2026-08-01T14:42:24.339030Z[0m [31mERROR[0m [1megl[0m[1m{[0m[3mnative[0m[2m=[0m"/dev/dri/card0" [3mplatform[0m[2m=[0m"PLATFORM_GBM_KHR" [3mversion[0m[2m=[0m(1, 5)[1m}[0m[2m:[0m[1megl_context[0m[1m{[0m[3mptr[0m[2m=[0m195624640163936[1m}[0m[2m:[0m[1mrenderer_gles2[0m[2m:[0m [2msmithay::backend::renderer::gles[0m[2m:[0m [GL] GL_INVALID_OPERATION in glReadPixels(out of bounds PBO access)
[2m2026-08-01T14:42:24.339131Z[0m [31mERROR[0m [1megl[0m[1m{[0m[3mnative[0m[2m=[0m"/dev/dri/card0" [3mplatform[0m[2m=[0m"PLATFORM_GBM_KHR" [3mversion[0m[2m=[0m(1, 5)[1m}[0m[2m:[0m[1megl_context[0m[1m{[0m[3mptr[0m[2m=[0m195624640163936[1m}[0m[2m:[0m[1mrenderer_gles2[0m[2m:[0m [2msmithay::backend::renderer::gles[0m[2m:[0m [GL] GL_INVALID_ENUM in glBufferData(invalid usage: GL_STREAM_READ)
[2m2026-08-01T14:42:24.339152Z[0m [31mERROR[0m [1megl[0m[1m{[0m[3mnative[0m[2m=[0m"/dev/dri/card0" [3mplatform[0m[2m=[0m"PLATFORM_GBM_KHR" [3mversion[0m[2m=[0m(1, 5)[1m}[0m[2m:[0m[1megl_context[0m[1m{[0m[3mptr[0m[2m=[0m195624640163936[1m}[0m[2m:[0m[1mrenderer_gles2[0m[2m:[0m [2msmithay::backend::renderer::gles[0m[2m:[0m [GL] GL_INVALID_OPERATION in glReadPixels(out of bounds PBO access)
[2m2026-08-01T14:42:24.339568Z[0m [33m WARN[0m [2mslopos_compositor::screenshot[0m[2m:[0m screenshot failed [3merror[0m[2m=[0mcopy_framebuffer failed for Abgr8888 (Unsupported pixel format: DrmFourcc(AB24)) and Argb8888 (Unsupported pixel format: DrmFourcc(AR24))
[slopos-compositor] screenshot failed: copy_framebuffer failed for Abgr8888 (Unsupported pixel format: DrmFourcc(AB24)) and Argb8888 (Unsupported pixel format: DrmFourcc(AR24))
[slopos-compositor/drm] client connected
[slopos-compositor/drm] client disconnected
[2m2026-08-01T14:42:25.001145Z[0m [32m INFO[0m [2mslopos_shell::foreign_toplevel_client[0m[2m:[0m foreign-toplevel-list synced from compositor [3mtoplevels[0m[2m=[0m2
[2m2026-08-01T14:42:25.002041Z[0m [32m INFO[0m [2mwgpu_core::device::resource[0m[2m:[0m Device::maintain: waiting for submission index 1
[2m2026-08-01T14:42:25.116714Z[0m [32m INFO[0m [2mwgpu_core::device::resource[0m[2m:[0m Device::maintain: waiting for submission index 1
[slopos-compositor/drm] client connected
[slopos-compositor/drm] client disconnected
[2m2026-08-01T14:42:26.014319Z[0m [32m INFO[0m [2mslopos_shell::foreign_toplevel_client[0m[2m:[0m foreign-toplevel-list synced from compositor [3mtoplevels[0m[2m=[0m2
[slopos-compositor/drm] client connected
[slopos-compositor/drm] client disconnected
[2m2026-08-01T14:42:27.025904Z[0m [32m INFO[0m [2mslopos_shell::foreign_toplevel_client[0m[2m:[0m foreign-toplevel-list synced from compositor [3mtoplevels[0m[2m=[0m2
[slopos-compositor/drm] client connected
[slopos-compositor/drm] client disconnected
[2m2026-08-01T14:42:28.036612Z[0m [32m INFO[0m [2mslopos_shell::foreign_toplevel_client[0m[2m:[0m foreign-toplevel-list synced from compositor [3mtoplevels[0m[2m=[0m2
[slopos-compositor/drm] client connected
[2m2026-08-01T14:42:29.078162Z[0m [32m INFO[0m [2mslopos_shell::foreign_toplevel_client[0m[2m:[0m foreign-toplevel-list synced from compositor [3mtoplevels[0m[2m=[0m2
[slopos-compositor/drm] client disconnected
[slopos-compositor/drm] client connected
[slopos-compositor/drm] client disconnected
[2m2026-08-01T14:42:30.088672Z[0m [32m INFO[0m [2mslopos_shell::foreign_toplevel_client[0m[2m:[0m foreign-toplevel-list synced from compositor [3mtoplevels[0m[2m=[0m2
[slopos-compositor/drm] client connected
[slopos-compositor/drm] client disconnected
[2m2026-08-01T14:42:31.096839Z[0m [32m INFO[0m [2mslopos_shell::foreign_toplevel_client[0m[2m:[0m foreign-toplevel-list synced from compositor [3mtoplevels[0m[2m=[0m2
[slopos-compositor/drm] client connected
[slopos-compositor/drm] client disconnected
[2m2026-08-01T14:42:32.107190Z[0m [32m INFO[0m [2mslopos_shell::foreign_toplevel_client[0m[2m:[0m foreign-toplevel-list synced from compositor [3mtoplevels[0m[2m=[0m2
[slopos-compositor/drm] client connected
[slopos-compositor/drm] client disconnected
[2m2026-08-01T14:42:33.115354Z[0m [32m INFO[0m [2mslopos_shell::foreign_toplevel_client[0m[2m:[0m foreign-toplevel-list synced from compositor [3mtoplevels[0m[2m=[0m2
[slopos-compositor/drm] client connected
[2m2026-08-01T14:42:34.138735Z[0m [32m INFO[0m [2mslopos_shell::foreign_toplevel_client[0m[2m:[0m foreign-toplevel-list synced from compositor [3mtoplevels[0m[2m=[0m2
[slopos-compositor/drm] client disconnected
[slopos-compositor/drm] client connected
[slopos-compositor/drm] client disconnected
[2m2026-08-01T14:42:35.147173Z[0m [32m INFO[0m [2mslopos_shell::foreign_toplevel_client[0m[2m:[0m foreign-toplevel-list synced from compositor [3mtoplevels[0m[2m=[0m2
[slopos-compositor/drm] client connected
[slopos-compositor/drm] client disconnected
[2m2026-08-01T14:42:36.162005Z[0m [32m INFO[0m [2mslopos_shell::foreign_toplevel_client[0m[2m:[0m foreign-toplevel-list synced from compositor [3mtoplevels[0m[2m=[0m2
[slopos-compositor/drm] client connected
[slopos-compositor/drm] client disconnected
[2m2026-08-01T14:42:37.169400Z[0m [32m INFO[0m [2mslopos_shell::foreign_toplevel_client[0m[2m:[0m foreign-toplevel-list synced from compositor [3mtoplevels[0m[2m=[0m2
[slopos-compositor/drm] client connected
[slopos-compositor/drm] client disconnected
[2m2026-08-01T14:42:38.175290Z[0m [32m INFO[0m [2mslopos_shell::foreign_toplevel_client[0m[2m:[0m foreign-toplevel-list synced from compositor [3mtoplevels[0m[2m=[0m2
[slopos-compositor/drm] client connected
[2m2026-08-01T14:42:39.203327Z[0m [32m INFO[0m [2mslopos_shell::foreign_toplevel_client[0m[2m:[0m foreign-toplevel-list synced from compositor [3mtoplevels[0m[2m=[0m2
[slopos-compositor/drm] client disconnected
[slopos-compositor/drm] client connected
[slopos-compositor/drm] client disconnected
[2m2026-08-01T14:42:40.214805Z[0m [32m INFO[0m [2mslopos_shell::foreign_toplevel_client[0m[2m:[0m foreign-toplevel-list synced from compositor [3mtoplevels[0m[2m=[0m2
[slopos-compositor/drm] client connected
[slopos-compositor/drm] client disconnected
[2m2026-08-01T14:42:41.225571Z[0m [32m INFO[0m [2mslopos_shell::foreign_toplevel_client[0m[2m:[0m foreign-toplevel-list synced from compositor [3mtoplevels[0m[2m=[0m2
[slopos-compositor/drm] client connected
[slopos-compositor/drm] client disconnected
[2m2026-08-01T14:42:42.236760Z[0m [32m INFO[0m [2mslopos_shell::foreign_toplevel_client[0m[2m:[0m foreign-toplevel-list synced from compositor [3mtoplevels[0m[2m=[0m2
[slopos-compositor/drm] client connected
[slopos-compositor/drm] client disconnected
[2m2026-08-01T14:42:43.250217Z[0m [32m INFO[0m [2mslopos_shell::foreign_toplevel_client[0m[2m:[0m foreign-toplevel-list synced from compositor [3mtoplevels[0m[2m=[0m2
[slopos-compositor/drm] client connected
[2m2026-08-01T14:42:44.289085Z[0m [32m INFO[0m [2mslopos_shell::foreign_toplevel_client[0m[2m:[0m foreign-toplevel-list synced from compositor [3mtoplevels[0m[2m=[0m2
[slopos-compositor/drm] client disconnected
[slopos-compositor/drm] client connected
[slopos-compositor/drm] client disconnected
[2m2026-08-01T14:42:45.298703Z[0m [32m INFO[0m [2mslopos_shell::foreign_toplevel_client[0m[2m:[0m foreign-toplevel-list synced from compositor [3mtoplevels[0m[2m=[0m2
[slopos-compositor/drm] client connected
[slopos-compositor/drm] client disconnected
[2m2026-08-01T14:42:46.314866Z[0m [32m INFO[0m [2mslopos_shell::foreign_toplevel_client[0m[2m:[0m foreign-toplevel-list synced from compositor [3mtoplevels[0m[2m=[0m2
[slopos-compositor/drm] client connected
[slopos-compositor/drm] client disconnected
[2m2026-08-01T14:42:47.322166Z[0m [32m INFO[0m [2mslopos_shell::foreign_toplevel_client[0m[2m:[0m foreign-toplevel-list synced from compositor [3mtoplevels[0m[2m=[0m2
[slopos-compositor/drm] client connected
[slopos-compositor/drm] client disconnected
[2m2026-08-01T14:42:48.336506Z[0m [32m INFO[0m [2mslopos_shell::foreign_toplevel_client[0m[2m:[0m foreign-toplevel-list synced from compositor [3mtoplevels[0m[2m=[0m2
[slopos-compositor/drm] client connected
[2m2026-08-01T14:42:49.374617Z[0m [32m INFO[0m [2mslopos_shell::foreign_toplevel_client[0m[2m:[0m foreign-toplevel-list synced from compositor [3mtoplevels[0m[2m=[0m2
[slopos-compositor/drm] client disconnected
[slopos-compositor/drm] client connected
[slopos-compositor/drm] client disconnected
[2m2026-08-01T14:42:50.383563Z[0m [32m INFO[0m [2mslopos_shell::foreign_toplevel_client[0m[2m:[0m foreign-toplevel-list synced from compositor [3mtoplevels[0m[2m=[0m2
[slopos-compositor/drm] client connected
[slopos-compositor/drm] client disconnected
[2m2026-08-01T14:42:51.398827Z[0m [32m INFO[0m [2mslopos_shell::foreign_toplevel_client[0m[2m:[0m foreign-toplevel-list synced from compositor [3mtoplevels[0m[2m=[0m2
[slopos-compositor/drm] client connected
[slopos-compositor/drm] client disconnected
[2m2026-08-01T14:42:52.406876Z[0m [32m INFO[0m [2mslopos_shell::foreign_toplevel_client[0m[2m:[0m foreign-toplevel-list synced from compositor [3mtoplevels[0m[2m=[0m2
[slopos-compositor/drm] client connected
[slopos-compositor/drm] client disconnected
[2m2026-08-01T14:42:53.417285Z[0m [32m INFO[0m [2mslopos_shell::foreign_toplevel_client[0m[2m:[0m foreign-toplevel-list synced from compositor [3mtoplevels[0m[2m=[0m2
[slopos-compositor/drm] client connected
[2m2026-08-01T14:42:54.454523Z[0m [32m INFO[0m [2mslopos_shell::foreign_toplevel_client[0m[2m:[0m foreign-toplevel-list synced from compositor [3mtoplevels[0m[2m=[0m2
[slopos-compositor/drm] client disconnected
[slopos-compositor/drm] client connected
[slopos-compositor/drm] client disconnected
[2m2026-08-01T14:42:55.460894Z[0m [32m INFO[0m [2mslopos_shell::foreign_toplevel_client[0m[2m:[0m foreign-toplevel-list synced from compositor [3mtoplevels[0m[2m=[0m2
[slopos-compositor/drm] client connected
[slopos-compositor/drm] client disconnected
[2m2026-08-01T14:42:56.472572Z[0m [32m INFO[0m [2mslopos_shell::foreign_toplevel_client[0m[2m:[0m foreign-toplevel-list synced from compositor [3mtoplevels[0m[2m=[0m2
[slopos-compositor/drm] client connected
[slopos-compositor/drm] client disconnected
[2m2026-08-01T14:42:57.485109Z[0m [32m INFO[0m [2mslopos_shell::foreign_toplevel_client[0m[2m:[0m foreign-toplevel-list synced from compositor [3mtoplevels[0m[2m=[0m2
[slopos-compositor/drm] client connected
[slopos-compositor/drm] client disconnected
[2m2026-08-01T14:42:58.504187Z[0m [32m INFO[0m [2mslopos_shell::foreign_toplevel_client[0m[2m:[0m foreign-toplevel-list synced from compositor [3mtoplevels[0m[2m=[0m2
[slopos-compositor/drm] client connected
[2m2026-08-01T14:42:59.548130Z[0m [32m INFO[0m [2mslopos_shell::foreign_toplevel_client[0m[2m:[0m foreign-toplevel-list synced from compositor [3mtoplevels[0m[2m=[0m2
[slopos-compositor/drm] client disconnected
[slopos-compositor/drm] client connected
[slopos-compositor/drm] client disconnected
[2m2026-08-01T14:43:00.558576Z[0m [32m INFO[0m [2mslopos_shell::foreign_toplevel_client[0m[2m:[0m foreign-toplevel-list synced from compositor [3mtoplevels[0m[2m=[0m2
[2m2026-08-01T14:43:00.563520Z[0m [32m INFO[0m [2mwgpu_core::device::resource[0m[2m:[0m Device::maintain: waiting for submission index 0
[2m2026-08-01T14:43:00.845826Z[0m [32m INFO[0m [2mwgpu_core::device::resource[0m[2m:[0m Device::maintain: waiting for submission index 3
[2m2026-08-01T14:43:01.157706Z[0m [31mERROR[0m [1megl[0m[1m{[0m[3mnative[0m[2m=[0m"/dev/dri/card0" [3mplatform[0m[2m=[0m"PLATFORM_GBM_KHR" [3mversion[0m[2m=[0m(1, 5)[1m}[0m[2m:[0m[1megl_context[0m[1m{[0m[3mptr[0m[2m=[0m195624640163936[1m}[0m[2m:[0m[1mrenderer_gles2[0m[2m:[0m [2msmithay::backend::renderer::gles[0m[2m:[0m [GL] GL_INVALID_ENUM in glBufferData(invalid usage: GL_STREAM_READ)
[2m2026-08-01T14:43:01.157962Z[0m [31mERROR[0m [1megl[0m[1m{[0m[3mnative[0m[2m=[0m"/dev/dri/card0" [3mplatform[0m[2m=[0m"PLATFORM_GBM_KHR" [3mversion[0m[2m=[0m(1, 5)[1m}[0m[2m:[0m[1megl_context[0m[1m{[0m[3mptr[0m[2m=[0m195624640163936[1m}[0m[2m:[0m[1mrenderer_gles2[0m[2m:[0m [2msmithay::backend::renderer::gles[0m[2m:[0m [GL] GL_INVALID_OPERATION in glReadPixels(out of bounds PBO access)
[2m2026-08-01T14:43:01.157994Z[0m [31mERROR[0m [1megl[0m[1m{[0m[3mnative[0m[2m=[0m"/dev/dri/card0" [3mplatform[0m[2m=[0m"PLATFORM_GBM_KHR" [3mversion[0m[2m=[0m(1, 5)[1m}[0m[2m:[0m[1megl_context[0m[1m{[0m[3mptr[0m[2m=[0m195624640163936[1m}[0m[2m:[0m[1mrenderer_gles2[0m[2m:[0m [2msmithay::backend::renderer::gles[0m[2m:[0m [GL] GL_INVALID_ENUM in glBufferData(invalid usage: GL_STREAM_READ)
[2m2026-08-01T14:43:01.158007Z[0m [31mERROR[0m [1megl[0m[1m{[0m[3mnative[0m[2m=[0m"/dev/dri/card0" [3mplatform[0m[2m=[0m"PLATFORM_GBM_KHR" [3mversion[0m[2m=[0m(1, 5)[1m}[0m[2m:[0m[1megl_context[0m[1m{[0m[3mptr[0m[2m=[0m195624640163936[1m}[0m[2m:[0m[1mrenderer_gles2[0m[2m:[0m [2msmithay::backend::renderer::gles[0m[2m:[0m [GL] GL_INVALID_OPERATION in glReadPixels(out of bounds PBO access)
[2m2026-08-01T14:43:01.158113Z[0m [33m WARN[0m [2mslopos_compositor::screenshot[0m[2m:[0m screenshot failed [3merror[0m[2m=[0mcopy_framebuffer failed for Abgr8888 (Unsupported pixel format: DrmFourcc(AB24)) and Argb8888 (Unsupported pixel format: DrmFourcc(AR24))
[slopos-compositor] screenshot failed: copy_framebuffer failed for Abgr8888 (Unsupported pixel format: DrmFourcc(AB24)) and Argb8888 (Unsupported pixel format: DrmFourcc(AR24))
[2m2026-08-01T14:43:01.169339Z[0m [32m INFO[0m [2mwgpu_core::device::resource[0m[2m:[0m Device::maintain: waiting for submission index 3
[2m2026-08-01T14:43:01.203975Z[0m [32m INFO[0m [2mwgpu_core::device::resource[0m[2m:[0m Device::maintain: waiting for submission index 3
[slopos-compositor/drm] client connected
[slopos-compositor/drm] client disconnected
[2m2026-08-01T14:43:01.243059Z[0m [32m INFO[0m [2mslopos_shell::foreign_toplevel_client[0m[2m:[0m foreign-toplevel-list synced from compositor [3mtoplevels[0m[2m=[0m2
[slopos-compositor/drm] client connected
[slopos-compositor/drm] client disconnected
[2m2026-08-01T14:43:01.246484Z[0m [32m INFO[0m [2mslopos_shell::foreign_toplevel_client[0m[2m:[0m foreign-toplevel-list synced from compositor [3mtoplevels[0m[2m=[0m2
[slopos-compositor/drm] client connected
[slopos-compositor/drm] client disconnected
[2m2026-08-01T14:43:02.256189Z[0m [32m INFO[0m [2mslopos_shell::foreign_toplevel_client[0m[2m:[0m foreign-toplevel-list synced from compositor [3mtoplevels[0m[2m=[0m2
[slopos-compositor/drm] client connected
[slopos-compositor/drm] client disconnected
[2m2026-08-01T14:43:03.266806Z[0m [32m INFO[0m [2mslopos_shell::foreign_toplevel_client[0m[2m:[0m foreign-toplevel-list synced from compositor [3mtoplevels[0m[2m=[0m2
[slopos-compositor/drm] client connected
[slopos-compositor/drm] client disconnected
[2m2026-08-01T14:43:04.278298Z[0m [32m INFO[0m [2mslopos_shell::foreign_toplevel_client[0m[2m:[0m foreign-toplevel-list synced from compositor [3mtoplevels[0m[2m=[0m2
[slopos-compositor/drm] client connected
[2m2026-08-01T14:43:05.327332Z[0m [32m INFO[0m [2mslopos_shell::foreign_toplevel_client[0m[2m:[0m foreign-toplevel-list synced from compositor [3mtoplevels[0m[2m=[0m2
[slopos-compositor/drm] client disconnected
[slopos-compositor/drm] client connected
[slopos-compositor/drm] client disconnected
[2m2026-08-01T14:43:06.334880Z[0m [32m INFO[0m [2mslopos_shell::foreign_toplevel_client[0m[2m:[0m foreign-toplevel-list synced from compositor [3mtoplevels[0m[2m=[0m2
[slopos-compositor/drm] client connected
[2m2026-08-01T14:43:07.340877Z[0m [32m INFO[0m [2mslopos_shell::foreign_toplevel_client[0m[2m:[0m foreign-toplevel-list synced from compositor [3mtoplevels[0m[2m=[0m2
[slopos-compositor/drm] client disconnected
[slopos-compositor/drm] client connected
[slopos-compositor/drm] client disconnected
[2m2026-08-01T14:43:08.352902Z[0m [32m INFO[0m [2mslopos_shell::foreign_toplevel_client[0m[2m:[0m foreign-toplevel-list synced from compositor [3mtoplevels[0m[2m=[0m2
[slopos-compositor/drm] client connected
[slopos-compositor/drm] client disconnected
[2m2026-08-01T14:43:09.363507Z[0m [32m INFO[0m [2mslopos_shell::foreign_toplevel_client[0m[2m:[0m foreign-toplevel-list synced from compositor [3mtoplevels[0m[2m=[0m2
[slopos-compositor/drm] client connected
[2m2026-08-01T14:43:10.403817Z[0m [32m INFO[0m [2mslopos_shell::foreign_toplevel_client[0m[2m:[0m foreign-toplevel-list synced from compositor [3mtoplevels[0m[2m=[0m2
[slopos-compositor/drm] client disconnected
[slopos-compositor/drm] client connected
[slopos-compositor/drm] client disconnected
[2m2026-08-01T14:43:11.413383Z[0m [32m INFO[0m [2mslopos_shell::foreign_toplevel_client[0m[2m:[0m foreign-toplevel-list synced from compositor [3mtoplevels[0m[2m=[0m2
[slopos-compositor/drm] client connected
[slopos-compositor/drm] client disconnected
[2m2026-08-01T14:43:12.425179Z[0m [32m INFO[0m [2mslopos_shell::foreign_toplevel_client[0m[2m:[0m foreign-toplevel-list synced from compositor [3mtoplevels[0m[2m=[0m2
[slopos-compositor/drm] client connected
[slopos-compositor/drm] client disconnected
[2m2026-08-01T14:43:13.437842Z[0m [32m INFO[0m [2mslopos_shell::foreign_toplevel_client[0m[2m:[0m foreign-toplevel-list synced from compositor [3mtoplevels[0m[2m=[0m2
[slopos-compositor/drm] client connected
[slopos-compositor/drm] client disconnected
[2m2026-08-01T14:43:14.453435Z[0m [32m INFO[0m [2mslopos_shell::foreign_toplevel_client[0m[2m:[0m foreign-toplevel-list synced from compositor [3mtoplevels[0m[2m=[0m2
[slopos-compositor/drm] client connected
[2m2026-08-01T14:43:15.488026Z[0m [32m INFO[0m [2mslopos_shell::foreign_toplevel_client[0m[2m:[0m foreign-toplevel-list synced from compositor [3mtoplevels[0m[2m=[0m2
[slopos-compositor/drm] client disconnected
[slopos-compositor/drm] client connected
[slopos-compositor/drm] client disconnected
[2m2026-08-01T14:43:16.495725Z[0m [32m INFO[0m [2mslopos_shell::foreign_toplevel_client[0m[2m:[0m foreign-toplevel-list synced from compositor [3mtoplevels[0m[2m=[0m2
[slopos-compositor/drm] client connected
[slopos-compositor/drm] client disconnected
[2m2026-08-01T14:43:17.510744Z[0m [32m INFO[0m [2mslopos_shell::foreign_toplevel_client[0m[2m:[0m foreign-toplevel-list synced from compositor [3mtoplevels[0m[2m=[0m2
[slopos-compositor/drm] client connected
[slopos-compositor/drm] client disconnected
[2m2026-08-01T14:43:18.521161Z[0m [32m INFO[0m [2mslopos_shell::foreign_toplevel_client[0m[2m:[0m foreign-toplevel-list synced from compositor [3mtoplevels[0m[2m=[0m2
[slopos-compositor/drm] client connected
[slopos-compositor/drm] client disconnected
[2m2026-08-01T14:43:19.537430Z[0m [32m INFO[0m [2mslopos_shell::foreign_toplevel_client[0m[2m:[0m foreign-toplevel-list synced from compositor [3mtoplevels[0m[2m=[0m2
[slopos-compositor/drm] client connected
[2m2026-08-01T14:43:20.584519Z[0m [32m INFO[0m [2mslopos_shell::foreign_toplevel_client[0m[2m:[0m foreign-toplevel-list synced from compositor [3mtoplevels[0m[2m=[0m2
[slopos-compositor/drm] client disconnected
[slopos-compositor/drm] client connected
[2m2026-08-01T14:43:21.602626Z[0m [32m INFO[0m [2mslopos_shell::foreign_toplevel_client[0m[2m:[0m foreign-toplevel-list synced from compositor [3mtoplevels[0m[2m=[0m2
[slopos-compositor/drm] client disconnected
[slopos-compositor/drm] client connected
[slopos-compositor/drm] client disconnected
[2m2026-08-01T14:43:22.614929Z[0m [32m INFO[0m [2mslopos_shell::foreign_toplevel_client[0m[2m:[0m foreign-toplevel-list synced from compositor [3mtoplevels[0m[2m=[0m2
[slopos-compositor/drm] client connected
[slopos-compositor/drm] client disconnected
[2m2026-08-01T14:43:23.625014Z[0m [32m INFO[0m [2mslopos_shell::foreign_toplevel_client[0m[2m:[0m foreign-toplevel-list synced from compositor [3mtoplevels[0m[2m=[0m2
[slopos-compositor/drm] client connected
[slopos-compositor/drm] client disconnected
[2m2026-08-01T14:43:24.635815Z[0m [32m INFO[0m [2mslopos_shell::foreign_toplevel_client[0m[2m:[0m foreign-toplevel-list synced from compositor [3mtoplevels[0m[2m=[0m2
[slopos-compositor/drm] client connected
[2m2026-08-01T14:43:25.682530Z[0m [32m INFO[0m [2mslopos_shell::foreign_toplevel_client[0m[2m:[0m foreign-toplevel-list synced from compositor [3mtoplevels[0m[2m=[0m2
[slopos-compositor/drm] client disconnected
[slopos-compositor/drm] client connected
[slopos-compositor/drm] client disconnected
[2m2026-08-01T14:43:26.696850Z[0m [32m INFO[0m [2mslopos_shell::foreign_toplevel_client[0m[2m:[0m foreign-toplevel-list synced from compositor [3mtoplevels[0m[2m=[0m2
[slopos-compositor/drm] client connected
[slopos-compositor/drm] client disconnected
[2m2026-08-01T14:43:27.714023Z[0m [32m INFO[0m [2mslopos_shell::foreign_toplevel_client[0m[2m:[0m foreign-toplevel-list synced from compositor [3mtoplevels[0m[2m=[0m2
[slopos-compositor/drm] client connected
[2m2026-08-01T14:43:28.727464Z[0m [32m INFO[0m [2mslopos_shell::foreign_toplevel_client[0m[2m:[0m foreign-toplevel-list synced from compositor [3mtoplevels[0m[2m=[0m2
[slopos-compositor/drm] client disconnected
[slopos-compositor/drm] client connected
[2m2026-08-01T14:43:29.736544Z[0m [32m INFO[0m [2mslopos_shell::foreign_toplevel_client[0m[2m:[0m foreign-toplevel-list synced from compositor [3mtoplevels[0m[2m=[0m2
[slopos-compositor/drm] client disconnected
[slopos-compositor/drm] client connected
[2m2026-08-01T14:43:30.779913Z[0m [32m INFO[0m [2mslopos_shell::foreign_toplevel_client[0m[2m:[0m foreign-toplevel-list synced from compositor [3mtoplevels[0m[2m=[0m2
[slopos-compositor/drm] client disconnected
[slopos-compositor/drm] client connected
[slopos-compositor/drm] client disconnected
[2m2026-08-01T14:43:31.807726Z[0m [32m INFO[0m [2mslopos_shell::foreign_toplevel_client[0m[2m:[0m foreign-toplevel-list synced from compositor [3mtoplevels[0m[2m=[0m2
[slopos-compositor/drm] client connected
[slopos-compositor/drm] client disconnected
[2m2026-08-01T14:43:32.817961Z[0m [32m INFO[0m [2mslopos_shell::foreign_toplevel_client[0m[2m:[0m foreign-toplevel-list synced from compositor [3mtoplevels[0m[2m=[0m2
[slopos-compositor/drm] client connected
[slopos-compositor/drm] client disconnected
[2m2026-08-01T14:43:33.827147Z[0m [32m INFO[0m [2mslopos_shell::foreign_toplevel_client[0m[2m:[0m foreign-toplevel-list synced from compositor [3mtoplevels[0m[2m=[0m2
[slopos-compositor/drm] client connected
[slopos-compositor/drm] client disconnected
[2m2026-08-01T14:43:34.836986Z[0m [32m INFO[0m [2mslopos_shell::foreign_toplevel_client[0m[2m:[0m foreign-toplevel-list synced from compositor [3mtoplevels[0m[2m=[0m2
[slopos-compositor/drm] client connected
[2m2026-08-01T14:43:35.888132Z[0m [32m INFO[0m [2mslopos_shell::foreign_toplevel_client[0m[2m:[0m foreign-toplevel-list synced from compositor [3mtoplevels[0m[2m=[0m2
[slopos-compositor/drm] client disconnected
[slopos-compositor/drm] client connected
[slopos-compositor/drm] client disconnected
[2m2026-08-01T14:43:36.896800Z[0m [32m INFO[0m [2mslopos_shell::foreign_toplevel_client[0m[2m:[0m foreign-toplevel-list synced from compositor [3mtoplevels[0m[2m=[0m2
[slopos-compositor/drm] client connected
[slopos-compositor/drm] client disconnected
[2m2026-08-01T14:43:37.909037Z[0m [32m INFO[0m [2mslopos_shell::foreign_toplevel_client[0m[2m:[0m foreign-toplevel-list synced from compositor [3mtoplevels[0m[2m=[0m2
[slopos-compositor/drm] client connected
[slopos-compositor/drm] client disconnected
[2m2026-08-01T14:43:38.920786Z[0m [32m INFO[0m [2mslopos_shell::foreign_toplevel_client[0m[2m:[0m foreign-toplevel-list synced from compositor [3mtoplevels[0m[2m=[0m2
[slopos-compositor/drm] client connected
[slopos-compositor/drm] client disconnected
[2m2026-08-01T14:43:39.934806Z[0m [32m INFO[0m [2mslopos_shell::foreign_toplevel_client[0m[2m:[0m foreign-toplevel-list synced from compositor [3mtoplevels[0m[2m=[0m2
[slopos-compositor/drm] client connected
[2m2026-08-01T14:43:40.978186Z[0m [32m INFO[0m [2mslopos_shell::foreign_toplevel_client[0m[2m:[0m foreign-toplevel-list synced from compositor [3mtoplevels[0m[2m=[0m2
[slopos-compositor/drm] client disconnected
[slopos-compositor/drm] client connected
[slopos-compositor/drm] client disconnected
[2m2026-08-01T14:43:41.987869Z[0m [32m INFO[0m [2mslopos_shell::foreign_toplevel_client[0m[2m:[0m foreign-toplevel-list synced from compositor [3mtoplevels[0m[2m=[0m2
[slopos-compositor/drm] client connected
[slopos-compositor/drm] client disconnected
[2m2026-08-01T14:43:42.999643Z[0m [32m INFO[0m [2mslopos_shell::foreign_toplevel_client[0m[2m:[0m foreign-toplevel-list synced from compositor [3mtoplevels[0m[2m=[0m2
[slopos-compositor/drm] client connected
[slopos-compositor/drm] client disconnected
[2m2026-08-01T14:43:44.009927Z[0m [32m INFO[0m [2mslopos_shell::foreign_toplevel_client[0m[2m:[0m foreign-toplevel-list synced from compositor [3mtoplevels[0m[2m=[0m2
[slopos-compositor/drm] client connected
[slopos-compositor/drm] client disconnected
[2m2026-08-01T14:43:45.023458Z[0m [32m INFO[0m [2mslopos_shell::foreign_toplevel_client[0m[2m:[0m foreign-toplevel-list synced from compositor [3mtoplevels[0m[2m=[0m2
[slopos-compositor/drm] client connected
[2m2026-08-01T14:43:46.079013Z[0m [32m INFO[0m [2mslopos_shell::foreign_toplevel_client[0m[2m:[0m foreign-toplevel-list synced from compositor [3mtoplevels[0m[2m=[0m2
[slopos-compositor/drm] client disconnected
[slopos-compositor/drm] client connected
[slopos-compositor/drm] client disconnected
[2m2026-08-01T14:43:47.092489Z[0m [32m INFO[0m [2mslopos_shell::foreign_toplevel_client[0m[2m:[0m foreign-toplevel-list synced from compositor [3mtoplevels[0m[2m=[0m2
[slopos-compositor/drm] client connected
[slopos-compositor/drm] client disconnected
[2m2026-08-01T14:43:48.102956Z[0m [32m INFO[0m [2mslopos_shell::foreign_toplevel_client[0m[2m:[0m foreign-toplevel-list synced from compositor [3mtoplevels[0m[2m=[0m2
[slopos-compositor/drm] client connected
[slopos-compositor/drm] client disconnected
[2m2026-08-01T14:43:49.120542Z[0m [32m INFO[0m [2mslopos_shell::foreign_toplevel_client[0m[2m:[0m foreign-toplevel-list synced from compositor [3mtoplevels[0m[2m=[0m2
[slopos-compositor/drm] client connected
[slopos-compositor/drm] client disconnected
[2m2026-08-01T14:43:50.136783Z[0m [32m INFO[0m [2mslopos_shell::foreign_toplevel_client[0m[2m:[0m foreign-toplevel-list synced from compositor [3mtoplevels[0m[2m=[0m2
[slopos-compositor/drm] client connected
[2m2026-08-01T14:43:51.197927Z[0m [32m INFO[0m [2mslopos_shell::foreign_toplevel_client[0m[2m:[0m foreign-toplevel-list synced from compositor [3mtoplevels[0m[2m=[0m2
[slopos-compositor/drm] client disconnected
[slopos-compositor/drm] client connected
[slopos-compositor/drm] client disconnected
[2m2026-08-01T14:43:52.210379Z[0m [32m INFO[0m [2mslopos_shell::foreign_toplevel_client[0m[2m:[0m foreign-toplevel-list synced from compositor [3mtoplevels[0m[2m=[0m2
[slopos-compositor/drm] client connected
[slopos-compositor/drm] client disconnected
[2m2026-08-01T14:43:53.226142Z[0m [32m INFO[0m [2mslopos_shell::foreign_toplevel_client[0m[2m:[0m foreign-toplevel-list synced from compositor [3mtoplevels[0m[2m=[0m2
[slopos-session] shutdown signal received; stopping session
[slopos-compositor/drm] client disconnected
[slopos-compositor/drm] client disconnected
