[slopos-compositor] backend: SessionDrm (explicit)
[2m2026-08-01T07:11:46.715002Z[0m [32m INFO[0m [2mslopos_compositor::session_drm[0m[2m:[0m session_mode=session_drm (DRM/KMS seat path)
[slopos-compositor] starting DRM/KMS session path (session_mode=session_drm (DRM/KMS seat path))
[slopos-compositor] display policy: hdr_requested=false hdr_supported=false vrr_adaptive=false refresh=60hz color_space=srgb
[slopos-compositor] libseat seat=seat0
[2m2026-08-01T07:11:46.717358Z[0m [32m INFO[0m [1minput_seat[0m[1m{[0m[3mname[0m[2m=[0m"seat0"[1m}[0m[2m:[0m[1madd_keyboard[0m[1m{[0m[3mxkb_config[0m[2m=[0mXkbConfig { rules: "", model: "", layout: "", variant: "", options: None } [3mrepeat_delay[0m[2m=[0m200 [3mrepeat_rate[0m[2m=[0m25[1m}[0m[2m:[0m[1minput_keyboard[0m[2m:[0m [2msmithay::input::keyboard[0m[2m:[0m Initializing a xkbcommon handler with keymap query
[2m2026-08-01T07:11:46.722032Z[0m [32m INFO[0m [1minput_seat[0m[1m{[0m[3mname[0m[2m=[0m"seat0"[1m}[0m[2m:[0m[1madd_keyboard[0m[1m{[0m[3mxkb_config[0m[2m=[0mXkbConfig { rules: "", model: "", layout: "", variant: "", options: None } [3mrepeat_delay[0m[2m=[0m200 [3mrepeat_rate[0m[2m=[0m25[1m}[0m[2m:[0m[1minput_keyboard[0m[2m:[0m [2msmithay::input::keyboard[0m[2m:[0m Loaded Keymap [3mname[0m[2m=[0m"English (US)"
[slopos-compositor] opening DRM node /dev/dri/card0
[2m2026-08-01T07:11:46.726111Z[0m [33m WARN[0m [2msmithay::backend::drm::device::fd[0m[2m:[0m Unable to become drm master, assuming unprivileged mode
[2m2026-08-01T07:11:46.726135Z[0m [32m INFO[0m [2msmithay::backend::drm::device[0m[2m:[0m DrmDevice initializing
[2m2026-08-01T07:11:46.816366Z[0m [32m INFO[0m [2msmithay::backend::egl::display[0m[2m:[0m Successfully selected EGL platform: PLATFORM_GBM_KHR
[2m2026-08-01T07:11:46.819817Z[0m [32m INFO[0m [2msmithay::backend::egl::display[0m[2m:[0m EGL Initialized
[2m2026-08-01T07:11:46.819845Z[0m [32m INFO[0m [2msmithay::backend::egl::display[0m[2m:[0m EGL Version: (1, 5)
[2m2026-08-01T07:11:46.819884Z[0m [32m INFO[0m [2msmithay::backend::egl::display[0m[2m:[0m Supported EGL display extensions: ["EGL_ANDROID_blob_cache", "EGL_ANDROID_native_fence_sync", "EGL_EXT_buffer_age", "EGL_EXT_config_select_group", "EGL_EXT_image_dma_buf_import", "EGL_EXT_image_dma_buf_import_modifiers", "EGL_EXT_surface_compression", "EGL_KHR_cl_event2", "EGL_KHR_config_attribs", "EGL_KHR_context_flush_control", "EGL_KHR_create_context", "EGL_KHR_create_context_no_error", "EGL_KHR_fence_sync", "EGL_KHR_get_all_proc_addresses", "EGL_KHR_gl_colorspace", "EGL_KHR_gl_renderbuffer_image", "EGL_KHR_gl_texture_2D_image", "EGL_KHR_gl_texture_3D_image", "EGL_KHR_gl_texture_cubemap_image", "EGL_KHR_image", "EGL_KHR_image_base", "EGL_KHR_image_pixmap", "EGL_KHR_no_config_context", "EGL_KHR_reusable_sync", "EGL_KHR_surfaceless_context", "EGL_EXT_pixel_format_float", "EGL_KHR_wait_sync", "EGL_MESA_configless_context", "EGL_MESA_gl_interop", "EGL_MESA_image_dma_buf_export", "EGL_MESA_query_driver", "EGL_MESA_x11_native_visual_id", ""]
[2m2026-08-01T07:11:46.832465Z[0m [32m INFO[0m [1megl[0m[1m{[0m[3mnative[0m[2m=[0m"/dev/dri/card0" [3mplatform[0m[2m=[0m"PLATFORM_GBM_KHR" [3mversion[0m[2m=[0m(1, 5)[1m}[0m[2m:[0m[1megl_context[0m[1m{[0m[3mptr[0m[2m=[0m220932386947216[1m}[0m[2m:[0m [2msmithay::backend::egl::context[0m[2m:[0m EGL context created [3mpriority[0m[2m=[0mNone
[2m2026-08-01T07:11:46.835724Z[0m [32m INFO[0m [1megl[0m[1m{[0m[3mnative[0m[2m=[0m"/dev/dri/card0" [3mplatform[0m[2m=[0m"PLATFORM_GBM_KHR" [3mversion[0m[2m=[0m(1, 5)[1m}[0m[2m:[0m[1megl_context[0m[1m{[0m[3mptr[0m[2m=[0m220932386947216[1m}[0m[2m:[0m[1mrenderer_gles2[0m[2m:[0m [2msmithay::backend::renderer::gles[0m[2m:[0m Initializing OpenGL ES Renderer
[2m2026-08-01T07:11:46.835769Z[0m [32m INFO[0m [1megl[0m[1m{[0m[3mnative[0m[2m=[0m"/dev/dri/card0" [3mplatform[0m[2m=[0m"PLATFORM_GBM_KHR" [3mversion[0m[2m=[0m(1, 5)[1m}[0m[2m:[0m[1megl_context[0m[1m{[0m[3mptr[0m[2m=[0m220932386947216[1m}[0m[2m:[0m[1mrenderer_gles2[0m[2m:[0m [2msmithay::backend::renderer::gles[0m[2m:[0m GL Version: "OpenGL ES 2.0 Mesa 26.0.3-1ubuntu1"
[2m2026-08-01T07:11:46.835818Z[0m [32m INFO[0m [1megl[0m[1m{[0m[3mnative[0m[2m=[0m"/dev/dri/card0" [3mplatform[0m[2m=[0m"PLATFORM_GBM_KHR" [3mversion[0m[2m=[0m(1, 5)[1m}[0m[2m:[0m[1megl_context[0m[1m{[0m[3mptr[0m[2m=[0m220932386947216[1m}[0m[2m:[0m[1mrenderer_gles2[0m[2m:[0m [2msmithay::backend::renderer::gles[0m[2m:[0m GL Vendor: "Mesa"
[2m2026-08-01T07:11:46.835832Z[0m [32m INFO[0m [1megl[0m[1m{[0m[3mnative[0m[2m=[0m"/dev/dri/card0" [3mplatform[0m[2m=[0m"PLATFORM_GBM_KHR" [3mversion[0m[2m=[0m(1, 5)[1m}[0m[2m:[0m[1megl_context[0m[1m{[0m[3mptr[0m[2m=[0m220932386947216[1m}[0m[2m:[0m[1mrenderer_gles2[0m[2m:[0m [2msmithay::backend::renderer::gles[0m[2m:[0m GL Renderer: "virgl (ANGLE (Apple, ANGLE Metal Renderer: Apple M2 Pro, Ve...)"
[2m2026-08-01T07:11:46.835845Z[0m [32m INFO[0m [1megl[0m[1m{[0m[3mnative[0m[2m=[0m"/dev/dri/card0" [3mplatform[0m[2m=[0m"PLATFORM_GBM_KHR" [3mversion[0m[2m=[0m(1, 5)[1m}[0m[2m:[0m[1megl_context[0m[1m{[0m[3mptr[0m[2m=[0m220932386947216[1m}[0m[2m:[0m[1mrenderer_gles2[0m[2m:[0m [2msmithay::backend::renderer::gles[0m[2m:[0m Supported GL Extensions: ["GL_EXT_blend_minmax", "GL_EXT_multi_draw_arrays", "GL_EXT_texture_filter_anisotropic", "GL_EXT_texture_compression_s3tc", "GL_EXT_texture_compression_dxt1", "GL_EXT_texture_format_BGRA8888", "GL_OES_compressed_ETC1_RGB8_texture", "GL_OES_depth24", "GL_OES_element_index_uint", "GL_OES_fbo_render_mipmap", "GL_OES_mapbuffer", "GL_OES_rgb8_rgba8", "GL_OES_standard_derivatives", "GL_OES_stencil8", "GL_OES_texture_3D", "GL_OES_texture_float", "GL_OES_texture_float_linear", "GL_OES_texture_half_float", "GL_OES_texture_half_float_linear", "GL_OES_texture_npot", "GL_OES_vertex_half_float", "GL_EXT_draw_instanced", "GL_OES_EGL_image", "GL_OES_depth_texture", "GL_OES_packed_depth_stencil", "GL_EXT_texture_type_2_10_10_10_REV", "GL_OES_get_program_binary", "GL_APPLE_texture_max_level", "GL_EXT_discard_framebuffer", "GL_EXT_read_format_bgra", "GL_EXT_texture_storage", "GL_NV_pack_subimage", "GL_EXT_frag_depth", "GL_NV_fbo_color_attachments", "GL_OES_EGL_image_external", "GL_OES_EGL_sync", "GL_OES_vertex_array_object", "GL_ANGLE_pack_reverse_row_order", "GL_ANGLE_texture_compression_dxt3", "GL_ANGLE_texture_compression_dxt5", "GL_EXT_occlusion_query_boolean", "GL_EXT_sRGB", "GL_EXT_texture_rg", "GL_EXT_unpack_subimage", "GL_NV_draw_buffers", "GL_NV_read_buffer", "GL_NV_read_depth", "GL_NV_read_depth_stencil", "GL_NV_read_stencil", "GL_APPLE_sync", "GL_EXT_draw_buffers", "GL_EXT_instanced_arrays", "GL_EXT_map_buffer_range", "GL_EXT_shadow_samplers", "GL_KHR_debug", "GL_KHR_texture_compression_astc_ldr", "GL_NV_pixel_buffer_object", "GL_OES_depth_texture_cube_map", "GL_OES_required_internalformat", "GL_OES_surfaceless_context", "GL_EXT_debug_label", "GL_EXT_separate_shader_objects", "GL_EXT_compressed_ETC1_RGB8_sub_texture", "GL_EXT_draw_elements_base_vertex", "GL_EXT_polygon_offset_clamp", "GL_EXT_texture_border_clamp", "GL_KHR_context_flush_control", "GL_OES_draw_elements_base_vertex", "GL_OES_texture_border_clamp", "GL_EXT_blend_func_extended", "GL_KHR_no_error", "GL_KHR_texture_compression_astc_sliced_3d", "GL_EXT_texture_compression_s3tc_srgb", "GL_EXT_clip_control", "GL_EXT_color_buffer_half_float", "GL_KHR_parallel_shader_compile", "GL_EXT_depth_clamp", "GL_MESA_sampler_objects", "GL_MESA_bgra", ""]
[slopos-compositor] DRM modeset plan: connector=Virtual-1 1280x800@75000mhz crtcs=1 connectors=1
[slopos-compositor] output_scale=3/2 (1.50x) (DRM wl_output buffer scale=2 effective=output_scale=2/1 (2.00x) logical canvas=640x400)
[slopos-compositor] connector HDR: hdr_metadata=false bt2020_colorspace=false max_bpc=n/a => hdr10_capable=false
[2m2026-08-01T07:11:46.855778Z[0m [32m INFO[0m [2mslopos_compositor::session_drm[0m[2m:[0m connector HDR capability probed from DRM properties [3mhdr_metadata[0m[2m=[0mfalse [3mbt2020[0m[2m=[0mfalse [3mmax_bpc[0m[2m=[0mNone [3mhdr10_capable[0m[2m=[0mfalse
[slopos-compositor] connector VRR: capable=false controllable=true enabled=false
[2m2026-08-01T07:11:46.856016Z[0m [32m INFO[0m [1mdrm_atomic[0m[2m:[0m[1mcreate_surface[0m[1m{[0m[3mcrtc[0m[2m=[0mcrtc::Handle(38) [3mmode[0m[2m=[0mMode { name: "1280x800", clock: 107300, size: (1280, 800), hsync: (1600, 1638, 1728), vsync: (804, 808, 828), hskew: 0, vscan: 0, vrefresh: 75, mode_type: ModeTypeFlags(PREFERRED | DRIVER) } [3mconnectors[0m[2m=[0m[connector::Handle(39)][1m}[0m[2m:[0m[1mdrm_atomic[0m[1m{[0m[3mcrtc[0m[2m=[0mcrtc::Handle(38)[1m}[0m[2m:[0m [2msmithay::backend::drm::surface::atomic[0m[2m:[0m Initializing drm surface (crtc::Handle(38):plane::Handle(34)) with mode Mode { name: "1280x800", clock: 107300, size: (1280, 800), hsync: (1600, 1638, 1728), vsync: (804, 808, 828), hskew: 0, vscan: 0, vrefresh: 75, mode_type: ModeTypeFlags(PREFERRED | DRIVER) } and connectors [connector::Handle(39)]
[slopos-compositor] DRM scanout surface created (crtc+connector modeset)
[2m2026-08-01T07:11:46.856375Z[0m [32m INFO[0m [2mslopos_compositor::session_drm[0m[2m:[0m DrmSurface ready for pageflip presentation [3mstage[0m[2m=[0m"create_drm_surface"
[2m2026-08-01T07:11:46.856419Z[0m [32m INFO[0m [1mnew[0m[1m{[0m[3mname[0m[2m=[0m"Virtual-1" [3mphysical[0m[2m=[0mPhysicalProperties { size: Size<smithay::utils::geometry::Raw> { w: 0, h: 0 }, subpixel: Unknown, make: "SLOPOS-I", model: "DRM" }[1m}[0m[2m:[0m [2msmithay::output[0m[2m:[0m Creating new Output [3mname[0m[2m=[0m"Virtual-1"
[slopos-compositor] DRM GL compositor ready (1280x800) — client surfaces will be composited
[2m2026-08-01T07:11:46.862099Z[0m [32m INFO[0m [2mslopos_compositor::session_drm[0m[2m:[0m DrmCompositor initialized; GL composition active [3mstage[0m[2m=[0m"pageflip_or_present"
[2m2026-08-01T07:11:46.862638Z[0m [32m INFO[0m [2msmithay::wayland::socket[0m[2m:[0m Created new socket [3mname[0m[2m=[0mSome("wayland-1")
[slopos-compositor] WAYLAND_DISPLAY=wayland-1 (DRM session)
WAYLAND_DISPLAY=wayland-1
[2m2026-08-01T07:11:46.863573Z[0m [32m INFO[0m [1mnew[0m[1m{[0m[3mname[0m[2m=[0m"Virtual-1" [3mphysical[0m[2m=[0mPhysicalProperties { size: Size<smithay::utils::geometry::Raw> { w: 0, h: 0 }, subpixel: Unknown, make: "SLOPOS-I", model: "DRM Output" }[1m}[0m[2m:[0m [2msmithay::output[0m[2m:[0m Creating new Output [3mname[0m[2m=[0m"Virtual-1"
[2m2026-08-01T07:11:46.863710Z[0m [32m INFO[0m [2msmithay::wayland::output[0m[2m:[0m Creating new wl_output [3moutput[0m[2m=[0m"Virtual-1"
[slopos-session] compositor pid=147918 backend=drm client_socket=wayland-1
[slopos-session] shell pid=147921
[2m2026-08-01T07:11:46.926101Z[0m [32m INFO[0m [2mslopos_shell[0m[2m:[0m Starting SLOPOS-I...
[2m2026-08-01T07:11:46.934579Z[0m [32m INFO[0m [2mslopos_kit::accessibility[0m[2m:[0m AT-SPI2 a11y bus unavailable; exporting on session bus [3mapp[0m[2m=[0m"SLOPOS-I" [3merror[0m[2m=[0morg.freedesktop.DBus.Error.ServiceUnknown: The name org.a11y.Bus was not provided by any .service files
[2m2026-08-01T07:11:46.938188Z[0m [33m WARN[0m [2mslopos_kit::accessibility[0m[2m:[0m AT-SPI2 objects exported but registry Embed failed (registry may be absent) [3mapp[0m[2m=[0m"SLOPOS-I" [3mbus[0m[2m=[0m:1.161 [3mbus_kind[0m[2m=[0m"session" [3mchildren[0m[2m=[0m5 [3merror[0m[2m=[0morg.freedesktop.DBus.Error.ServiceUnknown: The name org.a11y.atspi.Registry was not provided by any .service files
[2m2026-08-01T07:11:46.938303Z[0m [32m INFO[0m [2mslopos_kit::accessibility[0m[2m:[0m AT-SPI2 Accessible tree exported (Action on actionable roles; still Orca-incomplete) [3mapp[0m[2m=[0m"SLOPOS-I" [3mbus[0m[2m=[0m:1.161 [3mbus_kind[0m[2m=[0m"session" [3mroot[0m[2m=[0m"/org/a11y/atspi/accessible/root" [3mchildren[0m[2m=[0m5 [3membedded[0m[2m=[0mfalse
[2m2026-08-01T07:11:46.938359Z[0m [32m INFO[0m [2mslopos_shell[0m[2m:[0m AT-SPI2 accessibility registration active (shell chrome tree; event emit best-effort)
[2m2026-08-01T07:11:46.962701Z[0m [32m INFO[0m [2mslopos_shell[0m[2m:[0m shell menu locale applied [3mlocale[0m[2m=[0men-US
[2m2026-08-01T07:11:46.962966Z[0m [32m INFO[0m [2mslopos_shell[0m[2m:[0m display arrange plan applied (EmitLayoutEnv) [3mmode[0m[2m=[0mextend_right [3mscale[0m[2m=[0m100 [3menv[0m[2m=[0m[("SLOPOS_OUTPUTS_LAYOUT", "eDP-1:1920x1080@0,0:s100")]
[2m2026-08-01T07:11:46.968466Z[0m [32m INFO[0m [2mslopos_shell::fdo_notifications[0m[2m:[0m FreeDesktop Notifications daemon registered on session bus [3mbus[0m[2m=[0m"org.freedesktop.Notifications" [3mpath[0m[2m=[0m"/org/freedesktop/Notifications"
[2m2026-08-01T07:11:46.968609Z[0m [33m WARN[0m [2mslopos_shell::portal_dbus[0m[2m:[0m SLOPOS-I portal registration skipped [3merror[0m[2m=[0minvalid value: character `-`, expected an alphanumeric character, `_` or `/`
[2m2026-08-01T07:11:46.968697Z[0m [32m INFO[0m [2mslopos_shell[0m[2m:[0m SLOPOS-I initialized successfully
[2m2026-08-01T07:11:46.968708Z[0m [32m INFO[0m [2mslopos_shell[0m[2m:[0m Theme: platinum
[2m2026-08-01T07:11:46.968713Z[0m [32m INFO[0m [2mslopos_shell[0m[2m:[0m Applications found: 5
[2m2026-08-01T07:11:46.968718Z[0m [32m INFO[0m [2mslopos_shell[0m[2m:[0m Workspaces: 8
[2m2026-08-01T07:11:47.193146Z[0m [32m INFO[0m [2msmithay::backend::libinput[0m[2m:[0m Initializing a libinput backend
[2m2026-08-01T07:11:47.193303Z[0m [32m INFO[0m [2mslopos_compositor::session_drm[0m[2m:[0m DRM session entering protocol + seat event loop [3mstage[0m[2m=[0m"protocol_loop"
[slopos-compositor] DRM session loop running (Wayland + seat + udev + libinput + layer-shell + foreign-toplevel; scanout_armed=false)
[2m2026-08-01T07:11:47.198875Z[0m [32m INFO[0m [2msmithay::backend::drm::surface::atomic[0m[2m:[0m Adding connector: Virtual
[2m2026-08-01T07:11:47.198910Z[0m [32m INFO[0m [2msmithay::backend::drm::surface::atomic[0m[2m:[0m Setting new mode: "1280x800"
[2m2026-08-01T07:11:47.199017Z[0m [33m WARN[0m [2msmithay::backend::drm::surface::atomic[0m[2m:[0m Failed to destroy old mode property blob: No such file or directory (os error 2)
[slopos-compositor/drm] client connected
[2m2026-08-01T07:11:47.500474Z[0m [32m INFO[0m [2mslopos_shell::foreign_toplevel_client[0m[2m:[0m foreign-toplevel-list synced from compositor [3mtoplevels[0m[2m=[0m0
[2m2026-08-01T07:11:47.500560Z[0m [32m INFO[0m [2mslopos_shell[0m[2m:[0m shell synced foreign-toplevel-list [3mtoplevels[0m[2m=[0m0
[2m2026-08-01T07:11:47.502097Z[0m [32m INFO[0m [2mslopos_shell[0m[2m:[0m Launched multi-client app com.slopos.finder as pid 147933 (compositor-managed surface)
[slopos-compositor/drm] client connected
[slopos-compositor/drm] client disconnected
[2m2026-08-01T07:11:47.510047Z[0m [32m INFO[0m [2mslopos_sdk[0m[2m:[0m Application 'Finder' started
[slopos-compositor/drm] client connected
[slopos-compositor/drm] layer-shell surface namespace=slopos-i-desktop layer=Background
[slopos-compositor/drm] layer-shell surface namespace=slopos-i-menu layer=Top
[slopos-compositor/drm] layer-shell surface namespace=slopos-i-dock layer=Bottom
[slopos-compositor/drm] layer-shell surface namespace=slopos-i-menu-popup layer=Overlay
[2m2026-08-01T07:11:47.546582Z[0m [33m WARN[0m [2mwgpu_hal::vulkan::instance[0m[2m:[0m InstanceFlags::VALIDATION requested, but unable to find layer: VK_LAYER_KHRONOS_validation
[2m2026-08-01T07:11:47.546726Z[0m [32m INFO[0m [2mwgpu_hal::vulkan::instance[0m[2m:[0m GENERAL [Loader Message (0x0)]
	No valid vk_loader_settings.json file found, no loader settings will be active
[2m2026-08-01T07:11:47.546763Z[0m [32m INFO[0m [2mwgpu_hal::vulkan::instance[0m[2m:[0m 	objects: (type: INSTANCE, hndl: 0xbf4394a4c4c0, name: ?)
[2m2026-08-01T07:11:47.546788Z[0m [32m INFO[0m [2mwgpu_hal::vulkan::instance[0m[2m:[0m GENERAL [Loader Message (0x0)]
	Searching for implicit layer manifest files
[2m2026-08-01T07:11:47.546810Z[0m [32m INFO[0m [2mwgpu_hal::vulkan::instance[0m[2m:[0m 	objects: (type: INSTANCE, hndl: 0xbf4394a4c4c0, name: ?)
[2m2026-08-01T07:11:47.546818Z[0m [32m INFO[0m [2mwgpu_hal::vulkan::instance[0m[2m:[0m GENERAL [Loader Message (0x0)]
	   In following locations:
[2m2026-08-01T07:11:47.546824Z[0m [32m INFO[0m [2mwgpu_hal::vulkan::instance[0m[2m:[0m 	objects: (type: INSTANCE, hndl: 0xbf4394a4c4c0, name: ?)
[2m2026-08-01T07:11:47.546830Z[0m [32m INFO[0m [2mwgpu_hal::vulkan::instance[0m[2m:[0m GENERAL [Loader Message (0x0)]
	      /home/ubuntu/.config/vulkan/implicit_layer.d
[2m2026-08-01T07:11:47.546836Z[0m [32m INFO[0m [2mwgpu_hal::vulkan::instance[0m[2m:[0m 	objects: (type: INSTANCE, hndl: 0xbf4394a4c4c0, name: ?)
[2m2026-08-01T07:11:47.546842Z[0m [32m INFO[0m [2mwgpu_hal::vulkan::instance[0m[2m:[0m GENERAL [Loader Message (0x0)]
	      /etc/xdg/vulkan/implicit_layer.d
[2m2026-08-01T07:11:47.546848Z[0m [32m INFO[0m [2mwgpu_hal::vulkan::instance[0m[2m:[0m 	objects: (type: INSTANCE, hndl: 0xbf4394a4c4c0, name: ?)
[2m2026-08-01T07:11:47.546854Z[0m [32m INFO[0m [2mwgpu_hal::vulkan::instance[0m[2m:[0m GENERAL [Loader Message (0x0)]
	      /etc/vulkan/implicit_layer.d
[2m2026-08-01T07:11:47.546860Z[0m [32m INFO[0m [2mwgpu_hal::vulkan::instance[0m[2m:[0m 	objects: (type: INSTANCE, hndl: 0xbf4394a4c4c0, name: ?)
[2m2026-08-01T07:11:47.546866Z[0m [32m INFO[0m [2mwgpu_hal::vulkan::instance[0m[2m:[0m GENERAL [Loader Message (0x0)]
	      /home/ubuntu/.local/share/vulkan/implicit_layer.d
[2m2026-08-01T07:11:47.546872Z[0m [32m INFO[0m [2mwgpu_hal::vulkan::instance[0m[2m:[0m 	objects: (type: INSTANCE, hndl: 0xbf4394a4c4c0, name: ?)
[2m2026-08-01T07:11:47.546878Z[0m [32m INFO[0m [2mwgpu_hal::vulkan::instance[0m[2m:[0m GENERAL [Loader Message (0x0)]
	      /usr/local/share/vulkan/implicit_layer.d
[2m2026-08-01T07:11:47.546884Z[0m [32m INFO[0m [2mwgpu_hal::vulkan::instance[0m[2m:[0m 	objects: (type: INSTANCE, hndl: 0xbf4394a4c4c0, name: ?)
[2m2026-08-01T07:11:47.546890Z[0m [32m INFO[0m [2mwgpu_hal::vulkan::instance[0m[2m:[0m GENERAL [Loader Message (0x0)]
	      /usr/share/vulkan/implicit_layer.d
[2m2026-08-01T07:11:47.546896Z[0m [32m INFO[0m [2mwgpu_hal::vulkan::instance[0m[2m:[0m 	objects: (type: INSTANCE, hndl: 0xbf4394a4c4c0, name: ?)
[2m2026-08-01T07:11:47.546914Z[0m [32m INFO[0m [2mwgpu_hal::vulkan::instance[0m[2m:[0m GENERAL [Loader Message (0x0)]
	   Found the following files:
[2m2026-08-01T07:11:47.546921Z[0m [32m INFO[0m [2mwgpu_hal::vulkan::instance[0m[2m:[0m 	objects: (type: INSTANCE, hndl: 0xbf4394a4c4c0, name: ?)
[2m2026-08-01T07:11:47.546926Z[0m [32m INFO[0m [2mwgpu_hal::vulkan::instance[0m[2m:[0m GENERAL [Loader Message (0x0)]
	      /usr/share/vulkan/implicit_layer.d/VkLayer_MESA_anti_lag.json
[2m2026-08-01T07:11:47.546933Z[0m [32m INFO[0m [2mwgpu_hal::vulkan::instance[0m[2m:[0m 	objects: (type: INSTANCE, hndl: 0xbf4394a4c4c0, name: ?)
[2m2026-08-01T07:11:47.546939Z[0m [32m INFO[0m [2mwgpu_hal::vulkan::instance[0m[2m:[0m GENERAL [Loader Message (0x0)]
	      /usr/share/vulkan/implicit_layer.d/VkLayer_MESA_device_select.json
[2m2026-08-01T07:11:47.546945Z[0m [32m INFO[0m [2mwgpu_hal::vulkan::instance[0m[2m:[0m 	objects: (type: INSTANCE, hndl: 0xbf4394a4c4c0, name: ?)
[2m2026-08-01T07:11:47.546957Z[0m [32m INFO[0m [2mwgpu_hal::vulkan::instance[0m[2m:[0m GENERAL [Loader Message (0x0)]
	Found manifest file /usr/share/vulkan/implicit_layer.d/VkLayer_MESA_anti_lag.json (file version 1.2.1)
[2m2026-08-01T07:11:47.546965Z[0m [32m INFO[0m [2mwgpu_hal::vulkan::instance[0m[2m:[0m 	objects: (type: INSTANCE, hndl: 0xbf4394a4c4c0, name: ?)
[2m2026-08-01T07:11:47.546978Z[0m [32m INFO[0m [2mwgpu_hal::vulkan::instance[0m[2m:[0m GENERAL [Loader Message (0x0)]
	Found manifest file /usr/share/vulkan/implicit_layer.d/VkLayer_MESA_device_select.json (file version 1.0.0)
[2m2026-08-01T07:11:47.546988Z[0m [32m INFO[0m [2mwgpu_hal::vulkan::instance[0m[2m:[0m 	objects: (type: INSTANCE, hndl: 0xbf4394a4c4c0, name: ?)
[2m2026-08-01T07:11:47.547000Z[0m [32m INFO[0m [2mwgpu_hal::vulkan::instance[0m[2m:[0m GENERAL [Loader Message (0x0)]
	Searching for explicit layer manifest files
[2m2026-08-01T07:11:47.547007Z[0m [32m INFO[0m [2mwgpu_hal::vulkan::instance[0m[2m:[0m 	objects: (type: INSTANCE, hndl: 0xbf4394a4c4c0, name: ?)
[2m2026-08-01T07:11:47.547012Z[0m [32m INFO[0m [2mwgpu_hal::vulkan::instance[0m[2m:[0m GENERAL [Loader Message (0x0)]
	   In following locations:
[2m2026-08-01T07:11:47.547018Z[0m [32m INFO[0m [2mwgpu_hal::vulkan::instance[0m[2m:[0m 	objects: (type: INSTANCE, hndl: 0xbf4394a4c4c0, name: ?)
[2m2026-08-01T07:11:47.547024Z[0m [32m INFO[0m [2mwgpu_hal::vulkan::instance[0m[2m:[0m GENERAL [Loader Message (0x0)]
	      /home/ubuntu/.config/vulkan/explicit_layer.d
[2m2026-08-01T07:11:47.547030Z[0m [32m INFO[0m [2mwgpu_hal::vulkan::instance[0m[2m:[0m 	objects: (type: INSTANCE, hndl: 0xbf4394a4c4c0, name: ?)
[2m2026-08-01T07:11:47.547036Z[0m [32m INFO[0m [2mwgpu_hal::vulkan::instance[0m[2m:[0m GENERAL [Loader Message (0x0)]
	      /etc/xdg/vulkan/explicit_layer.d
[2m2026-08-01T07:11:47.547042Z[0m [32m INFO[0m [2mwgpu_hal::vulkan::instance[0m[2m:[0m 	objects: (type: INSTANCE, hndl: 0xbf4394a4c4c0, name: ?)
[2m2026-08-01T07:11:47.547047Z[0m [32m INFO[0m [2mwgpu_hal::vulkan::instance[0m[2m:[0m GENERAL [Loader Message (0x0)]
	      /etc/vulkan/explicit_layer.d
[2m2026-08-01T07:11:47.547053Z[0m [32m INFO[0m [2mwgpu_hal::vulkan::instance[0m[2m:[0m 	objects: (type: INSTANCE, hndl: 0xbf4394a4c4c0, name: ?)
[2m2026-08-01T07:11:47.547058Z[0m [32m INFO[0m [2mwgpu_hal::vulkan::instance[0m[2m:[0m GENERAL [Loader Message (0x0)]
	      /home/ubuntu/.local/share/vulkan/explicit_layer.d
[2m2026-08-01T07:11:47.547064Z[0m [32m INFO[0m [2mwgpu_hal::vulkan::instance[0m[2m:[0m 	objects: (type: INSTANCE, hndl: 0xbf4394a4c4c0, name: ?)
[2m2026-08-01T07:11:47.547070Z[0m [32m INFO[0m [2mwgpu_hal::vulkan::instance[0m[2m:[0m GENERAL [Loader Message (0x0)]
	      /usr/local/share/vulkan/explicit_layer.d
[2m2026-08-01T07:11:47.547076Z[0m [32m INFO[0m [2mwgpu_hal::vulkan::instance[0m[2m:[0m 	objects: (type: INSTANCE, hndl: 0xbf4394a4c4c0, name: ?)
[2m2026-08-01T07:11:47.547081Z[0m [32m INFO[0m [2mwgpu_hal::vulkan::instance[0m[2m:[0m GENERAL [Loader Message (0x0)]
	      /usr/share/vulkan/explicit_layer.d
[2m2026-08-01T07:11:47.547087Z[0m [32m INFO[0m [2mwgpu_hal::vulkan::instance[0m[2m:[0m 	objects: (type: INSTANCE, hndl: 0xbf4394a4c4c0, name: ?)
[2m2026-08-01T07:11:47.547104Z[0m [32m INFO[0m [2mwgpu_hal::vulkan::instance[0m[2m:[0m GENERAL [Loader Message (0x0)]
	   Found the following files:
[2m2026-08-01T07:11:47.547110Z[0m [32m INFO[0m [2mwgpu_hal::vulkan::instance[0m[2m:[0m 	objects: (type: INSTANCE, hndl: 0xbf4394a4c4c0, name: ?)
[2m2026-08-01T07:11:47.547116Z[0m [32m INFO[0m [2mwgpu_hal::vulkan::instance[0m[2m:[0m GENERAL [Loader Message (0x0)]
	      /usr/share/vulkan/explicit_layer.d/VkLayer_MESA_screenshot.json
[2m2026-08-01T07:11:47.547122Z[0m [32m INFO[0m [2mwgpu_hal::vulkan::instance[0m[2m:[0m 	objects: (type: INSTANCE, hndl: 0xbf4394a4c4c0, name: ?)
[2m2026-08-01T07:11:47.547128Z[0m [32m INFO[0m [2mwgpu_hal::vulkan::instance[0m[2m:[0m GENERAL [Loader Message (0x0)]
	      /usr/share/vulkan/explicit_layer.d/VkLayer_MESA_overlay.json
[2m2026-08-01T07:11:47.547134Z[0m [32m INFO[0m [2mwgpu_hal::vulkan::instance[0m[2m:[0m 	objects: (type: INSTANCE, hndl: 0xbf4394a4c4c0, name: ?)
[2m2026-08-01T07:11:47.547140Z[0m [32m INFO[0m [2mwgpu_hal::vulkan::instance[0m[2m:[0m GENERAL [Loader Message (0x0)]
	      /usr/share/vulkan/explicit_layer.d/VkLayer_INTEL_nullhw.json
[2m2026-08-01T07:11:47.547146Z[0m [32m INFO[0m [2mwgpu_hal::vulkan::instance[0m[2m:[0m 	objects: (type: INSTANCE, hndl: 0xbf4394a4c4c0, name: ?)
[2m2026-08-01T07:11:47.547164Z[0m [32m INFO[0m [2mwgpu_hal::vulkan::instance[0m[2m:[0m GENERAL [Loader Message (0x0)]
	Found manifest file /usr/share/vulkan/explicit_layer.d/VkLayer_MESA_screenshot.json (file version 1.0.0)
[2m2026-08-01T07:11:47.547173Z[0m [32m INFO[0m [2mwgpu_hal::vulkan::instance[0m[2m:[0m 	objects: (type: INSTANCE, hndl: 0xbf4394a4c4c0, name: ?)
[2m2026-08-01T07:11:47.547183Z[0m [32m INFO[0m [2mwgpu_hal::vulkan::instance[0m[2m:[0m GENERAL [Loader Message (0x0)]
	Found manifest file /usr/share/vulkan/explicit_layer.d/VkLayer_MESA_overlay.json (file version 1.0.0)
[2m2026-08-01T07:11:47.547190Z[0m [32m INFO[0m [2mwgpu_hal::vulkan::instance[0m[2m:[0m 	objects: (type: INSTANCE, hndl: 0xbf4394a4c4c0, name: ?)
[2m2026-08-01T07:11:47.547200Z[0m [32m INFO[0m [2mwgpu_hal::vulkan::instance[0m[2m:[0m GENERAL [Loader Message (0x0)]
	Found manifest file /usr/share/vulkan/explicit_layer.d/VkLayer_INTEL_nullhw.json (file version 1.0.0)
[2m2026-08-01T07:11:47.547207Z[0m [32m INFO[0m [2mwgpu_hal::vulkan::instance[0m[2m:[0m 	objects: (type: INSTANCE, hndl: 0xbf4394a4c4c0, name: ?)
[2m2026-08-01T07:11:47.547216Z[0m [32m INFO[0m [2mwgpu_hal::vulkan::instance[0m[2m:[0m GENERAL [Loader Message (0x0)]
	Searching for driver manifest files
[2m2026-08-01T07:11:47.547222Z[0m [32m INFO[0m [2mwgpu_hal::vulkan::instance[0m[2m:[0m 	objects: (type: INSTANCE, hndl: 0xbf4394a4c4c0, name: ?)
[2m2026-08-01T07:11:47.547272Z[0m [32m INFO[0m [2mwgpu_hal::vulkan::instance[0m[2m:[0m GENERAL [Loader Message (0x0)]
	   In following locations:
[2m2026-08-01T07:11:47.547279Z[0m [32m INFO[0m [2mwgpu_hal::vulkan::instance[0m[2m:[0m 	objects: (type: INSTANCE, hndl: 0xbf4394a4c4c0, name: ?)
[2m2026-08-01T07:11:47.547284Z[0m [32m INFO[0m [2mwgpu_hal::vulkan::instance[0m[2m:[0m GENERAL [Loader Message (0x0)]
	      /home/ubuntu/.config/vulkan/icd.d
[2m2026-08-01T07:11:47.547290Z[0m [32m INFO[0m [2mwgpu_hal::vulkan::instance[0m[2m:[0m 	objects: (type: INSTANCE, hndl: 0xbf4394a4c4c0, name: ?)
[2m2026-08-01T07:11:47.547354Z[0m [32m INFO[0m [2mwgpu_hal::vulkan::instance[0m[2m:[0m GENERAL [Loader Message (0x0)]
	      /etc/xdg/vulkan/icd.d
[2m2026-08-01T07:11:47.547372Z[0m [32m INFO[0m [2mwgpu_hal::vulkan::instance[0m[2m:[0m 	objects: (type: INSTANCE, hndl: 0xbf4394a4c4c0, name: ?)
[2m2026-08-01T07:11:47.547380Z[0m [32m INFO[0m [2mwgpu_hal::vulkan::instance[0m[2m:[0m GENERAL [Loader Message (0x0)]
	      /etc/vulkan/icd.d
[2m2026-08-01T07:11:47.547386Z[0m [32m INFO[0m [2mwgpu_hal::vulkan::instance[0m[2m:[0m 	objects: (type: INSTANCE, hndl: 0xbf4394a4c4c0, name: ?)
[2m2026-08-01T07:11:47.547394Z[0m [32m INFO[0m [2mwgpu_hal::vulkan::instance[0m[2m:[0m GENERAL [Loader Message (0x0)]
	      /home/ubuntu/.local/share/vulkan/icd.d
[2m2026-08-01T07:11:47.547401Z[0m [32m INFO[0m [2mwgpu_hal::vulkan::instance[0m[2m:[0m 	objects: (type: INSTANCE, hndl: 0xbf4394a4c4c0, name: ?)
[2m2026-08-01T07:11:47.547407Z[0m [32m INFO[0m [2mwgpu_hal::vulkan::instance[0m[2m:[0m GENERAL [Loader Message (0x0)]
	      /usr/local/share/vulkan/icd.d
[2m2026-08-01T07:11:47.547413Z[0m [32m INFO[0m [2mwgpu_hal::vulkan::instance[0m[2m:[0m 	objects: (type: INSTANCE, hndl: 0xbf4394a4c4c0, name: ?)
[2m2026-08-01T07:11:47.547418Z[0m [32m INFO[0m [2mwgpu_hal::vulkan::instance[0m[2m:[0m GENERAL [Loader Message (0x0)]
	      /usr/share/vulkan/icd.d
[2m2026-08-01T07:11:47.547424Z[0m [32m INFO[0m [2mwgpu_hal::vulkan::instance[0m[2m:[0m 	objects: (type: INSTANCE, hndl: 0xbf4394a4c4c0, name: ?)
[2m2026-08-01T07:11:47.547457Z[0m [32m INFO[0m [2mwgpu_hal::vulkan::instance[0m[2m:[0m GENERAL [Loader Message (0x0)]
	   Found the following files:
[2m2026-08-01T07:11:47.547464Z[0m [32m INFO[0m [2mwgpu_hal::vulkan::instance[0m[2m:[0m 	objects: (type: INSTANCE, hndl: 0xbf4394a4c4c0, name: ?)
[2m2026-08-01T07:11:47.547469Z[0m [32m INFO[0m [2mwgpu_hal::vulkan::instance[0m[2m:[0m GENERAL [Loader Message (0x0)]
	      /usr/share/vulkan/icd.d/nouveau_icd.json
[2m2026-08-01T07:11:47.547486Z[0m [32m INFO[0m [2mwgpu_hal::vulkan::instance[0m[2m:[0m 	objects: (type: INSTANCE, hndl: 0xbf4394a4c4c0, name: ?)
[2m2026-08-01T07:11:47.547493Z[0m [32m INFO[0m [2mwgpu_hal::vulkan::instance[0m[2m:[0m GENERAL [Loader Message (0x0)]
	      /usr/share/vulkan/icd.d/broadcom_icd.json
[2m2026-08-01T07:11:47.547499Z[0m [32m INFO[0m [2mwgpu_hal::vulkan::instance[0m[2m:[0m 	objects: (type: INSTANCE, hndl: 0xbf4394a4c4c0, name: ?)
[2m2026-08-01T07:11:47.547505Z[0m [32m INFO[0m [2mwgpu_hal::vulkan::instance[0m[2m:[0m GENERAL [Loader Message (0x0)]
	      /usr/share/vulkan/icd.d/panfrost_icd.json
[2m2026-08-01T07:11:47.547511Z[0m [32m INFO[0m [2mwgpu_hal::vulkan::instance[0m[2m:[0m 	objects: (type: INSTANCE, hndl: 0xbf4394a4c4c0, name: ?)
[2m2026-08-01T07:11:47.547516Z[0m [32m INFO[0m [2mwgpu_hal::vulkan::instance[0m[2m:[0m GENERAL [Loader Message (0x0)]
	      /usr/share/vulkan/icd.d/freedreno_icd.json
[2m2026-08-01T07:11:47.547523Z[0m [32m INFO[0m [2mwgpu_hal::vulkan::instance[0m[2m:[0m 	objects: (type: INSTANCE, hndl: 0xbf4394a4c4c0, name: ?)
[2m2026-08-01T07:11:47.547528Z[0m [32m INFO[0m [2mwgpu_hal::vulkan::instance[0m[2m:[0m GENERAL [Loader Message (0x0)]
	      /usr/share/vulkan/icd.d/gfxstream_vk_icd.json
[2m2026-08-01T07:11:47.547534Z[0m [32m INFO[0m [2mwgpu_hal::vulkan::instance[0m[2m:[0m 	objects: (type: INSTANCE, hndl: 0xbf4394a4c4c0, name: ?)
[2m2026-08-01T07:11:47.547540Z[0m [32m INFO[0m [2mwgpu_hal::vulkan::instance[0m[2m:[0m GENERAL [Loader Message (0x0)]
	      /usr/share/vulkan/icd.d/virtio_icd.json
[2m2026-08-01T07:11:47.547546Z[0m [32m INFO[0m [2mwgpu_hal::vulkan::instance[0m[2m:[0m 	objects: (type: INSTANCE, hndl: 0xbf4394a4c4c0, name: ?)
[2m2026-08-01T07:11:47.547551Z[0m [32m INFO[0m [2mwgpu_hal::vulkan::instance[0m[2m:[0m GENERAL [Loader Message (0x0)]
	      /usr/share/vulkan/icd.d/asahi_icd.json
[2m2026-08-01T07:11:47.547557Z[0m [32m INFO[0m [2mwgpu_hal::vulkan::instance[0m[2m:[0m 	objects: (type: INSTANCE, hndl: 0xbf4394a4c4c0, name: ?)
[2m2026-08-01T07:11:47.547563Z[0m [32m INFO[0m [2mwgpu_hal::vulkan::instance[0m[2m:[0m GENERAL [Loader Message (0x0)]
	      /usr/share/vulkan/icd.d/lvp_icd.json
[2m2026-08-01T07:11:47.547569Z[0m [32m INFO[0m [2mwgpu_hal::vulkan::instance[0m[2m:[0m 	objects: (type: INSTANCE, hndl: 0xbf4394a4c4c0, name: ?)
[2m2026-08-01T07:11:47.547574Z[0m [32m INFO[0m [2mwgpu_hal::vulkan::instance[0m[2m:[0m GENERAL [Loader Message (0x0)]
	      /usr/share/vulkan/icd.d/intel_icd.json
[2m2026-08-01T07:11:47.547580Z[0m [32m INFO[0m [2mwgpu_hal::vulkan::instance[0m[2m:[0m 	objects: (type: INSTANCE, hndl: 0xbf4394a4c4c0, name: ?)
[2m2026-08-01T07:11:47.547586Z[0m [32m INFO[0m [2mwgpu_hal::vulkan::instance[0m[2m:[0m GENERAL [Loader Message (0x0)]
	      /usr/share/vulkan/icd.d/powervr_mesa_icd.json
[2m2026-08-01T07:11:47.547592Z[0m [32m INFO[0m [2mwgpu_hal::vulkan::instance[0m[2m:[0m 	objects: (type: INSTANCE, hndl: 0xbf4394a4c4c0, name: ?)
[2m2026-08-01T07:11:47.547597Z[0m [32m INFO[0m [2mwgpu_hal::vulkan::instance[0m[2m:[0m GENERAL [Loader Message (0x0)]
	      /usr/share/vulkan/icd.d/radeon_icd.json
[2m2026-08-01T07:11:47.547603Z[0m [32m INFO[0m [2mwgpu_hal::vulkan::instance[0m[2m:[0m 	objects: (type: INSTANCE, hndl: 0xbf4394a4c4c0, name: ?)
[2m2026-08-01T07:11:47.547616Z[0m [32m INFO[0m [2mwgpu_hal::vulkan::instance[0m[2m:[0m GENERAL [Loader Message (0x0)]
	Found ICD manifest file /usr/share/vulkan/icd.d/nouveau_icd.json, version 1.0.1
[2m2026-08-01T07:11:47.547624Z[0m [32m INFO[0m [2mwgpu_hal::vulkan::instance[0m[2m:[0m 	objects: (type: INSTANCE, hndl: 0xbf4394a4c4c0, name: ?)
[2m2026-08-01T07:11:47.547662Z[0m [32m INFO[0m [2mwgpu_hal::vulkan::instance[0m[2m:[0m GENERAL [Loader Message (0x0)]
	Found ICD manifest file /usr/share/vulkan/icd.d/broadcom_icd.json, version 1.0.1
[2m2026-08-01T07:11:47.547672Z[0m [32m INFO[0m [2mwgpu_hal::vulkan::instance[0m[2m:[0m 	objects: (type: INSTANCE, hndl: 0xbf4394a4c4c0, name: ?)
[2m2026-08-01T07:11:47.547688Z[0m [32m INFO[0m [2mwgpu_hal::vulkan::instance[0m[2m:[0m GENERAL [Loader Message (0x0)]
	Found ICD manifest file /usr/share/vulkan/icd.d/panfrost_icd.json, version 1.0.1
[2m2026-08-01T07:11:47.547696Z[0m [32m INFO[0m [2mwgpu_hal::vulkan::instance[0m[2m:[0m 	objects: (type: INSTANCE, hndl: 0xbf4394a4c4c0, name: ?)
[2m2026-08-01T07:11:47.547709Z[0m [32m INFO[0m [2mwgpu_hal::vulkan::instance[0m[2m:[0m GENERAL [Loader Message (0x0)]
	Found ICD manifest file /usr/share/vulkan/icd.d/freedreno_icd.json, version 1.0.1
[2m2026-08-01T07:11:47.547717Z[0m [32m INFO[0m [2mwgpu_hal::vulkan::instance[0m[2m:[0m 	objects: (type: INSTANCE, hndl: 0xbf4394a4c4c0, name: ?)
[2m2026-08-01T07:11:47.547730Z[0m [32m INFO[0m [2mwgpu_hal::vulkan::instance[0m[2m:[0m GENERAL [Loader Message (0x0)]
	Found ICD manifest file /usr/share/vulkan/icd.d/gfxstream_vk_icd.json, version 1.0.1
[2m2026-08-01T07:11:47.547737Z[0m [32m INFO[0m [2mwgpu_hal::vulkan::instance[0m[2m:[0m 	objects: (type: INSTANCE, hndl: 0xbf4394a4c4c0, name: ?)
[2m2026-08-01T07:11:47.547750Z[0m [32m INFO[0m [2mwgpu_hal::vulkan::instance[0m[2m:[0m GENERAL [Loader Message (0x0)]
	Found ICD manifest file /usr/share/vulkan/icd.d/virtio_icd.json, version 1.0.1
[2m2026-08-01T07:11:47.547757Z[0m [32m INFO[0m [2mwgpu_hal::vulkan::instance[0m[2m:[0m 	objects: (type: INSTANCE, hndl: 0xbf4394a4c4c0, name: ?)
[2m2026-08-01T07:11:47.547770Z[0m [32m INFO[0m [2mwgpu_hal::vulkan::instance[0m[2m:[0m GENERAL [Loader Message (0x0)]
	Found ICD manifest file /usr/share/vulkan/icd.d/asahi_icd.json, version 1.0.1
[2m2026-08-01T07:11:47.547777Z[0m [32m INFO[0m [2mwgpu_hal::vulkan::instance[0m[2m:[0m 	objects: (type: INSTANCE, hndl: 0xbf4394a4c4c0, name: ?)
[2m2026-08-01T07:11:47.547792Z[0m [32m INFO[0m [2mwgpu_hal::vulkan::instance[0m[2m:[0m GENERAL [Loader Message (0x0)]
	Found ICD manifest file /usr/share/vulkan/icd.d/lvp_icd.json, version 1.0.1
[2m2026-08-01T07:11:47.547798Z[0m [32m INFO[0m [2mwgpu_hal::vulkan::instance[0m[2m:[0m 	objects: (type: INSTANCE, hndl: 0xbf4394a4c4c0, name: ?)
[2m2026-08-01T07:11:47.547816Z[0m [32m INFO[0m [2mwgpu_hal::vulkan::instance[0m[2m:[0m GENERAL [Loader Message (0x0)]
	Found ICD manifest file /usr/share/vulkan/icd.d/intel_icd.json, version 1.0.1
[2m2026-08-01T07:11:47.547824Z[0m [32m INFO[0m [2mwgpu_hal::vulkan::instance[0m[2m:[0m 	objects: (type: INSTANCE, hndl: 0xbf4394a4c4c0, name: ?)
[2m2026-08-01T07:11:47.547838Z[0m [32m INFO[0m [2mwgpu_hal::vulkan::instance[0m[2m:[0m GENERAL [Loader Message (0x0)]
	Found ICD manifest file /usr/share/vulkan/icd.d/powervr_mesa_icd.json, version 1.0.1
[2m2026-08-01T07:11:47.547845Z[0m [32m INFO[0m [2mwgpu_hal::vulkan::instance[0m[2m:[0m 	objects: (type: INSTANCE, hndl: 0xbf4394a4c4c0, name: ?)
[2m2026-08-01T07:11:47.547858Z[0m [32m INFO[0m [2mwgpu_hal::vulkan::instance[0m[2m:[0m GENERAL [Loader Message (0x0)]
	Found ICD manifest file /usr/share/vulkan/icd.d/radeon_icd.json, version 1.0.1
[2m2026-08-01T07:11:47.547865Z[0m [32m INFO[0m [2mwgpu_hal::vulkan::instance[0m[2m:[0m 	objects: (type: INSTANCE, hndl: 0xbf4394a4c4c0, name: ?)
[2m2026-08-01T07:11:47.548189Z[0m [32m INFO[0m [2mwgpu_hal::vulkan::instance[0m[2m:[0m GENERAL [Loader Message (0x0)]
	Insert instance layer "VK_LAYER_MESA_device_select" (/usr/lib/aarch64-linux-gnu/libVkLayer_MESA_device_select.so)
[2m2026-08-01T07:11:47.548198Z[0m [32m INFO[0m [2mwgpu_hal::vulkan::instance[0m[2m:[0m 	objects: (type: INSTANCE, hndl: 0xbf4394a4c4c0, name: ?)
[2m2026-08-01T07:11:47.548205Z[0m [32m INFO[0m [2mwgpu_hal::vulkan::instance[0m[2m:[0m GENERAL [Loader Message (0x0)]
	vkCreateInstance layer callstack setup to:
[2m2026-08-01T07:11:47.548211Z[0m [32m INFO[0m [2mwgpu_hal::vulkan::instance[0m[2m:[0m 	objects: (type: INSTANCE, hndl: 0xbf4394a4c4c0, name: ?)
[2m2026-08-01T07:11:47.548265Z[0m [32m INFO[0m [2mwgpu_hal::vulkan::instance[0m[2m:[0m GENERAL [Loader Message (0x0)]
	   <Application>
[2m2026-08-01T07:11:47.548276Z[0m [32m INFO[0m [2mwgpu_hal::vulkan::instance[0m[2m:[0m 	objects: (type: INSTANCE, hndl: 0xbf4394a4c4c0, name: ?)
[2m2026-08-01T07:11:47.548282Z[0m [32m INFO[0m [2mwgpu_hal::vulkan::instance[0m[2m:[0m GENERAL [Loader Message (0x0)]
	     ||
[2m2026-08-01T07:11:47.548287Z[0m [32m INFO[0m [2mwgpu_hal::vulkan::instance[0m[2m:[0m 	objects: (type: INSTANCE, hndl: 0xbf4394a4c4c0, name: ?)
[2m2026-08-01T07:11:47.548293Z[0m [32m INFO[0m [2mwgpu_hal::vulkan::instance[0m[2m:[0m GENERAL [Loader Message (0x0)]
	   <Loader>
[2m2026-08-01T07:11:47.548298Z[0m [32m INFO[0m [2mwgpu_hal::vulkan::instance[0m[2m:[0m 	objects: (type: INSTANCE, hndl: 0xbf4394a4c4c0, name: ?)
[2m2026-08-01T07:11:47.548304Z[0m [32m INFO[0m [2mwgpu_hal::vulkan::instance[0m[2m:[0m GENERAL [Loader Message (0x0)]
	     ||
[2m2026-08-01T07:11:47.548309Z[0m [32m INFO[0m [2mwgpu_hal::vulkan::instance[0m[2m:[0m 	objects: (type: INSTANCE, hndl: 0xbf4394a4c4c0, name: ?)
[2m2026-08-01T07:11:47.548315Z[0m [32m INFO[0m [2mwgpu_hal::vulkan::instance[0m[2m:[0m GENERAL [Loader Message (0x0)]
	   VK_LAYER_MESA_device_select
[2m2026-08-01T07:11:47.548320Z[0m [32m INFO[0m [2mwgpu_hal::vulkan::instance[0m[2m:[0m 	objects: (type: INSTANCE, hndl: 0xbf4394a4c4c0, name: ?)
[2m2026-08-01T07:11:47.548326Z[0m [32m INFO[0m [2mwgpu_hal::vulkan::instance[0m[2m:[0m GENERAL [Loader Message (0x0)]
	           Type: Implicit
[2m2026-08-01T07:11:47.548334Z[0m [32m INFO[0m [2mwgpu_hal::vulkan::instance[0m[2m:[0m 	objects: (type: INSTANCE, hndl: 0xbf4394a4c4c0, name: ?)
[2m2026-08-01T07:11:47.548339Z[0m [32m INFO[0m [2mwgpu_hal::vulkan::instance[0m[2m:[0m GENERAL [Loader Message (0x0)]
	           Enabled By: Implicit Layer
[2m2026-08-01T07:11:47.548345Z[0m [32m INFO[0m [2mwgpu_hal::vulkan::instance[0m[2m:[0m 	objects: (type: INSTANCE, hndl: 0xbf4394a4c4c0, name: ?)
[2m2026-08-01T07:11:47.548351Z[0m [32m INFO[0m [2mwgpu_hal::vulkan::instance[0m[2m:[0m GENERAL [Loader Message (0x0)]
	               Disable Env Var:  NODEVICE_SELECT
[2m2026-08-01T07:11:47.548357Z[0m [32m INFO[0m [2mwgpu_hal::vulkan::instance[0m[2m:[0m 	objects: (type: INSTANCE, hndl: 0xbf4394a4c4c0, name: ?)
[2m2026-08-01T07:11:47.548363Z[0m [32m INFO[0m [2mwgpu_hal::vulkan::instance[0m[2m:[0m GENERAL [Loader Message (0x0)]
	           Manifest: /usr/share/vulkan/implicit_layer.d/VkLayer_MESA_device_select.json
[2m2026-08-01T07:11:47.548370Z[0m [32m INFO[0m [2mwgpu_hal::vulkan::instance[0m[2m:[0m 	objects: (type: INSTANCE, hndl: 0xbf4394a4c4c0, name: ?)
[2m2026-08-01T07:11:47.548375Z[0m [32m INFO[0m [2mwgpu_hal::vulkan::instance[0m[2m:[0m GENERAL [Loader Message (0x0)]
	           Library:  /usr/lib/aarch64-linux-gnu/libVkLayer_MESA_device_select.so
[2m2026-08-01T07:11:47.548382Z[0m [32m INFO[0m [2mwgpu_hal::vulkan::instance[0m[2m:[0m 	objects: (type: INSTANCE, hndl: 0xbf4394a4c4c0, name: ?)
[2m2026-08-01T07:11:47.548388Z[0m [32m INFO[0m [2mwgpu_hal::vulkan::instance[0m[2m:[0m GENERAL [Loader Message (0x0)]
	     ||
[2m2026-08-01T07:11:47.548393Z[0m [32m INFO[0m [2mwgpu_hal::vulkan::instance[0m[2m:[0m 	objects: (type: INSTANCE, hndl: 0xbf4394a4c4c0, name: ?)
[2m2026-08-01T07:11:47.548398Z[0m [32m INFO[0m [2mwgpu_hal::vulkan::instance[0m[2m:[0m GENERAL [Loader Message (0x0)]
	   <Drivers>
[2m2026-08-01T07:11:47.548404Z[0m [32m INFO[0m [2mwgpu_hal::vulkan::instance[0m[2m:[0m 	objects: (type: INSTANCE, hndl: 0xbf4394a4c4c0, name: ?)
[slopos-compositor/drm] toplevel mapped at (64,64) size=640x480 title=Untitled app_id=slopos-i.app shell=false
[slopos-compositor/drm] workspace active=0/8 windows=1 visible=1 dist=[0:1,1:0,2:0,3:0,4:0,5:0,6:0,7:0] window_id=21vR1DHe0VUnMdUH4EMNdQMwVcpnxdB8 present=["21vR1DHe0VUnMdUH4EMNdQMwVcpnxdB8"]
[2m2026-08-01T07:11:47.554708Z[0m [31mERROR[0m [2msctk_adwaita::config[0m[2m:[0m XDG Settings Portal did not return response in time: timeout: 100ms, key: color-scheme
[2m2026-08-01T07:11:47.560630Z[0m [32m INFO[0m [2mwgpu_hal::vulkan::instance[0m[2m:[0m Enabling debug utils
[2m2026-08-01T07:11:47.564551Z[0m [32m INFO[0m [2mwgpu_hal::gles::egl[0m[2m:[0m Using Wayland platform
[slopos-compositor/drm] client connected
[slopos-compositor/drm] client disconnected
[slopos-compositor/drm] client connected
libEGL warning: failed to get driver name for fd -1

libEGL warning: MESA-LOADER: failed to retrieve device information

libEGL warning: failed to get driver name for fd -1

[2m2026-08-01T07:11:47.585478Z[0m [31mERROR[0m [2mwgpu_hal::gles::egl[0m[2m:[0m EGL 'eglInitialize' code 0x3003: DRI2: failed to get driver name
[slopos-compositor/drm] client connected
[slopos-compositor/drm] client disconnected
[slopos-compositor/drm] client connected
[2m2026-08-01T07:11:47.617847Z[0m [33m WARN[0m [2mwgpu_hal::vulkan::instance[0m[2m:[0m InstanceFlags::VALIDATION requested, but unable to find layer: VK_LAYER_KHRONOS_validation
[2m2026-08-01T07:11:47.618043Z[0m [32m INFO[0m [2mwgpu_hal::vulkan::instance[0m[2m:[0m GENERAL [Loader Message (0x0)]
	No valid vk_loader_settings.json file found, no loader settings will be active
[2m2026-08-01T07:11:47.618100Z[0m [32m INFO[0m [2mwgpu_hal::vulkan::instance[0m[2m:[0m 	objects: (type: INSTANCE, hndl: 0xc5d9829eaaa0, name: ?)
[2m2026-08-01T07:11:47.618131Z[0m [32m INFO[0m [2mwgpu_hal::vulkan::instance[0m[2m:[0m GENERAL [Loader Message (0x0)]
	Searching for implicit layer manifest files
[2m2026-08-01T07:11:47.618140Z[0m [32m INFO[0m [2mwgpu_hal::vulkan::instance[0m[2m:[0m 	objects: (type: INSTANCE, hndl: 0xc5d9829eaaa0, name: ?)
[2m2026-08-01T07:11:47.618146Z[0m [32m INFO[0m [2mwgpu_hal::vulkan::instance[0m[2m:[0m GENERAL [Loader Message (0x0)]
	   In following locations:
[2m2026-08-01T07:11:47.618152Z[0m [32m INFO[0m [2mwgpu_hal::vulkan::instance[0m[2m:[0m 	objects: (type: INSTANCE, hndl: 0xc5d9829eaaa0, name: ?)
[2m2026-08-01T07:11:47.618158Z[0m [32m INFO[0m [2mwgpu_hal::vulkan::instance[0m[2m:[0m GENERAL [Loader Message (0x0)]
	      /home/ubuntu/.config/vulkan/implicit_layer.d
[2m2026-08-01T07:11:47.618164Z[0m [32m INFO[0m [2mwgpu_hal::vulkan::instance[0m[2m:[0m 	objects: (type: INSTANCE, hndl: 0xc5d9829eaaa0, name: ?)
[2m2026-08-01T07:11:47.618170Z[0m [32m INFO[0m [2mwgpu_hal::vulkan::instance[0m[2m:[0m GENERAL [Loader Message (0x0)]
	      /etc/xdg/vulkan/implicit_layer.d
[2m2026-08-01T07:11:47.618176Z[0m [32m INFO[0m [2mwgpu_hal::vulkan::instance[0m[2m:[0m 	objects: (type: INSTANCE, hndl: 0xc5d9829eaaa0, name: ?)
[2m2026-08-01T07:11:47.618182Z[0m [32m INFO[0m [2mwgpu_hal::vulkan::instance[0m[2m:[0m GENERAL [Loader Message (0x0)]
	      /etc/vulkan/implicit_layer.d
[2m2026-08-01T07:11:47.618187Z[0m [32m INFO[0m [2mwgpu_hal::vulkan::instance[0m[2m:[0m 	objects: (type: INSTANCE, hndl: 0xc5d9829eaaa0, name: ?)
[2m2026-08-01T07:11:47.618193Z[0m [32m INFO[0m [2mwgpu_hal::vulkan::instance[0m[2m:[0m GENERAL [Loader Message (0x0)]
	      /home/ubuntu/.local/share/vulkan/implicit_layer.d
[2m2026-08-01T07:11:47.618200Z[0m [32m INFO[0m [2mwgpu_hal::vulkan::instance[0m[2m:[0m 	objects: (type: INSTANCE, hndl: 0xc5d9829eaaa0, name: ?)
[2m2026-08-01T07:11:47.618205Z[0m [32m INFO[0m [2mwgpu_hal::vulkan::instance[0m[2m:[0m GENERAL [Loader Message (0x0)]
	      /usr/local/share/vulkan/implicit_layer.d
[2m2026-08-01T07:11:47.618211Z[0m [32m INFO[0m [2mwgpu_hal::vulkan::instance[0m[2m:[0m 	objects: (type: INSTANCE, hndl: 0xc5d9829eaaa0, name: ?)
[2m2026-08-01T07:11:47.618217Z[0m [32m INFO[0m [2mwgpu_hal::vulkan::instance[0m[2m:[0m GENERAL [Loader Message (0x0)]
	      /usr/share/vulkan/implicit_layer.d
[2m2026-08-01T07:11:47.618223Z[0m [32m INFO[0m [2mwgpu_hal::vulkan::instance[0m[2m:[0m 	objects: (type: INSTANCE, hndl: 0xc5d9829eaaa0, name: ?)
[2m2026-08-01T07:11:47.618361Z[0m [32m INFO[0m [2mwgpu_hal::vulkan::instance[0m[2m:[0m GENERAL [Loader Message (0x0)]
	   Found the following files:
[2m2026-08-01T07:11:47.618369Z[0m [32m INFO[0m [2mwgpu_hal::vulkan::instance[0m[2m:[0m 	objects: (type: INSTANCE, hndl: 0xc5d9829eaaa0, name: ?)
[2m2026-08-01T07:11:47.618375Z[0m [32m INFO[0m [2mwgpu_hal::vulkan::instance[0m[2m:[0m GENERAL [Loader Message (0x0)]
	      /usr/share/vulkan/implicit_layer.d/VkLayer_MESA_anti_lag.json
[2m2026-08-01T07:11:47.618382Z[0m [32m INFO[0m [2mwgpu_hal::vulkan::instance[0m[2m:[0m 	objects: (type: INSTANCE, hndl: 0xc5d9829eaaa0, name: ?)
[2m2026-08-01T07:11:47.618387Z[0m [32m INFO[0m [2mwgpu_hal::vulkan::instance[0m[2m:[0m GENERAL [Loader Message (0x0)]
	      /usr/share/vulkan/implicit_layer.d/VkLayer_MESA_device_select.json
[2m2026-08-01T07:11:47.618394Z[0m [32m INFO[0m [2mwgpu_hal::vulkan::instance[0m[2m:[0m 	objects: (type: INSTANCE, hndl: 0xc5d9829eaaa0, name: ?)
[2m2026-08-01T07:11:47.618408Z[0m [32m INFO[0m [2mwgpu_hal::vulkan::instance[0m[2m:[0m GENERAL [Loader Message (0x0)]
	Found manifest file /usr/share/vulkan/implicit_layer.d/VkLayer_MESA_anti_lag.json (file version 1.2.1)
[2m2026-08-01T07:11:47.618416Z[0m [32m INFO[0m [2mwgpu_hal::vulkan::instance[0m[2m:[0m 	objects: (type: INSTANCE, hndl: 0xc5d9829eaaa0, name: ?)
[2m2026-08-01T07:11:47.618434Z[0m [32m INFO[0m [2mwgpu_hal::vulkan::instance[0m[2m:[0m GENERAL [Loader Message (0x0)]
	Found manifest file /usr/share/vulkan/implicit_layer.d/VkLayer_MESA_device_select.json (file version 1.0.0)
[2m2026-08-01T07:11:47.618442Z[0m [32m INFO[0m [2mwgpu_hal::vulkan::instance[0m[2m:[0m 	objects: (type: INSTANCE, hndl: 0xc5d9829eaaa0, name: ?)
[2m2026-08-01T07:11:47.618456Z[0m [32m INFO[0m [2mwgpu_hal::vulkan::instance[0m[2m:[0m GENERAL [Loader Message (0x0)]
	Searching for explicit layer manifest files
[2m2026-08-01T07:11:47.618463Z[0m [32m INFO[0m [2mwgpu_hal::vulkan::instance[0m[2m:[0m 	objects: (type: INSTANCE, hndl: 0xc5d9829eaaa0, name: ?)
[2m2026-08-01T07:11:47.618471Z[0m [32m INFO[0m [2mwgpu_hal::vulkan::instance[0m[2m:[0m GENERAL [Loader Message (0x0)]
	   In following locations:
[2m2026-08-01T07:11:47.618477Z[0m [32m INFO[0m [2mwgpu_hal::vulkan::instance[0m[2m:[0m 	objects: (type: INSTANCE, hndl: 0xc5d9829eaaa0, name: ?)
[2m2026-08-01T07:11:47.618482Z[0m [32m INFO[0m [2mwgpu_hal::vulkan::instance[0m[2m:[0m GENERAL [Loader Message (0x0)]
	      /home/ubuntu/.config/vulkan/explicit_layer.d
[2m2026-08-01T07:11:47.618488Z[0m [32m INFO[0m [2mwgpu_hal::vulkan::instance[0m[2m:[0m 	objects: (type: INSTANCE, hndl: 0xc5d9829eaaa0, name: ?)
[2m2026-08-01T07:11:47.618494Z[0m [32m INFO[0m [2mwgpu_hal::vulkan::instance[0m[2m:[0m GENERAL [Loader Message (0x0)]
	      /etc/xdg/vulkan/explicit_layer.d
[2m2026-08-01T07:11:47.618500Z[0m [32m INFO[0m [2mwgpu_hal::vulkan::instance[0m[2m:[0m 	objects: (type: INSTANCE, hndl: 0xc5d9829eaaa0, name: ?)
[2m2026-08-01T07:11:47.618505Z[0m [32m INFO[0m [2mwgpu_hal::vulkan::instance[0m[2m:[0m GENERAL [Loader Message (0x0)]
	      /etc/vulkan/explicit_layer.d
[2m2026-08-01T07:11:47.618511Z[0m [32m INFO[0m [2mwgpu_hal::vulkan::instance[0m[2m:[0m 	objects: (type: INSTANCE, hndl: 0xc5d9829eaaa0, name: ?)
[2m2026-08-01T07:11:47.618517Z[0m [32m INFO[0m [2mwgpu_hal::vulkan::instance[0m[2m:[0m GENERAL [Loader Message (0x0)]
	      /home/ubuntu/.local/share/vulkan/explicit_layer.d
[2m2026-08-01T07:11:47.618523Z[0m [32m INFO[0m [2mwgpu_hal::vulkan::instance[0m[2m:[0m 	objects: (type: INSTANCE, hndl: 0xc5d9829eaaa0, name: ?)
[2m2026-08-01T07:11:47.618528Z[0m [32m INFO[0m [2mwgpu_hal::vulkan::instance[0m[2m:[0m GENERAL [Loader Message (0x0)]
	      /usr/local/share/vulkan/explicit_layer.d
[2m2026-08-01T07:11:47.618534Z[0m [32m INFO[0m [2mwgpu_hal::vulkan::instance[0m[2m:[0m 	objects: (type: INSTANCE, hndl: 0xc5d9829eaaa0, name: ?)
[2m2026-08-01T07:11:47.618540Z[0m [32m INFO[0m [2mwgpu_hal::vulkan::instance[0m[2m:[0m GENERAL [Loader Message (0x0)]
	      /usr/share/vulkan/explicit_layer.d
[2m2026-08-01T07:11:47.618549Z[0m [32m INFO[0m [2mwgpu_hal::vulkan::instance[0m[2m:[0m 	objects: (type: INSTANCE, hndl: 0xc5d9829eaaa0, name: ?)
[2m2026-08-01T07:11:47.618566Z[0m [32m INFO[0m [2mwgpu_hal::vulkan::instance[0m[2m:[0m GENERAL [Loader Message (0x0)]
	   Found the following files:
[2m2026-08-01T07:11:47.618572Z[0m [32m INFO[0m [2mwgpu_hal::vulkan::instance[0m[2m:[0m 	objects: (type: INSTANCE, hndl: 0xc5d9829eaaa0, name: ?)
[2m2026-08-01T07:11:47.618578Z[0m [32m INFO[0m [2mwgpu_hal::vulkan::instance[0m[2m:[0m GENERAL [Loader Message (0x0)]
	      /usr/share/vulkan/explicit_layer.d/VkLayer_MESA_screenshot.json
[2m2026-08-01T07:11:47.618585Z[0m [32m INFO[0m [2mwgpu_hal::vulkan::instance[0m[2m:[0m 	objects: (type: INSTANCE, hndl: 0xc5d9829eaaa0, name: ?)
[2m2026-08-01T07:11:47.618590Z[0m [32m INFO[0m [2mwgpu_hal::vulkan::instance[0m[2m:[0m GENERAL [Loader Message (0x0)]
	      /usr/share/vulkan/explicit_layer.d/VkLayer_MESA_overlay.json
[2m2026-08-01T07:11:47.618597Z[0m [32m INFO[0m [2mwgpu_hal::vulkan::instance[0m[2m:[0m 	objects: (type: INSTANCE, hndl: 0xc5d9829eaaa0, name: ?)
[2m2026-08-01T07:11:47.618602Z[0m [32m INFO[0m [2mwgpu_hal::vulkan::instance[0m[2m:[0m GENERAL [Loader Message (0x0)]
	      /usr/share/vulkan/explicit_layer.d/VkLayer_INTEL_nullhw.json
[2m2026-08-01T07:11:47.618608Z[0m [32m INFO[0m [2mwgpu_hal::vulkan::instance[0m[2m:[0m 	objects: (type: INSTANCE, hndl: 0xc5d9829eaaa0, name: ?)
[2m2026-08-01T07:11:47.618618Z[0m [32m INFO[0m [2mwgpu_hal::vulkan::instance[0m[2m:[0m GENERAL [Loader Message (0x0)]
	Found manifest file /usr/share/vulkan/explicit_layer.d/VkLayer_MESA_screenshot.json (file version 1.0.0)
[2m2026-08-01T07:11:47.618625Z[0m [32m INFO[0m [2mwgpu_hal::vulkan::instance[0m[2m:[0m 	objects: (type: INSTANCE, hndl: 0xc5d9829eaaa0, name: ?)
[2m2026-08-01T07:11:47.618635Z[0m [32m INFO[0m [2mwgpu_hal::vulkan::instance[0m[2m:[0m GENERAL [Loader Message (0x0)]
	Found manifest file /usr/share/vulkan/explicit_layer.d/VkLayer_MESA_overlay.json (file version 1.0.0)
[2m2026-08-01T07:11:47.618642Z[0m [32m INFO[0m [2mwgpu_hal::vulkan::instance[0m[2m:[0m 	objects: (type: INSTANCE, hndl: 0xc5d9829eaaa0, name: ?)
[2m2026-08-01T07:11:47.618651Z[0m [32m INFO[0m [2mwgpu_hal::vulkan::instance[0m[2m:[0m GENERAL [Loader Message (0x0)]
	Found manifest file /usr/share/vulkan/explicit_layer.d/VkLayer_INTEL_nullhw.json (file version 1.0.0)
[2m2026-08-01T07:11:47.618659Z[0m [32m INFO[0m [2mwgpu_hal::vulkan::instance[0m[2m:[0m 	objects: (type: INSTANCE, hndl: 0xc5d9829eaaa0, name: ?)
[2m2026-08-01T07:11:47.618668Z[0m [32m INFO[0m [2mwgpu_hal::vulkan::instance[0m[2m:[0m GENERAL [Loader Message (0x0)]
	Searching for driver manifest files
[2m2026-08-01T07:11:47.618674Z[0m [32m INFO[0m [2mwgpu_hal::vulkan::instance[0m[2m:[0m 	objects: (type: INSTANCE, hndl: 0xc5d9829eaaa0, name: ?)
[2m2026-08-01T07:11:47.618680Z[0m [32m INFO[0m [2mwgpu_hal::vulkan::instance[0m[2m:[0m GENERAL [Loader Message (0x0)]
	   In following locations:
[2m2026-08-01T07:11:47.618685Z[0m [32m INFO[0m [2mwgpu_hal::vulkan::instance[0m[2m:[0m 	objects: (type: INSTANCE, hndl: 0xc5d9829eaaa0, name: ?)
[2m2026-08-01T07:11:47.618691Z[0m [32m INFO[0m [2mwgpu_hal::vulkan::instance[0m[2m:[0m GENERAL [Loader Message (0x0)]
	      /home/ubuntu/.config/vulkan/icd.d
[2m2026-08-01T07:11:47.618697Z[0m [32m INFO[0m [2mwgpu_hal::vulkan::instance[0m[2m:[0m 	objects: (type: INSTANCE, hndl: 0xc5d9829eaaa0, name: ?)
[2m2026-08-01T07:11:47.618702Z[0m [32m INFO[0m [2mwgpu_hal::vulkan::instance[0m[2m:[0m GENERAL [Loader Message (0x0)]
	      /etc/xdg/vulkan/icd.d
[2m2026-08-01T07:11:47.618708Z[0m [32m INFO[0m [2mwgpu_hal::vulkan::instance[0m[2m:[0m 	objects: (type: INSTANCE, hndl: 0xc5d9829eaaa0, name: ?)
[2m2026-08-01T07:11:47.618713Z[0m [32m INFO[0m [2mwgpu_hal::vulkan::instance[0m[2m:[0m GENERAL [Loader Message (0x0)]
	      /etc/vulkan/icd.d
[2m2026-08-01T07:11:47.618731Z[0m [32m INFO[0m [2mwgpu_hal::vulkan::instance[0m[2m:[0m 	objects: (type: INSTANCE, hndl: 0xc5d9829eaaa0, name: ?)
[2m2026-08-01T07:11:47.618737Z[0m [32m INFO[0m [2mwgpu_hal::vulkan::instance[0m[2m:[0m GENERAL [Loader Message (0x0)]
	      /home/ubuntu/.local/share/vulkan/icd.d
[2m2026-08-01T07:11:47.618743Z[0m [32m INFO[0m [2mwgpu_hal::vulkan::instance[0m[2m:[0m 	objects: (type: INSTANCE, hndl: 0xc5d9829eaaa0, name: ?)
[2m2026-08-01T07:11:47.618748Z[0m [32m INFO[0m [2mwgpu_hal::vulkan::instance[0m[2m:[0m GENERAL [Loader Message (0x0)]
	      /usr/local/share/vulkan/icd.d
[2m2026-08-01T07:11:47.618754Z[0m [32m INFO[0m [2mwgpu_hal::vulkan::instance[0m[2m:[0m 	objects: (type: INSTANCE, hndl: 0xc5d9829eaaa0, name: ?)
[2m2026-08-01T07:11:47.618760Z[0m [32m INFO[0m [2mwgpu_hal::vulkan::instance[0m[2m:[0m GENERAL [Loader Message (0x0)]
	      /usr/share/vulkan/icd.d
[2m2026-08-01T07:11:47.618765Z[0m [32m INFO[0m [2mwgpu_hal::vulkan::instance[0m[2m:[0m 	objects: (type: INSTANCE, hndl: 0xc5d9829eaaa0, name: ?)
[2m2026-08-01T07:11:47.618805Z[0m [32m INFO[0m [2mwgpu_hal::vulkan::instance[0m[2m:[0m GENERAL [Loader Message (0x0)]
	   Found the following files:
[2m2026-08-01T07:11:47.618818Z[0m [32m INFO[0m [2mwgpu_hal::vulkan::instance[0m[2m:[0m 	objects: (type: INSTANCE, hndl: 0xc5d9829eaaa0, name: ?)
[2m2026-08-01T07:11:47.618824Z[0m [32m INFO[0m [2mwgpu_hal::vulkan::instance[0m[2m:[0m GENERAL [Loader Message (0x0)]
	      /usr/share/vulkan/icd.d/nouveau_icd.json
[2m2026-08-01T07:11:47.618831Z[0m [32m INFO[0m [2mwgpu_hal::vulkan::instance[0m[2m:[0m 	objects: (type: INSTANCE, hndl: 0xc5d9829eaaa0, name: ?)
[2m2026-08-01T07:11:47.618837Z[0m [32m INFO[0m [2mwgpu_hal::vulkan::instance[0m[2m:[0m GENERAL [Loader Message (0x0)]
	      /usr/share/vulkan/icd.d/broadcom_icd.json
[2m2026-08-01T07:11:47.618843Z[0m [32m INFO[0m [2mwgpu_hal::vulkan::instance[0m[2m:[0m 	objects: (type: INSTANCE, hndl: 0xc5d9829eaaa0, name: ?)
[2m2026-08-01T07:11:47.618849Z[0m [32m INFO[0m [2mwgpu_hal::vulkan::instance[0m[2m:[0m GENERAL [Loader Message (0x0)]
	      /usr/share/vulkan/icd.d/panfrost_icd.json
[2m2026-08-01T07:11:47.618855Z[0m [32m INFO[0m [2mwgpu_hal::vulkan::instance[0m[2m:[0m 	objects: (type: INSTANCE, hndl: 0xc5d9829eaaa0, name: ?)
[2m2026-08-01T07:11:47.618861Z[0m [32m INFO[0m [2mwgpu_hal::vulkan::instance[0m[2m:[0m GENERAL [Loader Message (0x0)]
	      /usr/share/vulkan/icd.d/freedreno_icd.json
[2m2026-08-01T07:11:47.618867Z[0m [32m INFO[0m [2mwgpu_hal::vulkan::instance[0m[2m:[0m 	objects: (type: INSTANCE, hndl: 0xc5d9829eaaa0, name: ?)
[2m2026-08-01T07:11:47.618872Z[0m [32m INFO[0m [2mwgpu_hal::vulkan::instance[0m[2m:[0m GENERAL [Loader Message (0x0)]
	      /usr/share/vulkan/icd.d/gfxstream_vk_icd.json
[2m2026-08-01T07:11:47.618879Z[0m [32m INFO[0m [2mwgpu_hal::vulkan::instance[0m[2m:[0m 	objects: (type: INSTANCE, hndl: 0xc5d9829eaaa0, name: ?)
[2m2026-08-01T07:11:47.618884Z[0m [32m INFO[0m [2mwgpu_hal::vulkan::instance[0m[2m:[0m GENERAL [Loader Message (0x0)]
	      /usr/share/vulkan/icd.d/virtio_icd.json
[2m2026-08-01T07:11:47.618890Z[0m [32m INFO[0m [2mwgpu_hal::vulkan::instance[0m[2m:[0m 	objects: (type: INSTANCE, hndl: 0xc5d9829eaaa0, name: ?)
[2m2026-08-01T07:11:47.618896Z[0m [32m INFO[0m [2mwgpu_hal::vulkan::instance[0m[2m:[0m GENERAL [Loader Message (0x0)]
	      /usr/share/vulkan/icd.d/asahi_icd.json
[2m2026-08-01T07:11:47.618902Z[0m [32m INFO[0m [2mwgpu_hal::vulkan::instance[0m[2m:[0m 	objects: (type: INSTANCE, hndl: 0xc5d9829eaaa0, name: ?)
[2m2026-08-01T07:11:47.618907Z[0m [32m INFO[0m [2mwgpu_hal::vulkan::instance[0m[2m:[0m GENERAL [Loader Message (0x0)]
	      /usr/share/vulkan/icd.d/lvp_icd.json
[2m2026-08-01T07:11:47.618913Z[0m [32m INFO[0m [2mwgpu_hal::vulkan::instance[0m[2m:[0m 	objects: (type: INSTANCE, hndl: 0xc5d9829eaaa0, name: ?)
[2m2026-08-01T07:11:47.618922Z[0m [32m INFO[0m [2mwgpu_hal::vulkan::instance[0m[2m:[0m GENERAL [Loader Message (0x0)]
	      /usr/share/vulkan/icd.d/intel_icd.json
[2m2026-08-01T07:11:47.618928Z[0m [32m INFO[0m [2mwgpu_hal::vulkan::instance[0m[2m:[0m 	objects: (type: INSTANCE, hndl: 0xc5d9829eaaa0, name: ?)
[2m2026-08-01T07:11:47.618934Z[0m [32m INFO[0m [2mwgpu_hal::vulkan::instance[0m[2m:[0m GENERAL [Loader Message (0x0)]
	      /usr/share/vulkan/icd.d/powervr_mesa_icd.json
[2m2026-08-01T07:11:47.618940Z[0m [32m INFO[0m [2mwgpu_hal::vulkan::instance[0m[2m:[0m 	objects: (type: INSTANCE, hndl: 0xc5d9829eaaa0, name: ?)
[2m2026-08-01T07:11:47.618946Z[0m [32m INFO[0m [2mwgpu_hal::vulkan::instance[0m[2m:[0m GENERAL [Loader Message (0x0)]
	      /usr/share/vulkan/icd.d/radeon_icd.json
[2m2026-08-01T07:11:47.618952Z[0m [32m INFO[0m [2mwgpu_hal::vulkan::instance[0m[2m:[0m 	objects: (type: INSTANCE, hndl: 0xc5d9829eaaa0, name: ?)
[2m2026-08-01T07:11:47.618962Z[0m [32m INFO[0m [2mwgpu_hal::vulkan::instance[0m[2m:[0m GENERAL [Loader Message (0x0)]
	Found ICD manifest file /usr/share/vulkan/icd.d/nouveau_icd.json, version 1.0.1
[2m2026-08-01T07:11:47.618970Z[0m [32m INFO[0m [2mwgpu_hal::vulkan::instance[0m[2m:[0m 	objects: (type: INSTANCE, hndl: 0xc5d9829eaaa0, name: ?)
[2m2026-08-01T07:11:47.619004Z[0m [32m INFO[0m [2mwgpu_hal::vulkan::instance[0m[2m:[0m GENERAL [Loader Message (0x0)]
	Found ICD manifest file /usr/share/vulkan/icd.d/broadcom_icd.json, version 1.0.1
[2m2026-08-01T07:11:47.619012Z[0m [32m INFO[0m [2mwgpu_hal::vulkan::instance[0m[2m:[0m 	objects: (type: INSTANCE, hndl: 0xc5d9829eaaa0, name: ?)
[2m2026-08-01T07:11:47.619028Z[0m [32m INFO[0m [2mwgpu_hal::vulkan::instance[0m[2m:[0m GENERAL [Loader Message (0x0)]
	Found ICD manifest file /usr/share/vulkan/icd.d/panfrost_icd.json, version 1.0.1
[2m2026-08-01T07:11:47.619035Z[0m [32m INFO[0m [2mwgpu_hal::vulkan::instance[0m[2m:[0m 	objects: (type: INSTANCE, hndl: 0xc5d9829eaaa0, name: ?)
[2m2026-08-01T07:11:47.619049Z[0m [32m INFO[0m [2mwgpu_hal::vulkan::instance[0m[2m:[0m GENERAL [Loader Message (0x0)]
	Found ICD manifest file /usr/share/vulkan/icd.d/freedreno_icd.json, version 1.0.1
[2m2026-08-01T07:11:47.619056Z[0m [32m INFO[0m [2mwgpu_hal::vulkan::instance[0m[2m:[0m 	objects: (type: INSTANCE, hndl: 0xc5d9829eaaa0, name: ?)
[2m2026-08-01T07:11:47.619069Z[0m [32m INFO[0m [2mwgpu_hal::vulkan::instance[0m[2m:[0m GENERAL [Loader Message (0x0)]
	Found ICD manifest file /usr/share/vulkan/icd.d/gfxstream_vk_icd.json, version 1.0.1
[2m2026-08-01T07:11:47.619077Z[0m [32m INFO[0m [2mwgpu_hal::vulkan::instance[0m[2m:[0m 	objects: (type: INSTANCE, hndl: 0xc5d9829eaaa0, name: ?)
[2m2026-08-01T07:11:47.619089Z[0m [32m INFO[0m [2mwgpu_hal::vulkan::instance[0m[2m:[0m GENERAL [Loader Message (0x0)]
	Found ICD manifest file /usr/share/vulkan/icd.d/virtio_icd.json, version 1.0.1
[2m2026-08-01T07:11:47.619097Z[0m [32m INFO[0m [2mwgpu_hal::vulkan::instance[0m[2m:[0m 	objects: (type: INSTANCE, hndl: 0xc5d9829eaaa0, name: ?)
[2m2026-08-01T07:11:47.619118Z[0m [32m INFO[0m [2mwgpu_hal::vulkan::instance[0m[2m:[0m GENERAL [Loader Message (0x0)]
	Found ICD manifest file /usr/share/vulkan/icd.d/asahi_icd.json, version 1.0.1
[2m2026-08-01T07:11:47.619126Z[0m [32m INFO[0m [2mwgpu_hal::vulkan::instance[0m[2m:[0m 	objects: (type: INSTANCE, hndl: 0xc5d9829eaaa0, name: ?)
[2m2026-08-01T07:11:47.619141Z[0m [32m INFO[0m [2mwgpu_hal::vulkan::instance[0m[2m:[0m GENERAL [Loader Message (0x0)]
	Found ICD manifest file /usr/share/vulkan/icd.d/lvp_icd.json, version 1.0.1
[2m2026-08-01T07:11:47.619148Z[0m [32m INFO[0m [2mwgpu_hal::vulkan::instance[0m[2m:[0m 	objects: (type: INSTANCE, hndl: 0xc5d9829eaaa0, name: ?)
[2m2026-08-01T07:11:47.619162Z[0m [32m INFO[0m [2mwgpu_hal::vulkan::instance[0m[2m:[0m GENERAL [Loader Message (0x0)]
	Found ICD manifest file /usr/share/vulkan/icd.d/intel_icd.json, version 1.0.1
[2m2026-08-01T07:11:47.619182Z[0m [32m INFO[0m [2mwgpu_hal::vulkan::instance[0m[2m:[0m 	objects: (type: INSTANCE, hndl: 0xc5d9829eaaa0, name: ?)
[2m2026-08-01T07:11:47.619197Z[0m [32m INFO[0m [2mwgpu_hal::vulkan::instance[0m[2m:[0m GENERAL [Loader Message (0x0)]
	Found ICD manifest file /usr/share/vulkan/icd.d/powervr_mesa_icd.json, version 1.0.1
[2m2026-08-01T07:11:47.619204Z[0m [32m INFO[0m [2mwgpu_hal::vulkan::instance[0m[2m:[0m 	objects: (type: INSTANCE, hndl: 0xc5d9829eaaa0, name: ?)
[2m2026-08-01T07:11:47.619217Z[0m [32m INFO[0m [2mwgpu_hal::vulkan::instance[0m[2m:[0m GENERAL [Loader Message (0x0)]
	Found ICD manifest file /usr/share/vulkan/icd.d/radeon_icd.json, version 1.0.1
[2m2026-08-01T07:11:47.619382Z[0m [32m INFO[0m [2mwgpu_hal::vulkan::instance[0m[2m:[0m 	objects: (type: INSTANCE, hndl: 0xc5d9829eaaa0, name: ?)
[2m2026-08-01T07:11:47.619767Z[0m [32m INFO[0m [2mwgpu_hal::vulkan::instance[0m[2m:[0m GENERAL [Loader Message (0x0)]
	Insert instance layer "VK_LAYER_MESA_device_select" (/usr/lib/aarch64-linux-gnu/libVkLayer_MESA_device_select.so)
[2m2026-08-01T07:11:47.619777Z[0m [32m INFO[0m [2mwgpu_hal::vulkan::instance[0m[2m:[0m 	objects: (type: INSTANCE, hndl: 0xc5d9829eaaa0, name: ?)
[2m2026-08-01T07:11:47.619783Z[0m [32m INFO[0m [2mwgpu_hal::vulkan::instance[0m[2m:[0m GENERAL [Loader Message (0x0)]
	vkCreateInstance layer callstack setup to:
[2m2026-08-01T07:11:47.619789Z[0m [32m INFO[0m [2mwgpu_hal::vulkan::instance[0m[2m:[0m 	objects: (type: INSTANCE, hndl: 0xc5d9829eaaa0, name: ?)
[2m2026-08-01T07:11:47.619795Z[0m [32m INFO[0m [2mwgpu_hal::vulkan::instance[0m[2m:[0m GENERAL [Loader Message (0x0)]
	   <Application>
[2m2026-08-01T07:11:47.619800Z[0m [32m INFO[0m [2mwgpu_hal::vulkan::instance[0m[2m:[0m 	objects: (type: INSTANCE, hndl: 0xc5d9829eaaa0, name: ?)
[2m2026-08-01T07:11:47.619806Z[0m [32m INFO[0m [2mwgpu_hal::vulkan::instance[0m[2m:[0m GENERAL [Loader Message (0x0)]
	     ||
[2m2026-08-01T07:11:47.619811Z[0m [32m INFO[0m [2mwgpu_hal::vulkan::instance[0m[2m:[0m 	objects: (type: INSTANCE, hndl: 0xc5d9829eaaa0, name: ?)
[2m2026-08-01T07:11:47.619817Z[0m [32m INFO[0m [2mwgpu_hal::vulkan::instance[0m[2m:[0m GENERAL [Loader Message (0x0)]
	   <Loader>
[2m2026-08-01T07:11:47.619822Z[0m [32m INFO[0m [2mwgpu_hal::vulkan::instance[0m[2m:[0m 	objects: (type: INSTANCE, hndl: 0xc5d9829eaaa0, name: ?)
[2m2026-08-01T07:11:47.619828Z[0m [32m INFO[0m [2mwgpu_hal::vulkan::instance[0m[2m:[0m GENERAL [Loader Message (0x0)]
	     ||
[2m2026-08-01T07:11:47.619833Z[0m [32m INFO[0m [2mwgpu_hal::vulkan::instance[0m[2m:[0m 	objects: (type: INSTANCE, hndl: 0xc5d9829eaaa0, name: ?)
[2m2026-08-01T07:11:47.619839Z[0m [32m INFO[0m [2mwgpu_hal::vulkan::instance[0m[2m:[0m GENERAL [Loader Message (0x0)]
	   VK_LAYER_MESA_device_select
[2m2026-08-01T07:11:47.619844Z[0m [32m INFO[0m [2mwgpu_hal::vulkan::instance[0m[2m:[0m 	objects: (type: INSTANCE, hndl: 0xc5d9829eaaa0, name: ?)
[2m2026-08-01T07:11:47.619850Z[0m [32m INFO[0m [2mwgpu_hal::vulkan::instance[0m[2m:[0m GENERAL [Loader Message (0x0)]
	           Type: Implicit
[2m2026-08-01T07:11:47.619856Z[0m [32m INFO[0m [2mwgpu_hal::vulkan::instance[0m[2m:[0m 	objects: (type: INSTANCE, hndl: 0xc5d9829eaaa0, name: ?)
[2m2026-08-01T07:11:47.619862Z[0m [32m INFO[0m [2mwgpu_hal::vulkan::instance[0m[2m:[0m GENERAL [Loader Message (0x0)]
	           Enabled By: Implicit Layer
[2m2026-08-01T07:11:47.619868Z[0m [32m INFO[0m [2mwgpu_hal::vulkan::instance[0m[2m:[0m 	objects: (type: INSTANCE, hndl: 0xc5d9829eaaa0, name: ?)
[2m2026-08-01T07:11:47.619873Z[0m [32m INFO[0m [2mwgpu_hal::vulkan::instance[0m[2m:[0m GENERAL [Loader Message (0x0)]
	               Disable Env Var:  NODEVICE_SELECT
[2m2026-08-01T07:11:47.619879Z[0m [32m INFO[0m [2mwgpu_hal::vulkan::instance[0m[2m:[0m 	objects: (type: INSTANCE, hndl: 0xc5d9829eaaa0, name: ?)
[2m2026-08-01T07:11:47.619885Z[0m [32m INFO[0m [2mwgpu_hal::vulkan::instance[0m[2m:[0m GENERAL [Loader Message (0x0)]
	           Manifest: /usr/share/vulkan/implicit_layer.d/VkLayer_MESA_device_select.json
[2m2026-08-01T07:11:47.619938Z[0m [32m INFO[0m [2mwgpu_hal::vulkan::instance[0m[2m:[0m 	objects: (type: INSTANCE, hndl: 0xc5d9829eaaa0, name: ?)
[2m2026-08-01T07:11:47.619949Z[0m [32m INFO[0m [2mwgpu_hal::vulkan::instance[0m[2m:[0m GENERAL [Loader Message (0x0)]
	           Library:  /usr/lib/aarch64-linux-gnu/libVkLayer_MESA_device_select.so
[2m2026-08-01T07:11:47.619957Z[0m [32m INFO[0m [2mwgpu_hal::vulkan::instance[0m[2m:[0m 	objects: (type: INSTANCE, hndl: 0xc5d9829eaaa0, name: ?)
[2m2026-08-01T07:11:47.619963Z[0m [32m INFO[0m [2mwgpu_hal::vulkan::instance[0m[2m:[0m GENERAL [Loader Message (0x0)]
	     ||
[2m2026-08-01T07:11:47.619969Z[0m [32m INFO[0m [2mwgpu_hal::vulkan::instance[0m[2m:[0m 	objects: (type: INSTANCE, hndl: 0xc5d9829eaaa0, name: ?)
[2m2026-08-01T07:11:47.620006Z[0m [32m INFO[0m [2mwgpu_hal::vulkan::instance[0m[2m:[0m GENERAL [Loader Message (0x0)]
	   <Drivers>
[2m2026-08-01T07:11:47.620015Z[0m [32m INFO[0m [2mwgpu_hal::vulkan::instance[0m[2m:[0m 	objects: (type: INSTANCE, hndl: 0xc5d9829eaaa0, name: ?)
[2m2026-08-01T07:11:47.626436Z[0m [32m INFO[0m [2mwgpu_hal::vulkan::instance[0m[2m:[0m Enabling debug utils
[2m2026-08-01T07:11:47.630685Z[0m [32m INFO[0m [2mwgpu_hal::gles::egl[0m[2m:[0m Using Wayland platform
[slopos-compositor/drm] client connected
[slopos-compositor/drm] client disconnected
MESA: error: ZINK: failed to choose pdev
[slopos-compositor/drm] client connected
[slopos-compositor/drm] client disconnected
libEGL warning: egl: failed to create dri2 screen
[slopos-compositor/drm] client connected
[slopos-compositor/drm] client disconnected
libEGL warning: failed to get driver name for fd -1

libEGL warning: MESA-LOADER: failed to retrieve device information

libEGL warning: failed to get driver name for fd -1

[2m2026-08-01T07:11:47.633383Z[0m [31mERROR[0m [2mwgpu_hal::gles::egl[0m[2m:[0m EGL 'eglInitialize' code 0x3003: DRI2: failed to get driver name
[slopos-compositor/drm] client connected
[slopos-compositor/drm] client disconnected
[2m2026-08-01T07:11:47.669069Z[0m [33m WARN[0m [2mwgpu_hal::gles::egl[0m[2m:[0m Re-initializing Gles context due to Wayland window
[slopos-compositor/drm] client connected
MESA: error: ZINK: failed to choose pdev
libEGL warning: egl: failed to create dri2 screen
[slopos-compositor/drm] client connected
[slopos-compositor/drm] client disconnected
[slopos-compositor/drm] client disconnected
libEGL warning: failed to get driver name for fd -1

libEGL warning: MESA-LOADER: failed to retrieve device information

libEGL warning: failed to get driver name for fd -1

[2m2026-08-01T07:11:47.694303Z[0m [31mERROR[0m [2mwgpu_hal::gles::egl[0m[2m:[0m EGL 'eglInitialize' code 0x3003: DRI2: failed to get driver name
[2m2026-08-01T07:11:47.737080Z[0m [33m WARN[0m [2mwgpu_hal::gles::egl[0m[2m:[0m Re-initializing Gles context due to Wayland window
[slopos-compositor/drm] client connected
libEGL warning: failed to get driver name for fd -1

libEGL warning: MESA-LOADER: failed to retrieve device information

libEGL warning: failed to get driver name for fd -1

[2m2026-08-01T07:11:47.758872Z[0m [31mERROR[0m [2mwgpu_hal::gles::egl[0m[2m:[0m EGL 'eglInitialize' code 0x3003: DRI2: failed to get driver name
MESA: error: ZINK: failed to choose pdev
libEGL warning: egl: failed to create dri2 screen
[slopos-compositor/drm] client disconnected
[slopos-compositor/drm] client connected
MESA: error: ZINK: failed to choose pdev
libEGL warning: egl: failed to create dri2 screen
[2m2026-08-01T07:11:47.839571Z[0m [32m INFO[0m [2mwgpu_hal::vulkan::instance[0m[2m:[0m GENERAL [Loader Message (0x0)]
	linux_read_sorted_physical_devices:
[2m2026-08-01T07:11:47.839678Z[0m [32m INFO[0m [2mwgpu_hal::vulkan::instance[0m[2m:[0m 	objects: (type: INSTANCE, hndl: 0xbf4394a4c4c0, name: ?)
[2m2026-08-01T07:11:47.839704Z[0m [32m INFO[0m [2mwgpu_hal::vulkan::instance[0m[2m:[0m GENERAL [Loader Message (0x0)]
	     Original order:
[2m2026-08-01T07:11:47.839742Z[0m [32m INFO[0m [2mwgpu_hal::vulkan::instance[0m[2m:[0m 	objects: (type: INSTANCE, hndl: 0xbf4394a4c4c0, name: ?)
[2m2026-08-01T07:11:47.839778Z[0m [32m INFO[0m [2mwgpu_hal::vulkan::instance[0m[2m:[0m GENERAL [Loader Message (0x0)]
	           [0] llvmpipe (LLVM 21.1.8, 128 bits)
[2m2026-08-01T07:11:47.839799Z[0m [32m INFO[0m [2mwgpu_hal::vulkan::instance[0m[2m:[0m 	objects: (type: INSTANCE, hndl: 0xbf4394a4c4c0, name: ?)
[2m2026-08-01T07:11:47.839817Z[0m [32m INFO[0m [2mwgpu_hal::vulkan::instance[0m[2m:[0m GENERAL [Loader Message (0x0)]
	     Sorted order:
[2m2026-08-01T07:11:47.839895Z[0m [32m INFO[0m [2mwgpu_hal::vulkan::instance[0m[2m:[0m 	objects: (type: INSTANCE, hndl: 0xbf4394a4c4c0, name: ?)
[2m2026-08-01T07:11:47.839915Z[0m [32m INFO[0m [2mwgpu_hal::vulkan::instance[0m[2m:[0m GENERAL [Loader Message (0x0)]
	           [0] llvmpipe (LLVM 21.1.8, 128 bits)  
[2m2026-08-01T07:11:47.839924Z[0m [32m INFO[0m [2mwgpu_hal::vulkan::instance[0m[2m:[0m 	objects: (type: INSTANCE, hndl: 0xbf4394a4c4c0, name: ?)
[2m2026-08-01T07:11:47.839940Z[0m [32m INFO[0m [2mwgpu_hal::vulkan::instance[0m[2m:[0m GENERAL [Loader Message (0x0)]
	linux_read_sorted_physical_devices:
[2m2026-08-01T07:11:47.839947Z[0m [32m INFO[0m [2mwgpu_hal::vulkan::instance[0m[2m:[0m 	objects: (type: INSTANCE, hndl: 0xbf4394a4c4c0, name: ?)
[2m2026-08-01T07:11:47.839953Z[0m [32m INFO[0m [2mwgpu_hal::vulkan::instance[0m[2m:[0m GENERAL [Loader Message (0x0)]
	     Original order:
[2m2026-08-01T07:11:47.839959Z[0m [32m INFO[0m [2mwgpu_hal::vulkan::instance[0m[2m:[0m 	objects: (type: INSTANCE, hndl: 0xbf4394a4c4c0, name: ?)
[2m2026-08-01T07:11:47.839971Z[0m [32m INFO[0m [2mwgpu_hal::vulkan::instance[0m[2m:[0m GENERAL [Loader Message (0x0)]
	           [0] llvmpipe (LLVM 21.1.8, 128 bits)
[2m2026-08-01T07:11:47.839977Z[0m [32m INFO[0m [2mwgpu_hal::vulkan::instance[0m[2m:[0m 	objects: (type: INSTANCE, hndl: 0xbf4394a4c4c0, name: ?)
[2m2026-08-01T07:11:47.839984Z[0m [32m INFO[0m [2mwgpu_hal::vulkan::instance[0m[2m:[0m GENERAL [Loader Message (0x0)]
	     Sorted order:
[2m2026-08-01T07:11:47.839990Z[0m [32m INFO[0m [2mwgpu_hal::vulkan::instance[0m[2m:[0m 	objects: (type: INSTANCE, hndl: 0xbf4394a4c4c0, name: ?)
[2m2026-08-01T07:11:47.839996Z[0m [32m INFO[0m [2mwgpu_hal::vulkan::instance[0m[2m:[0m GENERAL [Loader Message (0x0)]
	           [0] llvmpipe (LLVM 21.1.8, 128 bits)  
[2m2026-08-01T07:11:47.840004Z[0m [32m INFO[0m [2mwgpu_hal::vulkan::instance[0m[2m:[0m 	objects: (type: INSTANCE, hndl: 0xbf4394a4c4c0, name: ?)
[slopos-compositor/drm] client connected
[slopos-compositor/drm] client disconnected
[slopos-compositor/drm] client disconnected
[2m2026-08-01T07:11:47.857934Z[0m [32m INFO[0m [2mwgpu_hal::vulkan::instance[0m[2m:[0m GENERAL [Loader Message (0x0)]
	linux_read_sorted_physical_devices:
[2m2026-08-01T07:11:47.857988Z[0m [32m INFO[0m [2mwgpu_hal::vulkan::instance[0m[2m:[0m 	objects: (type: INSTANCE, hndl: 0xbf4394a4c4c0, name: ?)
[2m2026-08-01T07:11:47.857999Z[0m [32m INFO[0m [2mwgpu_hal::vulkan::instance[0m[2m:[0m GENERAL [Loader Message (0x0)]
	     Original order:
[2m2026-08-01T07:11:47.858005Z[0m [32m INFO[0m [2mwgpu_hal::vulkan::instance[0m[2m:[0m 	objects: (type: INSTANCE, hndl: 0xbf4394a4c4c0, name: ?)
[2m2026-08-01T07:11:47.858021Z[0m [32m INFO[0m [2mwgpu_hal::vulkan::instance[0m[2m:[0m GENERAL [Loader Message (0x0)]
	           [0] llvmpipe (LLVM 21.1.8, 128 bits)
[2m2026-08-01T07:11:47.858028Z[0m [32m INFO[0m [2mwgpu_hal::vulkan::instance[0m[2m:[0m 	objects: (type: INSTANCE, hndl: 0xbf4394a4c4c0, name: ?)
[2m2026-08-01T07:11:47.858035Z[0m [32m INFO[0m [2mwgpu_hal::vulkan::instance[0m[2m:[0m GENERAL [Loader Message (0x0)]
	     Sorted order:
[2m2026-08-01T07:11:47.858041Z[0m [32m INFO[0m [2mwgpu_hal::vulkan::instance[0m[2m:[0m 	objects: (type: INSTANCE, hndl: 0xbf4394a4c4c0, name: ?)
[2m2026-08-01T07:11:47.858061Z[0m [32m INFO[0m [2mwgpu_hal::vulkan::instance[0m[2m:[0m GENERAL [Loader Message (0x0)]
	           [0] llvmpipe (LLVM 21.1.8, 128 bits)  
[2m2026-08-01T07:11:47.858068Z[0m [32m INFO[0m [2mwgpu_hal::vulkan::instance[0m[2m:[0m 	objects: (type: INSTANCE, hndl: 0xbf4394a4c4c0, name: ?)
[2m2026-08-01T07:11:47.858078Z[0m [32m INFO[0m [2mwgpu_hal::vulkan::instance[0m[2m:[0m GENERAL [Loader Message (0x0)]
	linux_read_sorted_physical_devices:
[2m2026-08-01T07:11:47.858085Z[0m [32m INFO[0m [2mwgpu_hal::vulkan::instance[0m[2m:[0m 	objects: (type: INSTANCE, hndl: 0xbf4394a4c4c0, name: ?)
[2m2026-08-01T07:11:47.858091Z[0m [32m INFO[0m [2mwgpu_hal::vulkan::instance[0m[2m:[0m GENERAL [Loader Message (0x0)]
	     Original order:
[2m2026-08-01T07:11:47.858097Z[0m [32m INFO[0m [2mwgpu_hal::vulkan::instance[0m[2m:[0m 	objects: (type: INSTANCE, hndl: 0xbf4394a4c4c0, name: ?)
[2m2026-08-01T07:11:47.858106Z[0m [32m INFO[0m [2mwgpu_hal::vulkan::instance[0m[2m:[0m GENERAL [Loader Message (0x0)]
	           [0] llvmpipe (LLVM 21.1.8, 128 bits)
[2m2026-08-01T07:11:47.858113Z[0m [32m INFO[0m [2mwgpu_hal::vulkan::instance[0m[2m:[0m 	objects: (type: INSTANCE, hndl: 0xbf4394a4c4c0, name: ?)
[2m2026-08-01T07:11:47.858119Z[0m [32m INFO[0m [2mwgpu_hal::vulkan::instance[0m[2m:[0m GENERAL [Loader Message (0x0)]
	     Sorted order:
[2m2026-08-01T07:11:47.858125Z[0m [32m INFO[0m [2mwgpu_hal::vulkan::instance[0m[2m:[0m 	objects: (type: INSTANCE, hndl: 0xbf4394a4c4c0, name: ?)
[2m2026-08-01T07:11:47.858131Z[0m [32m INFO[0m [2mwgpu_hal::vulkan::instance[0m[2m:[0m GENERAL [Loader Message (0x0)]
	           [0] llvmpipe (LLVM 21.1.8, 128 bits)  
[2m2026-08-01T07:11:47.858137Z[0m [32m INFO[0m [2mwgpu_hal::vulkan::instance[0m[2m:[0m 	objects: (type: INSTANCE, hndl: 0xbf4394a4c4c0, name: ?)
[slopos-compositor/drm] client connected
[slopos-compositor/drm] client disconnected
[2m2026-08-01T07:11:47.876583Z[0m [32m INFO[0m [2mwgpu_hal::vulkan::instance[0m[2m:[0m GENERAL [Loader Message (0x0)]
	Removing driver /usr/lib/aarch64-linux-gnu/libvulkan_radeon.so due to not having any physical devices
[2m2026-08-01T07:11:47.876633Z[0m [32m INFO[0m [2mwgpu_hal::vulkan::instance[0m[2m:[0m 	objects: (type: INSTANCE, hndl: 0xbf4394a4c4c0, name: ?)
[2m2026-08-01T07:11:47.876799Z[0m [32m INFO[0m [2mwgpu_hal::vulkan::instance[0m[2m:[0m GENERAL [Loader Message (0x0)]
	Removing driver /usr/lib/aarch64-linux-gnu/libvulkan_powervr_mesa.so due to not having any physical devices
[2m2026-08-01T07:11:47.876811Z[0m [32m INFO[0m [2mwgpu_hal::vulkan::instance[0m[2m:[0m 	objects: (type: INSTANCE, hndl: 0xbf4394a4c4c0, name: ?)
[2m2026-08-01T07:11:47.876910Z[0m [32m INFO[0m [2mwgpu_hal::vulkan::instance[0m[2m:[0m GENERAL [Loader Message (0x0)]
	Removing driver /usr/lib/aarch64-linux-gnu/libvulkan_intel.so due to not having any physical devices
[2m2026-08-01T07:11:47.876920Z[0m [32m INFO[0m [2mwgpu_hal::vulkan::instance[0m[2m:[0m 	objects: (type: INSTANCE, hndl: 0xbf4394a4c4c0, name: ?)
[2m2026-08-01T07:11:47.877035Z[0m [32m INFO[0m [2mwgpu_hal::vulkan::instance[0m[2m:[0m GENERAL [Loader Message (0x0)]
	Removing driver /usr/lib/aarch64-linux-gnu/libvulkan_asahi.so due to not having any physical devices
[2m2026-08-01T07:11:47.877045Z[0m [32m INFO[0m [2mwgpu_hal::vulkan::instance[0m[2m:[0m 	objects: (type: INSTANCE, hndl: 0xbf4394a4c4c0, name: ?)
[2m2026-08-01T07:11:47.877158Z[0m [32m INFO[0m [2mwgpu_hal::vulkan::instance[0m[2m:[0m GENERAL [Loader Message (0x0)]
	Removing driver /usr/lib/aarch64-linux-gnu/libvulkan_virtio.so due to not having any physical devices
[2m2026-08-01T07:11:47.877168Z[0m [32m INFO[0m [2mwgpu_hal::vulkan::instance[0m[2m:[0m 	objects: (type: INSTANCE, hndl: 0xbf4394a4c4c0, name: ?)
[2m2026-08-01T07:11:47.877223Z[0m [32m INFO[0m [2mwgpu_hal::vulkan::instance[0m[2m:[0m GENERAL [Loader Message (0x0)]
	Removing driver /usr/lib/aarch64-linux-gnu/libvulkan_gfxstream.so due to not having any physical devices
[2m2026-08-01T07:11:47.877489Z[0m [32m INFO[0m [2mwgpu_hal::vulkan::instance[0m[2m:[0m 	objects: (type: INSTANCE, hndl: 0xbf4394a4c4c0, name: ?)
[2m2026-08-01T07:11:47.877674Z[0m [32m INFO[0m [2mwgpu_hal::vulkan::instance[0m[2m:[0m GENERAL [Loader Message (0x0)]
	Removing driver /usr/lib/aarch64-linux-gnu/libvulkan_freedreno.so due to not having any physical devices
[2m2026-08-01T07:11:47.877688Z[0m [32m INFO[0m [2mwgpu_hal::vulkan::instance[0m[2m:[0m 	objects: (type: INSTANCE, hndl: 0xbf4394a4c4c0, name: ?)
[2m2026-08-01T07:11:47.877796Z[0m [32m INFO[0m [2mwgpu_hal::vulkan::instance[0m[2m:[0m GENERAL [Loader Message (0x0)]
	Removing driver /usr/lib/aarch64-linux-gnu/libvulkan_panfrost.so due to not having any physical devices
[2m2026-08-01T07:11:47.877806Z[0m [32m INFO[0m [2mwgpu_hal::vulkan::instance[0m[2m:[0m 	objects: (type: INSTANCE, hndl: 0xbf4394a4c4c0, name: ?)
[2m2026-08-01T07:11:47.878004Z[0m [32m INFO[0m [2mwgpu_hal::vulkan::instance[0m[2m:[0m GENERAL [Loader Message (0x0)]
	Removing driver /usr/lib/aarch64-linux-gnu/libvulkan_broadcom.so due to not having any physical devices
[2m2026-08-01T07:11:47.878015Z[0m [32m INFO[0m [2mwgpu_hal::vulkan::instance[0m[2m:[0m 	objects: (type: INSTANCE, hndl: 0xbf4394a4c4c0, name: ?)
[2m2026-08-01T07:11:47.878104Z[0m [32m INFO[0m [2mwgpu_hal::vulkan::instance[0m[2m:[0m GENERAL [Loader Message (0x0)]
	Removing driver /usr/lib/aarch64-linux-gnu/libvulkan_nouveau.so due to not having any physical devices
[2m2026-08-01T07:11:47.878113Z[0m [32m INFO[0m [2mwgpu_hal::vulkan::instance[0m[2m:[0m 	objects: (type: INSTANCE, hndl: 0xbf4394a4c4c0, name: ?)
[slopos-compositor/drm] client disconnected
[slopos-compositor/drm] client disconnected
[2m2026-08-01T07:11:47.893625Z[0m [32m INFO[0m [2mwgpu_hal::vulkan::instance[0m[2m:[0m GENERAL [Loader Message (0x0)]
	linux_read_sorted_physical_devices:
[2m2026-08-01T07:11:47.893666Z[0m [32m INFO[0m [2mwgpu_hal::vulkan::instance[0m[2m:[0m 	objects: (type: INSTANCE, hndl: 0xc5d9829eaaa0, name: ?)
[2m2026-08-01T07:11:47.893675Z[0m [32m INFO[0m [2mwgpu_hal::vulkan::instance[0m[2m:[0m GENERAL [Loader Message (0x0)]
	     Original order:
[2m2026-08-01T07:11:47.893682Z[0m [32m INFO[0m [2mwgpu_hal::vulkan::instance[0m[2m:[0m 	objects: (type: INSTANCE, hndl: 0xc5d9829eaaa0, name: ?)
[2m2026-08-01T07:11:47.893696Z[0m [32m INFO[0m [2mwgpu_hal::vulkan::instance[0m[2m:[0m GENERAL [Loader Message (0x0)]
	           [0] llvmpipe (LLVM 21.1.8, 128 bits)
[2m2026-08-01T07:11:47.893703Z[0m [32m INFO[0m [2mwgpu_hal::vulkan::instance[0m[2m:[0m 	objects: (type: INSTANCE, hndl: 0xc5d9829eaaa0, name: ?)
[2m2026-08-01T07:11:47.893710Z[0m [32m INFO[0m [2mwgpu_hal::vulkan::instance[0m[2m:[0m GENERAL [Loader Message (0x0)]
	     Sorted order:
[2m2026-08-01T07:11:47.893716Z[0m [32m INFO[0m [2mwgpu_hal::vulkan::instance[0m[2m:[0m 	objects: (type: INSTANCE, hndl: 0xc5d9829eaaa0, name: ?)
[2m2026-08-01T07:11:47.893722Z[0m [32m INFO[0m [2mwgpu_hal::vulkan::instance[0m[2m:[0m GENERAL [Loader Message (0x0)]
	           [0] llvmpipe (LLVM 21.1.8, 128 bits)  
[2m2026-08-01T07:11:47.893729Z[0m [32m INFO[0m [2mwgpu_hal::vulkan::instance[0m[2m:[0m 	objects: (type: INSTANCE, hndl: 0xc5d9829eaaa0, name: ?)
[2m2026-08-01T07:11:47.893739Z[0m [32m INFO[0m [2mwgpu_hal::vulkan::instance[0m[2m:[0m GENERAL [Loader Message (0x0)]
	linux_read_sorted_physical_devices:
[2m2026-08-01T07:11:47.893747Z[0m [32m INFO[0m [2mwgpu_hal::vulkan::instance[0m[2m:[0m 	objects: (type: INSTANCE, hndl: 0xc5d9829eaaa0, name: ?)
[2m2026-08-01T07:11:47.893752Z[0m [32m INFO[0m [2mwgpu_hal::vulkan::instance[0m[2m:[0m GENERAL [Loader Message (0x0)]
	     Original order:
[2m2026-08-01T07:11:47.893758Z[0m [32m INFO[0m [2mwgpu_hal::vulkan::instance[0m[2m:[0m 	objects: (type: INSTANCE, hndl: 0xc5d9829eaaa0, name: ?)
[2m2026-08-01T07:11:47.893767Z[0m [32m INFO[0m [2mwgpu_hal::vulkan::instance[0m[2m:[0m GENERAL [Loader Message (0x0)]
	           [0] llvmpipe (LLVM 21.1.8, 128 bits)
[2m2026-08-01T07:11:47.893794Z[0m [32m INFO[0m [2mwgpu_hal::vulkan::instance[0m[2m:[0m 	objects: (type: INSTANCE, hndl: 0xc5d9829eaaa0, name: ?)
[2m2026-08-01T07:11:47.893802Z[0m [32m INFO[0m [2mwgpu_hal::vulkan::instance[0m[2m:[0m GENERAL [Loader Message (0x0)]
	     Sorted order:
[2m2026-08-01T07:11:47.893808Z[0m [32m INFO[0m [2mwgpu_hal::vulkan::instance[0m[2m:[0m 	objects: (type: INSTANCE, hndl: 0xc5d9829eaaa0, name: ?)
[2m2026-08-01T07:11:47.893814Z[0m [32m INFO[0m [2mwgpu_hal::vulkan::instance[0m[2m:[0m GENERAL [Loader Message (0x0)]
	           [0] llvmpipe (LLVM 21.1.8, 128 bits)  
[2m2026-08-01T07:11:47.893820Z[0m [32m INFO[0m [2mwgpu_hal::vulkan::instance[0m[2m:[0m 	objects: (type: INSTANCE, hndl: 0xc5d9829eaaa0, name: ?)
[slopos-compositor/drm] client connected
[2m2026-08-01T07:11:47.912194Z[0m [32m INFO[0m [2mwgpu_hal::vulkan::instance[0m[2m:[0m GENERAL [Loader Message (0x0)]
	linux_read_sorted_physical_devices:
[2m2026-08-01T07:11:47.912484Z[0m [32m INFO[0m [2mwgpu_hal::vulkan::instance[0m[2m:[0m 	objects: (type: INSTANCE, hndl: 0xc5d9829eaaa0, name: ?)
[2m2026-08-01T07:11:47.912500Z[0m [32m INFO[0m [2mwgpu_hal::vulkan::instance[0m[2m:[0m GENERAL [Loader Message (0x0)]
	     Original order:
[2m2026-08-01T07:11:47.912507Z[0m [32m INFO[0m [2mwgpu_hal::vulkan::instance[0m[2m:[0m 	objects: (type: INSTANCE, hndl: 0xc5d9829eaaa0, name: ?)
[2m2026-08-01T07:11:47.912555Z[0m [32m INFO[0m [2mwgpu_hal::vulkan::instance[0m[2m:[0m GENERAL [Loader Message (0x0)]
	           [0] llvmpipe (LLVM 21.1.8, 128 bits)
[2m2026-08-01T07:11:47.912563Z[0m [32m INFO[0m [2mwgpu_hal::vulkan::instance[0m[2m:[0m 	objects: (type: INSTANCE, hndl: 0xc5d9829eaaa0, name: ?)
[2m2026-08-01T07:11:47.912570Z[0m [32m INFO[0m [2mwgpu_hal::vulkan::instance[0m[2m:[0m GENERAL [Loader Message (0x0)]
	     Sorted order:
[2m2026-08-01T07:11:47.912576Z[0m [32m INFO[0m [2mwgpu_hal::vulkan::instance[0m[2m:[0m 	objects: (type: INSTANCE, hndl: 0xc5d9829eaaa0, name: ?)
[2m2026-08-01T07:11:47.912582Z[0m [32m INFO[0m [2mwgpu_hal::vulkan::instance[0m[2m:[0m GENERAL [Loader Message (0x0)]
	           [0] llvmpipe (LLVM 21.1.8, 128 bits)  
[2m2026-08-01T07:11:47.912588Z[0m [32m INFO[0m [2mwgpu_hal::vulkan::instance[0m[2m:[0m 	objects: (type: INSTANCE, hndl: 0xc5d9829eaaa0, name: ?)
[2m2026-08-01T07:11:47.912601Z[0m [32m INFO[0m [2mwgpu_hal::vulkan::instance[0m[2m:[0m GENERAL [Loader Message (0x0)]
	linux_read_sorted_physical_devices:
[2m2026-08-01T07:11:47.912608Z[0m [32m INFO[0m [2mwgpu_hal::vulkan::instance[0m[2m:[0m 	objects: (type: INSTANCE, hndl: 0xc5d9829eaaa0, name: ?)
[2m2026-08-01T07:11:47.912614Z[0m [32m INFO[0m [2mwgpu_hal::vulkan::instance[0m[2m:[0m GENERAL [Loader Message (0x0)]
	     Original order:
[2m2026-08-01T07:11:47.912619Z[0m [32m INFO[0m [2mwgpu_hal::vulkan::instance[0m[2m:[0m 	objects: (type: INSTANCE, hndl: 0xc5d9829eaaa0, name: ?)
[2m2026-08-01T07:11:47.912628Z[0m [32m INFO[0m [2mwgpu_hal::vulkan::instance[0m[2m:[0m GENERAL [Loader Message (0x0)]
	           [0] llvmpipe (LLVM 21.1.8, 128 bits)
[2m2026-08-01T07:11:47.912635Z[0m [32m INFO[0m [2mwgpu_hal::vulkan::instance[0m[2m:[0m 	objects: (type: INSTANCE, hndl: 0xc5d9829eaaa0, name: ?)
[2m2026-08-01T07:11:47.912640Z[0m [32m INFO[0m [2mwgpu_hal::vulkan::instance[0m[2m:[0m GENERAL [Loader Message (0x0)]
	     Sorted order:
[2m2026-08-01T07:11:47.912646Z[0m [32m INFO[0m [2mwgpu_hal::vulkan::instance[0m[2m:[0m 	objects: (type: INSTANCE, hndl: 0xc5d9829eaaa0, name: ?)
[2m2026-08-01T07:11:47.912652Z[0m [32m INFO[0m [2mwgpu_hal::vulkan::instance[0m[2m:[0m GENERAL [Loader Message (0x0)]
	           [0] llvmpipe (LLVM 21.1.8, 128 bits)  
[2m2026-08-01T07:11:47.912658Z[0m [32m INFO[0m [2mwgpu_hal::vulkan::instance[0m[2m:[0m 	objects: (type: INSTANCE, hndl: 0xc5d9829eaaa0, name: ?)
[slopos-compositor/drm] client connected
[slopos-compositor/drm] client disconnected
[2m2026-08-01T07:11:47.931891Z[0m [32m INFO[0m [2mwgpu_hal::vulkan::instance[0m[2m:[0m GENERAL [Loader Message (0x0)]
	Removing driver /usr/lib/aarch64-linux-gnu/libvulkan_radeon.so due to not having any physical devices
[2m2026-08-01T07:11:47.931950Z[0m [32m INFO[0m [2mwgpu_hal::vulkan::instance[0m[2m:[0m 	objects: (type: INSTANCE, hndl: 0xc5d9829eaaa0, name: ?)
[2m2026-08-01T07:11:47.932136Z[0m [32m INFO[0m [2mwgpu_hal::vulkan::instance[0m[2m:[0m GENERAL [Loader Message (0x0)]
	Removing driver /usr/lib/aarch64-linux-gnu/libvulkan_powervr_mesa.so due to not having any physical devices
[2m2026-08-01T07:11:47.932149Z[0m [32m INFO[0m [2mwgpu_hal::vulkan::instance[0m[2m:[0m 	objects: (type: INSTANCE, hndl: 0xc5d9829eaaa0, name: ?)
[2m2026-08-01T07:11:47.932440Z[0m [32m INFO[0m [2mwgpu_hal::vulkan::instance[0m[2m:[0m GENERAL [Loader Message (0x0)]
	Removing driver /usr/lib/aarch64-linux-gnu/libvulkan_intel.so due to not having any physical devices
[2m2026-08-01T07:11:47.932455Z[0m [32m INFO[0m [2mwgpu_hal::vulkan::instance[0m[2m:[0m 	objects: (type: INSTANCE, hndl: 0xc5d9829eaaa0, name: ?)
[2m2026-08-01T07:11:47.932564Z[0m [32m INFO[0m [2mwgpu_hal::vulkan::instance[0m[2m:[0m GENERAL [Loader Message (0x0)]
	Removing driver /usr/lib/aarch64-linux-gnu/libvulkan_asahi.so due to not having any physical devices
[2m2026-08-01T07:11:47.932573Z[0m [32m INFO[0m [2mwgpu_hal::vulkan::instance[0m[2m:[0m 	objects: (type: INSTANCE, hndl: 0xc5d9829eaaa0, name: ?)
[2m2026-08-01T07:11:47.932696Z[0m [32m INFO[0m [2mwgpu_hal::vulkan::instance[0m[2m:[0m GENERAL [Loader Message (0x0)]
	Removing driver /usr/lib/aarch64-linux-gnu/libvulkan_virtio.so due to not having any physical devices
[2m2026-08-01T07:11:47.932704Z[0m [32m INFO[0m [2mwgpu_hal::vulkan::instance[0m[2m:[0m 	objects: (type: INSTANCE, hndl: 0xc5d9829eaaa0, name: ?)
[2m2026-08-01T07:11:47.932778Z[0m [32m INFO[0m [2mwgpu_hal::vulkan::instance[0m[2m:[0m GENERAL [Loader Message (0x0)]
	Removing driver /usr/lib/aarch64-linux-gnu/libvulkan_gfxstream.so due to not having any physical devices
[2m2026-08-01T07:11:47.932787Z[0m [32m INFO[0m [2mwgpu_hal::vulkan::instance[0m[2m:[0m 	objects: (type: INSTANCE, hndl: 0xc5d9829eaaa0, name: ?)
[2m2026-08-01T07:11:47.932848Z[0m [32m INFO[0m [2mwgpu_hal::vulkan::instance[0m[2m:[0m GENERAL [Loader Message (0x0)]
	Removing driver /usr/lib/aarch64-linux-gnu/libvulkan_freedreno.so due to not having any physical devices
[2m2026-08-01T07:11:47.932856Z[0m [32m INFO[0m [2mwgpu_hal::vulkan::instance[0m[2m:[0m 	objects: (type: INSTANCE, hndl: 0xc5d9829eaaa0, name: ?)
[2m2026-08-01T07:11:47.932942Z[0m [32m INFO[0m [2mwgpu_hal::vulkan::instance[0m[2m:[0m GENERAL [Loader Message (0x0)]
	Removing driver /usr/lib/aarch64-linux-gnu/libvulkan_panfrost.so due to not having any physical devices
[2m2026-08-01T07:11:47.932950Z[0m [32m INFO[0m [2mwgpu_hal::vulkan::instance[0m[2m:[0m 	objects: (type: INSTANCE, hndl: 0xc5d9829eaaa0, name: ?)
[2m2026-08-01T07:11:47.933082Z[0m [32m INFO[0m [2mwgpu_hal::vulkan::instance[0m[2m:[0m GENERAL [Loader Message (0x0)]
	Removing driver /usr/lib/aarch64-linux-gnu/libvulkan_broadcom.so due to not having any physical devices
[2m2026-08-01T07:11:47.933090Z[0m [32m INFO[0m [2mwgpu_hal::vulkan::instance[0m[2m:[0m 	objects: (type: INSTANCE, hndl: 0xc5d9829eaaa0, name: ?)
[2m2026-08-01T07:11:47.933325Z[0m [32m INFO[0m [2mwgpu_hal::vulkan::instance[0m[2m:[0m GENERAL [Loader Message (0x0)]
	Removing driver /usr/lib/aarch64-linux-gnu/libvulkan_nouveau.so due to not having any physical devices
[2m2026-08-01T07:11:47.933345Z[0m [32m INFO[0m [2mwgpu_hal::vulkan::instance[0m[2m:[0m 	objects: (type: INSTANCE, hndl: 0xc5d9829eaaa0, name: ?)
[slopos-compositor/drm] client disconnected
[2m2026-08-01T07:11:48.024755Z[0m [32m INFO[0m [2mwgpu_core::instance[0m[2m:[0m Adapter Vulkan AdapterInfo { name: "llvmpipe (LLVM 21.1.8, 128 bits)", vendor: 65541, device: 0, device_type: Cpu, driver: "llvmpipe", driver_info: "Mesa 26.0.3-1ubuntu1 (LLVM 21.1.8)", backend: Vulkan }
[2m2026-08-01T07:11:48.025140Z[0m [32m INFO[0m [2mwgpu_hal::vulkan::instance[0m[2m:[0m GENERAL [Loader Message (0x0)]
	Failed to find vkGetDeviceProcAddr in layer "/usr/lib/aarch64-linux-gnu/libVkLayer_MESA_device_select.so"
[2m2026-08-01T07:11:48.025169Z[0m [32m INFO[0m [2mwgpu_hal::vulkan::instance[0m[2m:[0m 	objects: (type: INSTANCE, hndl: 0xbf4394a4c4c0, name: ?)
[2m2026-08-01T07:11:48.025178Z[0m [32m INFO[0m [2mwgpu_hal::vulkan::instance[0m[2m:[0m GENERAL [Loader Message (0x0)]
	vkCreateDevice layer callstack setup to:
[2m2026-08-01T07:11:48.025184Z[0m [32m INFO[0m [2mwgpu_hal::vulkan::instance[0m[2m:[0m 	objects: (type: INSTANCE, hndl: 0xbf4394a4c4c0, name: ?)
[2m2026-08-01T07:11:48.025190Z[0m [32m INFO[0m [2mwgpu_hal::vulkan::instance[0m[2m:[0m GENERAL [Loader Message (0x0)]
	   <Application>
[2m2026-08-01T07:11:48.025196Z[0m [32m INFO[0m [2mwgpu_hal::vulkan::instance[0m[2m:[0m 	objects: (type: INSTANCE, hndl: 0xbf4394a4c4c0, name: ?)
[2m2026-08-01T07:11:48.025202Z[0m [32m INFO[0m [2mwgpu_hal::vulkan::instance[0m[2m:[0m GENERAL [Loader Message (0x0)]
	     ||
[2m2026-08-01T07:11:48.025208Z[0m [32m INFO[0m [2mwgpu_hal::vulkan::instance[0m[2m:[0m 	objects: (type: INSTANCE, hndl: 0xbf4394a4c4c0, name: ?)
[2m2026-08-01T07:11:48.025213Z[0m [32m INFO[0m [2mwgpu_hal::vulkan::instance[0m[2m:[0m GENERAL [Loader Message (0x0)]
	   <Loader>
[2m2026-08-01T07:11:48.025219Z[0m [32m INFO[0m [2mwgpu_hal::vulkan::instance[0m[2m:[0m 	objects: (type: INSTANCE, hndl: 0xbf4394a4c4c0, name: ?)
[2m2026-08-01T07:11:48.025246Z[0m [32m INFO[0m [2mwgpu_hal::vulkan::instance[0m[2m:[0m GENERAL [Loader Message (0x0)]
	     ||
[2m2026-08-01T07:11:48.025258Z[0m [32m INFO[0m [2mwgpu_hal::vulkan::instance[0m[2m:[0m 	objects: (type: INSTANCE, hndl: 0xbf4394a4c4c0, name: ?)
[2m2026-08-01T07:11:48.025265Z[0m [32m INFO[0m [2mwgpu_hal::vulkan::instance[0m[2m:[0m GENERAL [Loader Message (0x0)]
	   <Device>
[2m2026-08-01T07:11:48.025270Z[0m [32m INFO[0m [2mwgpu_hal::vulkan::instance[0m[2m:[0m 	objects: (type: INSTANCE, hndl: 0xbf4394a4c4c0, name: ?)
[2m2026-08-01T07:11:48.025333Z[0m [32m INFO[0m [2mwgpu_hal::vulkan::instance[0m[2m:[0m GENERAL [Loader Message (0x0)]
	       Using "llvmpipe (LLVM 21.1.8, 128 bits)" with driver: "/usr/lib/aarch64-linux-gnu/libvulkan_lvp.so"
[2m2026-08-01T07:11:48.025340Z[0m [32m INFO[0m [2mwgpu_hal::vulkan::instance[0m[2m:[0m 	objects: (type: INSTANCE, hndl: 0xbf4394a4c4c0, name: ?)
[2m2026-08-01T07:11:48.112901Z[0m [32m INFO[0m [2mwgpu_core::instance[0m[2m:[0m Adapter Vulkan AdapterInfo { name: "llvmpipe (LLVM 21.1.8, 128 bits)", vendor: 65541, device: 0, device_type: Cpu, driver: "llvmpipe", driver_info: "Mesa 26.0.3-1ubuntu1 (LLVM 21.1.8)", backend: Vulkan }
[2m2026-08-01T07:11:48.113327Z[0m [32m INFO[0m [2mwgpu_hal::vulkan::instance[0m[2m:[0m GENERAL [Loader Message (0x0)]
	Failed to find vkGetDeviceProcAddr in layer "/usr/lib/aarch64-linux-gnu/libVkLayer_MESA_device_select.so"
[2m2026-08-01T07:11:48.113353Z[0m [32m INFO[0m [2mwgpu_hal::vulkan::instance[0m[2m:[0m 	objects: (type: INSTANCE, hndl: 0xc5d9829eaaa0, name: ?)
[2m2026-08-01T07:11:48.113362Z[0m [32m INFO[0m [2mwgpu_hal::vulkan::instance[0m[2m:[0m GENERAL [Loader Message (0x0)]
	vkCreateDevice layer callstack setup to:
[2m2026-08-01T07:11:48.113368Z[0m [32m INFO[0m [2mwgpu_hal::vulkan::instance[0m[2m:[0m 	objects: (type: INSTANCE, hndl: 0xc5d9829eaaa0, name: ?)
[2m2026-08-01T07:11:48.113375Z[0m [32m INFO[0m [2mwgpu_hal::vulkan::instance[0m[2m:[0m GENERAL [Loader Message (0x0)]
	   <Application>
[2m2026-08-01T07:11:48.113380Z[0m [32m INFO[0m [2mwgpu_hal::vulkan::instance[0m[2m:[0m 	objects: (type: INSTANCE, hndl: 0xc5d9829eaaa0, name: ?)
[2m2026-08-01T07:11:48.113386Z[0m [32m INFO[0m [2mwgpu_hal::vulkan::instance[0m[2m:[0m GENERAL [Loader Message (0x0)]
	     ||
[2m2026-08-01T07:11:48.113418Z[0m [32m INFO[0m [2mwgpu_hal::vulkan::instance[0m[2m:[0m 	objects: (type: INSTANCE, hndl: 0xc5d9829eaaa0, name: ?)
[2m2026-08-01T07:11:48.113425Z[0m [32m INFO[0m [2mwgpu_hal::vulkan::instance[0m[2m:[0m GENERAL [Loader Message (0x0)]
	   <Loader>
[2m2026-08-01T07:11:48.113431Z[0m [32m INFO[0m [2mwgpu_hal::vulkan::instance[0m[2m:[0m 	objects: (type: INSTANCE, hndl: 0xc5d9829eaaa0, name: ?)
[2m2026-08-01T07:11:48.113436Z[0m [32m INFO[0m [2mwgpu_hal::vulkan::instance[0m[2m:[0m GENERAL [Loader Message (0x0)]
	     ||
[2m2026-08-01T07:11:48.113442Z[0m [32m INFO[0m [2mwgpu_hal::vulkan::instance[0m[2m:[0m 	objects: (type: INSTANCE, hndl: 0xc5d9829eaaa0, name: ?)
[2m2026-08-01T07:11:48.113447Z[0m [32m INFO[0m [2mwgpu_hal::vulkan::instance[0m[2m:[0m GENERAL [Loader Message (0x0)]
	   <Device>
[2m2026-08-01T07:11:48.113453Z[0m [32m INFO[0m [2mwgpu_hal::vulkan::instance[0m[2m:[0m 	objects: (type: INSTANCE, hndl: 0xc5d9829eaaa0, name: ?)
[2m2026-08-01T07:11:48.113513Z[0m [32m INFO[0m [2mwgpu_hal::vulkan::instance[0m[2m:[0m GENERAL [Loader Message (0x0)]
	       Using "llvmpipe (LLVM 21.1.8, 128 bits)" with driver: "/usr/lib/aarch64-linux-gnu/libvulkan_lvp.so"
[2m2026-08-01T07:11:48.113521Z[0m [32m INFO[0m [2mwgpu_hal::vulkan::instance[0m[2m:[0m 	objects: (type: INSTANCE, hndl: 0xc5d9829eaaa0, name: ?)
[2m2026-08-01T07:11:48.384855Z[0m [32m INFO[0m [2mwgpu_core::device::resource[0m[2m:[0m Device::maintain: waiting for submission index 0
[2m2026-08-01T07:11:48.441771Z[0m [33m WARN[0m [2mwgpu_hal::vulkan::instance[0m[2m:[0m InstanceFlags::VALIDATION requested, but unable to find layer: VK_LAYER_KHRONOS_validation
[2m2026-08-01T07:11:48.441907Z[0m [32m INFO[0m [2mwgpu_hal::vulkan::instance[0m[2m:[0m GENERAL [Loader Message (0x0)]
	No valid vk_loader_settings.json file found, no loader settings will be active
[2m2026-08-01T07:11:48.441949Z[0m [32m INFO[0m [2mwgpu_hal::vulkan::instance[0m[2m:[0m 	objects: (type: INSTANCE, hndl: 0xbf4396255e80, name: ?)
[2m2026-08-01T07:11:48.441972Z[0m [32m INFO[0m [2mwgpu_hal::vulkan::instance[0m[2m:[0m GENERAL [Loader Message (0x0)]
	Searching for implicit layer manifest files
[2m2026-08-01T07:11:48.441992Z[0m [32m INFO[0m [2mwgpu_hal::vulkan::instance[0m[2m:[0m 	objects: (type: INSTANCE, hndl: 0xbf4396255e80, name: ?)
[2m2026-08-01T07:11:48.442009Z[0m [32m INFO[0m [2mwgpu_hal::vulkan::instance[0m[2m:[0m GENERAL [Loader Message (0x0)]
	   In following locations:
[2m2026-08-01T07:11:48.442026Z[0m [32m INFO[0m [2mwgpu_hal::vulkan::instance[0m[2m:[0m 	objects: (type: INSTANCE, hndl: 0xbf4396255e80, name: ?)
[2m2026-08-01T07:11:48.442042Z[0m [32m INFO[0m [2mwgpu_hal::vulkan::instance[0m[2m:[0m GENERAL [Loader Message (0x0)]
	      /home/ubuntu/.config/vulkan/implicit_layer.d
[2m2026-08-01T07:11:48.442062Z[0m [32m INFO[0m [2mwgpu_hal::vulkan::instance[0m[2m:[0m 	objects: (type: INSTANCE, hndl: 0xbf4396255e80, name: ?)
[2m2026-08-01T07:11:48.442078Z[0m [32m INFO[0m [2mwgpu_hal::vulkan::instance[0m[2m:[0m GENERAL [Loader Message (0x0)]
	      /etc/xdg/vulkan/implicit_layer.d
[2m2026-08-01T07:11:48.442095Z[0m [32m INFO[0m [2mwgpu_hal::vulkan::instance[0m[2m:[0m 	objects: (type: INSTANCE, hndl: 0xbf4396255e80, name: ?)
[2m2026-08-01T07:11:48.442111Z[0m [32m INFO[0m [2mwgpu_hal::vulkan::instance[0m[2m:[0m GENERAL [Loader Message (0x0)]
	      /etc/vulkan/implicit_layer.d
[2m2026-08-01T07:11:48.442129Z[0m [32m INFO[0m [2mwgpu_hal::vulkan::instance[0m[2m:[0m 	objects: (type: INSTANCE, hndl: 0xbf4396255e80, name: ?)
[2m2026-08-01T07:11:48.442145Z[0m [32m INFO[0m [2mwgpu_hal::vulkan::instance[0m[2m:[0m GENERAL [Loader Message (0x0)]
	      /home/ubuntu/.local/share/vulkan/implicit_layer.d
[2m2026-08-01T07:11:48.442165Z[0m [32m INFO[0m [2mwgpu_hal::vulkan::instance[0m[2m:[0m 	objects: (type: INSTANCE, hndl: 0xbf4396255e80, name: ?)
[2m2026-08-01T07:11:48.442181Z[0m [32m INFO[0m [2mwgpu_hal::vulkan::instance[0m[2m:[0m GENERAL [Loader Message (0x0)]
	      /usr/local/share/vulkan/implicit_layer.d
[2m2026-08-01T07:11:48.442340Z[0m [32m INFO[0m [2mwgpu_hal::vulkan::instance[0m[2m:[0m 	objects: (type: INSTANCE, hndl: 0xbf4396255e80, name: ?)
[2m2026-08-01T07:11:48.442371Z[0m [32m INFO[0m [2mwgpu_hal::vulkan::instance[0m[2m:[0m GENERAL [Loader Message (0x0)]
	      /usr/share/vulkan/implicit_layer.d
[2m2026-08-01T07:11:48.442397Z[0m [32m INFO[0m [2mwgpu_hal::vulkan::instance[0m[2m:[0m 	objects: (type: INSTANCE, hndl: 0xbf4396255e80, name: ?)
[2m2026-08-01T07:11:48.442446Z[0m [32m INFO[0m [2mwgpu_hal::vulkan::instance[0m[2m:[0m GENERAL [Loader Message (0x0)]
	   Found the following files:
[2m2026-08-01T07:11:48.442472Z[0m [32m INFO[0m [2mwgpu_hal::vulkan::instance[0m[2m:[0m 	objects: (type: INSTANCE, hndl: 0xbf4396255e80, name: ?)
[2m2026-08-01T07:11:48.442489Z[0m [32m INFO[0m [2mwgpu_hal::vulkan::instance[0m[2m:[0m GENERAL [Loader Message (0x0)]
	      /usr/share/vulkan/implicit_layer.d/VkLayer_MESA_anti_lag.json
[2m2026-08-01T07:11:48.442515Z[0m [32m INFO[0m [2mwgpu_hal::vulkan::instance[0m[2m:[0m 	objects: (type: INSTANCE, hndl: 0xbf4396255e80, name: ?)
[2m2026-08-01T07:11:48.442531Z[0m [32m INFO[0m [2mwgpu_hal::vulkan::instance[0m[2m:[0m GENERAL [Loader Message (0x0)]
	      /usr/share/vulkan/implicit_layer.d/VkLayer_MESA_device_select.json
[2m2026-08-01T07:11:48.442552Z[0m [32m INFO[0m [2mwgpu_hal::vulkan::instance[0m[2m:[0m 	objects: (type: INSTANCE, hndl: 0xbf4396255e80, name: ?)
[2m2026-08-01T07:11:48.442589Z[0m [32m INFO[0m [2mwgpu_hal::vulkan::instance[0m[2m:[0m GENERAL [Loader Message (0x0)]
	Found manifest file /usr/share/vulkan/implicit_layer.d/VkLayer_MESA_anti_lag.json (file version 1.2.1)
[2m2026-08-01T07:11:48.442620Z[0m [32m INFO[0m [2mwgpu_hal::vulkan::instance[0m[2m:[0m 	objects: (type: INSTANCE, hndl: 0xbf4396255e80, name: ?)
[2m2026-08-01T07:11:48.442659Z[0m [32m INFO[0m [2mwgpu_hal::vulkan::instance[0m[2m:[0m GENERAL [Loader Message (0x0)]
	Found manifest file /usr/share/vulkan/implicit_layer.d/VkLayer_MESA_device_select.json (file version 1.0.0)
[2m2026-08-01T07:11:48.442684Z[0m [32m INFO[0m [2mwgpu_hal::vulkan::instance[0m[2m:[0m 	objects: (type: INSTANCE, hndl: 0xbf4396255e80, name: ?)
[2m2026-08-01T07:11:48.442721Z[0m [32m INFO[0m [2mwgpu_hal::vulkan::instance[0m[2m:[0m GENERAL [Loader Message (0x0)]
	Searching for explicit layer manifest files
[2m2026-08-01T07:11:48.442740Z[0m [32m INFO[0m [2mwgpu_hal::vulkan::instance[0m[2m:[0m 	objects: (type: INSTANCE, hndl: 0xbf4396255e80, name: ?)
[2m2026-08-01T07:11:48.442763Z[0m [32m INFO[0m [2mwgpu_hal::vulkan::instance[0m[2m:[0m GENERAL [Loader Message (0x0)]
	   In following locations:
[2m2026-08-01T07:11:48.442780Z[0m [32m INFO[0m [2mwgpu_hal::vulkan::instance[0m[2m:[0m 	objects: (type: INSTANCE, hndl: 0xbf4396255e80, name: ?)
[2m2026-08-01T07:11:48.442802Z[0m [32m INFO[0m [2mwgpu_hal::vulkan::instance[0m[2m:[0m GENERAL [Loader Message (0x0)]
	      /home/ubuntu/.config/vulkan/explicit_layer.d
[2m2026-08-01T07:11:48.442822Z[0m [32m INFO[0m [2mwgpu_hal::vulkan::instance[0m[2m:[0m 	objects: (type: INSTANCE, hndl: 0xbf4396255e80, name: ?)
[2m2026-08-01T07:11:48.442844Z[0m [32m INFO[0m [2mwgpu_hal::vulkan::instance[0m[2m:[0m GENERAL [Loader Message (0x0)]
	      /etc/xdg/vulkan/explicit_layer.d
[2m2026-08-01T07:11:48.442862Z[0m [32m INFO[0m [2mwgpu_hal::vulkan::instance[0m[2m:[0m 	objects: (type: INSTANCE, hndl: 0xbf4396255e80, name: ?)
[2m2026-08-01T07:11:48.442884Z[0m [32m INFO[0m [2mwgpu_hal::vulkan::instance[0m[2m:[0m GENERAL [Loader Message (0x0)]
	      /etc/vulkan/explicit_layer.d
[2m2026-08-01T07:11:48.442902Z[0m [32m INFO[0m [2mwgpu_hal::vulkan::instance[0m[2m:[0m 	objects: (type: INSTANCE, hndl: 0xbf4396255e80, name: ?)
[2m2026-08-01T07:11:48.442925Z[0m [32m INFO[0m [2mwgpu_hal::vulkan::instance[0m[2m:[0m GENERAL [Loader Message (0x0)]
	      /home/ubuntu/.local/share/vulkan/explicit_layer.d
[2m2026-08-01T07:11:48.442953Z[0m [32m INFO[0m [2mwgpu_hal::vulkan::instance[0m[2m:[0m 	objects: (type: INSTANCE, hndl: 0xbf4396255e80, name: ?)
[2m2026-08-01T07:11:48.442975Z[0m [32m INFO[0m [2mwgpu_hal::vulkan::instance[0m[2m:[0m GENERAL [Loader Message (0x0)]
	      /usr/local/share/vulkan/explicit_layer.d
[2m2026-08-01T07:11:48.442994Z[0m [32m INFO[0m [2mwgpu_hal::vulkan::instance[0m[2m:[0m 	objects: (type: INSTANCE, hndl: 0xbf4396255e80, name: ?)
[2m2026-08-01T07:11:48.443010Z[0m [32m INFO[0m [2mwgpu_hal::vulkan::instance[0m[2m:[0m GENERAL [Loader Message (0x0)]
	      /usr/share/vulkan/explicit_layer.d
[2m2026-08-01T07:11:48.443034Z[0m [32m INFO[0m [2mwgpu_hal::vulkan::instance[0m[2m:[0m 	objects: (type: INSTANCE, hndl: 0xbf4396255e80, name: ?)
[2m2026-08-01T07:11:48.443074Z[0m [32m INFO[0m [2mwgpu_hal::vulkan::instance[0m[2m:[0m GENERAL [Loader Message (0x0)]
	   Found the following files:
[2m2026-08-01T07:11:48.443092Z[0m [32m INFO[0m [2mwgpu_hal::vulkan::instance[0m[2m:[0m 	objects: (type: INSTANCE, hndl: 0xbf4396255e80, name: ?)
[2m2026-08-01T07:11:48.443108Z[0m [32m INFO[0m [2mwgpu_hal::vulkan::instance[0m[2m:[0m GENERAL [Loader Message (0x0)]
	      /usr/share/vulkan/explicit_layer.d/VkLayer_MESA_screenshot.json
[2m2026-08-01T07:11:48.443128Z[0m [32m INFO[0m [2mwgpu_hal::vulkan::instance[0m[2m:[0m 	objects: (type: INSTANCE, hndl: 0xbf4396255e80, name: ?)
[2m2026-08-01T07:11:48.443144Z[0m [32m INFO[0m [2mwgpu_hal::vulkan::instance[0m[2m:[0m GENERAL [Loader Message (0x0)]
	      /usr/share/vulkan/explicit_layer.d/VkLayer_MESA_overlay.json
[2m2026-08-01T07:11:48.443171Z[0m [32m INFO[0m [2mwgpu_hal::vulkan::instance[0m[2m:[0m 	objects: (type: INSTANCE, hndl: 0xbf4396255e80, name: ?)
[2m2026-08-01T07:11:48.443187Z[0m [32m INFO[0m [2mwgpu_hal::vulkan::instance[0m[2m:[0m GENERAL [Loader Message (0x0)]
	      /usr/share/vulkan/explicit_layer.d/VkLayer_INTEL_nullhw.json
[2m2026-08-01T07:11:48.443213Z[0m [32m INFO[0m [2mwgpu_hal::vulkan::instance[0m[2m:[0m 	objects: (type: INSTANCE, hndl: 0xbf4396255e80, name: ?)
[2m2026-08-01T07:11:48.443306Z[0m [32m INFO[0m [2mwgpu_hal::vulkan::instance[0m[2m:[0m GENERAL [Loader Message (0x0)]
	Found manifest file /usr/share/vulkan/explicit_layer.d/VkLayer_MESA_screenshot.json (file version 1.0.0)
[2m2026-08-01T07:11:48.443331Z[0m [32m INFO[0m [2mwgpu_hal::vulkan::instance[0m[2m:[0m 	objects: (type: INSTANCE, hndl: 0xbf4396255e80, name: ?)
[2m2026-08-01T07:11:48.443364Z[0m [32m INFO[0m [2mwgpu_hal::vulkan::instance[0m[2m:[0m GENERAL [Loader Message (0x0)]
	Found manifest file /usr/share/vulkan/explicit_layer.d/VkLayer_MESA_overlay.json (file version 1.0.0)
[2m2026-08-01T07:11:48.443388Z[0m [32m INFO[0m [2mwgpu_hal::vulkan::instance[0m[2m:[0m 	objects: (type: INSTANCE, hndl: 0xbf4396255e80, name: ?)
[2m2026-08-01T07:11:48.443414Z[0m [32m INFO[0m [2mwgpu_hal::vulkan::instance[0m[2m:[0m GENERAL [Loader Message (0x0)]
	Found manifest file /usr/share/vulkan/explicit_layer.d/VkLayer_INTEL_nullhw.json (file version 1.0.0)
[2m2026-08-01T07:11:48.443443Z[0m [32m INFO[0m [2mwgpu_hal::vulkan::instance[0m[2m:[0m 	objects: (type: INSTANCE, hndl: 0xbf4396255e80, name: ?)
[2m2026-08-01T07:11:48.443469Z[0m [32m INFO[0m [2mwgpu_hal::vulkan::instance[0m[2m:[0m GENERAL [Loader Message (0x0)]
	Searching for driver manifest files
[2m2026-08-01T07:11:48.443487Z[0m [32m INFO[0m [2mwgpu_hal::vulkan::instance[0m[2m:[0m 	objects: (type: INSTANCE, hndl: 0xbf4396255e80, name: ?)
[2m2026-08-01T07:11:48.443503Z[0m [32m INFO[0m [2mwgpu_hal::vulkan::instance[0m[2m:[0m GENERAL [Loader Message (0x0)]
	   In following locations:
[2m2026-08-01T07:11:48.443520Z[0m [32m INFO[0m [2mwgpu_hal::vulkan::instance[0m[2m:[0m 	objects: (type: INSTANCE, hndl: 0xbf4396255e80, name: ?)
[2m2026-08-01T07:11:48.443537Z[0m [32m INFO[0m [2mwgpu_hal::vulkan::instance[0m[2m:[0m GENERAL [Loader Message (0x0)]
	      /home/ubuntu/.config/vulkan/icd.d
[2m2026-08-01T07:11:48.443612Z[0m [32m INFO[0m [2mwgpu_hal::vulkan::instance[0m[2m:[0m 	objects: (type: INSTANCE, hndl: 0xbf4396255e80, name: ?)
[2m2026-08-01T07:11:48.443636Z[0m [32m INFO[0m [2mwgpu_hal::vulkan::instance[0m[2m:[0m GENERAL [Loader Message (0x0)]
	      /etc/xdg/vulkan/icd.d
[2m2026-08-01T07:11:48.443743Z[0m [32m INFO[0m [2mwgpu_hal::vulkan::instance[0m[2m:[0m 	objects: (type: INSTANCE, hndl: 0xbf4396255e80, name: ?)
[2m2026-08-01T07:11:48.443764Z[0m [32m INFO[0m [2mwgpu_hal::vulkan::instance[0m[2m:[0m GENERAL [Loader Message (0x0)]
	      /etc/vulkan/icd.d
[2m2026-08-01T07:11:48.443783Z[0m [32m INFO[0m [2mwgpu_hal::vulkan::instance[0m[2m:[0m 	objects: (type: INSTANCE, hndl: 0xbf4396255e80, name: ?)
[2m2026-08-01T07:11:48.443800Z[0m [32m INFO[0m [2mwgpu_hal::vulkan::instance[0m[2m:[0m GENERAL [Loader Message (0x0)]
	      /home/ubuntu/.local/share/vulkan/icd.d
[2m2026-08-01T07:11:48.443818Z[0m [32m INFO[0m [2mwgpu_hal::vulkan::instance[0m[2m:[0m 	objects: (type: INSTANCE, hndl: 0xbf4396255e80, name: ?)
[2m2026-08-01T07:11:48.443834Z[0m [32m INFO[0m [2mwgpu_hal::vulkan::instance[0m[2m:[0m GENERAL [Loader Message (0x0)]
	      /usr/local/share/vulkan/icd.d
[2m2026-08-01T07:11:48.443852Z[0m [32m INFO[0m [2mwgpu_hal::vulkan::instance[0m[2m:[0m 	objects: (type: INSTANCE, hndl: 0xbf4396255e80, name: ?)
[2m2026-08-01T07:11:48.443868Z[0m [32m INFO[0m [2mwgpu_hal::vulkan::instance[0m[2m:[0m GENERAL [Loader Message (0x0)]
	      /usr/share/vulkan/icd.d
[2m2026-08-01T07:11:48.443886Z[0m [32m INFO[0m [2mwgpu_hal::vulkan::instance[0m[2m:[0m 	objects: (type: INSTANCE, hndl: 0xbf4396255e80, name: ?)
[2m2026-08-01T07:11:48.443962Z[0m [32m INFO[0m [2mwgpu_hal::vulkan::instance[0m[2m:[0m GENERAL [Loader Message (0x0)]
	   Found the following files:
[2m2026-08-01T07:11:48.443981Z[0m [32m INFO[0m [2mwgpu_hal::vulkan::instance[0m[2m:[0m 	objects: (type: INSTANCE, hndl: 0xbf4396255e80, name: ?)
[2m2026-08-01T07:11:48.443997Z[0m [32m INFO[0m [2mwgpu_hal::vulkan::instance[0m[2m:[0m GENERAL [Loader Message (0x0)]
	      /usr/share/vulkan/icd.d/nouveau_icd.json
[2m2026-08-01T07:11:48.444016Z[0m [32m INFO[0m [2mwgpu_hal::vulkan::instance[0m[2m:[0m 	objects: (type: INSTANCE, hndl: 0xbf4396255e80, name: ?)
[2m2026-08-01T07:11:48.444032Z[0m [32m INFO[0m [2mwgpu_hal::vulkan::instance[0m[2m:[0m GENERAL [Loader Message (0x0)]
	      /usr/share/vulkan/icd.d/broadcom_icd.json
[2m2026-08-01T07:11:48.444051Z[0m [32m INFO[0m [2mwgpu_hal::vulkan::instance[0m[2m:[0m 	objects: (type: INSTANCE, hndl: 0xbf4396255e80, name: ?)
[2m2026-08-01T07:11:48.444067Z[0m [32m INFO[0m [2mwgpu_hal::vulkan::instance[0m[2m:[0m GENERAL [Loader Message (0x0)]
	      /usr/share/vulkan/icd.d/panfrost_icd.json
[2m2026-08-01T07:11:48.444085Z[0m [32m INFO[0m [2mwgpu_hal::vulkan::instance[0m[2m:[0m 	objects: (type: INSTANCE, hndl: 0xbf4396255e80, name: ?)
[2m2026-08-01T07:11:48.444101Z[0m [32m INFO[0m [2mwgpu_hal::vulkan::instance[0m[2m:[0m GENERAL [Loader Message (0x0)]
	      /usr/share/vulkan/icd.d/freedreno_icd.json
[2m2026-08-01T07:11:48.444120Z[0m [32m INFO[0m [2mwgpu_hal::vulkan::instance[0m[2m:[0m 	objects: (type: INSTANCE, hndl: 0xbf4396255e80, name: ?)
[2m2026-08-01T07:11:48.444136Z[0m [32m INFO[0m [2mwgpu_hal::vulkan::instance[0m[2m:[0m GENERAL [Loader Message (0x0)]
	      /usr/share/vulkan/icd.d/gfxstream_vk_icd.json
[2m2026-08-01T07:11:48.444155Z[0m [32m INFO[0m [2mwgpu_hal::vulkan::instance[0m[2m:[0m 	objects: (type: INSTANCE, hndl: 0xbf4396255e80, name: ?)
[2m2026-08-01T07:11:48.444171Z[0m [32m INFO[0m [2mwgpu_hal::vulkan::instance[0m[2m:[0m GENERAL [Loader Message (0x0)]
	      /usr/share/vulkan/icd.d/virtio_icd.json
[2m2026-08-01T07:11:48.444188Z[0m [32m INFO[0m [2mwgpu_hal::vulkan::instance[0m[2m:[0m 	objects: (type: INSTANCE, hndl: 0xbf4396255e80, name: ?)
[2m2026-08-01T07:11:48.444211Z[0m [32m INFO[0m [2mwgpu_hal::vulkan::instance[0m[2m:[0m GENERAL [Loader Message (0x0)]
	      /usr/share/vulkan/icd.d/asahi_icd.json
[2m2026-08-01T07:11:48.444357Z[0m [32m INFO[0m [2mwgpu_hal::vulkan::instance[0m[2m:[0m 	objects: (type: INSTANCE, hndl: 0xbf4396255e80, name: ?)
[2m2026-08-01T07:11:48.444379Z[0m [32m INFO[0m [2mwgpu_hal::vulkan::instance[0m[2m:[0m GENERAL [Loader Message (0x0)]
	      /usr/share/vulkan/icd.d/lvp_icd.json
[2m2026-08-01T07:11:48.444441Z[0m [32m INFO[0m [2mwgpu_hal::vulkan::instance[0m[2m:[0m 	objects: (type: INSTANCE, hndl: 0xbf4396255e80, name: ?)
[2m2026-08-01T07:11:48.444460Z[0m [32m INFO[0m [2mwgpu_hal::vulkan::instance[0m[2m:[0m GENERAL [Loader Message (0x0)]
	      /usr/share/vulkan/icd.d/intel_icd.json
[2m2026-08-01T07:11:48.444479Z[0m [32m INFO[0m [2mwgpu_hal::vulkan::instance[0m[2m:[0m 	objects: (type: INSTANCE, hndl: 0xbf4396255e80, name: ?)
[2m2026-08-01T07:11:48.444495Z[0m [32m INFO[0m [2mwgpu_hal::vulkan::instance[0m[2m:[0m GENERAL [Loader Message (0x0)]
	      /usr/share/vulkan/icd.d/powervr_mesa_icd.json
[2m2026-08-01T07:11:48.444518Z[0m [32m INFO[0m [2mwgpu_hal::vulkan::instance[0m[2m:[0m 	objects: (type: INSTANCE, hndl: 0xbf4396255e80, name: ?)
[2m2026-08-01T07:11:48.444535Z[0m [32m INFO[0m [2mwgpu_hal::vulkan::instance[0m[2m:[0m GENERAL [Loader Message (0x0)]
	      /usr/share/vulkan/icd.d/radeon_icd.json
[2m2026-08-01T07:11:48.444553Z[0m [32m INFO[0m [2mwgpu_hal::vulkan::instance[0m[2m:[0m 	objects: (type: INSTANCE, hndl: 0xbf4396255e80, name: ?)
[2m2026-08-01T07:11:48.444590Z[0m [32m INFO[0m [2mwgpu_hal::vulkan::instance[0m[2m:[0m GENERAL [Loader Message (0x0)]
	Found ICD manifest file /usr/share/vulkan/icd.d/nouveau_icd.json, version 1.0.1
[2m2026-08-01T07:11:48.444613Z[0m [32m INFO[0m [2mwgpu_hal::vulkan::instance[0m[2m:[0m 	objects: (type: INSTANCE, hndl: 0xbf4396255e80, name: ?)
[2m2026-08-01T07:11:48.444692Z[0m [32m INFO[0m [2mwgpu_hal::vulkan::instance[0m[2m:[0m GENERAL [Loader Message (0x0)]
	Found ICD manifest file /usr/share/vulkan/icd.d/broadcom_icd.json, version 1.0.1
[2m2026-08-01T07:11:48.444715Z[0m [32m INFO[0m [2mwgpu_hal::vulkan::instance[0m[2m:[0m 	objects: (type: INSTANCE, hndl: 0xbf4396255e80, name: ?)
[2m2026-08-01T07:11:48.444777Z[0m [32m INFO[0m [2mwgpu_hal::vulkan::instance[0m[2m:[0m GENERAL [Loader Message (0x0)]
	Found ICD manifest file /usr/share/vulkan/icd.d/panfrost_icd.json, version 1.0.1
[2m2026-08-01T07:11:48.444800Z[0m [32m INFO[0m [2mwgpu_hal::vulkan::instance[0m[2m:[0m 	objects: (type: INSTANCE, hndl: 0xbf4396255e80, name: ?)
[2m2026-08-01T07:11:48.444842Z[0m [32m INFO[0m [2mwgpu_hal::vulkan::instance[0m[2m:[0m GENERAL [Loader Message (0x0)]
	Found ICD manifest file /usr/share/vulkan/icd.d/freedreno_icd.json, version 1.0.1
[2m2026-08-01T07:11:48.444865Z[0m [32m INFO[0m [2mwgpu_hal::vulkan::instance[0m[2m:[0m 	objects: (type: INSTANCE, hndl: 0xbf4396255e80, name: ?)
[2m2026-08-01T07:11:48.444910Z[0m [32m INFO[0m [2mwgpu_hal::vulkan::instance[0m[2m:[0m GENERAL [Loader Message (0x0)]
	Found ICD manifest file /usr/share/vulkan/icd.d/gfxstream_vk_icd.json, version 1.0.1
[2m2026-08-01T07:11:48.444932Z[0m [32m INFO[0m [2mwgpu_hal::vulkan::instance[0m[2m:[0m 	objects: (type: INSTANCE, hndl: 0xbf4396255e80, name: ?)
[2m2026-08-01T07:11:48.444972Z[0m [32m INFO[0m [2mwgpu_hal::vulkan::instance[0m[2m:[0m GENERAL [Loader Message (0x0)]
	Found ICD manifest file /usr/share/vulkan/icd.d/virtio_icd.json, version 1.0.1
[2m2026-08-01T07:11:48.444995Z[0m [32m INFO[0m [2mwgpu_hal::vulkan::instance[0m[2m:[0m 	objects: (type: INSTANCE, hndl: 0xbf4396255e80, name: ?)
[2m2026-08-01T07:11:48.445035Z[0m [32m INFO[0m [2mwgpu_hal::vulkan::instance[0m[2m:[0m GENERAL [Loader Message (0x0)]
	Found ICD manifest file /usr/share/vulkan/icd.d/asahi_icd.json, version 1.0.1
[2m2026-08-01T07:11:48.445058Z[0m [32m INFO[0m [2mwgpu_hal::vulkan::instance[0m[2m:[0m 	objects: (type: INSTANCE, hndl: 0xbf4396255e80, name: ?)
[2m2026-08-01T07:11:48.445142Z[0m [32m INFO[0m [2mwgpu_hal::vulkan::instance[0m[2m:[0m GENERAL [Loader Message (0x0)]
	Found ICD manifest file /usr/share/vulkan/icd.d/lvp_icd.json, version 1.0.1
[2m2026-08-01T07:11:48.445197Z[0m [32m INFO[0m [2mwgpu_hal::vulkan::instance[0m[2m:[0m 	objects: (type: INSTANCE, hndl: 0xbf4396255e80, name: ?)
[2m2026-08-01T07:11:48.445303Z[0m [32m INFO[0m [2mwgpu_hal::vulkan::instance[0m[2m:[0m GENERAL [Loader Message (0x0)]
	Found ICD manifest file /usr/share/vulkan/icd.d/intel_icd.json, version 1.0.1
[2m2026-08-01T07:11:48.445375Z[0m [32m INFO[0m [2mwgpu_hal::vulkan::instance[0m[2m:[0m 	objects: (type: INSTANCE, hndl: 0xbf4396255e80, name: ?)
[2m2026-08-01T07:11:48.445441Z[0m [32m INFO[0m [2mwgpu_hal::vulkan::instance[0m[2m:[0m GENERAL [Loader Message (0x0)]
	Found ICD manifest file /usr/share/vulkan/icd.d/powervr_mesa_icd.json, version 1.0.1
[2m2026-08-01T07:11:48.445466Z[0m [32m INFO[0m [2mwgpu_hal::vulkan::instance[0m[2m:[0m 	objects: (type: INSTANCE, hndl: 0xbf4396255e80, name: ?)
[2m2026-08-01T07:11:48.445514Z[0m [32m INFO[0m [2mwgpu_hal::vulkan::instance[0m[2m:[0m GENERAL [Loader Message (0x0)]
	Found ICD manifest file /usr/share/vulkan/icd.d/radeon_icd.json, version 1.0.1
[2m2026-08-01T07:11:48.445537Z[0m [32m INFO[0m [2mwgpu_hal::vulkan::instance[0m[2m:[0m 	objects: (type: INSTANCE, hndl: 0xbf4396255e80, name: ?)
[2m2026-08-01T07:11:48.446431Z[0m [32m INFO[0m [2mwgpu_hal::vulkan::instance[0m[2m:[0m GENERAL [Loader Message (0x0)]
	Insert instance layer "VK_LAYER_MESA_device_select" (/usr/lib/aarch64-linux-gnu/libVkLayer_MESA_device_select.so)
[2m2026-08-01T07:11:48.446477Z[0m [32m INFO[0m [2mwgpu_hal::vulkan::instance[0m[2m:[0m 	objects: (type: INSTANCE, hndl: 0xbf4396255e80, name: ?)
[2m2026-08-01T07:11:48.446505Z[0m [32m INFO[0m [2mwgpu_hal::vulkan::instance[0m[2m:[0m GENERAL [Loader Message (0x0)]
	vkCreateInstance layer callstack setup to:
[2m2026-08-01T07:11:48.446524Z[0m [32m INFO[0m [2mwgpu_hal::vulkan::instance[0m[2m:[0m 	objects: (type: INSTANCE, hndl: 0xbf4396255e80, name: ?)
[2m2026-08-01T07:11:48.446541Z[0m [32m INFO[0m [2mwgpu_hal::vulkan::instance[0m[2m:[0m GENERAL [Loader Message (0x0)]
	   <Application>
[2m2026-08-01T07:11:48.446558Z[0m [32m INFO[0m [2mwgpu_hal::vulkan::instance[0m[2m:[0m 	objects: (type: INSTANCE, hndl: 0xbf4396255e80, name: ?)
[2m2026-08-01T07:11:48.446574Z[0m [32m INFO[0m [2mwgpu_hal::vulkan::instance[0m[2m:[0m GENERAL [Loader Message (0x0)]
	     ||
[2m2026-08-01T07:11:48.446590Z[0m [32m INFO[0m [2mwgpu_hal::vulkan::instance[0m[2m:[0m 	objects: (type: INSTANCE, hndl: 0xbf4396255e80, name: ?)
[2m2026-08-01T07:11:48.446607Z[0m [32m INFO[0m [2mwgpu_hal::vulkan::instance[0m[2m:[0m GENERAL [Loader Message (0x0)]
	   <Loader>
[2m2026-08-01T07:11:48.446631Z[0m [32m INFO[0m [2mwgpu_hal::vulkan::instance[0m[2m:[0m 	objects: (type: INSTANCE, hndl: 0xbf4396255e80, name: ?)
[2m2026-08-01T07:11:48.446647Z[0m [32m INFO[0m [2mwgpu_hal::vulkan::instance[0m[2m:[0m GENERAL [Loader Message (0x0)]
	     ||
[2m2026-08-01T07:11:48.446663Z[0m [32m INFO[0m [2mwgpu_hal::vulkan::instance[0m[2m:[0m 	objects: (type: INSTANCE, hndl: 0xbf4396255e80, name: ?)
[2m2026-08-01T07:11:48.446679Z[0m [32m INFO[0m [2mwgpu_hal::vulkan::instance[0m[2m:[0m GENERAL [Loader Message (0x0)]
	   VK_LAYER_MESA_device_select
[2m2026-08-01T07:11:48.446697Z[0m [32m INFO[0m [2mwgpu_hal::vulkan::instance[0m[2m:[0m 	objects: (type: INSTANCE, hndl: 0xbf4396255e80, name: ?)
[2m2026-08-01T07:11:48.446713Z[0m [32m INFO[0m [2mwgpu_hal::vulkan::instance[0m[2m:[0m GENERAL [Loader Message (0x0)]
	           Type: Implicit
[2m2026-08-01T07:11:48.446737Z[0m [32m INFO[0m [2mwgpu_hal::vulkan::instance[0m[2m:[0m 	objects: (type: INSTANCE, hndl: 0xbf4396255e80, name: ?)
[2m2026-08-01T07:11:48.446754Z[0m [32m INFO[0m [2mwgpu_hal::vulkan::instance[0m[2m:[0m GENERAL [Loader Message (0x0)]
	           Enabled By: Implicit Layer
[2m2026-08-01T07:11:48.446785Z[0m [32m INFO[0m [2mwgpu_hal::vulkan::instance[0m[2m:[0m 	objects: (type: INSTANCE, hndl: 0xbf4396255e80, name: ?)
[2m2026-08-01T07:11:48.446802Z[0m [32m INFO[0m [2mwgpu_hal::vulkan::instance[0m[2m:[0m GENERAL [Loader Message (0x0)]
	               Disable Env Var:  NODEVICE_SELECT
[2m2026-08-01T07:11:48.446821Z[0m [32m INFO[0m [2mwgpu_hal::vulkan::instance[0m[2m:[0m 	objects: (type: INSTANCE, hndl: 0xbf4396255e80, name: ?)
[2m2026-08-01T07:11:48.446838Z[0m [32m INFO[0m [2mwgpu_hal::vulkan::instance[0m[2m:[0m GENERAL [Loader Message (0x0)]
	           Manifest: /usr/share/vulkan/implicit_layer.d/VkLayer_MESA_device_select.json
[2m2026-08-01T07:11:48.446861Z[0m [32m INFO[0m [2mwgpu_hal::vulkan::instance[0m[2m:[0m 	objects: (type: INSTANCE, hndl: 0xbf4396255e80, name: ?)
[2m2026-08-01T07:11:48.446877Z[0m [32m INFO[0m [2mwgpu_hal::vulkan::instance[0m[2m:[0m GENERAL [Loader Message (0x0)]
	           Library:  /usr/lib/aarch64-linux-gnu/libVkLayer_MESA_device_select.so
[2m2026-08-01T07:11:48.446899Z[0m [32m INFO[0m [2mwgpu_hal::vulkan::instance[0m[2m:[0m 	objects: (type: INSTANCE, hndl: 0xbf4396255e80, name: ?)
[2m2026-08-01T07:11:48.446915Z[0m [32m INFO[0m [2mwgpu_hal::vulkan::instance[0m[2m:[0m GENERAL [Loader Message (0x0)]
	     ||
[2m2026-08-01T07:11:48.446931Z[0m [32m INFO[0m [2mwgpu_hal::vulkan::instance[0m[2m:[0m 	objects: (type: INSTANCE, hndl: 0xbf4396255e80, name: ?)
[2m2026-08-01T07:11:48.446947Z[0m [32m INFO[0m [2mwgpu_hal::vulkan::instance[0m[2m:[0m GENERAL [Loader Message (0x0)]
	   <Drivers>
[2m2026-08-01T07:11:48.446963Z[0m [32m INFO[0m [2mwgpu_hal::vulkan::instance[0m[2m:[0m 	objects: (type: INSTANCE, hndl: 0xbf4396255e80, name: ?)
[2m2026-08-01T07:11:48.460785Z[0m [32m INFO[0m [2mwgpu_hal::vulkan::instance[0m[2m:[0m Enabling debug utils
[2m2026-08-01T07:11:48.461055Z[0m [32m INFO[0m [2mwgpu_hal::gles::egl[0m[2m:[0m Using Wayland platform
[slopos-compositor/drm] client connected
[slopos-compositor/drm] client disconnected
[2m2026-08-01T07:11:48.461763Z[0m [32m INFO[0m [2mwgpu_core::device::resource[0m[2m:[0m Device::maintain: waiting for submission index 0
[slopos-compositor/drm] client connected
libEGL warning: failed to get driver name for fd -1

libEGL warning: MESA-LOADER: failed to retrieve device information

libEGL warning: failed to get driver name for fd -1

[2m2026-08-01T07:11:48.483219Z[0m [31mERROR[0m [2mwgpu_hal::gles::egl[0m[2m:[0m EGL 'eglInitialize' code 0x3003: DRI2: failed to get driver name
[slopos-compositor/drm] client connected
[slopos-compositor/drm] client disconnected
[slopos-compositor/drm] client connected
MESA: error: ZINK: failed to choose pdev
libEGL warning: egl: failed to create dri2 screen
[slopos-compositor/drm] client connected
[slopos-compositor/drm] client disconnected
[slopos-compositor/drm] client disconnected
[2m2026-08-01T07:11:48.587584Z[0m [32m INFO[0m [2mwgpu_core::device::resource[0m[2m:[0m Device::maintain: waiting for submission index 0
[2m2026-08-01T07:11:48.595780Z[0m [33m WARN[0m [2mwgpu_hal::gles::egl[0m[2m:[0m Re-initializing Gles context due to Wayland window
[slopos-compositor/drm] client disconnected
[2m2026-08-01T07:11:48.624829Z[0m [32m INFO[0m [2mwgpu_hal::vulkan::instance[0m[2m:[0m GENERAL [Loader Message (0x0)]
	linux_read_sorted_physical_devices:
[2m2026-08-01T07:11:48.624889Z[0m [32m INFO[0m [2mwgpu_hal::vulkan::instance[0m[2m:[0m 	objects: (type: INSTANCE, hndl: 0xbf4396255e80, name: ?)
[2m2026-08-01T07:11:48.624909Z[0m [32m INFO[0m [2mwgpu_hal::vulkan::instance[0m[2m:[0m GENERAL [Loader Message (0x0)]
	     Original order:
[2m2026-08-01T07:11:48.624918Z[0m [32m INFO[0m [2mwgpu_hal::vulkan::instance[0m[2m:[0m 	objects: (type: INSTANCE, hndl: 0xbf4396255e80, name: ?)
[2m2026-08-01T07:11:48.624933Z[0m [32m INFO[0m [2mwgpu_hal::vulkan::instance[0m[2m:[0m GENERAL [Loader Message (0x0)]
	           [0] llvmpipe (LLVM 21.1.8, 128 bits)
[2m2026-08-01T07:11:48.624950Z[0m [32m INFO[0m [2mwgpu_hal::vulkan::instance[0m[2m:[0m 	objects: (type: INSTANCE, hndl: 0xbf4396255e80, name: ?)
[2m2026-08-01T07:11:48.624958Z[0m [32m INFO[0m [2mwgpu_hal::vulkan::instance[0m[2m:[0m GENERAL [Loader Message (0x0)]
	     Sorted order:
[2m2026-08-01T07:11:48.624964Z[0m [32m INFO[0m [2mwgpu_hal::vulkan::instance[0m[2m:[0m 	objects: (type: INSTANCE, hndl: 0xbf4396255e80, name: ?)
[2m2026-08-01T07:11:48.624971Z[0m [32m INFO[0m [2mwgpu_hal::vulkan::instance[0m[2m:[0m GENERAL [Loader Message (0x0)]
	           [0] llvmpipe (LLVM 21.1.8, 128 bits)  
[2m2026-08-01T07:11:48.624982Z[0m [32m INFO[0m [2mwgpu_hal::vulkan::instance[0m[2m:[0m 	objects: (type: INSTANCE, hndl: 0xbf4396255e80, name: ?)
[2m2026-08-01T07:11:48.624996Z[0m [32m INFO[0m [2mwgpu_hal::vulkan::instance[0m[2m:[0m GENERAL [Loader Message (0x0)]
	linux_read_sorted_physical_devices:
[2m2026-08-01T07:11:48.625005Z[0m [32m INFO[0m [2mwgpu_hal::vulkan::instance[0m[2m:[0m 	objects: (type: INSTANCE, hndl: 0xbf4396255e80, name: ?)
[2m2026-08-01T07:11:48.625011Z[0m [32m INFO[0m [2mwgpu_hal::vulkan::instance[0m[2m:[0m GENERAL [Loader Message (0x0)]
	     Original order:
[2m2026-08-01T07:11:48.625018Z[0m [32m INFO[0m [2mwgpu_hal::vulkan::instance[0m[2m:[0m 	objects: (type: INSTANCE, hndl: 0xbf4396255e80, name: ?)
[2m2026-08-01T07:11:48.625027Z[0m [32m INFO[0m [2mwgpu_hal::vulkan::instance[0m[2m:[0m GENERAL [Loader Message (0x0)]
	           [0] llvmpipe (LLVM 21.1.8, 128 bits)
[2m2026-08-01T07:11:48.625033Z[0m [32m INFO[0m [2mwgpu_hal::vulkan::instance[0m[2m:[0m 	objects: (type: INSTANCE, hndl: 0xbf4396255e80, name: ?)
[2m2026-08-01T07:11:48.625039Z[0m [32m INFO[0m [2mwgpu_hal::vulkan::instance[0m[2m:[0m GENERAL [Loader Message (0x0)]
	     Sorted order:
[2m2026-08-01T07:11:48.625045Z[0m [32m INFO[0m [2mwgpu_hal::vulkan::instance[0m[2m:[0m 	objects: (type: INSTANCE, hndl: 0xbf4396255e80, name: ?)
[2m2026-08-01T07:11:48.625051Z[0m [32m INFO[0m [2mwgpu_hal::vulkan::instance[0m[2m:[0m GENERAL [Loader Message (0x0)]
	           [0] llvmpipe (LLVM 21.1.8, 128 bits)  
[2m2026-08-01T07:11:48.625062Z[0m [32m INFO[0m [2mwgpu_hal::vulkan::instance[0m[2m:[0m 	objects: (type: INSTANCE, hndl: 0xbf4396255e80, name: ?)
[slopos-compositor/drm] client connected
[2m2026-08-01T07:11:48.642898Z[0m [32m INFO[0m [2mwgpu_hal::vulkan::instance[0m[2m:[0m GENERAL [Loader Message (0x0)]
	linux_read_sorted_physical_devices:
[2m2026-08-01T07:11:48.643038Z[0m [32m INFO[0m [2mwgpu_hal::vulkan::instance[0m[2m:[0m 	objects: (type: INSTANCE, hndl: 0xbf4396255e80, name: ?)
[2m2026-08-01T07:11:48.643067Z[0m [32m INFO[0m [2mwgpu_hal::vulkan::instance[0m[2m:[0m GENERAL [Loader Message (0x0)]
	     Original order:
[2m2026-08-01T07:11:48.643076Z[0m [32m INFO[0m [2mwgpu_hal::vulkan::instance[0m[2m:[0m 	objects: (type: INSTANCE, hndl: 0xbf4396255e80, name: ?)
[2m2026-08-01T07:11:48.643093Z[0m [32m INFO[0m [2mwgpu_hal::vulkan::instance[0m[2m:[0m GENERAL [Loader Message (0x0)]
	           [0] llvmpipe (LLVM 21.1.8, 128 bits)
[2m2026-08-01T07:11:48.643101Z[0m [32m INFO[0m [2mwgpu_hal::vulkan::instance[0m[2m:[0m 	objects: (type: INSTANCE, hndl: 0xbf4396255e80, name: ?)
[2m2026-08-01T07:11:48.643111Z[0m [32m INFO[0m [2mwgpu_hal::vulkan::instance[0m[2m:[0m GENERAL [Loader Message (0x0)]
	     Sorted order:
[2m2026-08-01T07:11:48.643117Z[0m [32m INFO[0m [2mwgpu_hal::vulkan::instance[0m[2m:[0m 	objects: (type: INSTANCE, hndl: 0xbf4396255e80, name: ?)
[2m2026-08-01T07:11:48.643124Z[0m [32m INFO[0m [2mwgpu_hal::vulkan::instance[0m[2m:[0m GENERAL [Loader Message (0x0)]
	           [0] llvmpipe (LLVM 21.1.8, 128 bits)  
[2m2026-08-01T07:11:48.643130Z[0m [32m INFO[0m [2mwgpu_hal::vulkan::instance[0m[2m:[0m 	objects: (type: INSTANCE, hndl: 0xbf4396255e80, name: ?)
[2m2026-08-01T07:11:48.643156Z[0m [32m INFO[0m [2mwgpu_hal::vulkan::instance[0m[2m:[0m GENERAL [Loader Message (0x0)]
	linux_read_sorted_physical_devices:
[2m2026-08-01T07:11:48.643176Z[0m [32m INFO[0m [2mwgpu_hal::vulkan::instance[0m[2m:[0m 	objects: (type: INSTANCE, hndl: 0xbf4396255e80, name: ?)
[2m2026-08-01T07:11:48.643183Z[0m [32m INFO[0m [2mwgpu_hal::vulkan::instance[0m[2m:[0m GENERAL [Loader Message (0x0)]
	     Original order:
[2m2026-08-01T07:11:48.643189Z[0m [32m INFO[0m [2mwgpu_hal::vulkan::instance[0m[2m:[0m 	objects: (type: INSTANCE, hndl: 0xbf4396255e80, name: ?)
[2m2026-08-01T07:11:48.643197Z[0m [32m INFO[0m [2mwgpu_hal::vulkan::instance[0m[2m:[0m GENERAL [Loader Message (0x0)]
	           [0] llvmpipe (LLVM 21.1.8, 128 bits)
[2m2026-08-01T07:11:48.643203Z[0m [32m INFO[0m [2mwgpu_hal::vulkan::instance[0m[2m:[0m 	objects: (type: INSTANCE, hndl: 0xbf4396255e80, name: ?)
[2m2026-08-01T07:11:48.643209Z[0m [32m INFO[0m [2mwgpu_hal::vulkan::instance[0m[2m:[0m GENERAL [Loader Message (0x0)]
	     Sorted order:
[2m2026-08-01T07:11:48.643215Z[0m [32m INFO[0m [2mwgpu_hal::vulkan::instance[0m[2m:[0m 	objects: (type: INSTANCE, hndl: 0xbf4396255e80, name: ?)
[2m2026-08-01T07:11:48.643221Z[0m [32m INFO[0m [2mwgpu_hal::vulkan::instance[0m[2m:[0m GENERAL [Loader Message (0x0)]
	           [0] llvmpipe (LLVM 21.1.8, 128 bits)  
[2m2026-08-01T07:11:48.643470Z[0m [32m INFO[0m [2mwgpu_hal::vulkan::instance[0m[2m:[0m 	objects: (type: INSTANCE, hndl: 0xbf4396255e80, name: ?)
[slopos-compositor/drm] client connected
[slopos-compositor/drm] client disconnected
[2m2026-08-01T07:11:48.659015Z[0m [32m INFO[0m [2mwgpu_core::device::resource[0m[2m:[0m Device::maintain: waiting for submission index 0
[2m2026-08-01T07:11:48.661194Z[0m [32m INFO[0m [2mwgpu_hal::vulkan::instance[0m[2m:[0m GENERAL [Loader Message (0x0)]
	Removing driver /usr/lib/aarch64-linux-gnu/libvulkan_radeon.so due to not having any physical devices
[2m2026-08-01T07:11:48.661685Z[0m [32m INFO[0m [2mwgpu_hal::vulkan::instance[0m[2m:[0m 	objects: (type: INSTANCE, hndl: 0xbf4396255e80, name: ?)
[2m2026-08-01T07:11:48.662008Z[0m [32m INFO[0m [2mwgpu_hal::vulkan::instance[0m[2m:[0m GENERAL [Loader Message (0x0)]
	Removing driver /usr/lib/aarch64-linux-gnu/libvulkan_powervr_mesa.so due to not having any physical devices
[2m2026-08-01T07:11:48.662031Z[0m [32m INFO[0m [2mwgpu_hal::vulkan::instance[0m[2m:[0m 	objects: (type: INSTANCE, hndl: 0xbf4396255e80, name: ?)
[2m2026-08-01T07:11:48.662212Z[0m [32m INFO[0m [2mwgpu_hal::vulkan::instance[0m[2m:[0m GENERAL [Loader Message (0x0)]
	Removing driver /usr/lib/aarch64-linux-gnu/libvulkan_intel.so due to not having any physical devices
[2m2026-08-01T07:11:48.662567Z[0m [32m INFO[0m [2mwgpu_hal::vulkan::instance[0m[2m:[0m 	objects: (type: INSTANCE, hndl: 0xbf4396255e80, name: ?)
[2m2026-08-01T07:11:48.662870Z[0m [32m INFO[0m [2mwgpu_hal::vulkan::instance[0m[2m:[0m GENERAL [Loader Message (0x0)]
	Removing driver /usr/lib/aarch64-linux-gnu/libvulkan_asahi.so due to not having any physical devices
[2m2026-08-01T07:11:48.662891Z[0m [32m INFO[0m [2mwgpu_hal::vulkan::instance[0m[2m:[0m 	objects: (type: INSTANCE, hndl: 0xbf4396255e80, name: ?)
[2m2026-08-01T07:11:48.663105Z[0m [32m INFO[0m [2mwgpu_hal::vulkan::instance[0m[2m:[0m GENERAL [Loader Message (0x0)]
	Removing driver /usr/lib/aarch64-linux-gnu/libvulkan_virtio.so due to not having any physical devices
[2m2026-08-01T07:11:48.663117Z[0m [32m INFO[0m [2mwgpu_hal::vulkan::instance[0m[2m:[0m 	objects: (type: INSTANCE, hndl: 0xbf4396255e80, name: ?)
[2m2026-08-01T07:11:48.663307Z[0m [32m INFO[0m [2mwgpu_hal::vulkan::instance[0m[2m:[0m GENERAL [Loader Message (0x0)]
	Removing driver /usr/lib/aarch64-linux-gnu/libvulkan_gfxstream.so due to not having any physical devices
[2m2026-08-01T07:11:48.663322Z[0m [32m INFO[0m [2mwgpu_hal::vulkan::instance[0m[2m:[0m 	objects: (type: INSTANCE, hndl: 0xbf4396255e80, name: ?)
[2m2026-08-01T07:11:48.663407Z[0m [32m INFO[0m [2mwgpu_hal::vulkan::instance[0m[2m:[0m GENERAL [Loader Message (0x0)]
	Removing driver /usr/lib/aarch64-linux-gnu/libvulkan_freedreno.so due to not having any physical devices
[2m2026-08-01T07:11:48.663426Z[0m [32m INFO[0m [2mwgpu_hal::vulkan::instance[0m[2m:[0m 	objects: (type: INSTANCE, hndl: 0xbf4396255e80, name: ?)
[2m2026-08-01T07:11:48.663545Z[0m [32m INFO[0m [2mwgpu_hal::vulkan::instance[0m[2m:[0m GENERAL [Loader Message (0x0)]
	Removing driver /usr/lib/aarch64-linux-gnu/libvulkan_panfrost.so due to not having any physical devices
[2m2026-08-01T07:11:48.663554Z[0m [32m INFO[0m [2mwgpu_hal::vulkan::instance[0m[2m:[0m 	objects: (type: INSTANCE, hndl: 0xbf4396255e80, name: ?)
[2m2026-08-01T07:11:48.663735Z[0m [32m INFO[0m [2mwgpu_hal::vulkan::instance[0m[2m:[0m GENERAL [Loader Message (0x0)]
	Removing driver /usr/lib/aarch64-linux-gnu/libvulkan_broadcom.so due to not having any physical devices
[2m2026-08-01T07:11:48.663745Z[0m [32m INFO[0m [2mwgpu_hal::vulkan::instance[0m[2m:[0m 	objects: (type: INSTANCE, hndl: 0xbf4396255e80, name: ?)
[2m2026-08-01T07:11:48.663874Z[0m [32m INFO[0m [2mwgpu_hal::vulkan::instance[0m[2m:[0m GENERAL [Loader Message (0x0)]
	Removing driver /usr/lib/aarch64-linux-gnu/libvulkan_nouveau.so due to not having any physical devices
[2m2026-08-01T07:11:48.663884Z[0m [32m INFO[0m [2mwgpu_hal::vulkan::instance[0m[2m:[0m 	objects: (type: INSTANCE, hndl: 0xbf4396255e80, name: ?)
[slopos-compositor/drm] client disconnected
[2m2026-08-01T07:11:48.835116Z[0m [32m INFO[0m [2mwgpu_core::instance[0m[2m:[0m Adapter Vulkan AdapterInfo { name: "llvmpipe (LLVM 21.1.8, 128 bits)", vendor: 65541, device: 0, device_type: Cpu, driver: "llvmpipe", driver_info: "Mesa 26.0.3-1ubuntu1 (LLVM 21.1.8)", backend: Vulkan }
[2m2026-08-01T07:11:48.835373Z[0m [32m INFO[0m [2mwgpu_hal::vulkan::instance[0m[2m:[0m GENERAL [Loader Message (0x0)]
	Failed to find vkGetDeviceProcAddr in layer "/usr/lib/aarch64-linux-gnu/libVkLayer_MESA_device_select.so"
[2m2026-08-01T07:11:48.835396Z[0m [32m INFO[0m [2mwgpu_hal::vulkan::instance[0m[2m:[0m 	objects: (type: INSTANCE, hndl: 0xbf4396255e80, name: ?)
[2m2026-08-01T07:11:48.835404Z[0m [32m INFO[0m [2mwgpu_hal::vulkan::instance[0m[2m:[0m GENERAL [Loader Message (0x0)]
	vkCreateDevice layer callstack setup to:
[2m2026-08-01T07:11:48.835410Z[0m [32m INFO[0m [2mwgpu_hal::vulkan::instance[0m[2m:[0m 	objects: (type: INSTANCE, hndl: 0xbf4396255e80, name: ?)
[2m2026-08-01T07:11:48.835416Z[0m [32m INFO[0m [2mwgpu_hal::vulkan::instance[0m[2m:[0m GENERAL [Loader Message (0x0)]
	   <Application>
[2m2026-08-01T07:11:48.835422Z[0m [32m INFO[0m [2mwgpu_hal::vulkan::instance[0m[2m:[0m 	objects: (type: INSTANCE, hndl: 0xbf4396255e80, name: ?)
[2m2026-08-01T07:11:48.835428Z[0m [32m INFO[0m [2mwgpu_hal::vulkan::instance[0m[2m:[0m GENERAL [Loader Message (0x0)]
	     ||
[2m2026-08-01T07:11:48.835434Z[0m [32m INFO[0m [2mwgpu_hal::vulkan::instance[0m[2m:[0m 	objects: (type: INSTANCE, hndl: 0xbf4396255e80, name: ?)
[2m2026-08-01T07:11:48.835440Z[0m [32m INFO[0m [2mwgpu_hal::vulkan::instance[0m[2m:[0m GENERAL [Loader Message (0x0)]
	   <Loader>
[2m2026-08-01T07:11:48.835446Z[0m [32m INFO[0m [2mwgpu_hal::vulkan::instance[0m[2m:[0m 	objects: (type: INSTANCE, hndl: 0xbf4396255e80, name: ?)
[2m2026-08-01T07:11:48.835451Z[0m [32m INFO[0m [2mwgpu_hal::vulkan::instance[0m[2m:[0m GENERAL [Loader Message (0x0)]
	     ||
[2m2026-08-01T07:11:48.835457Z[0m [32m INFO[0m [2mwgpu_hal::vulkan::instance[0m[2m:[0m 	objects: (type: INSTANCE, hndl: 0xbf4396255e80, name: ?)
[2m2026-08-01T07:11:48.835463Z[0m [32m INFO[0m [2mwgpu_hal::vulkan::instance[0m[2m:[0m GENERAL [Loader Message (0x0)]
	   <Device>
[2m2026-08-01T07:11:48.835468Z[0m [32m INFO[0m [2mwgpu_hal::vulkan::instance[0m[2m:[0m 	objects: (type: INSTANCE, hndl: 0xbf4396255e80, name: ?)
[2m2026-08-01T07:11:48.835530Z[0m [32m INFO[0m [2mwgpu_hal::vulkan::instance[0m[2m:[0m GENERAL [Loader Message (0x0)]
	       Using "llvmpipe (LLVM 21.1.8, 128 bits)" with driver: "/usr/lib/aarch64-linux-gnu/libvulkan_lvp.so"
[2m2026-08-01T07:11:48.835553Z[0m [32m INFO[0m [2mwgpu_hal::vulkan::instance[0m[2m:[0m 	objects: (type: INSTANCE, hndl: 0xbf4396255e80, name: ?)
[2m2026-08-01T07:11:49.190595Z[0m [32m INFO[0m [2mwgpu_core::device::resource[0m[2m:[0m Device::maintain: waiting for submission index 0
[2m2026-08-01T07:11:49.236802Z[0m [33m WARN[0m [2mwgpu_hal::vulkan::instance[0m[2m:[0m InstanceFlags::VALIDATION requested, but unable to find layer: VK_LAYER_KHRONOS_validation
[2m2026-08-01T07:11:49.236922Z[0m [32m INFO[0m [2mwgpu_hal::vulkan::instance[0m[2m:[0m GENERAL [Loader Message (0x0)]
	No valid vk_loader_settings.json file found, no loader settings will be active
[2m2026-08-01T07:11:49.236997Z[0m [32m INFO[0m [2mwgpu_hal::vulkan::instance[0m[2m:[0m 	objects: (type: INSTANCE, hndl: 0xbf43994478c0, name: ?)
[2m2026-08-01T07:11:49.237028Z[0m [32m INFO[0m [2mwgpu_hal::vulkan::instance[0m[2m:[0m GENERAL [Loader Message (0x0)]
	Searching for implicit layer manifest files
[2m2026-08-01T07:11:49.237113Z[0m [32m INFO[0m [2mwgpu_hal::vulkan::instance[0m[2m:[0m 	objects: (type: INSTANCE, hndl: 0xbf43994478c0, name: ?)
[2m2026-08-01T07:11:49.237134Z[0m [32m INFO[0m [2mwgpu_hal::vulkan::instance[0m[2m:[0m GENERAL [Loader Message (0x0)]
	   In following locations:
[2m2026-08-01T07:11:49.237152Z[0m [32m INFO[0m [2mwgpu_hal::vulkan::instance[0m[2m:[0m 	objects: (type: INSTANCE, hndl: 0xbf43994478c0, name: ?)
[2m2026-08-01T07:11:49.237169Z[0m [32m INFO[0m [2mwgpu_hal::vulkan::instance[0m[2m:[0m GENERAL [Loader Message (0x0)]
	      /home/ubuntu/.config/vulkan/implicit_layer.d
[2m2026-08-01T07:11:49.237190Z[0m [32m INFO[0m [2mwgpu_hal::vulkan::instance[0m[2m:[0m 	objects: (type: INSTANCE, hndl: 0xbf43994478c0, name: ?)
[2m2026-08-01T07:11:49.237206Z[0m [32m INFO[0m [2mwgpu_hal::vulkan::instance[0m[2m:[0m GENERAL [Loader Message (0x0)]
	      /etc/xdg/vulkan/implicit_layer.d
[2m2026-08-01T07:11:49.237224Z[0m [32m INFO[0m [2mwgpu_hal::vulkan::instance[0m[2m:[0m 	objects: (type: INSTANCE, hndl: 0xbf43994478c0, name: ?)
[2m2026-08-01T07:11:49.237296Z[0m [32m INFO[0m [2mwgpu_hal::vulkan::instance[0m[2m:[0m GENERAL [Loader Message (0x0)]
	      /etc/vulkan/implicit_layer.d
[2m2026-08-01T07:11:49.237317Z[0m [32m INFO[0m [2mwgpu_hal::vulkan::instance[0m[2m:[0m 	objects: (type: INSTANCE, hndl: 0xbf43994478c0, name: ?)
[2m2026-08-01T07:11:49.237334Z[0m [32m INFO[0m [2mwgpu_hal::vulkan::instance[0m[2m:[0m GENERAL [Loader Message (0x0)]
	      /home/ubuntu/.local/share/vulkan/implicit_layer.d
[2m2026-08-01T07:11:49.237354Z[0m [32m INFO[0m [2mwgpu_hal::vulkan::instance[0m[2m:[0m 	objects: (type: INSTANCE, hndl: 0xbf43994478c0, name: ?)
[2m2026-08-01T07:11:49.237462Z[0m [32m INFO[0m [2mwgpu_hal::vulkan::instance[0m[2m:[0m GENERAL [Loader Message (0x0)]
	      /usr/local/share/vulkan/implicit_layer.d
[2m2026-08-01T07:11:49.237486Z[0m [32m INFO[0m [2mwgpu_hal::vulkan::instance[0m[2m:[0m 	objects: (type: INSTANCE, hndl: 0xbf43994478c0, name: ?)
[2m2026-08-01T07:11:49.237503Z[0m [32m INFO[0m [2mwgpu_hal::vulkan::instance[0m[2m:[0m GENERAL [Loader Message (0x0)]
	      /usr/share/vulkan/implicit_layer.d
[2m2026-08-01T07:11:49.237522Z[0m [32m INFO[0m [2mwgpu_hal::vulkan::instance[0m[2m:[0m 	objects: (type: INSTANCE, hndl: 0xbf43994478c0, name: ?)
[2m2026-08-01T07:11:49.237578Z[0m [32m INFO[0m [2mwgpu_hal::vulkan::instance[0m[2m:[0m GENERAL [Loader Message (0x0)]
	   Found the following files:
[2m2026-08-01T07:11:49.237598Z[0m [32m INFO[0m [2mwgpu_hal::vulkan::instance[0m[2m:[0m 	objects: (type: INSTANCE, hndl: 0xbf43994478c0, name: ?)
[2m2026-08-01T07:11:49.237614Z[0m [32m INFO[0m [2mwgpu_hal::vulkan::instance[0m[2m:[0m GENERAL [Loader Message (0x0)]
	      /usr/share/vulkan/implicit_layer.d/VkLayer_MESA_anti_lag.json
[2m2026-08-01T07:11:49.237635Z[0m [32m INFO[0m [2mwgpu_hal::vulkan::instance[0m[2m:[0m 	objects: (type: INSTANCE, hndl: 0xbf43994478c0, name: ?)
[2m2026-08-01T07:11:49.237668Z[0m [32m INFO[0m [2mwgpu_hal::vulkan::instance[0m[2m:[0m GENERAL [Loader Message (0x0)]
	      /usr/share/vulkan/implicit_layer.d/VkLayer_MESA_device_select.json
[2m2026-08-01T07:11:49.237690Z[0m [32m INFO[0m [2mwgpu_hal::vulkan::instance[0m[2m:[0m 	objects: (type: INSTANCE, hndl: 0xbf43994478c0, name: ?)
[2m2026-08-01T07:11:49.237725Z[0m [32m INFO[0m [2mwgpu_hal::vulkan::instance[0m[2m:[0m GENERAL [Loader Message (0x0)]
	Found manifest file /usr/share/vulkan/implicit_layer.d/VkLayer_MESA_anti_lag.json (file version 1.2.1)
[2m2026-08-01T07:11:49.237750Z[0m [32m INFO[0m [2mwgpu_hal::vulkan::instance[0m[2m:[0m 	objects: (type: INSTANCE, hndl: 0xbf43994478c0, name: ?)
[2m2026-08-01T07:11:49.237788Z[0m [32m INFO[0m [2mwgpu_hal::vulkan::instance[0m[2m:[0m GENERAL [Loader Message (0x0)]
	Found manifest file /usr/share/vulkan/implicit_layer.d/VkLayer_MESA_device_select.json (file version 1.0.0)
[2m2026-08-01T07:11:49.237812Z[0m [32m INFO[0m [2mwgpu_hal::vulkan::instance[0m[2m:[0m 	objects: (type: INSTANCE, hndl: 0xbf43994478c0, name: ?)
[2m2026-08-01T07:11:49.237845Z[0m [32m INFO[0m [2mwgpu_hal::vulkan::instance[0m[2m:[0m GENERAL [Loader Message (0x0)]
	Searching for explicit layer manifest files
[2m2026-08-01T07:11:49.237864Z[0m [32m INFO[0m [2mwgpu_hal::vulkan::instance[0m[2m:[0m 	objects: (type: INSTANCE, hndl: 0xbf43994478c0, name: ?)
[2m2026-08-01T07:11:49.237881Z[0m [32m INFO[0m [2mwgpu_hal::vulkan::instance[0m[2m:[0m GENERAL [Loader Message (0x0)]
	   In following locations:
[2m2026-08-01T07:11:49.237898Z[0m [32m INFO[0m [2mwgpu_hal::vulkan::instance[0m[2m:[0m 	objects: (type: INSTANCE, hndl: 0xbf43994478c0, name: ?)
[2m2026-08-01T07:11:49.238008Z[0m [32m INFO[0m [2mwgpu_hal::vulkan::instance[0m[2m:[0m GENERAL [Loader Message (0x0)]
	      /home/ubuntu/.config/vulkan/explicit_layer.d
[2m2026-08-01T07:11:49.238029Z[0m [32m INFO[0m [2mwgpu_hal::vulkan::instance[0m[2m:[0m 	objects: (type: INSTANCE, hndl: 0xbf43994478c0, name: ?)
[2m2026-08-01T07:11:49.238046Z[0m [32m INFO[0m [2mwgpu_hal::vulkan::instance[0m[2m:[0m GENERAL [Loader Message (0x0)]
	      /etc/xdg/vulkan/explicit_layer.d
[2m2026-08-01T07:11:49.238064Z[0m [32m INFO[0m [2mwgpu_hal::vulkan::instance[0m[2m:[0m 	objects: (type: INSTANCE, hndl: 0xbf43994478c0, name: ?)
[2m2026-08-01T07:11:49.238081Z[0m [32m INFO[0m [2mwgpu_hal::vulkan::instance[0m[2m:[0m GENERAL [Loader Message (0x0)]
	      /etc/vulkan/explicit_layer.d
[2m2026-08-01T07:11:49.238098Z[0m [32m INFO[0m [2mwgpu_hal::vulkan::instance[0m[2m:[0m 	objects: (type: INSTANCE, hndl: 0xbf43994478c0, name: ?)
[2m2026-08-01T07:11:49.238115Z[0m [32m INFO[0m [2mwgpu_hal::vulkan::instance[0m[2m:[0m GENERAL [Loader Message (0x0)]
	      /home/ubuntu/.local/share/vulkan/explicit_layer.d
[2m2026-08-01T07:11:49.238134Z[0m [32m INFO[0m [2mwgpu_hal::vulkan::instance[0m[2m:[0m 	objects: (type: INSTANCE, hndl: 0xbf43994478c0, name: ?)
[2m2026-08-01T07:11:49.238151Z[0m [32m INFO[0m [2mwgpu_hal::vulkan::instance[0m[2m:[0m GENERAL [Loader Message (0x0)]
	      /usr/local/share/vulkan/explicit_layer.d
[2m2026-08-01T07:11:49.238169Z[0m [32m INFO[0m [2mwgpu_hal::vulkan::instance[0m[2m:[0m 	objects: (type: INSTANCE, hndl: 0xbf43994478c0, name: ?)
[2m2026-08-01T07:11:49.238190Z[0m [32m INFO[0m [2mwgpu_hal::vulkan::instance[0m[2m:[0m GENERAL [Loader Message (0x0)]
	      /usr/share/vulkan/explicit_layer.d
[2m2026-08-01T07:11:49.238209Z[0m [32m INFO[0m [2mwgpu_hal::vulkan::instance[0m[2m:[0m 	objects: (type: INSTANCE, hndl: 0xbf43994478c0, name: ?)
[2m2026-08-01T07:11:49.238668Z[0m [32m INFO[0m [2mwgpu_hal::vulkan::instance[0m[2m:[0m GENERAL [Loader Message (0x0)]
	   Found the following files:
[2m2026-08-01T07:11:49.238733Z[0m [32m INFO[0m [2mwgpu_hal::vulkan::instance[0m[2m:[0m 	objects: (type: INSTANCE, hndl: 0xbf43994478c0, name: ?)
[2m2026-08-01T07:11:49.238766Z[0m [32m INFO[0m [2mwgpu_hal::vulkan::instance[0m[2m:[0m GENERAL [Loader Message (0x0)]
	      /usr/share/vulkan/explicit_layer.d/VkLayer_MESA_screenshot.json
[2m2026-08-01T07:11:49.238787Z[0m [32m INFO[0m [2mwgpu_hal::vulkan::instance[0m[2m:[0m 	objects: (type: INSTANCE, hndl: 0xbf43994478c0, name: ?)
[2m2026-08-01T07:11:49.238803Z[0m [32m INFO[0m [2mwgpu_hal::vulkan::instance[0m[2m:[0m GENERAL [Loader Message (0x0)]
	      /usr/share/vulkan/explicit_layer.d/VkLayer_MESA_overlay.json
[2m2026-08-01T07:11:49.238823Z[0m [32m INFO[0m [2mwgpu_hal::vulkan::instance[0m[2m:[0m 	objects: (type: INSTANCE, hndl: 0xbf43994478c0, name: ?)
[2m2026-08-01T07:11:49.238840Z[0m [32m INFO[0m [2mwgpu_hal::vulkan::instance[0m[2m:[0m GENERAL [Loader Message (0x0)]
	      /usr/share/vulkan/explicit_layer.d/VkLayer_INTEL_nullhw.json
[2m2026-08-01T07:11:49.238861Z[0m [32m INFO[0m [2mwgpu_hal::vulkan::instance[0m[2m:[0m 	objects: (type: INSTANCE, hndl: 0xbf43994478c0, name: ?)
[2m2026-08-01T07:11:49.238892Z[0m [32m INFO[0m [2mwgpu_hal::vulkan::instance[0m[2m:[0m GENERAL [Loader Message (0x0)]
	Found manifest file /usr/share/vulkan/explicit_layer.d/VkLayer_MESA_screenshot.json (file version 1.0.0)
[2m2026-08-01T07:11:49.238916Z[0m [32m INFO[0m [2mwgpu_hal::vulkan::instance[0m[2m:[0m 	objects: (type: INSTANCE, hndl: 0xbf43994478c0, name: ?)
[2m2026-08-01T07:11:49.238944Z[0m [32m INFO[0m [2mwgpu_hal::vulkan::instance[0m[2m:[0m GENERAL [Loader Message (0x0)]
	Found manifest file /usr/share/vulkan/explicit_layer.d/VkLayer_MESA_overlay.json (file version 1.0.0)
[2m2026-08-01T07:11:49.238968Z[0m [32m INFO[0m [2mwgpu_hal::vulkan::instance[0m[2m:[0m 	objects: (type: INSTANCE, hndl: 0xbf43994478c0, name: ?)
[2m2026-08-01T07:11:49.238994Z[0m [32m INFO[0m [2mwgpu_hal::vulkan::instance[0m[2m:[0m GENERAL [Loader Message (0x0)]
	Found manifest file /usr/share/vulkan/explicit_layer.d/VkLayer_INTEL_nullhw.json (file version 1.0.0)
[2m2026-08-01T07:11:49.239017Z[0m [32m INFO[0m [2mwgpu_hal::vulkan::instance[0m[2m:[0m 	objects: (type: INSTANCE, hndl: 0xbf43994478c0, name: ?)
[2m2026-08-01T07:11:49.239045Z[0m [32m INFO[0m [2mwgpu_hal::vulkan::instance[0m[2m:[0m GENERAL [Loader Message (0x0)]
	Searching for driver manifest files
[2m2026-08-01T07:11:49.239063Z[0m [32m INFO[0m [2mwgpu_hal::vulkan::instance[0m[2m:[0m 	objects: (type: INSTANCE, hndl: 0xbf43994478c0, name: ?)
[2m2026-08-01T07:11:49.239080Z[0m [32m INFO[0m [2mwgpu_hal::vulkan::instance[0m[2m:[0m GENERAL [Loader Message (0x0)]
	   In following locations:
[2m2026-08-01T07:11:49.239097Z[0m [32m INFO[0m [2mwgpu_hal::vulkan::instance[0m[2m:[0m 	objects: (type: INSTANCE, hndl: 0xbf43994478c0, name: ?)
[2m2026-08-01T07:11:49.239113Z[0m [32m INFO[0m [2mwgpu_hal::vulkan::instance[0m[2m:[0m GENERAL [Loader Message (0x0)]
	      /home/ubuntu/.config/vulkan/icd.d
[2m2026-08-01T07:11:49.239131Z[0m [32m INFO[0m [2mwgpu_hal::vulkan::instance[0m[2m:[0m 	objects: (type: INSTANCE, hndl: 0xbf43994478c0, name: ?)
[2m2026-08-01T07:11:49.239171Z[0m [32m INFO[0m [2mwgpu_hal::vulkan::instance[0m[2m:[0m GENERAL [Loader Message (0x0)]
	      /etc/xdg/vulkan/icd.d
[2m2026-08-01T07:11:49.239190Z[0m [32m INFO[0m [2mwgpu_hal::vulkan::instance[0m[2m:[0m 	objects: (type: INSTANCE, hndl: 0xbf43994478c0, name: ?)
[2m2026-08-01T07:11:49.239206Z[0m [32m INFO[0m [2mwgpu_hal::vulkan::instance[0m[2m:[0m GENERAL [Loader Message (0x0)]
	      /etc/vulkan/icd.d
[2m2026-08-01T07:11:49.239223Z[0m [32m INFO[0m [2mwgpu_hal::vulkan::instance[0m[2m:[0m 	objects: (type: INSTANCE, hndl: 0xbf43994478c0, name: ?)
[2m2026-08-01T07:11:49.239368Z[0m [32m INFO[0m [2mwgpu_hal::vulkan::instance[0m[2m:[0m GENERAL [Loader Message (0x0)]
	      /home/ubuntu/.local/share/vulkan/icd.d
[2m2026-08-01T07:11:49.239389Z[0m [32m INFO[0m [2mwgpu_hal::vulkan::instance[0m[2m:[0m 	objects: (type: INSTANCE, hndl: 0xbf43994478c0, name: ?)
[2m2026-08-01T07:11:49.239412Z[0m [32m INFO[0m [2mwgpu_hal::vulkan::instance[0m[2m:[0m GENERAL [Loader Message (0x0)]
	      /usr/local/share/vulkan/icd.d
[2m2026-08-01T07:11:49.239430Z[0m [32m INFO[0m [2mwgpu_hal::vulkan::instance[0m[2m:[0m 	objects: (type: INSTANCE, hndl: 0xbf43994478c0, name: ?)
[2m2026-08-01T07:11:49.239446Z[0m [32m INFO[0m [2mwgpu_hal::vulkan::instance[0m[2m:[0m GENERAL [Loader Message (0x0)]
	      /usr/share/vulkan/icd.d
[2m2026-08-01T07:11:49.239474Z[0m [32m INFO[0m [2mwgpu_hal::vulkan::instance[0m[2m:[0m 	objects: (type: INSTANCE, hndl: 0xbf43994478c0, name: ?)
[2m2026-08-01T07:11:49.239553Z[0m [32m INFO[0m [2mwgpu_hal::vulkan::instance[0m[2m:[0m GENERAL [Loader Message (0x0)]
	   Found the following files:
[2m2026-08-01T07:11:49.239572Z[0m [32m INFO[0m [2mwgpu_hal::vulkan::instance[0m[2m:[0m 	objects: (type: INSTANCE, hndl: 0xbf43994478c0, name: ?)
[2m2026-08-01T07:11:49.239588Z[0m [32m INFO[0m [2mwgpu_hal::vulkan::instance[0m[2m:[0m GENERAL [Loader Message (0x0)]
	      /usr/share/vulkan/icd.d/nouveau_icd.json
[2m2026-08-01T07:11:49.239606Z[0m [32m INFO[0m [2mwgpu_hal::vulkan::instance[0m[2m:[0m 	objects: (type: INSTANCE, hndl: 0xbf43994478c0, name: ?)
[2m2026-08-01T07:11:49.239622Z[0m [32m INFO[0m [2mwgpu_hal::vulkan::instance[0m[2m:[0m GENERAL [Loader Message (0x0)]
	      /usr/share/vulkan/icd.d/broadcom_icd.json
[2m2026-08-01T07:11:49.239640Z[0m [32m INFO[0m [2mwgpu_hal::vulkan::instance[0m[2m:[0m 	objects: (type: INSTANCE, hndl: 0xbf43994478c0, name: ?)
[2m2026-08-01T07:11:49.239656Z[0m [32m INFO[0m [2mwgpu_hal::vulkan::instance[0m[2m:[0m GENERAL [Loader Message (0x0)]
	      /usr/share/vulkan/icd.d/panfrost_icd.json
[2m2026-08-01T07:11:49.239674Z[0m [32m INFO[0m [2mwgpu_hal::vulkan::instance[0m[2m:[0m 	objects: (type: INSTANCE, hndl: 0xbf43994478c0, name: ?)
[2m2026-08-01T07:11:49.239690Z[0m [32m INFO[0m [2mwgpu_hal::vulkan::instance[0m[2m:[0m GENERAL [Loader Message (0x0)]
	      /usr/share/vulkan/icd.d/freedreno_icd.json
[2m2026-08-01T07:11:49.239708Z[0m [32m INFO[0m [2mwgpu_hal::vulkan::instance[0m[2m:[0m 	objects: (type: INSTANCE, hndl: 0xbf43994478c0, name: ?)
[2m2026-08-01T07:11:49.239797Z[0m [32m INFO[0m [2mwgpu_hal::vulkan::instance[0m[2m:[0m GENERAL [Loader Message (0x0)]
	      /usr/share/vulkan/icd.d/gfxstream_vk_icd.json
[2m2026-08-01T07:11:49.239830Z[0m [32m INFO[0m [2mwgpu_hal::vulkan::instance[0m[2m:[0m 	objects: (type: INSTANCE, hndl: 0xbf43994478c0, name: ?)
[2m2026-08-01T07:11:49.239850Z[0m [32m INFO[0m [2mwgpu_hal::vulkan::instance[0m[2m:[0m GENERAL [Loader Message (0x0)]
	      /usr/share/vulkan/icd.d/virtio_icd.json
[2m2026-08-01T07:11:49.239870Z[0m [32m INFO[0m [2mwgpu_hal::vulkan::instance[0m[2m:[0m 	objects: (type: INSTANCE, hndl: 0xbf43994478c0, name: ?)
[2m2026-08-01T07:11:49.239897Z[0m [32m INFO[0m [2mwgpu_hal::vulkan::instance[0m[2m:[0m GENERAL [Loader Message (0x0)]
	      /usr/share/vulkan/icd.d/asahi_icd.json
[2m2026-08-01T07:11:49.239917Z[0m [32m INFO[0m [2mwgpu_hal::vulkan::instance[0m[2m:[0m 	objects: (type: INSTANCE, hndl: 0xbf43994478c0, name: ?)
[2m2026-08-01T07:11:49.239934Z[0m [32m INFO[0m [2mwgpu_hal::vulkan::instance[0m[2m:[0m GENERAL [Loader Message (0x0)]
	      /usr/share/vulkan/icd.d/lvp_icd.json
[2m2026-08-01T07:11:49.239967Z[0m [32m INFO[0m [2mwgpu_hal::vulkan::instance[0m[2m:[0m 	objects: (type: INSTANCE, hndl: 0xbf43994478c0, name: ?)
[2m2026-08-01T07:11:49.239984Z[0m [32m INFO[0m [2mwgpu_hal::vulkan::instance[0m[2m:[0m GENERAL [Loader Message (0x0)]
	      /usr/share/vulkan/icd.d/intel_icd.json
[2m2026-08-01T07:11:49.240013Z[0m [32m INFO[0m [2mwgpu_hal::vulkan::instance[0m[2m:[0m 	objects: (type: INSTANCE, hndl: 0xbf43994478c0, name: ?)
[2m2026-08-01T07:11:49.240030Z[0m [32m INFO[0m [2mwgpu_hal::vulkan::instance[0m[2m:[0m GENERAL [Loader Message (0x0)]
	      /usr/share/vulkan/icd.d/powervr_mesa_icd.json
[2m2026-08-01T07:11:49.240050Z[0m [32m INFO[0m [2mwgpu_hal::vulkan::instance[0m[2m:[0m 	objects: (type: INSTANCE, hndl: 0xbf43994478c0, name: ?)
[2m2026-08-01T07:11:49.240073Z[0m [32m INFO[0m [2mwgpu_hal::vulkan::instance[0m[2m:[0m GENERAL [Loader Message (0x0)]
	      /usr/share/vulkan/icd.d/radeon_icd.json
[2m2026-08-01T07:11:49.240092Z[0m [32m INFO[0m [2mwgpu_hal::vulkan::instance[0m[2m:[0m 	objects: (type: INSTANCE, hndl: 0xbf43994478c0, name: ?)
[2m2026-08-01T07:11:49.240127Z[0m [32m INFO[0m [2mwgpu_hal::vulkan::instance[0m[2m:[0m GENERAL [Loader Message (0x0)]
	Found ICD manifest file /usr/share/vulkan/icd.d/nouveau_icd.json, version 1.0.1
[2m2026-08-01T07:11:49.240150Z[0m [32m INFO[0m [2mwgpu_hal::vulkan::instance[0m[2m:[0m 	objects: (type: INSTANCE, hndl: 0xbf43994478c0, name: ?)
[2m2026-08-01T07:11:49.240335Z[0m [32m INFO[0m [2mwgpu_hal::vulkan::instance[0m[2m:[0m GENERAL [Loader Message (0x0)]
	Found ICD manifest file /usr/share/vulkan/icd.d/broadcom_icd.json, version 1.0.1
[2m2026-08-01T07:11:49.240441Z[0m [32m INFO[0m [2mwgpu_hal::vulkan::instance[0m[2m:[0m 	objects: (type: INSTANCE, hndl: 0xbf43994478c0, name: ?)
[2m2026-08-01T07:11:49.240572Z[0m [32m INFO[0m [2mwgpu_hal::vulkan::instance[0m[2m:[0m GENERAL [Loader Message (0x0)]
	Found ICD manifest file /usr/share/vulkan/icd.d/panfrost_icd.json, version 1.0.1
[2m2026-08-01T07:11:49.240597Z[0m [32m INFO[0m [2mwgpu_hal::vulkan::instance[0m[2m:[0m 	objects: (type: INSTANCE, hndl: 0xbf43994478c0, name: ?)
[2m2026-08-01T07:11:49.240642Z[0m [32m INFO[0m [2mwgpu_hal::vulkan::instance[0m[2m:[0m GENERAL [Loader Message (0x0)]
	Found ICD manifest file /usr/share/vulkan/icd.d/freedreno_icd.json, version 1.0.1
[2m2026-08-01T07:11:49.240719Z[0m [32m INFO[0m [2mwgpu_hal::vulkan::instance[0m[2m:[0m 	objects: (type: INSTANCE, hndl: 0xbf43994478c0, name: ?)
[2m2026-08-01T07:11:49.240830Z[0m [32m INFO[0m [2mwgpu_hal::vulkan::instance[0m[2m:[0m GENERAL [Loader Message (0x0)]
	Found ICD manifest file /usr/share/vulkan/icd.d/gfxstream_vk_icd.json, version 1.0.1
[2m2026-08-01T07:11:49.240854Z[0m [32m INFO[0m [2mwgpu_hal::vulkan::instance[0m[2m:[0m 	objects: (type: INSTANCE, hndl: 0xbf43994478c0, name: ?)
[2m2026-08-01T07:11:49.240899Z[0m [32m INFO[0m [2mwgpu_hal::vulkan::instance[0m[2m:[0m GENERAL [Loader Message (0x0)]
	Found ICD manifest file /usr/share/vulkan/icd.d/virtio_icd.json, version 1.0.1
[2m2026-08-01T07:11:49.240928Z[0m [32m INFO[0m [2mwgpu_hal::vulkan::instance[0m[2m:[0m 	objects: (type: INSTANCE, hndl: 0xbf43994478c0, name: ?)
[2m2026-08-01T07:11:49.241009Z[0m [32m INFO[0m [2mwgpu_hal::vulkan::instance[0m[2m:[0m GENERAL [Loader Message (0x0)]
	Found ICD manifest file /usr/share/vulkan/icd.d/asahi_icd.json, version 1.0.1
[2m2026-08-01T07:11:49.241044Z[0m [32m INFO[0m [2mwgpu_hal::vulkan::instance[0m[2m:[0m 	objects: (type: INSTANCE, hndl: 0xbf43994478c0, name: ?)
[2m2026-08-01T07:11:49.241149Z[0m [32m INFO[0m [2mwgpu_hal::vulkan::instance[0m[2m:[0m GENERAL [Loader Message (0x0)]
	Found ICD manifest file /usr/share/vulkan/icd.d/lvp_icd.json, version 1.0.1
[2m2026-08-01T07:11:49.241205Z[0m [32m INFO[0m [2mwgpu_hal::vulkan::instance[0m[2m:[0m 	objects: (type: INSTANCE, hndl: 0xbf43994478c0, name: ?)
[2m2026-08-01T07:11:49.241310Z[0m [32m INFO[0m [2mwgpu_hal::vulkan::instance[0m[2m:[0m GENERAL [Loader Message (0x0)]
	Found ICD manifest file /usr/share/vulkan/icd.d/intel_icd.json, version 1.0.1
[2m2026-08-01T07:11:49.241338Z[0m [32m INFO[0m [2mwgpu_hal::vulkan::instance[0m[2m:[0m 	objects: (type: INSTANCE, hndl: 0xbf43994478c0, name: ?)
[2m2026-08-01T07:11:49.241402Z[0m [32m INFO[0m [2mwgpu_hal::vulkan::instance[0m[2m:[0m GENERAL [Loader Message (0x0)]
	Found ICD manifest file /usr/share/vulkan/icd.d/powervr_mesa_icd.json, version 1.0.1
[2m2026-08-01T07:11:49.241425Z[0m [32m INFO[0m [2mwgpu_hal::vulkan::instance[0m[2m:[0m 	objects: (type: INSTANCE, hndl: 0xbf43994478c0, name: ?)
[2m2026-08-01T07:11:49.241465Z[0m [32m INFO[0m [2mwgpu_hal::vulkan::instance[0m[2m:[0m GENERAL [Loader Message (0x0)]
	Found ICD manifest file /usr/share/vulkan/icd.d/radeon_icd.json, version 1.0.1
[2m2026-08-01T07:11:49.241497Z[0m [32m INFO[0m [2mwgpu_hal::vulkan::instance[0m[2m:[0m 	objects: (type: INSTANCE, hndl: 0xbf43994478c0, name: ?)
[2m2026-08-01T07:11:49.242049Z[0m [32m INFO[0m [2mwgpu_hal::vulkan::instance[0m[2m:[0m GENERAL [Loader Message (0x0)]
	Insert instance layer "VK_LAYER_MESA_device_select" (/usr/lib/aarch64-linux-gnu/libVkLayer_MESA_device_select.so)
[2m2026-08-01T07:11:49.242083Z[0m [32m INFO[0m [2mwgpu_hal::vulkan::instance[0m[2m:[0m 	objects: (type: INSTANCE, hndl: 0xbf43994478c0, name: ?)
[2m2026-08-01T07:11:49.242102Z[0m [32m INFO[0m [2mwgpu_hal::vulkan::instance[0m[2m:[0m GENERAL [Loader Message (0x0)]
	vkCreateInstance layer callstack setup to:
[2m2026-08-01T07:11:49.242121Z[0m [32m INFO[0m [2mwgpu_hal::vulkan::instance[0m[2m:[0m 	objects: (type: INSTANCE, hndl: 0xbf43994478c0, name: ?)
[2m2026-08-01T07:11:49.242138Z[0m [32m INFO[0m [2mwgpu_hal::vulkan::instance[0m[2m:[0m GENERAL [Loader Message (0x0)]
	   <Application>
[2m2026-08-01T07:11:49.242154Z[0m [32m INFO[0m [2mwgpu_hal::vulkan::instance[0m[2m:[0m 	objects: (type: INSTANCE, hndl: 0xbf43994478c0, name: ?)
[2m2026-08-01T07:11:49.242171Z[0m [32m INFO[0m [2mwgpu_hal::vulkan::instance[0m[2m:[0m GENERAL [Loader Message (0x0)]
	     ||
[2m2026-08-01T07:11:49.242187Z[0m [32m INFO[0m [2mwgpu_hal::vulkan::instance[0m[2m:[0m 	objects: (type: INSTANCE, hndl: 0xbf43994478c0, name: ?)
[2m2026-08-01T07:11:49.242203Z[0m [32m INFO[0m [2mwgpu_hal::vulkan::instance[0m[2m:[0m GENERAL [Loader Message (0x0)]
	   <Loader>
[2m2026-08-01T07:11:49.242219Z[0m [32m INFO[0m [2mwgpu_hal::vulkan::instance[0m[2m:[0m 	objects: (type: INSTANCE, hndl: 0xbf43994478c0, name: ?)
[2m2026-08-01T07:11:49.242361Z[0m [32m INFO[0m [2mwgpu_hal::vulkan::instance[0m[2m:[0m GENERAL [Loader Message (0x0)]
	     ||
[2m2026-08-01T07:11:49.242380Z[0m [32m INFO[0m [2mwgpu_hal::vulkan::instance[0m[2m:[0m 	objects: (type: INSTANCE, hndl: 0xbf43994478c0, name: ?)
[2m2026-08-01T07:11:49.242396Z[0m [32m INFO[0m [2mwgpu_hal::vulkan::instance[0m[2m:[0m GENERAL [Loader Message (0x0)]
	   VK_LAYER_MESA_device_select
[2m2026-08-01T07:11:49.242414Z[0m [32m INFO[0m [2mwgpu_hal::vulkan::instance[0m[2m:[0m 	objects: (type: INSTANCE, hndl: 0xbf43994478c0, name: ?)
[2m2026-08-01T07:11:49.242431Z[0m [32m INFO[0m [2mwgpu_hal::vulkan::instance[0m[2m:[0m GENERAL [Loader Message (0x0)]
	           Type: Implicit
[2m2026-08-01T07:11:49.242448Z[0m [32m INFO[0m [2mwgpu_hal::vulkan::instance[0m[2m:[0m 	objects: (type: INSTANCE, hndl: 0xbf43994478c0, name: ?)
[2m2026-08-01T07:11:49.242464Z[0m [32m INFO[0m [2mwgpu_hal::vulkan::instance[0m[2m:[0m GENERAL [Loader Message (0x0)]
	           Enabled By: Implicit Layer
[2m2026-08-01T07:11:49.242482Z[0m [32m INFO[0m [2mwgpu_hal::vulkan::instance[0m[2m:[0m 	objects: (type: INSTANCE, hndl: 0xbf43994478c0, name: ?)
[2m2026-08-01T07:11:49.242499Z[0m [32m INFO[0m [2mwgpu_hal::vulkan::instance[0m[2m:[0m GENERAL [Loader Message (0x0)]
	               Disable Env Var:  NODEVICE_SELECT
[2m2026-08-01T07:11:49.242517Z[0m [32m INFO[0m [2mwgpu_hal::vulkan::instance[0m[2m:[0m 	objects: (type: INSTANCE, hndl: 0xbf43994478c0, name: ?)
[2m2026-08-01T07:11:49.242534Z[0m [32m INFO[0m [2mwgpu_hal::vulkan::instance[0m[2m:[0m GENERAL [Loader Message (0x0)]
	           Manifest: /usr/share/vulkan/implicit_layer.d/VkLayer_MESA_device_select.json
[2m2026-08-01T07:11:49.242556Z[0m [32m INFO[0m [2mwgpu_hal::vulkan::instance[0m[2m:[0m 	objects: (type: INSTANCE, hndl: 0xbf43994478c0, name: ?)
[2m2026-08-01T07:11:49.242572Z[0m [32m INFO[0m [2mwgpu_hal::vulkan::instance[0m[2m:[0m GENERAL [Loader Message (0x0)]
	           Library:  /usr/lib/aarch64-linux-gnu/libVkLayer_MESA_device_select.so
[2m2026-08-01T07:11:49.242593Z[0m [32m INFO[0m [2mwgpu_hal::vulkan::instance[0m[2m:[0m 	objects: (type: INSTANCE, hndl: 0xbf43994478c0, name: ?)
[2m2026-08-01T07:11:49.242622Z[0m [32m INFO[0m [2mwgpu_hal::vulkan::instance[0m[2m:[0m GENERAL [Loader Message (0x0)]
	     ||
[2m2026-08-01T07:11:49.242638Z[0m [32m INFO[0m [2mwgpu_hal::vulkan::instance[0m[2m:[0m 	objects: (type: INSTANCE, hndl: 0xbf43994478c0, name: ?)
[2m2026-08-01T07:11:49.242654Z[0m [32m INFO[0m [2mwgpu_hal::vulkan::instance[0m[2m:[0m GENERAL [Loader Message (0x0)]
	   <Drivers>
[2m2026-08-01T07:11:49.242670Z[0m [32m INFO[0m [2mwgpu_hal::vulkan::instance[0m[2m:[0m 	objects: (type: INSTANCE, hndl: 0xbf43994478c0, name: ?)
[2m2026-08-01T07:11:49.255770Z[0m [32m INFO[0m [2mwgpu_hal::vulkan::instance[0m[2m:[0m Enabling debug utils
[2m2026-08-01T07:11:49.256756Z[0m [32m INFO[0m [2mwgpu_hal::gles::egl[0m[2m:[0m Using Wayland platform
[slopos-compositor/drm] client connected
[slopos-compositor/drm] client disconnected
[slopos-compositor/drm] client connected
libEGL warning: failed to get driver name for fd -1

libEGL warning: MESA-LOADER: failed to retrieve device information

libEGL warning: failed to get driver name for fd -1

[2m2026-08-01T07:11:49.282394Z[0m [31mERROR[0m [2mwgpu_hal::gles::egl[0m[2m:[0m EGL 'eglInitialize' code 0x3003: DRI2: failed to get driver name
[slopos-compositor/drm] client connected
[slopos-compositor/drm] client disconnected
[slopos-compositor/drm] client connected
MESA: error: ZINK: failed to choose pdev
libEGL warning: egl: failed to create dri2 screen
[slopos-compositor/drm] client connected
[slopos-compositor/drm] client disconnected
[slopos-compositor/drm] client disconnected
[2m2026-08-01T07:11:49.382091Z[0m [33m WARN[0m [2mwgpu_hal::gles::egl[0m[2m:[0m Re-initializing Gles context due to Wayland window
[2m2026-08-01T07:11:49.417638Z[0m [32m INFO[0m [2mwgpu_hal::vulkan::instance[0m[2m:[0m GENERAL [Loader Message (0x0)]
	linux_read_sorted_physical_devices:
[2m2026-08-01T07:11:49.417692Z[0m [32m INFO[0m [2mwgpu_hal::vulkan::instance[0m[2m:[0m 	objects: (type: INSTANCE, hndl: 0xbf43994478c0, name: ?)
[2m2026-08-01T07:11:49.417702Z[0m [32m INFO[0m [2mwgpu_hal::vulkan::instance[0m[2m:[0m GENERAL [Loader Message (0x0)]
	     Original order:
[2m2026-08-01T07:11:49.417709Z[0m [32m INFO[0m [2mwgpu_hal::vulkan::instance[0m[2m:[0m 	objects: (type: INSTANCE, hndl: 0xbf43994478c0, name: ?)
[2m2026-08-01T07:11:49.417726Z[0m [32m INFO[0m [2mwgpu_hal::vulkan::instance[0m[2m:[0m GENERAL [Loader Message (0x0)]
	           [0] llvmpipe (LLVM 21.1.8, 128 bits)
[2m2026-08-01T07:11:49.417733Z[0m [32m INFO[0m [2mwgpu_hal::vulkan::instance[0m[2m:[0m 	objects: (type: INSTANCE, hndl: 0xbf43994478c0, name: ?)
[2m2026-08-01T07:11:49.417739Z[0m [32m INFO[0m [2mwgpu_hal::vulkan::instance[0m[2m:[0m GENERAL [Loader Message (0x0)]
	     Sorted order:
[2m2026-08-01T07:11:49.417745Z[0m [32m INFO[0m [2mwgpu_hal::vulkan::instance[0m[2m:[0m 	objects: (type: INSTANCE, hndl: 0xbf43994478c0, name: ?)
[2m2026-08-01T07:11:49.417751Z[0m [32m INFO[0m [2mwgpu_hal::vulkan::instance[0m[2m:[0m GENERAL [Loader Message (0x0)]
	           [0] llvmpipe (LLVM 21.1.8, 128 bits)  
[2m2026-08-01T07:11:49.417757Z[0m [32m INFO[0m [2mwgpu_hal::vulkan::instance[0m[2m:[0m 	objects: (type: INSTANCE, hndl: 0xbf43994478c0, name: ?)
[2m2026-08-01T07:11:49.417774Z[0m [32m INFO[0m [2mwgpu_hal::vulkan::instance[0m[2m:[0m GENERAL [Loader Message (0x0)]
	linux_read_sorted_physical_devices:
[2m2026-08-01T07:11:49.417780Z[0m [32m INFO[0m [2mwgpu_hal::vulkan::instance[0m[2m:[0m 	objects: (type: INSTANCE, hndl: 0xbf43994478c0, name: ?)
[2m2026-08-01T07:11:49.417786Z[0m [32m INFO[0m [2mwgpu_hal::vulkan::instance[0m[2m:[0m GENERAL [Loader Message (0x0)]
	     Original order:
[2m2026-08-01T07:11:49.417792Z[0m [32m INFO[0m [2mwgpu_hal::vulkan::instance[0m[2m:[0m 	objects: (type: INSTANCE, hndl: 0xbf43994478c0, name: ?)
[2m2026-08-01T07:11:49.417800Z[0m [32m INFO[0m [2mwgpu_hal::vulkan::instance[0m[2m:[0m GENERAL [Loader Message (0x0)]
	           [0] llvmpipe (LLVM 21.1.8, 128 bits)
[2m2026-08-01T07:11:49.417818Z[0m [32m INFO[0m [2mwgpu_hal::vulkan::instance[0m[2m:[0m 	objects: (type: INSTANCE, hndl: 0xbf43994478c0, name: ?)
[2m2026-08-01T07:11:49.417826Z[0m [32m INFO[0m [2mwgpu_hal::vulkan::instance[0m[2m:[0m GENERAL [Loader Message (0x0)]
	     Sorted order:
[2m2026-08-01T07:11:49.417831Z[0m [32m INFO[0m [2mwgpu_hal::vulkan::instance[0m[2m:[0m 	objects: (type: INSTANCE, hndl: 0xbf43994478c0, name: ?)
[2m2026-08-01T07:11:49.417837Z[0m [32m INFO[0m [2mwgpu_hal::vulkan::instance[0m[2m:[0m GENERAL [Loader Message (0x0)]
	           [0] llvmpipe (LLVM 21.1.8, 128 bits)  
[2m2026-08-01T07:11:49.417844Z[0m [32m INFO[0m [2mwgpu_hal::vulkan::instance[0m[2m:[0m 	objects: (type: INSTANCE, hndl: 0xbf43994478c0, name: ?)
[slopos-compositor/drm] client connected
[slopos-compositor/drm] client disconnected
[2m2026-08-01T07:11:49.435654Z[0m [32m INFO[0m [2mwgpu_hal::vulkan::instance[0m[2m:[0m GENERAL [Loader Message (0x0)]
	linux_read_sorted_physical_devices:
[2m2026-08-01T07:11:49.435705Z[0m [32m INFO[0m [2mwgpu_hal::vulkan::instance[0m[2m:[0m 	objects: (type: INSTANCE, hndl: 0xbf43994478c0, name: ?)
[2m2026-08-01T07:11:49.435715Z[0m [32m INFO[0m [2mwgpu_hal::vulkan::instance[0m[2m:[0m GENERAL [Loader Message (0x0)]
	     Original order:
[2m2026-08-01T07:11:49.435723Z[0m [32m INFO[0m [2mwgpu_hal::vulkan::instance[0m[2m:[0m 	objects: (type: INSTANCE, hndl: 0xbf43994478c0, name: ?)
[2m2026-08-01T07:11:49.435739Z[0m [32m INFO[0m [2mwgpu_hal::vulkan::instance[0m[2m:[0m GENERAL [Loader Message (0x0)]
	           [0] llvmpipe (LLVM 21.1.8, 128 bits)
[2m2026-08-01T07:11:49.435748Z[0m [32m INFO[0m [2mwgpu_hal::vulkan::instance[0m[2m:[0m 	objects: (type: INSTANCE, hndl: 0xbf43994478c0, name: ?)
[2m2026-08-01T07:11:49.435756Z[0m [32m INFO[0m [2mwgpu_hal::vulkan::instance[0m[2m:[0m GENERAL [Loader Message (0x0)]
	     Sorted order:
[2m2026-08-01T07:11:49.435762Z[0m [32m INFO[0m [2mwgpu_hal::vulkan::instance[0m[2m:[0m 	objects: (type: INSTANCE, hndl: 0xbf43994478c0, name: ?)
[2m2026-08-01T07:11:49.435768Z[0m [32m INFO[0m [2mwgpu_hal::vulkan::instance[0m[2m:[0m GENERAL [Loader Message (0x0)]
	           [0] llvmpipe (LLVM 21.1.8, 128 bits)  
[2m2026-08-01T07:11:49.435775Z[0m [32m INFO[0m [2mwgpu_hal::vulkan::instance[0m[2m:[0m 	objects: (type: INSTANCE, hndl: 0xbf43994478c0, name: ?)
[2m2026-08-01T07:11:49.435784Z[0m [32m INFO[0m [2mwgpu_hal::vulkan::instance[0m[2m:[0m GENERAL [Loader Message (0x0)]
	linux_read_sorted_physical_devices:
[2m2026-08-01T07:11:49.435791Z[0m [32m INFO[0m [2mwgpu_hal::vulkan::instance[0m[2m:[0m 	objects: (type: INSTANCE, hndl: 0xbf43994478c0, name: ?)
[2m2026-08-01T07:11:49.435797Z[0m [32m INFO[0m [2mwgpu_hal::vulkan::instance[0m[2m:[0m GENERAL [Loader Message (0x0)]
	     Original order:
[2m2026-08-01T07:11:49.435804Z[0m [32m INFO[0m [2mwgpu_hal::vulkan::instance[0m[2m:[0m 	objects: (type: INSTANCE, hndl: 0xbf43994478c0, name: ?)
[2m2026-08-01T07:11:49.435812Z[0m [32m INFO[0m [2mwgpu_hal::vulkan::instance[0m[2m:[0m GENERAL [Loader Message (0x0)]
	           [0] llvmpipe (LLVM 21.1.8, 128 bits)
[2m2026-08-01T07:11:49.435819Z[0m [32m INFO[0m [2mwgpu_hal::vulkan::instance[0m[2m:[0m 	objects: (type: INSTANCE, hndl: 0xbf43994478c0, name: ?)
[2m2026-08-01T07:11:49.435824Z[0m [32m INFO[0m [2mwgpu_hal::vulkan::instance[0m[2m:[0m GENERAL [Loader Message (0x0)]
	     Sorted order:
[2m2026-08-01T07:11:49.435830Z[0m [32m INFO[0m [2mwgpu_hal::vulkan::instance[0m[2m:[0m 	objects: (type: INSTANCE, hndl: 0xbf43994478c0, name: ?)
[2m2026-08-01T07:11:49.435836Z[0m [32m INFO[0m [2mwgpu_hal::vulkan::instance[0m[2m:[0m GENERAL [Loader Message (0x0)]
	           [0] llvmpipe (LLVM 21.1.8, 128 bits)  
[2m2026-08-01T07:11:49.435844Z[0m [32m INFO[0m [2mwgpu_hal::vulkan::instance[0m[2m:[0m 	objects: (type: INSTANCE, hndl: 0xbf43994478c0, name: ?)
[slopos-compositor/drm] client connected
[slopos-compositor/drm] client disconnected
[2m2026-08-01T07:11:49.453881Z[0m [32m INFO[0m [2mwgpu_hal::vulkan::instance[0m[2m:[0m GENERAL [Loader Message (0x0)]
	Removing driver /usr/lib/aarch64-linux-gnu/libvulkan_radeon.so due to not having any physical devices
[2m2026-08-01T07:11:49.453936Z[0m [32m INFO[0m [2mwgpu_hal::vulkan::instance[0m[2m:[0m 	objects: (type: INSTANCE, hndl: 0xbf43994478c0, name: ?)
[2m2026-08-01T07:11:49.454158Z[0m [32m INFO[0m [2mwgpu_hal::vulkan::instance[0m[2m:[0m GENERAL [Loader Message (0x0)]
	Removing driver /usr/lib/aarch64-linux-gnu/libvulkan_powervr_mesa.so due to not having any physical devices
[2m2026-08-01T07:11:49.454172Z[0m [32m INFO[0m [2mwgpu_hal::vulkan::instance[0m[2m:[0m 	objects: (type: INSTANCE, hndl: 0xbf43994478c0, name: ?)
[2m2026-08-01T07:11:49.454360Z[0m [32m INFO[0m [2mwgpu_hal::vulkan::instance[0m[2m:[0m GENERAL [Loader Message (0x0)]
	Removing driver /usr/lib/aarch64-linux-gnu/libvulkan_intel.so due to not having any physical devices
[2m2026-08-01T07:11:49.454374Z[0m [32m INFO[0m [2mwgpu_hal::vulkan::instance[0m[2m:[0m 	objects: (type: INSTANCE, hndl: 0xbf43994478c0, name: ?)
[2m2026-08-01T07:11:49.454508Z[0m [32m INFO[0m [2mwgpu_hal::vulkan::instance[0m[2m:[0m GENERAL [Loader Message (0x0)]
	Removing driver /usr/lib/aarch64-linux-gnu/libvulkan_asahi.so due to not having any physical devices
[2m2026-08-01T07:11:49.454517Z[0m [32m INFO[0m [2mwgpu_hal::vulkan::instance[0m[2m:[0m 	objects: (type: INSTANCE, hndl: 0xbf43994478c0, name: ?)
[2m2026-08-01T07:11:49.454642Z[0m [32m INFO[0m [2mwgpu_hal::vulkan::instance[0m[2m:[0m GENERAL [Loader Message (0x0)]
	Removing driver /usr/lib/aarch64-linux-gnu/libvulkan_virtio.so due to not having any physical devices
[2m2026-08-01T07:11:49.454652Z[0m [32m INFO[0m [2mwgpu_hal::vulkan::instance[0m[2m:[0m 	objects: (type: INSTANCE, hndl: 0xbf43994478c0, name: ?)
[2m2026-08-01T07:11:49.454727Z[0m [32m INFO[0m [2mwgpu_hal::vulkan::instance[0m[2m:[0m GENERAL [Loader Message (0x0)]
	Removing driver /usr/lib/aarch64-linux-gnu/libvulkan_gfxstream.so due to not having any physical devices
[2m2026-08-01T07:11:49.454736Z[0m [32m INFO[0m [2mwgpu_hal::vulkan::instance[0m[2m:[0m 	objects: (type: INSTANCE, hndl: 0xbf43994478c0, name: ?)
[2m2026-08-01T07:11:49.454797Z[0m [32m INFO[0m [2mwgpu_hal::vulkan::instance[0m[2m:[0m GENERAL [Loader Message (0x0)]
	Removing driver /usr/lib/aarch64-linux-gnu/libvulkan_freedreno.so due to not having any physical devices
[2m2026-08-01T07:11:49.454805Z[0m [32m INFO[0m [2mwgpu_hal::vulkan::instance[0m[2m:[0m 	objects: (type: INSTANCE, hndl: 0xbf43994478c0, name: ?)
[2m2026-08-01T07:11:49.454914Z[0m [32m INFO[0m [2mwgpu_hal::vulkan::instance[0m[2m:[0m GENERAL [Loader Message (0x0)]
	Removing driver /usr/lib/aarch64-linux-gnu/libvulkan_panfrost.so due to not having any physical devices
[2m2026-08-01T07:11:49.454923Z[0m [32m INFO[0m [2mwgpu_hal::vulkan::instance[0m[2m:[0m 	objects: (type: INSTANCE, hndl: 0xbf43994478c0, name: ?)
[2m2026-08-01T07:11:49.455049Z[0m [32m INFO[0m [2mwgpu_hal::vulkan::instance[0m[2m:[0m GENERAL [Loader Message (0x0)]
	Removing driver /usr/lib/aarch64-linux-gnu/libvulkan_broadcom.so due to not having any physical devices
[2m2026-08-01T07:11:49.455058Z[0m [32m INFO[0m [2mwgpu_hal::vulkan::instance[0m[2m:[0m 	objects: (type: INSTANCE, hndl: 0xbf43994478c0, name: ?)
[2m2026-08-01T07:11:49.455153Z[0m [32m INFO[0m [2mwgpu_hal::vulkan::instance[0m[2m:[0m GENERAL [Loader Message (0x0)]
	Removing driver /usr/lib/aarch64-linux-gnu/libvulkan_nouveau.so due to not having any physical devices
[2m2026-08-01T07:11:49.455161Z[0m [32m INFO[0m [2mwgpu_hal::vulkan::instance[0m[2m:[0m 	objects: (type: INSTANCE, hndl: 0xbf43994478c0, name: ?)
[slopos-compositor/drm] client disconnected
[2m2026-08-01T07:11:49.634073Z[0m [32m INFO[0m [2mwgpu_core::instance[0m[2m:[0m Adapter Vulkan AdapterInfo { name: "llvmpipe (LLVM 21.1.8, 128 bits)", vendor: 65541, device: 0, device_type: Cpu, driver: "llvmpipe", driver_info: "Mesa 26.0.3-1ubuntu1 (LLVM 21.1.8)", backend: Vulkan }
[2m2026-08-01T07:11:49.634408Z[0m [32m INFO[0m [2mwgpu_hal::vulkan::instance[0m[2m:[0m GENERAL [Loader Message (0x0)]
	Failed to find vkGetDeviceProcAddr in layer "/usr/lib/aarch64-linux-gnu/libVkLayer_MESA_device_select.so"
[2m2026-08-01T07:11:49.634433Z[0m [32m INFO[0m [2mwgpu_hal::vulkan::instance[0m[2m:[0m 	objects: (type: INSTANCE, hndl: 0xbf43994478c0, name: ?)
[2m2026-08-01T07:11:49.634441Z[0m [32m INFO[0m [2mwgpu_hal::vulkan::instance[0m[2m:[0m GENERAL [Loader Message (0x0)]
	vkCreateDevice layer callstack setup to:
[2m2026-08-01T07:11:49.634448Z[0m [32m INFO[0m [2mwgpu_hal::vulkan::instance[0m[2m:[0m 	objects: (type: INSTANCE, hndl: 0xbf43994478c0, name: ?)
[2m2026-08-01T07:11:49.634454Z[0m [32m INFO[0m [2mwgpu_hal::vulkan::instance[0m[2m:[0m GENERAL [Loader Message (0x0)]
	   <Application>
[2m2026-08-01T07:11:49.634460Z[0m [32m INFO[0m [2mwgpu_hal::vulkan::instance[0m[2m:[0m 	objects: (type: INSTANCE, hndl: 0xbf43994478c0, name: ?)
[2m2026-08-01T07:11:49.634465Z[0m [32m INFO[0m [2mwgpu_hal::vulkan::instance[0m[2m:[0m GENERAL [Loader Message (0x0)]
	     ||
[2m2026-08-01T07:11:49.634471Z[0m [32m INFO[0m [2mwgpu_hal::vulkan::instance[0m[2m:[0m 	objects: (type: INSTANCE, hndl: 0xbf43994478c0, name: ?)
[2m2026-08-01T07:11:49.634476Z[0m [32m INFO[0m [2mwgpu_hal::vulkan::instance[0m[2m:[0m GENERAL [Loader Message (0x0)]
	   <Loader>
[2m2026-08-01T07:11:49.634482Z[0m [32m INFO[0m [2mwgpu_hal::vulkan::instance[0m[2m:[0m 	objects: (type: INSTANCE, hndl: 0xbf43994478c0, name: ?)
[2m2026-08-01T07:11:49.634488Z[0m [32m INFO[0m [2mwgpu_hal::vulkan::instance[0m[2m:[0m GENERAL [Loader Message (0x0)]
	     ||
[2m2026-08-01T07:11:49.634493Z[0m [32m INFO[0m [2mwgpu_hal::vulkan::instance[0m[2m:[0m 	objects: (type: INSTANCE, hndl: 0xbf43994478c0, name: ?)
[2m2026-08-01T07:11:49.634499Z[0m [32m INFO[0m [2mwgpu_hal::vulkan::instance[0m[2m:[0m GENERAL [Loader Message (0x0)]
	   <Device>
[2m2026-08-01T07:11:49.634504Z[0m [32m INFO[0m [2mwgpu_hal::vulkan::instance[0m[2m:[0m 	objects: (type: INSTANCE, hndl: 0xbf43994478c0, name: ?)
[2m2026-08-01T07:11:49.634566Z[0m [32m INFO[0m [2mwgpu_hal::vulkan::instance[0m[2m:[0m GENERAL [Loader Message (0x0)]
	       Using "llvmpipe (LLVM 21.1.8, 128 bits)" with driver: "/usr/lib/aarch64-linux-gnu/libvulkan_lvp.so"
[2m2026-08-01T07:11:49.634573Z[0m [32m INFO[0m [2mwgpu_hal::vulkan::instance[0m[2m:[0m 	objects: (type: INSTANCE, hndl: 0xbf43994478c0, name: ?)
[2m2026-08-01T07:11:50.016613Z[0m [32m INFO[0m [2mwgpu_core::device::resource[0m[2m:[0m Device::maintain: waiting for submission index 0
[2m2026-08-01T07:11:50.069971Z[0m [33m WARN[0m [2mwgpu_hal::vulkan::instance[0m[2m:[0m InstanceFlags::VALIDATION requested, but unable to find layer: VK_LAYER_KHRONOS_validation
[2m2026-08-01T07:11:50.070068Z[0m [32m INFO[0m [2mwgpu_hal::vulkan::instance[0m[2m:[0m GENERAL [Loader Message (0x0)]
	No valid vk_loader_settings.json file found, no loader settings will be active
[2m2026-08-01T07:11:50.070109Z[0m [32m INFO[0m [2mwgpu_hal::vulkan::instance[0m[2m:[0m 	objects: (type: INSTANCE, hndl: 0xbf439cbdca20, name: ?)
[2m2026-08-01T07:11:50.070132Z[0m [32m INFO[0m [2mwgpu_hal::vulkan::instance[0m[2m:[0m GENERAL [Loader Message (0x0)]
	Searching for implicit layer manifest files
[2m2026-08-01T07:11:50.070152Z[0m [32m INFO[0m [2mwgpu_hal::vulkan::instance[0m[2m:[0m 	objects: (type: INSTANCE, hndl: 0xbf439cbdca20, name: ?)
[2m2026-08-01T07:11:50.070168Z[0m [32m INFO[0m [2mwgpu_hal::vulkan::instance[0m[2m:[0m GENERAL [Loader Message (0x0)]
	   In following locations:
[2m2026-08-01T07:11:50.070185Z[0m [32m INFO[0m [2mwgpu_hal::vulkan::instance[0m[2m:[0m 	objects: (type: INSTANCE, hndl: 0xbf439cbdca20, name: ?)
[2m2026-08-01T07:11:50.070201Z[0m [32m INFO[0m [2mwgpu_hal::vulkan::instance[0m[2m:[0m GENERAL [Loader Message (0x0)]
	      /home/ubuntu/.config/vulkan/implicit_layer.d
[2m2026-08-01T07:11:50.070404Z[0m [32m INFO[0m [2mwgpu_hal::vulkan::instance[0m[2m:[0m 	objects: (type: INSTANCE, hndl: 0xbf439cbdca20, name: ?)
[2m2026-08-01T07:11:50.070440Z[0m [32m INFO[0m [2mwgpu_hal::vulkan::instance[0m[2m:[0m GENERAL [Loader Message (0x0)]
	      /etc/xdg/vulkan/implicit_layer.d
[2m2026-08-01T07:11:50.070461Z[0m [32m INFO[0m [2mwgpu_hal::vulkan::instance[0m[2m:[0m 	objects: (type: INSTANCE, hndl: 0xbf439cbdca20, name: ?)
[2m2026-08-01T07:11:50.070518Z[0m [32m INFO[0m [2mwgpu_hal::vulkan::instance[0m[2m:[0m GENERAL [Loader Message (0x0)]
	      /etc/vulkan/implicit_layer.d
[2m2026-08-01T07:11:50.070537Z[0m [32m INFO[0m [2mwgpu_hal::vulkan::instance[0m[2m:[0m 	objects: (type: INSTANCE, hndl: 0xbf439cbdca20, name: ?)
[2m2026-08-01T07:11:50.070554Z[0m [32m INFO[0m [2mwgpu_hal::vulkan::instance[0m[2m:[0m GENERAL [Loader Message (0x0)]
	      /home/ubuntu/.local/share/vulkan/implicit_layer.d
[2m2026-08-01T07:11:50.070573Z[0m [32m INFO[0m [2mwgpu_hal::vulkan::instance[0m[2m:[0m 	objects: (type: INSTANCE, hndl: 0xbf439cbdca20, name: ?)
[2m2026-08-01T07:11:50.070589Z[0m [32m INFO[0m [2mwgpu_hal::vulkan::instance[0m[2m:[0m GENERAL [Loader Message (0x0)]
	      /usr/local/share/vulkan/implicit_layer.d
[2m2026-08-01T07:11:50.070608Z[0m [32m INFO[0m [2mwgpu_hal::vulkan::instance[0m[2m:[0m 	objects: (type: INSTANCE, hndl: 0xbf439cbdca20, name: ?)
[2m2026-08-01T07:11:50.070651Z[0m [32m INFO[0m [2mwgpu_hal::vulkan::instance[0m[2m:[0m GENERAL [Loader Message (0x0)]
	      /usr/share/vulkan/implicit_layer.d
[2m2026-08-01T07:11:50.070669Z[0m [32m INFO[0m [2mwgpu_hal::vulkan::instance[0m[2m:[0m 	objects: (type: INSTANCE, hndl: 0xbf439cbdca20, name: ?)
[2m2026-08-01T07:11:50.070728Z[0m [32m INFO[0m [2mwgpu_hal::vulkan::instance[0m[2m:[0m GENERAL [Loader Message (0x0)]
	   Found the following files:
[2m2026-08-01T07:11:50.070747Z[0m [32m INFO[0m [2mwgpu_hal::vulkan::instance[0m[2m:[0m 	objects: (type: INSTANCE, hndl: 0xbf439cbdca20, name: ?)
[2m2026-08-01T07:11:50.070763Z[0m [32m INFO[0m [2mwgpu_hal::vulkan::instance[0m[2m:[0m GENERAL [Loader Message (0x0)]
	      /usr/share/vulkan/implicit_layer.d/VkLayer_MESA_anti_lag.json
[2m2026-08-01T07:11:50.070783Z[0m [32m INFO[0m [2mwgpu_hal::vulkan::instance[0m[2m:[0m 	objects: (type: INSTANCE, hndl: 0xbf439cbdca20, name: ?)
[2m2026-08-01T07:11:50.070799Z[0m [32m INFO[0m [2mwgpu_hal::vulkan::instance[0m[2m:[0m GENERAL [Loader Message (0x0)]
	      /usr/share/vulkan/implicit_layer.d/VkLayer_MESA_device_select.json
[2m2026-08-01T07:11:50.070820Z[0m [32m INFO[0m [2mwgpu_hal::vulkan::instance[0m[2m:[0m 	objects: (type: INSTANCE, hndl: 0xbf439cbdca20, name: ?)
[2m2026-08-01T07:11:50.070856Z[0m [32m INFO[0m [2mwgpu_hal::vulkan::instance[0m[2m:[0m GENERAL [Loader Message (0x0)]
	Found manifest file /usr/share/vulkan/implicit_layer.d/VkLayer_MESA_anti_lag.json (file version 1.2.1)
[2m2026-08-01T07:11:50.070880Z[0m [32m INFO[0m [2mwgpu_hal::vulkan::instance[0m[2m:[0m 	objects: (type: INSTANCE, hndl: 0xbf439cbdca20, name: ?)
[2m2026-08-01T07:11:50.070918Z[0m [32m INFO[0m [2mwgpu_hal::vulkan::instance[0m[2m:[0m GENERAL [Loader Message (0x0)]
	Found manifest file /usr/share/vulkan/implicit_layer.d/VkLayer_MESA_device_select.json (file version 1.0.0)
[2m2026-08-01T07:11:50.070943Z[0m [32m INFO[0m [2mwgpu_hal::vulkan::instance[0m[2m:[0m 	objects: (type: INSTANCE, hndl: 0xbf439cbdca20, name: ?)
[2m2026-08-01T07:11:50.070978Z[0m [32m INFO[0m [2mwgpu_hal::vulkan::instance[0m[2m:[0m GENERAL [Loader Message (0x0)]
	Searching for explicit layer manifest files
[2m2026-08-01T07:11:50.070997Z[0m [32m INFO[0m [2mwgpu_hal::vulkan::instance[0m[2m:[0m 	objects: (type: INSTANCE, hndl: 0xbf439cbdca20, name: ?)
[2m2026-08-01T07:11:50.071014Z[0m [32m INFO[0m [2mwgpu_hal::vulkan::instance[0m[2m:[0m GENERAL [Loader Message (0x0)]
	   In following locations:
[2m2026-08-01T07:11:50.071041Z[0m [32m INFO[0m [2mwgpu_hal::vulkan::instance[0m[2m:[0m 	objects: (type: INSTANCE, hndl: 0xbf439cbdca20, name: ?)
[2m2026-08-01T07:11:50.071060Z[0m [32m INFO[0m [2mwgpu_hal::vulkan::instance[0m[2m:[0m GENERAL [Loader Message (0x0)]
	      /home/ubuntu/.config/vulkan/explicit_layer.d
[2m2026-08-01T07:11:50.071079Z[0m [32m INFO[0m [2mwgpu_hal::vulkan::instance[0m[2m:[0m 	objects: (type: INSTANCE, hndl: 0xbf439cbdca20, name: ?)
[2m2026-08-01T07:11:50.071095Z[0m [32m INFO[0m [2mwgpu_hal::vulkan::instance[0m[2m:[0m GENERAL [Loader Message (0x0)]
	      /etc/xdg/vulkan/explicit_layer.d
[2m2026-08-01T07:11:50.071113Z[0m [32m INFO[0m [2mwgpu_hal::vulkan::instance[0m[2m:[0m 	objects: (type: INSTANCE, hndl: 0xbf439cbdca20, name: ?)
[2m2026-08-01T07:11:50.071129Z[0m [32m INFO[0m [2mwgpu_hal::vulkan::instance[0m[2m:[0m GENERAL [Loader Message (0x0)]
	      /etc/vulkan/explicit_layer.d
[2m2026-08-01T07:11:50.071147Z[0m [32m INFO[0m [2mwgpu_hal::vulkan::instance[0m[2m:[0m 	objects: (type: INSTANCE, hndl: 0xbf439cbdca20, name: ?)
[2m2026-08-01T07:11:50.071163Z[0m [32m INFO[0m [2mwgpu_hal::vulkan::instance[0m[2m:[0m GENERAL [Loader Message (0x0)]
	      /home/ubuntu/.local/share/vulkan/explicit_layer.d
[2m2026-08-01T07:11:50.071183Z[0m [32m INFO[0m [2mwgpu_hal::vulkan::instance[0m[2m:[0m 	objects: (type: INSTANCE, hndl: 0xbf439cbdca20, name: ?)
[2m2026-08-01T07:11:50.071199Z[0m [32m INFO[0m [2mwgpu_hal::vulkan::instance[0m[2m:[0m GENERAL [Loader Message (0x0)]
	      /usr/local/share/vulkan/explicit_layer.d
[2m2026-08-01T07:11:50.071217Z[0m [32m INFO[0m [2mwgpu_hal::vulkan::instance[0m[2m:[0m 	objects: (type: INSTANCE, hndl: 0xbf439cbdca20, name: ?)
[2m2026-08-01T07:11:50.071308Z[0m [32m INFO[0m [2mwgpu_hal::vulkan::instance[0m[2m:[0m GENERAL [Loader Message (0x0)]
	      /usr/share/vulkan/explicit_layer.d
[2m2026-08-01T07:11:50.071328Z[0m [32m INFO[0m [2mwgpu_hal::vulkan::instance[0m[2m:[0m 	objects: (type: INSTANCE, hndl: 0xbf439cbdca20, name: ?)
[2m2026-08-01T07:11:50.071374Z[0m [32m INFO[0m [2mwgpu_hal::vulkan::instance[0m[2m:[0m GENERAL [Loader Message (0x0)]
	   Found the following files:
[2m2026-08-01T07:11:50.071393Z[0m [32m INFO[0m [2mwgpu_hal::vulkan::instance[0m[2m:[0m 	objects: (type: INSTANCE, hndl: 0xbf439cbdca20, name: ?)
[2m2026-08-01T07:11:50.071418Z[0m [32m INFO[0m [2mwgpu_hal::vulkan::instance[0m[2m:[0m GENERAL [Loader Message (0x0)]
	      /usr/share/vulkan/explicit_layer.d/VkLayer_MESA_screenshot.json
[2m2026-08-01T07:11:50.071439Z[0m [32m INFO[0m [2mwgpu_hal::vulkan::instance[0m[2m:[0m 	objects: (type: INSTANCE, hndl: 0xbf439cbdca20, name: ?)
[2m2026-08-01T07:11:50.071455Z[0m [32m INFO[0m [2mwgpu_hal::vulkan::instance[0m[2m:[0m GENERAL [Loader Message (0x0)]
	      /usr/share/vulkan/explicit_layer.d/VkLayer_MESA_overlay.json
[2m2026-08-01T07:11:50.071475Z[0m [32m INFO[0m [2mwgpu_hal::vulkan::instance[0m[2m:[0m 	objects: (type: INSTANCE, hndl: 0xbf439cbdca20, name: ?)
[2m2026-08-01T07:11:50.071491Z[0m [32m INFO[0m [2mwgpu_hal::vulkan::instance[0m[2m:[0m GENERAL [Loader Message (0x0)]
	      /usr/share/vulkan/explicit_layer.d/VkLayer_INTEL_nullhw.json
[2m2026-08-01T07:11:50.071511Z[0m [32m INFO[0m [2mwgpu_hal::vulkan::instance[0m[2m:[0m 	objects: (type: INSTANCE, hndl: 0xbf439cbdca20, name: ?)
[2m2026-08-01T07:11:50.071537Z[0m [32m INFO[0m [2mwgpu_hal::vulkan::instance[0m[2m:[0m GENERAL [Loader Message (0x0)]
	Found manifest file /usr/share/vulkan/explicit_layer.d/VkLayer_MESA_screenshot.json (file version 1.0.0)
[2m2026-08-01T07:11:50.071561Z[0m [32m INFO[0m [2mwgpu_hal::vulkan::instance[0m[2m:[0m 	objects: (type: INSTANCE, hndl: 0xbf439cbdca20, name: ?)
[2m2026-08-01T07:11:50.071589Z[0m [32m INFO[0m [2mwgpu_hal::vulkan::instance[0m[2m:[0m GENERAL [Loader Message (0x0)]
	Found manifest file /usr/share/vulkan/explicit_layer.d/VkLayer_MESA_overlay.json (file version 1.0.0)
[2m2026-08-01T07:11:50.071700Z[0m [32m INFO[0m [2mwgpu_hal::vulkan::instance[0m[2m:[0m 	objects: (type: INSTANCE, hndl: 0xbf439cbdca20, name: ?)
[2m2026-08-01T07:11:50.071746Z[0m [32m INFO[0m [2mwgpu_hal::vulkan::instance[0m[2m:[0m GENERAL [Loader Message (0x0)]
	Found manifest file /usr/share/vulkan/explicit_layer.d/VkLayer_INTEL_nullhw.json (file version 1.0.0)
[2m2026-08-01T07:11:50.071772Z[0m [32m INFO[0m [2mwgpu_hal::vulkan::instance[0m[2m:[0m 	objects: (type: INSTANCE, hndl: 0xbf439cbdca20, name: ?)
[2m2026-08-01T07:11:50.071800Z[0m [32m INFO[0m [2mwgpu_hal::vulkan::instance[0m[2m:[0m GENERAL [Loader Message (0x0)]
	Searching for driver manifest files
[2m2026-08-01T07:11:50.071819Z[0m [32m INFO[0m [2mwgpu_hal::vulkan::instance[0m[2m:[0m 	objects: (type: INSTANCE, hndl: 0xbf439cbdca20, name: ?)
[2m2026-08-01T07:11:50.071836Z[0m [32m INFO[0m [2mwgpu_hal::vulkan::instance[0m[2m:[0m GENERAL [Loader Message (0x0)]
	   In following locations:
[2m2026-08-01T07:11:50.071853Z[0m [32m INFO[0m [2mwgpu_hal::vulkan::instance[0m[2m:[0m 	objects: (type: INSTANCE, hndl: 0xbf439cbdca20, name: ?)
[2m2026-08-01T07:11:50.071869Z[0m [32m INFO[0m [2mwgpu_hal::vulkan::instance[0m[2m:[0m GENERAL [Loader Message (0x0)]
	      /home/ubuntu/.config/vulkan/icd.d
[2m2026-08-01T07:11:50.071887Z[0m [32m INFO[0m [2mwgpu_hal::vulkan::instance[0m[2m:[0m 	objects: (type: INSTANCE, hndl: 0xbf439cbdca20, name: ?)
[2m2026-08-01T07:11:50.071904Z[0m [32m INFO[0m [2mwgpu_hal::vulkan::instance[0m[2m:[0m GENERAL [Loader Message (0x0)]
	      /etc/xdg/vulkan/icd.d
[2m2026-08-01T07:11:50.071921Z[0m [32m INFO[0m [2mwgpu_hal::vulkan::instance[0m[2m:[0m 	objects: (type: INSTANCE, hndl: 0xbf439cbdca20, name: ?)
[2m2026-08-01T07:11:50.071937Z[0m [32m INFO[0m [2mwgpu_hal::vulkan::instance[0m[2m:[0m GENERAL [Loader Message (0x0)]
	      /etc/vulkan/icd.d
[2m2026-08-01T07:11:50.071954Z[0m [32m INFO[0m [2mwgpu_hal::vulkan::instance[0m[2m:[0m 	objects: (type: INSTANCE, hndl: 0xbf439cbdca20, name: ?)
[2m2026-08-01T07:11:50.071970Z[0m [32m INFO[0m [2mwgpu_hal::vulkan::instance[0m[2m:[0m GENERAL [Loader Message (0x0)]
	      /home/ubuntu/.local/share/vulkan/icd.d
[2m2026-08-01T07:11:50.071988Z[0m [32m INFO[0m [2mwgpu_hal::vulkan::instance[0m[2m:[0m 	objects: (type: INSTANCE, hndl: 0xbf439cbdca20, name: ?)
[2m2026-08-01T07:11:50.072003Z[0m [32m INFO[0m [2mwgpu_hal::vulkan::instance[0m[2m:[0m GENERAL [Loader Message (0x0)]
	      /usr/local/share/vulkan/icd.d
[2m2026-08-01T07:11:50.072021Z[0m [32m INFO[0m [2mwgpu_hal::vulkan::instance[0m[2m:[0m 	objects: (type: INSTANCE, hndl: 0xbf439cbdca20, name: ?)
[2m2026-08-01T07:11:50.072036Z[0m [32m INFO[0m [2mwgpu_hal::vulkan::instance[0m[2m:[0m GENERAL [Loader Message (0x0)]
	      /usr/share/vulkan/icd.d
[2m2026-08-01T07:11:50.072053Z[0m [32m INFO[0m [2mwgpu_hal::vulkan::instance[0m[2m:[0m 	objects: (type: INSTANCE, hndl: 0xbf439cbdca20, name: ?)
[2m2026-08-01T07:11:50.072121Z[0m [32m INFO[0m [2mwgpu_hal::vulkan::instance[0m[2m:[0m GENERAL [Loader Message (0x0)]
	   Found the following files:
[2m2026-08-01T07:11:50.072139Z[0m [32m INFO[0m [2mwgpu_hal::vulkan::instance[0m[2m:[0m 	objects: (type: INSTANCE, hndl: 0xbf439cbdca20, name: ?)
[2m2026-08-01T07:11:50.072156Z[0m [32m INFO[0m [2mwgpu_hal::vulkan::instance[0m[2m:[0m GENERAL [Loader Message (0x0)]
	      /usr/share/vulkan/icd.d/nouveau_icd.json
[2m2026-08-01T07:11:50.072175Z[0m [32m INFO[0m [2mwgpu_hal::vulkan::instance[0m[2m:[0m 	objects: (type: INSTANCE, hndl: 0xbf439cbdca20, name: ?)
[2m2026-08-01T07:11:50.072191Z[0m [32m INFO[0m [2mwgpu_hal::vulkan::instance[0m[2m:[0m GENERAL [Loader Message (0x0)]
	      /usr/share/vulkan/icd.d/broadcom_icd.json
[2m2026-08-01T07:11:50.072209Z[0m [32m INFO[0m [2mwgpu_hal::vulkan::instance[0m[2m:[0m 	objects: (type: INSTANCE, hndl: 0xbf439cbdca20, name: ?)
[2m2026-08-01T07:11:50.072273Z[0m [32m INFO[0m [2mwgpu_hal::vulkan::instance[0m[2m:[0m GENERAL [Loader Message (0x0)]
	      /usr/share/vulkan/icd.d/panfrost_icd.json
[2m2026-08-01T07:11:50.072333Z[0m [32m INFO[0m [2mwgpu_hal::vulkan::instance[0m[2m:[0m 	objects: (type: INSTANCE, hndl: 0xbf439cbdca20, name: ?)
[2m2026-08-01T07:11:50.072353Z[0m [32m INFO[0m [2mwgpu_hal::vulkan::instance[0m[2m:[0m GENERAL [Loader Message (0x0)]
	      /usr/share/vulkan/icd.d/freedreno_icd.json
[2m2026-08-01T07:11:50.072372Z[0m [32m INFO[0m [2mwgpu_hal::vulkan::instance[0m[2m:[0m 	objects: (type: INSTANCE, hndl: 0xbf439cbdca20, name: ?)
[2m2026-08-01T07:11:50.072388Z[0m [32m INFO[0m [2mwgpu_hal::vulkan::instance[0m[2m:[0m GENERAL [Loader Message (0x0)]
	      /usr/share/vulkan/icd.d/gfxstream_vk_icd.json
[2m2026-08-01T07:11:50.072406Z[0m [32m INFO[0m [2mwgpu_hal::vulkan::instance[0m[2m:[0m 	objects: (type: INSTANCE, hndl: 0xbf439cbdca20, name: ?)
[2m2026-08-01T07:11:50.072422Z[0m [32m INFO[0m [2mwgpu_hal::vulkan::instance[0m[2m:[0m GENERAL [Loader Message (0x0)]
	      /usr/share/vulkan/icd.d/virtio_icd.json
[2m2026-08-01T07:11:50.072440Z[0m [32m INFO[0m [2mwgpu_hal::vulkan::instance[0m[2m:[0m 	objects: (type: INSTANCE, hndl: 0xbf439cbdca20, name: ?)
[2m2026-08-01T07:11:50.072455Z[0m [32m INFO[0m [2mwgpu_hal::vulkan::instance[0m[2m:[0m GENERAL [Loader Message (0x0)]
	      /usr/share/vulkan/icd.d/asahi_icd.json
[2m2026-08-01T07:11:50.072474Z[0m [32m INFO[0m [2mwgpu_hal::vulkan::instance[0m[2m:[0m 	objects: (type: INSTANCE, hndl: 0xbf439cbdca20, name: ?)
[2m2026-08-01T07:11:50.072489Z[0m [32m INFO[0m [2mwgpu_hal::vulkan::instance[0m[2m:[0m GENERAL [Loader Message (0x0)]
	      /usr/share/vulkan/icd.d/lvp_icd.json
[2m2026-08-01T07:11:50.072507Z[0m [32m INFO[0m [2mwgpu_hal::vulkan::instance[0m[2m:[0m 	objects: (type: INSTANCE, hndl: 0xbf439cbdca20, name: ?)
[2m2026-08-01T07:11:50.072523Z[0m [32m INFO[0m [2mwgpu_hal::vulkan::instance[0m[2m:[0m GENERAL [Loader Message (0x0)]
	      /usr/share/vulkan/icd.d/intel_icd.json
[2m2026-08-01T07:11:50.072542Z[0m [32m INFO[0m [2mwgpu_hal::vulkan::instance[0m[2m:[0m 	objects: (type: INSTANCE, hndl: 0xbf439cbdca20, name: ?)
[2m2026-08-01T07:11:50.072558Z[0m [32m INFO[0m [2mwgpu_hal::vulkan::instance[0m[2m:[0m GENERAL [Loader Message (0x0)]
	      /usr/share/vulkan/icd.d/powervr_mesa_icd.json
[2m2026-08-01T07:11:50.072577Z[0m [32m INFO[0m [2mwgpu_hal::vulkan::instance[0m[2m:[0m 	objects: (type: INSTANCE, hndl: 0xbf439cbdca20, name: ?)
[2m2026-08-01T07:11:50.072592Z[0m [32m INFO[0m [2mwgpu_hal::vulkan::instance[0m[2m:[0m GENERAL [Loader Message (0x0)]
	      /usr/share/vulkan/icd.d/radeon_icd.json
[2m2026-08-01T07:11:50.072610Z[0m [32m INFO[0m [2mwgpu_hal::vulkan::instance[0m[2m:[0m 	objects: (type: INSTANCE, hndl: 0xbf439cbdca20, name: ?)
[2m2026-08-01T07:11:50.072642Z[0m [32m INFO[0m [2mwgpu_hal::vulkan::instance[0m[2m:[0m GENERAL [Loader Message (0x0)]
	Found ICD manifest file /usr/share/vulkan/icd.d/nouveau_icd.json, version 1.0.1
[2m2026-08-01T07:11:50.072663Z[0m [32m INFO[0m [2mwgpu_hal::vulkan::instance[0m[2m:[0m 	objects: (type: INSTANCE, hndl: 0xbf439cbdca20, name: ?)
[2m2026-08-01T07:11:50.072737Z[0m [32m INFO[0m [2mwgpu_hal::vulkan::instance[0m[2m:[0m GENERAL [Loader Message (0x0)]
	Found ICD manifest file /usr/share/vulkan/icd.d/broadcom_icd.json, version 1.0.1
[2m2026-08-01T07:11:50.072760Z[0m [32m INFO[0m [2mwgpu_hal::vulkan::instance[0m[2m:[0m 	objects: (type: INSTANCE, hndl: 0xbf439cbdca20, name: ?)
[2m2026-08-01T07:11:50.072816Z[0m [32m INFO[0m [2mwgpu_hal::vulkan::instance[0m[2m:[0m GENERAL [Loader Message (0x0)]
	Found ICD manifest file /usr/share/vulkan/icd.d/panfrost_icd.json, version 1.0.1
[2m2026-08-01T07:11:50.072843Z[0m [32m INFO[0m [2mwgpu_hal::vulkan::instance[0m[2m:[0m 	objects: (type: INSTANCE, hndl: 0xbf439cbdca20, name: ?)
[2m2026-08-01T07:11:50.072884Z[0m [32m INFO[0m [2mwgpu_hal::vulkan::instance[0m[2m:[0m GENERAL [Loader Message (0x0)]
	Found ICD manifest file /usr/share/vulkan/icd.d/freedreno_icd.json, version 1.0.1
[2m2026-08-01T07:11:50.072926Z[0m [32m INFO[0m [2mwgpu_hal::vulkan::instance[0m[2m:[0m 	objects: (type: INSTANCE, hndl: 0xbf439cbdca20, name: ?)
[2m2026-08-01T07:11:50.072968Z[0m [32m INFO[0m [2mwgpu_hal::vulkan::instance[0m[2m:[0m GENERAL [Loader Message (0x0)]
	Found ICD manifest file /usr/share/vulkan/icd.d/gfxstream_vk_icd.json, version 1.0.1
[2m2026-08-01T07:11:50.072990Z[0m [32m INFO[0m [2mwgpu_hal::vulkan::instance[0m[2m:[0m 	objects: (type: INSTANCE, hndl: 0xbf439cbdca20, name: ?)
[2m2026-08-01T07:11:50.073028Z[0m [32m INFO[0m [2mwgpu_hal::vulkan::instance[0m[2m:[0m GENERAL [Loader Message (0x0)]
	Found ICD manifest file /usr/share/vulkan/icd.d/virtio_icd.json, version 1.0.1
[2m2026-08-01T07:11:50.073050Z[0m [32m INFO[0m [2mwgpu_hal::vulkan::instance[0m[2m:[0m 	objects: (type: INSTANCE, hndl: 0xbf439cbdca20, name: ?)
[2m2026-08-01T07:11:50.073173Z[0m [32m INFO[0m [2mwgpu_hal::vulkan::instance[0m[2m:[0m GENERAL [Loader Message (0x0)]
	Found ICD manifest file /usr/share/vulkan/icd.d/asahi_icd.json, version 1.0.1
[2m2026-08-01T07:11:50.073195Z[0m [32m INFO[0m [2mwgpu_hal::vulkan::instance[0m[2m:[0m 	objects: (type: INSTANCE, hndl: 0xbf439cbdca20, name: ?)
[2m2026-08-01T07:11:50.073376Z[0m [32m INFO[0m [2mwgpu_hal::vulkan::instance[0m[2m:[0m GENERAL [Loader Message (0x0)]
	Found ICD manifest file /usr/share/vulkan/icd.d/lvp_icd.json, version 1.0.1
[2m2026-08-01T07:11:50.073413Z[0m [32m INFO[0m [2mwgpu_hal::vulkan::instance[0m[2m:[0m 	objects: (type: INSTANCE, hndl: 0xbf439cbdca20, name: ?)
[2m2026-08-01T07:11:50.073462Z[0m [32m INFO[0m [2mwgpu_hal::vulkan::instance[0m[2m:[0m GENERAL [Loader Message (0x0)]
	Found ICD manifest file /usr/share/vulkan/icd.d/intel_icd.json, version 1.0.1
[2m2026-08-01T07:11:50.073484Z[0m [32m INFO[0m [2mwgpu_hal::vulkan::instance[0m[2m:[0m 	objects: (type: INSTANCE, hndl: 0xbf439cbdca20, name: ?)
[2m2026-08-01T07:11:50.073527Z[0m [32m INFO[0m [2mwgpu_hal::vulkan::instance[0m[2m:[0m GENERAL [Loader Message (0x0)]
	Found ICD manifest file /usr/share/vulkan/icd.d/powervr_mesa_icd.json, version 1.0.1
[2m2026-08-01T07:11:50.073551Z[0m [32m INFO[0m [2mwgpu_hal::vulkan::instance[0m[2m:[0m 	objects: (type: INSTANCE, hndl: 0xbf439cbdca20, name: ?)
[2m2026-08-01T07:11:50.073590Z[0m [32m INFO[0m [2mwgpu_hal::vulkan::instance[0m[2m:[0m GENERAL [Loader Message (0x0)]
	Found ICD manifest file /usr/share/vulkan/icd.d/radeon_icd.json, version 1.0.1
[2m2026-08-01T07:11:50.073613Z[0m [32m INFO[0m [2mwgpu_hal::vulkan::instance[0m[2m:[0m 	objects: (type: INSTANCE, hndl: 0xbf439cbdca20, name: ?)
[2m2026-08-01T07:11:50.074078Z[0m [32m INFO[0m [2mwgpu_hal::vulkan::instance[0m[2m:[0m GENERAL [Loader Message (0x0)]
	Insert instance layer "VK_LAYER_MESA_device_select" (/usr/lib/aarch64-linux-gnu/libVkLayer_MESA_device_select.so)
[2m2026-08-01T07:11:50.074123Z[0m [32m INFO[0m [2mwgpu_hal::vulkan::instance[0m[2m:[0m 	objects: (type: INSTANCE, hndl: 0xbf439cbdca20, name: ?)
[2m2026-08-01T07:11:50.074141Z[0m [32m INFO[0m [2mwgpu_hal::vulkan::instance[0m[2m:[0m GENERAL [Loader Message (0x0)]
	vkCreateInstance layer callstack setup to:
[2m2026-08-01T07:11:50.074326Z[0m [32m INFO[0m [2mwgpu_hal::vulkan::instance[0m[2m:[0m 	objects: (type: INSTANCE, hndl: 0xbf439cbdca20, name: ?)
[2m2026-08-01T07:11:50.074346Z[0m [32m INFO[0m [2mwgpu_hal::vulkan::instance[0m[2m:[0m GENERAL [Loader Message (0x0)]
	   <Application>
[2m2026-08-01T07:11:50.074364Z[0m [32m INFO[0m [2mwgpu_hal::vulkan::instance[0m[2m:[0m 	objects: (type: INSTANCE, hndl: 0xbf439cbdca20, name: ?)
[2m2026-08-01T07:11:50.074381Z[0m [32m INFO[0m [2mwgpu_hal::vulkan::instance[0m[2m:[0m GENERAL [Loader Message (0x0)]
	     ||
[2m2026-08-01T07:11:50.074396Z[0m [32m INFO[0m [2mwgpu_hal::vulkan::instance[0m[2m:[0m 	objects: (type: INSTANCE, hndl: 0xbf439cbdca20, name: ?)
[2m2026-08-01T07:11:50.074412Z[0m [32m INFO[0m [2mwgpu_hal::vulkan::instance[0m[2m:[0m GENERAL [Loader Message (0x0)]
	   <Loader>
[2m2026-08-01T07:11:50.074453Z[0m [32m INFO[0m [2mwgpu_hal::vulkan::instance[0m[2m:[0m 	objects: (type: INSTANCE, hndl: 0xbf439cbdca20, name: ?)
[2m2026-08-01T07:11:50.074470Z[0m [32m INFO[0m [2mwgpu_hal::vulkan::instance[0m[2m:[0m GENERAL [Loader Message (0x0)]
	     ||
[2m2026-08-01T07:11:50.074486Z[0m [32m INFO[0m [2mwgpu_hal::vulkan::instance[0m[2m:[0m 	objects: (type: INSTANCE, hndl: 0xbf439cbdca20, name: ?)
[2m2026-08-01T07:11:50.074502Z[0m [32m INFO[0m [2mwgpu_hal::vulkan::instance[0m[2m:[0m GENERAL [Loader Message (0x0)]
	   VK_LAYER_MESA_device_select
[2m2026-08-01T07:11:50.074520Z[0m [32m INFO[0m [2mwgpu_hal::vulkan::instance[0m[2m:[0m 	objects: (type: INSTANCE, hndl: 0xbf439cbdca20, name: ?)
[2m2026-08-01T07:11:50.074537Z[0m [32m INFO[0m [2mwgpu_hal::vulkan::instance[0m[2m:[0m GENERAL [Loader Message (0x0)]
	           Type: Implicit
[2m2026-08-01T07:11:50.074554Z[0m [32m INFO[0m [2mwgpu_hal::vulkan::instance[0m[2m:[0m 	objects: (type: INSTANCE, hndl: 0xbf439cbdca20, name: ?)
[2m2026-08-01T07:11:50.074571Z[0m [32m INFO[0m [2mwgpu_hal::vulkan::instance[0m[2m:[0m GENERAL [Loader Message (0x0)]
	           Enabled By: Implicit Layer
[2m2026-08-01T07:11:50.074589Z[0m [32m INFO[0m [2mwgpu_hal::vulkan::instance[0m[2m:[0m 	objects: (type: INSTANCE, hndl: 0xbf439cbdca20, name: ?)
[2m2026-08-01T07:11:50.074605Z[0m [32m INFO[0m [2mwgpu_hal::vulkan::instance[0m[2m:[0m GENERAL [Loader Message (0x0)]
	               Disable Env Var:  NODEVICE_SELECT
[2m2026-08-01T07:11:50.074624Z[0m [32m INFO[0m [2mwgpu_hal::vulkan::instance[0m[2m:[0m 	objects: (type: INSTANCE, hndl: 0xbf439cbdca20, name: ?)
[2m2026-08-01T07:11:50.074640Z[0m [32m INFO[0m [2mwgpu_hal::vulkan::instance[0m[2m:[0m GENERAL [Loader Message (0x0)]
	           Manifest: /usr/share/vulkan/implicit_layer.d/VkLayer_MESA_device_select.json
[2m2026-08-01T07:11:50.074663Z[0m [32m INFO[0m [2mwgpu_hal::vulkan::instance[0m[2m:[0m 	objects: (type: INSTANCE, hndl: 0xbf439cbdca20, name: ?)
[2m2026-08-01T07:11:50.074678Z[0m [32m INFO[0m [2mwgpu_hal::vulkan::instance[0m[2m:[0m GENERAL [Loader Message (0x0)]
	           Library:  /usr/lib/aarch64-linux-gnu/libVkLayer_MESA_device_select.so
[2m2026-08-01T07:11:50.074699Z[0m [32m INFO[0m [2mwgpu_hal::vulkan::instance[0m[2m:[0m 	objects: (type: INSTANCE, hndl: 0xbf439cbdca20, name: ?)
[2m2026-08-01T07:11:50.074715Z[0m [32m INFO[0m [2mwgpu_hal::vulkan::instance[0m[2m:[0m GENERAL [Loader Message (0x0)]
	     ||
[2m2026-08-01T07:11:50.074731Z[0m [32m INFO[0m [2mwgpu_hal::vulkan::instance[0m[2m:[0m 	objects: (type: INSTANCE, hndl: 0xbf439cbdca20, name: ?)
[2m2026-08-01T07:11:50.074747Z[0m [32m INFO[0m [2mwgpu_hal::vulkan::instance[0m[2m:[0m GENERAL [Loader Message (0x0)]
	   <Drivers>
[2m2026-08-01T07:11:50.074763Z[0m [32m INFO[0m [2mwgpu_hal::vulkan::instance[0m[2m:[0m 	objects: (type: INSTANCE, hndl: 0xbf439cbdca20, name: ?)
[2m2026-08-01T07:11:50.086647Z[0m [32m INFO[0m [2mwgpu_hal::vulkan::instance[0m[2m:[0m Enabling debug utils
[2m2026-08-01T07:11:50.087184Z[0m [32m INFO[0m [2mwgpu_hal::gles::egl[0m[2m:[0m Using Wayland platform
[slopos-compositor/drm] client connected
[slopos-compositor/drm] client connected
[slopos-compositor/drm] client disconnected
libEGL warning: failed to get driver name for fd -1

libEGL warning: MESA-LOADER: failed to retrieve device information

libEGL warning: failed to get driver name for fd -1

[2m2026-08-01T07:11:50.108760Z[0m [31mERROR[0m [2mwgpu_hal::gles::egl[0m[2m:[0m EGL 'eglInitialize' code 0x3003: DRI2: failed to get driver name
[slopos-compositor/drm] client connected
[slopos-compositor/drm] client disconnected
[slopos-compositor/drm] client connected
MESA: error: ZINK: failed to choose pdev
libEGL warning: egl: failed to create dri2 screen
[slopos-compositor/drm] client connected
[slopos-compositor/drm] client disconnected
[slopos-compositor/drm] client disconnected
[2m2026-08-01T07:11:50.200484Z[0m [33m WARN[0m [2mwgpu_hal::gles::egl[0m[2m:[0m Re-initializing Gles context due to Wayland window
[2m2026-08-01T07:11:50.240827Z[0m [32m INFO[0m [2mwgpu_hal::vulkan::instance[0m[2m:[0m GENERAL [Loader Message (0x0)]
	linux_read_sorted_physical_devices:
[2m2026-08-01T07:11:50.240917Z[0m [32m INFO[0m [2mwgpu_hal::vulkan::instance[0m[2m:[0m 	objects: (type: INSTANCE, hndl: 0xbf439cbdca20, name: ?)
[2m2026-08-01T07:11:50.240941Z[0m [32m INFO[0m [2mwgpu_hal::vulkan::instance[0m[2m:[0m GENERAL [Loader Message (0x0)]
	     Original order:
[2m2026-08-01T07:11:50.240959Z[0m [32m INFO[0m [2mwgpu_hal::vulkan::instance[0m[2m:[0m 	objects: (type: INSTANCE, hndl: 0xbf439cbdca20, name: ?)
[2m2026-08-01T07:11:50.240993Z[0m [32m INFO[0m [2mwgpu_hal::vulkan::instance[0m[2m:[0m GENERAL [Loader Message (0x0)]
	           [0] llvmpipe (LLVM 21.1.8, 128 bits)
[2m2026-08-01T07:11:50.241013Z[0m [32m INFO[0m [2mwgpu_hal::vulkan::instance[0m[2m:[0m 	objects: (type: INSTANCE, hndl: 0xbf439cbdca20, name: ?)
[2m2026-08-01T07:11:50.241030Z[0m [32m INFO[0m [2mwgpu_hal::vulkan::instance[0m[2m:[0m GENERAL [Loader Message (0x0)]
	     Sorted order:
[2m2026-08-01T07:11:50.241047Z[0m [32m INFO[0m [2mwgpu_hal::vulkan::instance[0m[2m:[0m 	objects: (type: INSTANCE, hndl: 0xbf439cbdca20, name: ?)
[2m2026-08-01T07:11:50.241064Z[0m [32m INFO[0m [2mwgpu_hal::vulkan::instance[0m[2m:[0m GENERAL [Loader Message (0x0)]
	           [0] llvmpipe (LLVM 21.1.8, 128 bits)  
[2m2026-08-01T07:11:50.241088Z[0m [32m INFO[0m [2mwgpu_hal::vulkan::instance[0m[2m:[0m 	objects: (type: INSTANCE, hndl: 0xbf439cbdca20, name: ?)
[2m2026-08-01T07:11:50.241120Z[0m [32m INFO[0m [2mwgpu_hal::vulkan::instance[0m[2m:[0m GENERAL [Loader Message (0x0)]
	linux_read_sorted_physical_devices:
[2m2026-08-01T07:11:50.241139Z[0m [32m INFO[0m [2mwgpu_hal::vulkan::instance[0m[2m:[0m 	objects: (type: INSTANCE, hndl: 0xbf439cbdca20, name: ?)
[2m2026-08-01T07:11:50.241155Z[0m [32m INFO[0m [2mwgpu_hal::vulkan::instance[0m[2m:[0m GENERAL [Loader Message (0x0)]
	     Original order:
[2m2026-08-01T07:11:50.241172Z[0m [32m INFO[0m [2mwgpu_hal::vulkan::instance[0m[2m:[0m 	objects: (type: INSTANCE, hndl: 0xbf439cbdca20, name: ?)
[2m2026-08-01T07:11:50.241202Z[0m [32m INFO[0m [2mwgpu_hal::vulkan::instance[0m[2m:[0m GENERAL [Loader Message (0x0)]
	           [0] llvmpipe (LLVM 21.1.8, 128 bits)
[2m2026-08-01T07:11:50.241222Z[0m [32m INFO[0m [2mwgpu_hal::vulkan::instance[0m[2m:[0m 	objects: (type: INSTANCE, hndl: 0xbf439cbdca20, name: ?)
[2m2026-08-01T07:11:50.241711Z[0m [32m INFO[0m [2mwgpu_hal::vulkan::instance[0m[2m:[0m GENERAL [Loader Message (0x0)]
	     Sorted order:
[2m2026-08-01T07:11:50.241728Z[0m [32m INFO[0m [2mwgpu_hal::vulkan::instance[0m[2m:[0m 	objects: (type: INSTANCE, hndl: 0xbf439cbdca20, name: ?)
[2m2026-08-01T07:11:50.241736Z[0m [32m INFO[0m [2mwgpu_hal::vulkan::instance[0m[2m:[0m GENERAL [Loader Message (0x0)]
	           [0] llvmpipe (LLVM 21.1.8, 128 bits)  
[2m2026-08-01T07:11:50.241801Z[0m [32m INFO[0m [2mwgpu_hal::vulkan::instance[0m[2m:[0m 	objects: (type: INSTANCE, hndl: 0xbf439cbdca20, name: ?)
[slopos-compositor/drm] client connected
[slopos-compositor/drm] client disconnected
[2m2026-08-01T07:11:50.260176Z[0m [32m INFO[0m [2mwgpu_hal::vulkan::instance[0m[2m:[0m GENERAL [Loader Message (0x0)]
	linux_read_sorted_physical_devices:
[2m2026-08-01T07:11:50.260493Z[0m [32m INFO[0m [2mwgpu_hal::vulkan::instance[0m[2m:[0m 	objects: (type: INSTANCE, hndl: 0xbf439cbdca20, name: ?)
[2m2026-08-01T07:11:50.260512Z[0m [32m INFO[0m [2mwgpu_hal::vulkan::instance[0m[2m:[0m GENERAL [Loader Message (0x0)]
	     Original order:
[2m2026-08-01T07:11:50.260520Z[0m [32m INFO[0m [2mwgpu_hal::vulkan::instance[0m[2m:[0m 	objects: (type: INSTANCE, hndl: 0xbf439cbdca20, name: ?)
[2m2026-08-01T07:11:50.260536Z[0m [32m INFO[0m [2mwgpu_hal::vulkan::instance[0m[2m:[0m GENERAL [Loader Message (0x0)]
	           [0] llvmpipe (LLVM 21.1.8, 128 bits)
[2m2026-08-01T07:11:50.260557Z[0m [32m INFO[0m [2mwgpu_hal::vulkan::instance[0m[2m:[0m 	objects: (type: INSTANCE, hndl: 0xbf439cbdca20, name: ?)
[2m2026-08-01T07:11:50.260564Z[0m [32m INFO[0m [2mwgpu_hal::vulkan::instance[0m[2m:[0m GENERAL [Loader Message (0x0)]
	     Sorted order:
[2m2026-08-01T07:11:50.260571Z[0m [32m INFO[0m [2mwgpu_hal::vulkan::instance[0m[2m:[0m 	objects: (type: INSTANCE, hndl: 0xbf439cbdca20, name: ?)
[2m2026-08-01T07:11:50.260578Z[0m [32m INFO[0m [2mwgpu_hal::vulkan::instance[0m[2m:[0m GENERAL [Loader Message (0x0)]
	           [0] llvmpipe (LLVM 21.1.8, 128 bits)  
[2m2026-08-01T07:11:50.260584Z[0m [32m INFO[0m [2mwgpu_hal::vulkan::instance[0m[2m:[0m 	objects: (type: INSTANCE, hndl: 0xbf439cbdca20, name: ?)
[2m2026-08-01T07:11:50.260610Z[0m [32m INFO[0m [2mwgpu_hal::vulkan::instance[0m[2m:[0m GENERAL [Loader Message (0x0)]
	linux_read_sorted_physical_devices:
[2m2026-08-01T07:11:50.260618Z[0m [32m INFO[0m [2mwgpu_hal::vulkan::instance[0m[2m:[0m 	objects: (type: INSTANCE, hndl: 0xbf439cbdca20, name: ?)
[2m2026-08-01T07:11:50.260624Z[0m [32m INFO[0m [2mwgpu_hal::vulkan::instance[0m[2m:[0m GENERAL [Loader Message (0x0)]
	     Original order:
[2m2026-08-01T07:11:50.260630Z[0m [32m INFO[0m [2mwgpu_hal::vulkan::instance[0m[2m:[0m 	objects: (type: INSTANCE, hndl: 0xbf439cbdca20, name: ?)
[2m2026-08-01T07:11:50.260639Z[0m [32m INFO[0m [2mwgpu_hal::vulkan::instance[0m[2m:[0m GENERAL [Loader Message (0x0)]
	           [0] llvmpipe (LLVM 21.1.8, 128 bits)
[2m2026-08-01T07:11:50.260645Z[0m [32m INFO[0m [2mwgpu_hal::vulkan::instance[0m[2m:[0m 	objects: (type: INSTANCE, hndl: 0xbf439cbdca20, name: ?)
[2m2026-08-01T07:11:50.260651Z[0m [32m INFO[0m [2mwgpu_hal::vulkan::instance[0m[2m:[0m GENERAL [Loader Message (0x0)]
	     Sorted order:
[2m2026-08-01T07:11:50.260657Z[0m [32m INFO[0m [2mwgpu_hal::vulkan::instance[0m[2m:[0m 	objects: (type: INSTANCE, hndl: 0xbf439cbdca20, name: ?)
[2m2026-08-01T07:11:50.260663Z[0m [32m INFO[0m [2mwgpu_hal::vulkan::instance[0m[2m:[0m GENERAL [Loader Message (0x0)]
	           [0] llvmpipe (LLVM 21.1.8, 128 bits)  
[2m2026-08-01T07:11:50.260669Z[0m [32m INFO[0m [2mwgpu_hal::vulkan::instance[0m[2m:[0m 	objects: (type: INSTANCE, hndl: 0xbf439cbdca20, name: ?)
[slopos-compositor/drm] client connected
[slopos-compositor/drm] client disconnected
[2m2026-08-01T07:11:50.278635Z[0m [32m INFO[0m [2mwgpu_hal::vulkan::instance[0m[2m:[0m GENERAL [Loader Message (0x0)]
	Removing driver /usr/lib/aarch64-linux-gnu/libvulkan_radeon.so due to not having any physical devices
[2m2026-08-01T07:11:50.278776Z[0m [32m INFO[0m [2mwgpu_hal::vulkan::instance[0m[2m:[0m 	objects: (type: INSTANCE, hndl: 0xbf439cbdca20, name: ?)
[2m2026-08-01T07:11:50.279197Z[0m [32m INFO[0m [2mwgpu_hal::vulkan::instance[0m[2m:[0m GENERAL [Loader Message (0x0)]
	Removing driver /usr/lib/aarch64-linux-gnu/libvulkan_powervr_mesa.so due to not having any physical devices
[2m2026-08-01T07:11:50.279382Z[0m [32m INFO[0m [2mwgpu_hal::vulkan::instance[0m[2m:[0m 	objects: (type: INSTANCE, hndl: 0xbf439cbdca20, name: ?)
[2m2026-08-01T07:11:50.279571Z[0m [32m INFO[0m [2mwgpu_hal::vulkan::instance[0m[2m:[0m GENERAL [Loader Message (0x0)]
	Removing driver /usr/lib/aarch64-linux-gnu/libvulkan_intel.so due to not having any physical devices
[2m2026-08-01T07:11:50.279583Z[0m [32m INFO[0m [2mwgpu_hal::vulkan::instance[0m[2m:[0m 	objects: (type: INSTANCE, hndl: 0xbf439cbdca20, name: ?)
[2m2026-08-01T07:11:50.279708Z[0m [32m INFO[0m [2mwgpu_hal::vulkan::instance[0m[2m:[0m GENERAL [Loader Message (0x0)]
	Removing driver /usr/lib/aarch64-linux-gnu/libvulkan_asahi.so due to not having any physical devices
[2m2026-08-01T07:11:50.279717Z[0m [32m INFO[0m [2mwgpu_hal::vulkan::instance[0m[2m:[0m 	objects: (type: INSTANCE, hndl: 0xbf439cbdca20, name: ?)
[2m2026-08-01T07:11:50.279863Z[0m [32m INFO[0m [2mwgpu_hal::vulkan::instance[0m[2m:[0m GENERAL [Loader Message (0x0)]
	Removing driver /usr/lib/aarch64-linux-gnu/libvulkan_virtio.so due to not having any physical devices
[2m2026-08-01T07:11:50.279872Z[0m [32m INFO[0m [2mwgpu_hal::vulkan::instance[0m[2m:[0m 	objects: (type: INSTANCE, hndl: 0xbf439cbdca20, name: ?)
[2m2026-08-01T07:11:50.279948Z[0m [32m INFO[0m [2mwgpu_hal::vulkan::instance[0m[2m:[0m GENERAL [Loader Message (0x0)]
	Removing driver /usr/lib/aarch64-linux-gnu/libvulkan_gfxstream.so due to not having any physical devices
[2m2026-08-01T07:11:50.279956Z[0m [32m INFO[0m [2mwgpu_hal::vulkan::instance[0m[2m:[0m 	objects: (type: INSTANCE, hndl: 0xbf439cbdca20, name: ?)
[2m2026-08-01T07:11:50.280020Z[0m [32m INFO[0m [2mwgpu_hal::vulkan::instance[0m[2m:[0m GENERAL [Loader Message (0x0)]
	Removing driver /usr/lib/aarch64-linux-gnu/libvulkan_freedreno.so due to not having any physical devices
[2m2026-08-01T07:11:50.280029Z[0m [32m INFO[0m [2mwgpu_hal::vulkan::instance[0m[2m:[0m 	objects: (type: INSTANCE, hndl: 0xbf439cbdca20, name: ?)
[2m2026-08-01T07:11:50.280133Z[0m [32m INFO[0m [2mwgpu_hal::vulkan::instance[0m[2m:[0m GENERAL [Loader Message (0x0)]
	Removing driver /usr/lib/aarch64-linux-gnu/libvulkan_panfrost.so due to not having any physical devices
[2m2026-08-01T07:11:50.280143Z[0m [32m INFO[0m [2mwgpu_hal::vulkan::instance[0m[2m:[0m 	objects: (type: INSTANCE, hndl: 0xbf439cbdca20, name: ?)
[2m2026-08-01T07:11:50.280362Z[0m [32m INFO[0m [2mwgpu_hal::vulkan::instance[0m[2m:[0m GENERAL [Loader Message (0x0)]
	Removing driver /usr/lib/aarch64-linux-gnu/libvulkan_broadcom.so due to not having any physical devices
[2m2026-08-01T07:11:50.280375Z[0m [32m INFO[0m [2mwgpu_hal::vulkan::instance[0m[2m:[0m 	objects: (type: INSTANCE, hndl: 0xbf439cbdca20, name: ?)
[2m2026-08-01T07:11:50.280476Z[0m [32m INFO[0m [2mwgpu_hal::vulkan::instance[0m[2m:[0m GENERAL [Loader Message (0x0)]
	Removing driver /usr/lib/aarch64-linux-gnu/libvulkan_nouveau.so due to not having any physical devices
[2m2026-08-01T07:11:50.280484Z[0m [32m INFO[0m [2mwgpu_hal::vulkan::instance[0m[2m:[0m 	objects: (type: INSTANCE, hndl: 0xbf439cbdca20, name: ?)
[slopos-compositor/drm] client disconnected
[2m2026-08-01T07:11:50.463532Z[0m [32m INFO[0m [2mwgpu_core::instance[0m[2m:[0m Adapter Vulkan AdapterInfo { name: "llvmpipe (LLVM 21.1.8, 128 bits)", vendor: 65541, device: 0, device_type: Cpu, driver: "llvmpipe", driver_info: "Mesa 26.0.3-1ubuntu1 (LLVM 21.1.8)", backend: Vulkan }
[2m2026-08-01T07:11:50.463992Z[0m [32m INFO[0m [2mwgpu_hal::vulkan::instance[0m[2m:[0m GENERAL [Loader Message (0x0)]
	Failed to find vkGetDeviceProcAddr in layer "/usr/lib/aarch64-linux-gnu/libVkLayer_MESA_device_select.so"
[2m2026-08-01T07:11:50.464045Z[0m [32m INFO[0m [2mwgpu_hal::vulkan::instance[0m[2m:[0m 	objects: (type: INSTANCE, hndl: 0xbf439cbdca20, name: ?)
[2m2026-08-01T07:11:50.464065Z[0m [32m INFO[0m [2mwgpu_hal::vulkan::instance[0m[2m:[0m GENERAL [Loader Message (0x0)]
	vkCreateDevice layer callstack setup to:
[2m2026-08-01T07:11:50.464084Z[0m [32m INFO[0m [2mwgpu_hal::vulkan::instance[0m[2m:[0m 	objects: (type: INSTANCE, hndl: 0xbf439cbdca20, name: ?)
[2m2026-08-01T07:11:50.464101Z[0m [32m INFO[0m [2mwgpu_hal::vulkan::instance[0m[2m:[0m GENERAL [Loader Message (0x0)]
	   <Application>
[2m2026-08-01T07:11:50.464117Z[0m [32m INFO[0m [2mwgpu_hal::vulkan::instance[0m[2m:[0m 	objects: (type: INSTANCE, hndl: 0xbf439cbdca20, name: ?)
[2m2026-08-01T07:11:50.464134Z[0m [32m INFO[0m [2mwgpu_hal::vulkan::instance[0m[2m:[0m GENERAL [Loader Message (0x0)]
	     ||
[2m2026-08-01T07:11:50.464150Z[0m [32m INFO[0m [2mwgpu_hal::vulkan::instance[0m[2m:[0m 	objects: (type: INSTANCE, hndl: 0xbf439cbdca20, name: ?)
[2m2026-08-01T07:11:50.464166Z[0m [32m INFO[0m [2mwgpu_hal::vulkan::instance[0m[2m:[0m GENERAL [Loader Message (0x0)]
	   <Loader>
[2m2026-08-01T07:11:50.464183Z[0m [32m INFO[0m [2mwgpu_hal::vulkan::instance[0m[2m:[0m 	objects: (type: INSTANCE, hndl: 0xbf439cbdca20, name: ?)
[2m2026-08-01T07:11:50.464221Z[0m [32m INFO[0m [2mwgpu_hal::vulkan::instance[0m[2m:[0m GENERAL [Loader Message (0x0)]
	     ||
[2m2026-08-01T07:11:50.464297Z[0m [32m INFO[0m [2mwgpu_hal::vulkan::instance[0m[2m:[0m 	objects: (type: INSTANCE, hndl: 0xbf439cbdca20, name: ?)
[2m2026-08-01T07:11:50.464314Z[0m [32m INFO[0m [2mwgpu_hal::vulkan::instance[0m[2m:[0m GENERAL [Loader Message (0x0)]
	   <Device>
[2m2026-08-01T07:11:50.464330Z[0m [32m INFO[0m [2mwgpu_hal::vulkan::instance[0m[2m:[0m 	objects: (type: INSTANCE, hndl: 0xbf439cbdca20, name: ?)
[2m2026-08-01T07:11:50.464456Z[0m [32m INFO[0m [2mwgpu_hal::vulkan::instance[0m[2m:[0m GENERAL [Loader Message (0x0)]
	       Using "llvmpipe (LLVM 21.1.8, 128 bits)" with driver: "/usr/lib/aarch64-linux-gnu/libvulkan_lvp.so"
[2m2026-08-01T07:11:50.464604Z[0m [32m INFO[0m [2mwgpu_hal::vulkan::instance[0m[2m:[0m 	objects: (type: INSTANCE, hndl: 0xbf439cbdca20, name: ?)
[2m2026-08-01T07:11:50.841517Z[0m [32m INFO[0m [2mwgpu_core::device::resource[0m[2m:[0m Device::maintain: waiting for submission index 0
[2m2026-08-01T07:11:50.879371Z[0m [32m INFO[0m [2mslopos_shell[0m[2m:[0m compositor owns ordinary application windows; shell background is chrome-only
[2m2026-08-01T07:11:51.020108Z[0m [32m INFO[0m [2mwgpu_core::device::resource[0m[2m:[0m Device::maintain: waiting for submission index 0
[2m2026-08-01T07:11:51.148123Z[0m [32m INFO[0m [2mwgpu_core::device::resource[0m[2m:[0m Device::maintain: waiting for submission index 0
[2m2026-08-01T07:11:51.332000Z[0m [32m INFO[0m [2mwgpu_core::device::resource[0m[2m:[0m Device::maintain: waiting for submission index 0
[2m2026-08-01T07:11:51.366779Z[0m [32m INFO[0m [2mwgpu_core::device::resource[0m[2m:[0m Device::maintain: waiting for submission index 0
[slopos-compositor/drm] client connected
[2m2026-08-01T07:11:51.713616Z[0m [32m INFO[0m [2mslopos_shell::foreign_toplevel_client[0m[2m:[0m foreign-toplevel-list synced from compositor [3mtoplevels[0m[2m=[0m2
[slopos-compositor/drm] client disconnected
[2m2026-08-01T07:11:51.867538Z[0m [32m INFO[0m [2mwgpu_core::device::resource[0m[2m:[0m Device::maintain: waiting for submission index 0
[2m2026-08-01T07:11:51.944201Z[0m [32m INFO[0m [2mwgpu_core::device::resource[0m[2m:[0m Device::maintain: waiting for submission index 1
[2m2026-08-01T07:11:52.081568Z[0m [32m INFO[0m [2mwgpu_core::device::resource[0m[2m:[0m Device::maintain: waiting for submission index 1
[2m2026-08-01T07:11:52.101517Z[0m [32m INFO[0m [2mwgpu_core::device::resource[0m[2m:[0m Device::maintain: waiting for submission index 1
[slopos-compositor/drm] client connected
[2m2026-08-01T07:11:52.494091Z[0m [32m INFO[0m [2mslopos_shell::foreign_toplevel_client[0m[2m:[0m foreign-toplevel-list synced from compositor [3mtoplevels[0m[2m=[0m2
[slopos-compositor/drm] client connected
[slopos-compositor/drm] client disconnected
[2m2026-08-01T07:11:52.806840Z[0m [32m INFO[0m [2mslopos_shell::foreign_toplevel_client[0m[2m:[0m foreign-toplevel-list synced from compositor [3mtoplevels[0m[2m=[0m2
[slopos-compositor/drm] client disconnected
[slopos-compositor/drm] client connected
[2m2026-08-01T07:11:54.124679Z[0m [32m INFO[0m [2mslopos_shell::foreign_toplevel_client[0m[2m:[0m foreign-toplevel-list synced from compositor [3mtoplevels[0m[2m=[0m2
[slopos-compositor/drm] client disconnected
[slopos-compositor/drm] client connected
[2m2026-08-01T07:11:55.438504Z[0m [32m INFO[0m [2mslopos_shell::foreign_toplevel_client[0m[2m:[0m foreign-toplevel-list synced from compositor [3mtoplevels[0m[2m=[0m2
[slopos-compositor/drm] client disconnected
[slopos-compositor/drm] client connected
[2m2026-08-01T07:11:56.750348Z[0m [32m INFO[0m [2mslopos_shell::foreign_toplevel_client[0m[2m:[0m foreign-toplevel-list synced from compositor [3mtoplevels[0m[2m=[0m2
[slopos-compositor/drm] client disconnected
[slopos-compositor/drm] client connected
[2m2026-08-01T07:11:58.112869Z[0m [32m INFO[0m [2mslopos_shell::foreign_toplevel_client[0m[2m:[0m foreign-toplevel-list synced from compositor [3mtoplevels[0m[2m=[0m2
[slopos-compositor/drm] client disconnected
[slopos-compositor/drm] client connected
[2m2026-08-01T07:11:59.434153Z[0m [32m INFO[0m [2mslopos_shell::foreign_toplevel_client[0m[2m:[0m foreign-toplevel-list synced from compositor [3mtoplevels[0m[2m=[0m2
[slopos-compositor/drm] client disconnected
[slopos-compositor/drm] client connected
[2m2026-08-01T07:12:00.759144Z[0m [32m INFO[0m [2mslopos_shell::foreign_toplevel_client[0m[2m:[0m foreign-toplevel-list synced from compositor [3mtoplevels[0m[2m=[0m2
[slopos-compositor/drm] client disconnected
[2m2026-08-01T07:12:00.920709Z[0m [32m INFO[0m [2mwgpu_core::device::resource[0m[2m:[0m Device::maintain: waiting for submission index 0
[2m2026-08-01T07:12:01.022277Z[0m [32m INFO[0m [2mwgpu_core::device::resource[0m[2m:[0m Device::maintain: waiting for submission index 2
[2m2026-08-01T07:12:01.303483Z[0m [32m INFO[0m [2mwgpu_core::device::resource[0m[2m:[0m Device::maintain: waiting for submission index 2
[2m2026-08-01T07:12:01.367703Z[0m [32m INFO[0m [2mwgpu_core::device::resource[0m[2m:[0m Device::maintain: waiting for submission index 2
[slopos-compositor/drm] client connected
[2m2026-08-01T07:12:01.696807Z[0m [32m INFO[0m [2mslopos_shell::foreign_toplevel_client[0m[2m:[0m foreign-toplevel-list synced from compositor [3mtoplevels[0m[2m=[0m2
[slopos-compositor/drm] client connected
[slopos-compositor/drm] client disconnected
[2m2026-08-01T07:12:02.012112Z[0m [32m INFO[0m [2mslopos_shell::foreign_toplevel_client[0m[2m:[0m foreign-toplevel-list synced from compositor [3mtoplevels[0m[2m=[0m2
[slopos-compositor/drm] client disconnected
[slopos-compositor/drm] client connected
[2m2026-08-01T07:12:03.405877Z[0m [32m INFO[0m [2mslopos_shell::foreign_toplevel_client[0m[2m:[0m foreign-toplevel-list synced from compositor [3mtoplevels[0m[2m=[0m2
[slopos-compositor/drm] client disconnected
[slopos-compositor/drm] client connected
[2m2026-08-01T07:12:04.716184Z[0m [32m INFO[0m [2mslopos_shell::foreign_toplevel_client[0m[2m:[0m foreign-toplevel-list synced from compositor [3mtoplevels[0m[2m=[0m2
[slopos-compositor/drm] client disconnected
[slopos-compositor/drm] client connected
[2m2026-08-01T07:12:06.029886Z[0m [32m INFO[0m [2mslopos_shell::foreign_toplevel_client[0m[2m:[0m foreign-toplevel-list synced from compositor [3mtoplevels[0m[2m=[0m2
[slopos-compositor/drm] client disconnected
[slopos-compositor/drm] client connected
[2m2026-08-01T07:12:07.344414Z[0m [32m INFO[0m [2mslopos_shell::foreign_toplevel_client[0m[2m:[0m foreign-toplevel-list synced from compositor [3mtoplevels[0m[2m=[0m2
[slopos-compositor/drm] client disconnected
[slopos-compositor/drm] client connected
[2m2026-08-01T07:12:08.700111Z[0m [32m INFO[0m [2mslopos_shell::foreign_toplevel_client[0m[2m:[0m foreign-toplevel-list synced from compositor [3mtoplevels[0m[2m=[0m2
[slopos-compositor/drm] client disconnected
[slopos-compositor/drm] client connected
[2m2026-08-01T07:12:10.019324Z[0m [32m INFO[0m [2mslopos_shell::foreign_toplevel_client[0m[2m:[0m foreign-toplevel-list synced from compositor [3mtoplevels[0m[2m=[0m2
[slopos-compositor/drm] client disconnected
[slopos-compositor/drm] client connected
[2m2026-08-01T07:12:11.337665Z[0m [32m INFO[0m [2mslopos_shell::foreign_toplevel_client[0m[2m:[0m foreign-toplevel-list synced from compositor [3mtoplevels[0m[2m=[0m2
[slopos-compositor/drm] client disconnected
[slopos-compositor/drm] client connected
[2m2026-08-01T07:12:12.657824Z[0m [32m INFO[0m [2mslopos_shell::foreign_toplevel_client[0m[2m:[0m foreign-toplevel-list synced from compositor [3mtoplevels[0m[2m=[0m2
[slopos-compositor/drm] client disconnected
[slopos-compositor/drm] client connected
[2m2026-08-01T07:12:14.021814Z[0m [32m INFO[0m [2mslopos_shell::foreign_toplevel_client[0m[2m:[0m foreign-toplevel-list synced from compositor [3mtoplevels[0m[2m=[0m2
[slopos-compositor/drm] client disconnected
[slopos-compositor/drm] client connected
[2m2026-08-01T07:12:15.339711Z[0m [32m INFO[0m [2mslopos_shell::foreign_toplevel_client[0m[2m:[0m foreign-toplevel-list synced from compositor [3mtoplevels[0m[2m=[0m2
[slopos-compositor/drm] client disconnected
[slopos-compositor/drm] client connected
[2m2026-08-01T07:12:16.664510Z[0m [32m INFO[0m [2mslopos_shell::foreign_toplevel_client[0m[2m:[0m foreign-toplevel-list synced from compositor [3mtoplevels[0m[2m=[0m2
[slopos-compositor/drm] client disconnected
[slopos-compositor/drm] client connected
[2m2026-08-01T07:12:18.008531Z[0m [32m INFO[0m [2mslopos_shell::foreign_toplevel_client[0m[2m:[0m foreign-toplevel-list synced from compositor [3mtoplevels[0m[2m=[0m2
[slopos-compositor/drm] client disconnected
[slopos-compositor/drm] client connected
[2m2026-08-01T07:12:19.382638Z[0m [32m INFO[0m [2mslopos_shell::foreign_toplevel_client[0m[2m:[0m foreign-toplevel-list synced from compositor [3mtoplevels[0m[2m=[0m2
[slopos-compositor/drm] client disconnected
[slopos-compositor/drm] client connected
[2m2026-08-01T07:12:20.699180Z[0m [32m INFO[0m [2mslopos_shell::foreign_toplevel_client[0m[2m:[0m foreign-toplevel-list synced from compositor [3mtoplevels[0m[2m=[0m2
[slopos-compositor/drm] client disconnected
[slopos-compositor/drm] client connected
[2m2026-08-01T07:12:22.007407Z[0m [32m INFO[0m [2mslopos_shell::foreign_toplevel_client[0m[2m:[0m foreign-toplevel-list synced from compositor [3mtoplevels[0m[2m=[0m2
[slopos-compositor/drm] client disconnected
[slopos-compositor/drm] client connected
[2m2026-08-01T07:12:23.329536Z[0m [32m INFO[0m [2mslopos_shell::foreign_toplevel_client[0m[2m:[0m foreign-toplevel-list synced from compositor [3mtoplevels[0m[2m=[0m2
[slopos-compositor/drm] client disconnected
[slopos-compositor/drm] client connected
[2m2026-08-01T07:12:24.715007Z[0m [32m INFO[0m [2mslopos_shell::foreign_toplevel_client[0m[2m:[0m foreign-toplevel-list synced from compositor [3mtoplevels[0m[2m=[0m2
[slopos-compositor/drm] client disconnected
[slopos-compositor/drm] client connected
[2m2026-08-01T07:12:26.024886Z[0m [32m INFO[0m [2mslopos_shell::foreign_toplevel_client[0m[2m:[0m foreign-toplevel-list synced from compositor [3mtoplevels[0m[2m=[0m2
[slopos-compositor/drm] client disconnected
[slopos-compositor/drm] client connected
[2m2026-08-01T07:12:27.336873Z[0m [32m INFO[0m [2mslopos_shell::foreign_toplevel_client[0m[2m:[0m foreign-toplevel-list synced from compositor [3mtoplevels[0m[2m=[0m2
[slopos-compositor/drm] client disconnected
[slopos-compositor/drm] client connected
[2m2026-08-01T07:12:28.661826Z[0m [32m INFO[0m [2mslopos_shell::foreign_toplevel_client[0m[2m:[0m foreign-toplevel-list synced from compositor [3mtoplevels[0m[2m=[0m2
[slopos-compositor/drm] client disconnected
[slopos-compositor/drm] client connected
[2m2026-08-01T07:12:30.018570Z[0m [32m INFO[0m [2mslopos_shell::foreign_toplevel_client[0m[2m:[0m foreign-toplevel-list synced from compositor [3mtoplevels[0m[2m=[0m2
[slopos-compositor/drm] client disconnected
[slopos-compositor/drm] client connected
[2m2026-08-01T07:12:31.338386Z[0m [32m INFO[0m [2mslopos_shell::foreign_toplevel_client[0m[2m:[0m foreign-toplevel-list synced from compositor [3mtoplevels[0m[2m=[0m2
[slopos-compositor/drm] client disconnected
[slopos-compositor/drm] client connected
[2m2026-08-01T07:12:32.658813Z[0m [32m INFO[0m [2mslopos_shell::foreign_toplevel_client[0m[2m:[0m foreign-toplevel-list synced from compositor [3mtoplevels[0m[2m=[0m2
[slopos-compositor/drm] client disconnected
[slopos-compositor/drm] client connected
[2m2026-08-01T07:12:33.969562Z[0m [32m INFO[0m [2mslopos_shell::foreign_toplevel_client[0m[2m:[0m foreign-toplevel-list synced from compositor [3mtoplevels[0m[2m=[0m2
[slopos-compositor/drm] client disconnected
[slopos-compositor/drm] client connected
[2m2026-08-01T07:12:35.331534Z[0m [32m INFO[0m [2mslopos_shell::foreign_toplevel_client[0m[2m:[0m foreign-toplevel-list synced from compositor [3mtoplevels[0m[2m=[0m2
[slopos-compositor/drm] client disconnected
[slopos-compositor/drm] client connected
[2m2026-08-01T07:12:36.657765Z[0m [32m INFO[0m [2mslopos_shell::foreign_toplevel_client[0m[2m:[0m foreign-toplevel-list synced from compositor [3mtoplevels[0m[2m=[0m2
[slopos-compositor/drm] client disconnected
[slopos-compositor/drm] client connected
[2m2026-08-01T07:12:37.971743Z[0m [32m INFO[0m [2mslopos_shell::foreign_toplevel_client[0m[2m:[0m foreign-toplevel-list synced from compositor [3mtoplevels[0m[2m=[0m2
[slopos-compositor/drm] client disconnected
